Date,Close,High,Low,Open,Volume,daily_return,log_return,high_low_ratio,ma_7,ma_14,ma_30,price_to_ma7,ma_crossover,volatility_7,volatility_14,day_of_week,month,quarter,is_monday,is_friday,volume_ma_7,volume_ratio,target
2021-09-06,1507.1307373046875,1508.5242719501346,1480.0870004095007,1485.1386831091097,4876026,1.749319070557065,0.01734194613096291,1.0192132432301386,1482.0468575613838,1495.714878627232,1464.5606119791667,1.016925159697432,0,1.2003727225615546,1.0945699017012616,0,9,3,1,0,7194401.142857143,0.6777528668721916,0
2021-09-07,1486.4453125,1511.0502868517522,1484.137213995946,1506.782500124992,3520341,-1.3725036781932265,-0.01382009589465334,1.018133817144403,1481.7793491908483,1493.5374494280134,1467.543701171875,1.0031488921152125,0,1.247479261680084,0.9840082267191647,1,9,3,0,0,6740376.428571428,0.5222766172342855,0
2021-09-08,1474.77392578125,1481.3932943509915,1465.8028680839268,1481.3932943509915,4584896,-0.7851877644338146,-0.00788286595313346,1.0106361002604969,1481.1820591517858,1491.0364990234375,1470.1769287109375,0.9956736355730602,0,1.261677266750159,0.9956462610093745,2,9,3,0,0,6458266.285714285,0.7099267507971623,0
2021-09-09,1473.3370361328125,1476.2112878647204,1465.1063886676236,1468.372535490299,3331674,-0.09743118069275303,-0.0009747867572009231,1.0075795855393106,1479.3343680245537,1488.4640154157366,1472.6737182617187,0.9959459253963323,0,1.2400197429077564,0.9951046859137122,3,9,3,0,0,5183442.857142857,0.642753106732701,1
2021-09-13,1473.5985107421875,1481.9598261405356,1459.0532050480786,1465.8468336141766,4662374,0.017747100830467488,0.0001774552621882391,1.0156996475613116,1481.094970703125,1485.5493774414062,1474.848250325521,0.99493856902547,0,1.0317258778742087,0.9863615825568924,0,9,3,1,0,4734928.571428572,0.98467673369639,0
2021-09-14,1468.59033203125,1477.1257989130531,1462.0144469944478,1477.1257989130531,4945167,-0.33986046229207423,-0.003404392998266137,1.0103359798869775,1480.7279052734375,1483.390625,1477.0445556640625,0.9918029685271946,0,1.0124493603618925,0.9580474038892302,1,9,3,0,0,4465659.571428572,1.1073766194896117,1
2021-09-15,1490.6259765625,1493.8050477371864,1472.1178092741352,1474.7743181658348,4062344,1.5004623175458143,0.014893167336045466,1.0147319992506203,1482.0716901506696,1481.8913051060267,1479.3642496744792,1.005771843878187,1,1.1454610947500474,1.0230549055292568,2,9,3,0,0,4283260.285714285,0.9484233338676393,0
2021-09-16,1482.6129150390625,1497.4194473085083,1473.2063696575788,1493.891966210481,3246568,-0.5375635236087972,-0.00539013595357559,1.0164356319315653,1478.5691441127233,1480.3080008370537,1480.7302205403646,1.002734921760298,0,0.8938365821597776,1.025595894942049,3,9,3,0,0,4050480.5714285714,0.801526619557383,0
2021-09-17,1473.0758056640625,1496.3307284738578,1467.1095590889208,1478.0403062981004,7454864,-0.6432636110382695,-0.006453414669249834,1.0199175100481817,1476.659214564732,1479.21928187779,1481.951033528646,0.9975733000103711,0,0.7728808327614523,0.9987566169987678,4,9,3,0,1,4612555.285714285,1.6162113054967022,0
2021-09-20,1470.071044921875,1487.359829336001,1461.4483951332998,1467.588794337864,5660743,-0.20397869075263753,-0.0020418701061767144,1.0177299686317955,1475.9873744419642,1478.584716796875,1482.9468424479167,0.9959916123792549,0,0.7197079792523511,0.9868049129085585,0,9,3,1,0,4766247.714285715,1.1876728486086119,1
2021-09-21,1496.72265625,1503.9517705576725,1467.2838494209095,1480.6532560868934,4672222,1.8129471647094109,0.017967092405872274,1.0249903392252526,1479.3281773158483,1479.3312726702009,1484.9283081054687,1.0117583638308796,0,1.0024692271006561,1.0982038392438997,1,9,3,0,0,4957754.571428572,0.9424068764770871,0
2021-09-22,1495.3726806640625,1514.5340753328271,1492.0194578610053,1495.4597566485802,4553892,-0.09019544003695534,-0.0009023614059918048,1.0150900293915062,1482.4387730189733,1481.7668718610491,1486.484444173177,1.0087247499731469,1,1.0070889053205176,0.9805860567730896,2,9,3,0,0,4942257.142857143,0.9214194786650403,1
2021-09-23,1517.713134765625,1519.8469748097546,1499.0307113119939,1508.5243325905415,3826090,1.4939723314753683,0.01482922483354407,1.013886482338672,1489.4563162667412,1485.0921107700892,1488.3802612304687,1.0189712300993885,1,1.075192134135271,1.0358884146544192,3,9,3,0,0,4782389.0,0.8000373871719761,1
2021-09-24,1536.2647705078125,1557.2987769299875,1526.335663082202,1531.169602820424,8280446,1.2223413843652553,0.012149311167981304,1.020285913902621,1495.9761439732142,1489.023917061942,1490.8857462565104,1.0269313295515492,1,1.0354315713968125,1.0637517420646012,4,9,3,0,1,5384975.0,1.5376944182656374,0
2021-09-27,1499.0743408203125,1540.750353714178,1496.4178321652648,1540.5326105890063,5045337,-2.420834637456848,-0.024506185003006796,1.029625764005208,1498.3277762276787,1488.4484601702009,1491.8017171223958,1.0004982652023668,1,1.479917363895469,1.1925648215033753,0,9,3,1,0,5641942.0,0.8942553822779461,0
2021-09-28,1469.417724609375,1489.3630166815442,1458.878978328413,1489.3630166815442,6557197,-1.9783285860732525,-0.019981594887870997,1.0208955223880598,1497.8051932198662,1487.2322038922991,1491.0730061848958,0.9810472892342789,1,1.6749612034985446,1.2543515798464944,1,9,3,0,0,5513703.857142857,1.1892544775514784,1
2021-09-29,1473.9031982421875,1481.872617800693,1441.4594729447897,1445.1611060324121,7792548,0.3052551740523546,0.0030479021641046143,1.0280362685281343,1498.3526436941963,1487.1700090680804,1490.7202555338542,0.983682449151804,1,1.6768706169042884,1.2406368664246132,2,9,3,0,0,5818247.428571428,1.339329084172917,0
2021-09-30,1459.0531005859375,1483.2661787983272,1454.6111620660795,1483.2661787983272,6914031,-1.0075354795322067,-0.010126454705338513,1.0196994341027517,1492.9712785993304,1486.1497279575892,1488.7910481770834,0.9772814263076688,1,1.5133528176110627,1.2698023717666043,3,9,3,0,0,6138505.857142857,1.1263377702824426,0
2021-10-01,1450.300048828125,1462.3194069383485,1446.9032344178822,1450.2564576700856,5733906,-0.5999131734340191,-0.006017198819244514,1.0106545981471031,1486.5323311941963,1484.485552106585,1486.8081420898438,0.9756263072078867,1,1.5108261788164652,1.2775228984906337,4,10,4,0,1,6307079.285714285,0.9091222323758417,1
2021-10-04,1462.14501953125,1470.2015147989575,1450.517558435886,1456.7014416476638,2947154,0.8167255260520756,0.00813408372249399,1.0135702985796993,1478.594029017857,1484.0251726422991,1485.2345825195312,0.9888752360933493,0,1.383686820332564,1.2984735541775132,0,10,4,1,0,6181517.0,0.4767687284529024,1
2021-10-05,1474.38232421875,1483.2226102398492,1448.4273005977032,1455.3950807569224,4373310,0.8369419260083388,0.00833458987028125,1.024022820909125,1469.7536795479912,1482.8649117606026,1483.900545247396,1.0031492655777412,0,1.3082685636090943,1.249763125398524,1,10,4,0,0,5623354.714285715,0.7777048082864009,0
2021-10-06,1457.6162109375,1488.4921465220082,1454.5242157353737,1482.4824144265476,4271698,-1.1371618477679535,-0.011436769718697006,1.0233532934131737,1463.831089564732,1481.0794328962054,1482.527323404948,0.9957543744824547,0,1.0763549269199602,1.2769612624913582,2,10,4,0,0,5512834.857142857,0.7748641326458847,1
2021-10-07,1472.8143310546875,1484.3111242274608,1460.3158983561343,1469.330441448408,5476108,1.0426695314682544,0.010372712246183519,1.0164315309436387,1464.3163190569196,1481.060756138393,1481.2339192708334,1.0058033990929234,0,0.9315380871783451,1.3024300664629351,3,10,4,0,0,5358393.571428572,1.0219682311503007,1
2021-10-08,1501.426025390625,1508.0889867346034,1479.2598162798897,1485.2259570483295,4738376,1.9426545310330168,0.0192402587165397,1.0194889161034704,1468.2481515066963,1483.3003976004463,1481.1221476236979,1.0225969117344926,0,1.1820935445246792,1.3985398032585175,4,10,4,0,1,4922083.285714285,0.9626769245763329,0
2021-10-11,1472.77099609375,1506.7825168192749,1449.036994022464,1464.975834271688,8840633,-1.9085208869627723,-0.01926968238357204,1.0398509651824084,1470.2078508649554,1481.589564732143,1480.6039184570313,1.0017433897032224,0,1.3773820098567153,1.413776666736386,0,10,4,1,0,5197312.142857143,1.7010009706940552,0
2021-10-12,1467.7193603515625,1471.072583282753,1447.5563252906663,1460.6209130640477,7439300,-0.34300212019289233,-0.0034359172108028376,1.016245487364621,1472.696323939732,1479.6143275669642,1480.2293986002603,0.996620509260962,0,1.3576017106900953,1.4151751163590316,1,10,4,0,0,5440939.857142857,1.3672821599440579,1
2021-10-13,1488.666259765625,1492.5421514566985,1463.2774946507823,1477.125873324372,7104171,1.4271733398028452,0.014170850923181827,1.01999938966662,1476.485072544643,1477.53955078125,1480.3092447916667,1.0082501255498564,0,1.4234331622955665,1.4094015514302394,2,10,4,0,0,6034799.428571428,1.177200847200603,1
2021-10-14,1494.37109375,1553.4665576738048,1479.085483572147,1527.6857924741366,19655776,0.3832177929036451,0.0038248538407063613,1.05028855663029,1479.340611049107,1474.5471452985491,1481.412471516927,1.0101602582857734,1,1.4032798662989843,1.3646597033825867,3,10,4,0,0,8218008.857142857,2.3917929928872934,1
2021-10-18,1560.913330078125,1566.8794702210494,1515.4920945995696,1515.4920945995696,13438109,4.452858905423729,0.04356567268273456,1.0339080459770116,1494.0973423549108,1478.9642159598213,1484.4042561848958,1.0447199695957579,1,1.9848886379439619,1.6960483448550454,0,10,4,1,0,9527496.142857144,1.4104554647418757,1
2021-10-19,1587.04248046875,1597.798969026237,1552.3342493938349,1579.9440336950636,10324260,1.673965484638229,0.016601091026492536,1.029287970454917,1510.4156494140625,1487.3659842354912,1487.931689453125,1.0507322809349953,1,2.00144550260458,1.5962094549167856,1,10,4,0,0,10220089.285714285,1.010192740138907,0
2021-10-20,1569.79736328125,1609.5572816820163,1562.5683548664965,1593.3572134225717,5876115,-1.086619759693297,-0.01092566591070944,1.0300715976163068,1520.1829833984375,1494.215567452567,1490.020576985677,1.0326371104167325,1,2.110805487034312,1.6557497776997945,2,10,4,0,0,10382623.42857143,0.56595667178199,0
2021-10-21,1527.380859375,1579.9440255087377,1521.4582041825172,1579.9440255087377,8779629,-2.7020368933216576,-0.0273921311706672,1.0384406362037695,1527.9843924386162,1499.0961216517858,1491.3850952148437,0.9996050135939851,1,2.285617867856662,1.8248763172996625,3,10,4,0,0,10373908.57142857,0.8463183321453713,0
2021-10-22,1497.8984375,1535.6985561548709,1486.7499477946783,1524.1146865515605,7369809,-1.93026000647043,-0.019491327820888017,1.03292322857169,1532.295689174107,1502.4960065569196,1492.1559122721353,0.9775518185444698,1,2.4603002361524555,1.9103742514708615,4,10,4,0,1,10363981.285714285,0.7110982543126112,0
2021-10-25,1487.229248046875,1506.564796489911,1469.5048712675496,1499.858350257659,5905209,-0.712277226948177,-0.007148260314356182,1.0252193279157997,1532.0904017857142,1504.2877371651787,1492.618986002604,0.9707189904156102,1,2.43211393021423,1.919031007108766,0,10,4,1,0,10192701.0,0.5793566396188802,1
2021-10-26,1497.026611328125,1517.1486674004602,1490.1728822340883,1502.6063879603894,5871709,0.6587661783895582,0.006566057967194141,1.0181024534052248,1532.469761439732,1505.9051862444196,1493.399922688802,0.9768718763636101,1,2.441349754372585,1.914628776676097,1,10,4,0,0,8223548.571428572,0.7140115911031804,1
2021-10-27,1519.21337890625,1523.782638320306,1494.785823536902,1501.7713769207796,5090259,1.4820556568758247,0.014711805306407406,1.0193986418166536,1526.5126255580358,1510.3049839564733,1495.0873575846354,0.995218351601175,1,1.691629896124848,1.9096857164231447,2,10,4,0,0,7030998.571428572,0.7239738350516762,0
2021-10-28,1497.2022705078125,1515.522964410046,1486.7897990608278,1510.7780094844702,5329972,-1.4488490362219109,-0.014594473474526052,1.019325640630147,1513.6783098493304,1512.0469796316963,1495.3065673828125,0.9891152306046072,1,1.4571142212876553,1.9520699325643676,3,10,4,0,0,6317528.857142857,0.8436798818851006,0
2021-10-29,1465.4373779296875,1504.8466602698863,1459.550189275771,1492.8964803492963,5875091,-2.1216166448472684,-0.021444464150422192,1.0310345415504976,1498.769740513393,1509.476361955915,1494.7340494791667,0.9777601844481544,0,1.5389070813565358,1.9647238795487922,4,10,4,0,1,6317382.571428572,0.929988161010082,1
2021-11-01,1493.8193359375,1500.1018935472132,1472.6867651673283,1474.0048022483252,3636806,1.936756795975092,0.019182403585203164,1.01861572265625,1493.9752371651787,1510.9798148018974,1495.4255004882812,0.9998956467123414,0,1.6615112676008847,1.9695587570940292,0,11,4,1,0,5582693.571428572,0.6514428838818332,0
2021-11-02,1491.93017578125,1499.4429230262488,1481.7812470277015,1489.3819492239559,3471772,-0.12646510262663835,-0.0012654513722188826,1.0119192195433535,1493.1226283482142,1512.7091587611608,1496.1541381835937,0.9992013699716792,0,1.49941825235448,1.9664969289606455,1,11,4,0,0,5025831.142857143,0.6907856434719625,1
2021-11-03,1495.9720458984375,1509.1084388738689,1492.896626127134,1501.6835397594302,3530713,0.27091550146245424,0.002705491868706501,1.0108593002777368,1494.3715994698662,1513.23100062779,1496.1291178385416,1.0010709828995272,0,1.4725629729001803,1.9320206246794955,2,11,4,0,0,4686617.428571428,0.7533606175053699,1
2021-11-04,1501.4200439453125,1508.713225915456,1498.1689284716672,1506.955843008158,483407,0.36417779742690115,0.0036351627567663054,1.0070381231671555,1494.999232700893,1513.7344970703125,1496.3306966145833,1.0042948592239875,0,1.4578377954303392,1.931776353526768,3,11,4,0,0,3916860.0,0.12341697175798982,1
2021-11-08,1526.7261962890625,1529.8016159650406,1496.4113451972798,1520.1360112691098,5245903,1.6854811846825024,0.016714345662509598,1.022313564298297,1496.0724923270088,1511.2925589425224,1496.6311319986978,1.020489450958606,0,1.4927292914396917,1.550681715243666,0,11,4,1,0,3939094.8571428573,1.3317534078894993,1
2021-11-09,1531.119873046875,1537.710059014078,1516.621463919028,1524.3100142140984,4016134,0.28778419918986664,0.002873708932263134,1.0139049826187716,1500.9178641183037,1507.298086983817,1496.4596354166667,1.0201223595578384,0,1.3319283303140368,1.467500389785898,1,11,4,0,0,3751403.714285714,1.0705683274519793,0
2021-11-10,1529.0548095703125,1538.5446120128352,1513.0625622726295,1516.6213052274068,4780368,-0.13487274986857534,-0.0013496378502548044,1.0168413721782472,1510.006068638393,1504.387904575893,1497.458984375,1.0126150095205222,1,0.845908032068163,1.4474647798466562,2,11,4,0,0,3595014.714285714,1.3297214003058124,0
2021-11-11,1523.0357666015625,1528.7032829292987,1501.6835237971957,1522.7281388179986,4731349,-0.39364468370113315,-0.003944215036632992,1.0179929783499124,1514.1798444475446,1504.0775408063616,1499.2462524414063,1.0058486593824982,1,0.6799179551170466,1.2567238300470462,3,11,4,0,0,3751378.0,1.2612296068271447,1
2021-11-12,1564.246337890625,1566.5748914793885,1527.20958236198,1531.559061749532,5069009,2.705817695996604,0.026698576820071845,1.0257759704837146,1524.5107247488838,1508.8166765485491,1502.2576904296875,1.0260645022017056,1,1.1069848859231022,1.3217848675807355,4,11,4,0,1,3979554.714285714,1.2737628614084355,1
2021-11-15,1570.353515625,1581.6446798033896,1560.116738328288,1565.916080701805,4354074,0.3904230162757205,0.0038966284356793802,1.0137989298789074,1535.1366489955358,1514.7541242327009,1505.967704264323,1.0229405419071371,1,1.1004606241206925,1.2880844115981451,0,11,4,1,0,4097177.714285714,1.0627007915274362,1
2021-11-16,1574.878662109375,1589.508788323187,1561.4346405883132,1572.8576289550256,6034233,0.28816100574486914,0.002877466177974906,1.0179797136589055,1545.6307373046875,1520.31498500279,1510.1203247070312,1.0189229704733298,1,1.10470229927548,1.2860956247790547,1,11,4,0,0,4890152.857142857,1.2339559061402403,0
2021-11-17,1570.6170654296875,1583.402069550953,1564.6858978550656,1575.0984778513402,4732492,-0.27059841384730055,-0.0027096519317062525,1.0119616158882394,1551.9008614676338,1523.9866768973213,1513.7360595703126,1.0120601801485913,1,1.0572675110615766,1.254480077201916,2,11,4,0,0,4816808.428571428,0.982495374308163,0
2021-11-18,1563.5435791015625,1572.3743637688792,1545.6182521663638,1565.4766573762213,4326924,-0.4503635216894786,-0.004513807133870069,1.0173109443842383,1556.5328194754463,1528.725341796875,1516.7081013997397,1.0045040872498139,1,1.1071725449728294,1.176731518906014,3,11,4,0,0,4861207.0,0.8900925222892174,0
2021-11-22,1545.9698486328125,1568.815827663556,1538.7206437480575,1567.5856381094713,6621839,-1.12396806226841,-0.011303323163519258,1.01955857552037,1558.949253627232,1534.4776611328125,1519.65322265625,0.9916742607469613,1,1.2290692619196784,1.039984024723832,0,11,4,1,0,5124274.285714285,1.2922491324207024,0
2021-11-23,1526.19921875,1535.2936539110958,1502.5623970170118,1524.6175312167047,8436160,-1.2788496425267804,-0.012870973169234213,1.0217836257309942,1559.4011753627233,1536.7905099051338,1521.4327189127605,0.978708521490629,1,1.336788708538009,1.0265861070461555,1,11,4,0,0,5653533.0,1.49219258117004,0
2021-11-24,1490.260498046875,1529.3622622939777,1483.2309673957104,1528.9229166282798,7333061,-2.3547856833893377,-0.023829538400813914,1.0311018957345972,1548.8317696707588,1536.6712472098213,1521.0605346679688,0.9621835807020316,1,0.9715872751931904,1.227240892966203,2,11,4,0,0,5976969.0,1.2268862361507982,1
2021-11-25,1513.4581298828125,1516.7970929361409,1491.0953687886788,1493.7754205362603,4476260,1.5566158981157985,0.015446249085225277,1.0172368077089136,1540.703857421875,1537.9202532087054,1522.4167724609374,0.9823160515839469,1,1.2476358564643673,1.2953697994397082,3,11,4,0,0,5994424.142857143,0.746737283402583,0
2021-11-26,1486.4383544921875,1509.8993723813282,1479.716343711144,1496.0161123736239,4494181,-1.785300488802899,-0.0180142923066379,1.0203978477351172,1528.0695277622767,1536.850132533482,1523.0407389322916,0.9727557074375703,0,1.2699694771314154,1.3847752350011522,4,11,4,0,1,5774416.714285715,0.7782917690857929,1
2021-11-29,1490.5682373046875,1504.3197801115232,1466.667872488146,1485.8672594442673,3942776,0.2778374764092373,0.0027745222151609166,1.025671734091715,1516.6339808872767,1534.2674211774554,1523.1041381835937,0.9828134250510858,0,1.3249049780957585,1.2963578238063063,0,11,4,1,0,5661600.142857143,0.6964066519205411,1
2021-11-30,1504.890869140625,1520.0482960069558,1493.8193787950365,1497.7734901514705,14808963,0.960884009029761,0.009562968798864528,1.0175582922435216,1508.2550223214287,1532.3939208984375,1523.4547973632812,0.9977695063957912,0,1.4746918757615073,1.326504200077222,1,11,4,0,0,7159034.285714285,2.068569922838755,1
2021-12-01,1506.8680419921875,1530.5927119756113,1505.1985067261105,1506.9558896878457,5193264,0.13138313827976145,0.0013129690615602352,1.0168710008254889,1502.6690499441963,1530.8091517857142,1521.6532877604166,1.0027943558484465,0,1.4674962173970825,1.3281079855614417,2,12,4,0,0,6954952.142857143,0.7467001775610451,1
2021-12-02,1536.1722412109375,1538.1492968624316,1503.748507074007,1506.9557521388576,5559574,1.9447090522941801,0.01926041220938128,1.0228766909005027,1504.0937674386162,1531.7474714006696,1519.9576131184897,1.0213274427876589,0,1.626786405206075,1.4308807238629369,3,12,4,0,0,6544011.285714285,0.849566688880361,0
2021-12-03,1525.0128173828125,1569.913923973845,1522.3767433293804,1556.2502305587047,6754012,-0.7264435281897907,-0.007290949778480554,1.031225635081959,1509.058384486607,1528.945077078683,1518.464794921875,1.010572442431797,0,1.3001456665690931,1.223728581936618,4,12,4,0,1,6461290.0,1.0453039563307018,0
2021-12-06,1489.6456298828125,1523.6069679725288,1486.3065595311832,1520.1361797156055,3991449,-2.3191403440592895,-0.02346455548787462,1.0250960397114246,1505.6565987723213,1523.1802280970983,1517.2069539388021,0.9893661217952594,0,1.5035914580580083,1.3366039848941322,0,12,4,1,0,6392031.285714285,0.6244414054919587,1
2021-12-07,1504.01220703125,1515.654868474255,1488.5032818453103,1494.7419695434742,4202122,0.9644291810239292,0.009598082494503031,1.0182408644711112,1508.1671491350446,1518.1183384486608,1517.4107462565105,0.997245038717242,0,1.3795220182903563,1.3738373865607192,1,12,4,0,0,6350308.571428572,0.6617193405224853,1
2021-12-08,1540.6534423828125,1546.3210658935589,1522.4205970441287,1522.7720950332034,3029169,2.4362325771203786,0.024070297793854598,1.0156989920497885,1515.3221784319196,1515.9780796595983,1519.191552734375,1.016716751270087,0,1.6253317175952362,1.559218884566179,2,12,4,0,0,6219793.285714285,0.48702084793677,1
2021-12-09,1549.5281982421875,1554.7564760644466,1530.6803119329384,1545.6180646900336,2082171,0.5760384272824659,0.00574385669908216,1.015729061087292,1521.698939732143,1514.9769810267858,1520.9416056315104,1.0182882814618661,1,1.6129971905584564,1.5669158037126454,3,12,4,0,0,4401680.142857143,0.47304005116747466,0
2021-12-10,1545.8377685546875,1549.7918796579963,1534.1951080838337,1546.4967870719056,1823469,-0.23816473244478997,-0.0023844879575907665,1.0101660939289805,1527.2660435267858,1514.9675467354912,1521.8290852864584,1.0121601112698189,1,1.6303387983336688,1.5379553388660874,4,12,4,0,1,3920280.8571428573,0.4651373374633581,0
2021-12-13,1533.0091552734375,1556.4701755463057,1527.8688314228818,1552.6918664330233,4040584,-0.8298809578992428,-0.008333436406581712,1.0187197641153447,1526.814174107143,1515.4539707728795,1523.0226481119792,1.0040574558917212,1,1.5191034385369309,1.513490754228369,0,12,4,1,0,3703282.285714286,1.0910818264075852,1
2021-12-14,1539.5989990234375,1549.1327782768003,1502.8696593903012,1520.9268087010425,4768144,0.42986330038090603,0.004289420272955062,1.0307831877484754,1528.897914341518,1518.9781494140625,1525.4947021484375,1.006999214650985,1,1.4920536810558473,1.348159251566088,1,12,4,0,0,3419586.8571428573,1.3943625938438344,0
2021-12-15,1523.826416015625,1535.9084214418483,1512.4034290671957,1533.3163250007074,3053149,-1.0244604613160346,-0.010297441748477127,1.0155414831273888,1533.7808837890625,1519.718741280692,1526.4949381510417,0.9935098501496211,1,1.1840551388041842,1.3308323504259798,2,12,4,0,0,3285544.0,0.9292674211637403,1
2021-12-16,1556.6898193359375,1561.9619682661307,1544.7396365465954,1548.825573419924,4481031,2.156636935474654,0.02133710561205485,1.0111490191046288,1541.3062569754463,1524.7367030552455,1528.6535929361978,1.009980860254651,1,1.3626926868598999,1.328069276451086,3,12,4,0,0,3325388.1428571427,1.3475211937665537,1
2021-12-17,1599.9649658203125,1618.5493074972565,1587.5754404563888,1599.2180996987008,18887243,2.7799466500548986,0.027420076506533643,1.0195101701951017,1549.779331752232,1532.5507550920759,1532.1200236002603,1.0323824386090752,1,1.4475989303234351,1.479044737786414,4,12,4,0,1,5590827.285714285,3.378255495078661,0
2021-12-20,1580.677978515625,1607.6977390246545,1570.4851797435072,1583.1382500746142,5773891,-1.2054631017997863,-0.012127877315698785,1.0236949445694388,1554.2293003627233,1537.964120047433,1534.7619547526042,1.0170172304348717,1,1.5916880737880368,1.541086757924191,0,12,4,1,0,6118215.857142857,0.9437213617200402,1
2021-12-21,1591.8372802734375,1615.0347541246067,1582.523173111217,1582.523173111217,5353584,0.7059819842806903,0.007035015986780608,1.0205441421432537,1560.8006591796875,1544.0333513532366,1536.93232421875,1.0198850640606867,1,1.5788806306185317,1.5421078121978202,1,12,4,0,0,6622518.0,0.8083910077707603,1
2021-12-22,1603.34814453125,1607.2583855937914,1592.496327262333,1603.6117948544356,4156428,0.7231181478445592,0.007205161845486913,1.0092697597342883,1570.849086216518,1548.8316301618304,1539.339933268229,1.020688848215845,1,1.478179865485497,1.481571864945189,2,12,4,0,0,6639067.142857143,0.6260560272344631,1
2021-12-23,1632.2572021484375,1635.7719679184652,1605.3692654601534,1609.103704090808,4112933,1.8030430705765044,0.017869810319831068,1.0189381366097086,1584.085972377232,1556.491943359375,1542.7800130208334,1.0304094794166474,1,1.533820834552998,1.4987586718527424,3,12,4,0,0,6545465.571428572,0.6283637053952661,1
2021-12-24,1637.4415283203125,1648.2054986567352,1629.0939594879846,1645.7451196749826,3780347,0.3176169886125235,0.003171136513633721,1.0117313915857604,1600.3167027064733,1567.048793247768,1546.5935384114584,1.0231984241313319,1,1.3311931306911622,1.265107646085789,4,12,4,0,1,6649351.0,0.5685287180658684,1
2021-12-27,1639.7698974609375,1647.1069488401015,1621.2295312790468,1634.3659241624905,2647733,0.14219555937446948,0.0014209455722465126,1.015961600169372,1612.1852852957588,1576.7457711356026,1549.1109903971353,1.0171100756326021,1,1.265729168773289,1.2702304779210225,0,12,4,1,0,6387451.285714285,0.41452104784293686,1
2021-12-28,1658.96923828125,1665.910921270975,1650.5338229288552,1652.5547486394014,3340933,1.170855792025538,0.011640543144465063,1.00931643940191,1620.614467075893,1585.1968994140625,1552.0648478190103,1.023666807858726,1,0.9404373151420484,1.1728479641699388,1,12,4,0,0,4166549.8571428573,0.8018463991910538,0
2021-12-29,1656.816650390625,1664.0658546078334,1648.7766024427483,1655.0152900742216,3236635,-0.1297545392014099,-0.0012983879329385248,1.0092730889936412,1631.491420200893,1592.860360281808,1554.7961140950522,1.0155227480060016,1,0.6558522646897125,1.1860996314012597,2,12,4,0,0,3804084.714285714,0.8508314727706418,1
2021-12-30,1663.231201171875,1678.1250866050445,1646.9754082571962,1655.8941485249763,4584738,0.3871611731894209,0.003864136331545798,1.0189132625731252,1641.6905517578125,1601.24560546875,1557.883251953125,1.013121016863378,1,0.6644493249772662,1.1683803471029721,3,12,4,0,0,3694249.5714285714,1.2410471765249675,0
2021-12-31,1658.7496337890625,1668.0637408590383,1644.602724183878,1660.7266893716478,4619420,-0.2694494535489089,-0.0026981312200433875,1.0142654613969477,1649.6050502232142,1610.2270682198662,1561.056787109375,1.0055434987693634,1,0.742715245552894,1.1270561951280076,4,12,4,0,1,3760391.285714286,1.2284413107617713,1
2022-01-03,1668.151611328125,1681.8592826976471,1658.7496564451544,1658.7496564451544,3329616,0.5668111297535416,0.005652107998537072,1.013931955411535,1654.7328229631696,1619.4093976702009,1565.129512532552,1.0081093383649247,1,0.47789582703763667,1.1263355580615522,0,1,1,1,0,3648488.8571428573,0.9126013893344963,1
2022-01-04,1668.7667236328125,1675.3569088558613,1650.1823798513894,1668.1515753213837,3921999,0.03687388487414456,0.00036867088127980904,1.0152556040543463,1659.2078508649554,1629.7622767857142,1569.8817626953125,1.005761106279044,1,0.489016882380211,1.0426225695133382,1,1,1,0,0,3668724.8571428573,1.0690360146152766,0
2022-01-05,1620.878173828125,1672.061949815919,1616.7922372110065,1669.5137232070176,6995719,-2.8696970718853243,-0.029116779788283434,1.034184795877208,1656.509033203125,1634.347159249442,1574.235685221354,0.9784903923487203,1,1.290536388263715,1.3157913343880214,2,1,1,0,0,4289865.714285715,1.6307547755407594,0
2022-01-06,1597.2852783203125,1606.2478877431283,1581.6445284122708,1606.2478877431283,6449205,-1.455562539416011,-0.014662597812065681,1.0155555555555555,1647.6970389229912,1634.155752999442,1577.029923502604,0.9694047149373831,1,1.219588524108422,1.1810293780176564,3,1,1,0,0,4733904.571428572,1.3623436853636857,0
2022-01-07,1594.209716796875,1613.277275679743,1587.6195318472028,1595.2201260127915,4834389,-0.19254929380377872,-0.0019273490826098906,1.016161141456031,1638.7531912667412,1635.122305733817,1580.6223022460938,0.9728186802581086,1,1.216351547245073,1.1318629976730246,4,1,1,0,1,4962155.142857143,0.9742518846793701,1
2022-01-10,1626.2381591796875,1643.065121465988,1593.0675577969869,1594.8249406516995,7857560,2.0090482478782645,0.019891331674362033,1.0313844591362726,1633.468470982143,1637.5795113699776,1585.1446329752605,0.9955736447131373,0,1.535518519739399,1.237140041624473,0,1,1,1,0,5429701.142857143,1.4471441048531268,1
2022-01-11,1630.4996337890625,1643.152810574252,1625.710808876999,1629.972440435956,5142287,0.2620449277567438,0.0026170218865897484,1.010728846484881,1629.4327566964287,1639.5189034598213,1589.331591796875,1.0006547536793091,0,1.550958079046558,1.2270918863862208,1,1,1,0,0,5504396.428571428,0.9342145077538669,1
2022-01-12,1649.69921875,1659.8481478952956,1634.3660958630228,1642.1864712150102,5362535,1.1775277076462976,0.011706487981856742,1.0155913978494622,1626.7967006138392,1640.7647617885045,1594.0926310221355,1.0140782914838216,0,1.6192350811352139,1.171501526323544,2,1,1,0,0,5794813.428571428,0.9254025286750266,1
2022-01-13,1666.7020263671875,1680.4974395675385,1639.9458066975717,1673.9072535300188,14277630,1.0306610698446406,0.010253859732573575,1.0247274225186913,1626.501743861607,1642.8547973632812,1598.443623860677,1.0247157942850633,0,1.6804990788523202,1.19772251319734,3,1,1,0,0,7274189.285714285,1.962779553735247,1
2022-01-14,1695.30322265625,1698.5104677026313,1652.8185151312207,1653.6972065268249,7688506,1.7160353702456943,0.017014777894387847,1.0276448697501328,1637.1338936941963,1646.8214634486608,1604.119970703125,1.0355311982642998,0,1.2041887189759755,1.2702835213634827,4,1,1,0,1,7373158.857142857,1.0427696119081504,1
2022-01-17,1704.2220458984375,1716.8752240721528,1696.3138229476326,1703.3873319362635,5262464,0.5260901485347969,0.0052471112878974685,1.0121212247677092,1652.4105747767858,1650.0538068498884,1611.2725179036458,1.0313550832417364,1,0.7877153251455762,1.2456105344859771,0,1,1,1,0,7203624.428571428,0.730530034176645,0
2022-01-18,1687.7464599609375,1709.0547258227377,1679.5745872616628,1688.9326718657662,3690315,-0.9667511329965461,-0.0097145450960797,1.017552146111676,1665.7729666573662,1652.2630789620537,1617.396993001302,1.0131911693510458,1,0.9982538969283293,1.2821872446708713,1,1,1,0,0,7040185.285714285,0.5241786757357462,0
2022-01-19,1640.560791015625,1683.5726913474412,1636.8702228464153,1683.5726913474412,5747770,-2.79577946479026,-0.02835605432023544,1.0285315645975972,1667.819056919643,1650.643763950893,1620.7272379557292,0.9836563410215721,1,1.5471025624617394,1.498853842500759,2,1,1,0,0,6738786.714285715,0.8529384062289975,0
2022-01-20,1602.469482421875,1623.8217266018507,1595.2642557606387,1620.3069609598556,5533463,-2.3218468222789057,-0.023492263226366255,1.0179014045717432,1663.8147495814733,1646.6237531389509,1622.4919474283854,0.9631297491652665,1,1.7995783514678094,1.6139708552394094,3,1,1,0,0,6794669.0,0.814383011151831,0
2022-01-21,1569.0791015625,1588.6739615819963,1560.5558383681557,1577.2509740263736,8252758,-2.083682792442998,-0.02105697814829974,1.018018018018018,1652.2975899832588,1639.5471452985491,1623.2666585286458,0.9496346851043933,1,1.7955556905447416,1.6673688307094994,4,1,1,0,1,7207558.0,1.1450144417845822,0
2022-01-24,1526.111328125,1554.0976288940496,1518.378800587523,1550.890383701955,7116712,-2.738407094627182,-0.02776600334096476,1.023524319684064,1632.2132045200892,1629.3574741908483,1623.0367309570313,0.9349950875895005,1,1.7549794018729235,1.7702411666168614,0,1,1,1,0,6184569.714285715,1.150720636806977,0
2022-01-25,1513.2384033203125,1528.923023226851,1494.214713216816,1517.1485371127924,9137653,-0.8435115163258344,-0.008470892077488416,1.0232284622169951,1606.2039446149554,1621.6689191545759,1622.1580444335937,0.9421209606623592,0,1.2229968567094984,1.6511300174574557,1,1,1,0,0,6391590.714285715,1.4296367537390366,0
2022-01-27,1474.9713134765625,1502.29859365424,1463.0211322868854,1495.5327130043718,11231734,-2.5288209550977103,-0.025613451221909084,1.0268468175206458,1573.4538399832588,1612.9322073800224,1620.529541015625,0.9374099678019508,0,0.8126822287185907,1.7233978832756205,3,1,1,0,0,7244343.571428572,1.5504143183238233,1
2022-01-28,1481.6494140625,1517.9833897106614,1475.7622245146904,1477.0802616309584,10998502,0.4527613876229797,0.004517395065466956,1.0286097343424383,1544.0114048549108,1604.8921857561384,1618.028194173177,0.9596104079307167,0,1.2066734199909268,1.7423221043523636,4,1,1,0,1,8288370.285714285,1.3269800480508043,1
2022-01-31,1525.5841064453125,1537.270746047761,1507.2634105184352,1509.591964395572,8788872,2.9652556107958805,0.029221421167919613,1.0199084880054272,1527.5861642020088,1597.7026105608259,1615.5488321940104,0.9986893978201602,0,2.0871782162866825,1.8631152296186622,0,1,1,1,0,8722813.42857143,1.0075730808608376,1
2022-02-01,1557.0853271484375,1564.070881720928,1524.2661135677781,1551.8570483269698,5119935,2.064862931518374,0.02043833628371414,1.026114054362844,1521.1027134486608,1592.458731515067,1614.7624104817708,1.0236556107497807,0,2.2788189693661267,1.9742947068137509,1,2,1,0,0,8663738.0,0.5909614302740919,1
2022-02-02,1570.309326171875,1575.3179313391013,1557.041107934789,1571.978861227617,4253717,0.8492790210575807,0.008456929363844047,1.0117381765395739,1521.2784598214287,1586.7880249023438,1614.0448120117187,1.0322300404859488,0,2.1825437841374398,1.9571396856977905,2,2,1,0,0,8092446.428571428,0.5256404274709441,0
2022-02-03,1527.6490478515625,1563.1920737397209,1523.6509588896436,1563.1920737397209,3832922,-2.7166799311006073,-0.02754263935488324,1.0259515570934257,1521.4981340680804,1576.855669294085,1611.5215087890624,1.0040426692913755,0,2.177958474239072,2.0116605642080696,3,2,1,0,0,7623333.571428572,0.5027881784374983,1
2022-02-04,1529.8895263671875,1541.180689045186,1502.694071308099,1521.8934563342548,4700077,0.14666186050886765,0.0014655441704179062,1.0256117452460463,1523.8768659319196,1565.0404052734375,1608.1092529296875,1.0039456340401827,0,2.143290523267371,1.9139352399797587,4,2,1,0,1,6989394.142857143,0.672458428289278,0
2022-02-07,1506.9559326171875,1521.8936882174746,1489.733600553992,1513.2824685548035,4310209,-1.4990359339511983,-0.015103850385368501,1.021587811170751,1528.4460972377233,1550.9499686104912,1603.7597330729166,0.9859398609742445,0,1.9536279219832822,1.8894039800593685,0,2,1,1,0,6000604.857142857,0.7182957556135888,1
2022-02-08,1508.9766845703125,1515.742564999081,1490.2605160802557,1502.5621948686542,6053401,0.13409495987155573,0.0013400513287359184,1.0170990566037736,1532.3499930245537,1538.180698939732,1599.3999593098958,0.9847467559234905,0,1.9538212214837323,1.9073634900597078,1,2,1,0,0,5294161.857142857,1.143410640502572,1
2022-02-09,1526.550537109375,1531.5590349384013,1515.7425905156294,1524.5295040838362,3867244,1.1646205483994532,0.01157891041706764,1.0104347826086957,1532.4880545479912,1530.037109375,1594.9860026041667,0.996125570166113,1,1.6332620904889734,1.8788169043691865,2,2,1,0,0,4591072.142857143,0.8423400634243386,1
2022-02-10,1554.93212890625,1558.7105444639826,1536.611436448764,1542.6744279720942,4334630,1.8591976555599299,0.018421258503905247,1.0143817151760184,1532.180454799107,1526.6415841238838,1591.5898518880208,1.014849213117084,1,1.5916780893602103,1.898586851998349,3,2,1,0,0,4478885.714285715,0.9677920528702929,0
2022-02-11,1512.535400390625,1534.1511870988509,1505.1983487478708,1528.9230162412698,7551371,-2.7265967258292556,-0.02764458180710834,1.0192352312737156,1523.927036830357,1522.602748325893,1586.5666585286458,0.9925248150571396,1,1.826827331193665,1.9546505711453392,4,2,1,0,1,4949979.142857143,1.5255359228930663,0
2022-02-14,1478.1346435546875,1510.0751620435087,1474.6638553981247,1484.9884794415796,7459637,-2.2743769717424978,-0.02300639900826439,1.0240131379878594,1516.853550502232,1519.1758422851562,1580.5461588541666,0.9744741956567101,0,1.743941469917492,1.9125812164162592,0,2,1,1,0,5468081.285714285,1.36421472363419,1
2022-02-15,1527.3853759765625,1534.8542531207022,1485.3838827787808,1492.8967373992116,4669915,3.331951702548186,0.0327764521131019,1.0333047711877517,1516.495814732143,1520.1863403320312,1575.8539510091146,1.007180739398442,0,2.2652098833743124,2.120588881767995,1,2,1,0,0,5463772.428571428,0.8547052537510256,0
2022-02-16,1523.0357666015625,1542.4986942805128,1517.368143011698,1527.3852458984643,5350642,-0.28477484748856696,-0.0028518110251544468,1.0165619341519423,1518.792933872768,1523.6195155552455,1570.9962524414063,1.0027935557469152,0,2.17615599788409,1.9883121170585942,2,2,1,0,0,5612405.714285715,0.9533598019082217,0
2022-02-17,1515.56689453125,1536.8311824527893,1511.612783427169,1532.4377256704772,3937950,-0.49039374084944853,-0.004916001165647566,1.016683107805191,1519.7343924386162,1526.042192731585,1567.4858764648438,0.9972577458744756,0,2.190721596793676,1.996788219361567,3,2,1,0,0,5310198.428571428,0.7415824574109943,0
2022-02-18,1499.8822021484375,1513.5458959572875,1496.850759804493,1502.5622537515017,5602215,-1.0349059773876679,-0.010402983656607825,1.0111535074845905,1515.9246303013392,1524.206342424665,1564.2391072591147,0.989417397255619,0,2.1673095459420337,1.8483015768409023,4,2,1,0,1,5558051.428571428,1.0079458731168889,1
2022-02-21,1520.751220703125,1526.5506699725988,1486.3065594227182,1494.6541280390445,5120890,1.3913771711401512,0.013817863793117056,1.0270765881336832,1511.0416434151787,1521.611049107143,1561.7904907226562,1.006425750958128,0,2.098210063907751,1.7954793145260137,0,2,1,1,0,5670374.285714285,0.9030955880463422,1
2022-02-22,1523.9583740234375,1538.5886069583632,1485.911101612414,1493.687498875911,8878515,0.21089270070284716,0.0021067063420667767,1.0354513168982902,1512.6734967912946,1518.3002668108259,1558.3811645507812,1.0074602201043916,0,1.8048339532605238,1.7760533401824923,1,2,1,0,0,5859966.285714285,1.5151136656953952,1
2022-02-23,1531.42724609375,1544.9591147620647,1523.123655479762,1537.7099108964103,5478811,0.49009685550620574,0.004888997904595342,1.0143359727910108,1520.2867257254463,1518.5701381138392,1555.078751627604,1.0073279074136412,1,1.4633869372810753,1.6269193363199108,2,2,1,0,0,5576991.142857143,0.9823954995906907,0
2022-02-24,1474.5760498046875,1506.9118301831932,1467.8540388895212,1485.0763695246333,13592379,-3.712301477858271,-0.03782961654671117,1.026608770530904,1512.7425362723213,1514.619175502232,1549.2413126627605,0.9747700051049777,0,1.6183163751670135,1.9082036095787698,3,2,1,0,0,6851628.857142857,1.9838171744854332,1
2022-02-25,1489.0303955078125,1518.5105342990194,1473.5654486264136,1506.9557211653544,9737281,0.9802373845038126,0.009754642247043399,1.0305009090125596,1507.8846261160713,1513.3387799944196,1543.3189249674479,0.9874962379205214,0,1.712919696459624,1.8979599016795905,4,2,1,0,1,7478291.571428572,1.3020729276192016,1
2022-02-28,1507.48291015625,1518.4226821951142,1463.0211477782968,1478.134596610253,15076542,1.2392302201557515,0.012316146145066827,1.0378678971940691,1506.729771205357,1513.2320818219866,1537.0582478841145,1.0004998500496147,0,1.804729530418638,1.9297557909187124,0,2,1,1,0,9069519.0,1.6623309350804603,0
2022-03-02,1496.2357177734375,1506.4285162813565,1485.8671166330619,1502.5622527750063,6771489,-0.746090871547378,-0.007488880511765493,1.0138379801384165,1506.2088448660713,1511.0667375837054,1530.125370279948,0.9933786558705804,0,1.7819429165174525,1.9092962807041232,2,3,1,0,0,9236558.142857144,0.7331182130041111,1
2022-03-03,1512.0958251953125,1523.5627889815564,1498.6519133468057,1511.5246544269576,7344147,1.0600005890433195,0.010544219704320647,1.0166221891907639,1504.9723597935267,1508.0070016043526,1524.2703491210937,1.0047332865320948,0,1.742126621268823,1.8565900157575599,3,3,1,0,0,9554166.285714285,0.7686852814129076,1
2022-03-04,1514.2489013671875,1525.408239012716,1477.0802130071288,1489.6015651994855,9074499,0.14239019353134985,0.0014228891482451224,1.0327186198691254,1503.5852922712054,1508.12939453125,1520.059952799479,1.0070921211791546,0,1.7404887075890474,1.7065394966421175,4,3,1,0,1,9582164.0,0.9470197963633267,1
2022-03-07,1528.7911376953125,1538.5885677889987,1490.2605431011661,1491.1392344591268,9742588,0.9603597080370951,0.009557775675218741,1.0324292452830188,1503.208705357143,1511.7477155412946,1517.6040079752604,1.0170185498839908,0,1.774811199980126,1.5865185817882708,0,3,1,1,0,10191275.0,0.9559734184388117,1
2022-03-08,1562.4892578125,1581.6447763419462,1509.9874381533716,1509.9874381533716,10984500,2.2042330888958572,0.021802910580257642,1.0474555856413001,1515.7677350725446,1514.255135672433,1517.384346516927,1.0308236688635672,1,0.9224233622010045,1.4400168344446629,1,3,1,0,0,9818720.857142856,1.1187302460084778,1
2022-03-09,1593.375244140625,1609.4113643584944,1573.7365101481573,1573.7365101481573,10193515,1.9767167149274067,0.01957433373847669,1.022668886424309,1530.6741420200892,1519.2793840680804,1519.6264770507812,1.040963063528196,1,1.0203823028630121,1.5099597451660693,2,3,1,0,0,9883897.142857144,1.031325483528186,1
2022-03-10,1604.402587890625,1620.9658987002945,1590.6070690763233,1620.9658987002945,6547182,0.6920744997483297,0.006896906565098382,1.0190863162965826,1544.519810267857,1525.624790736607,1522.665283203125,1.0387711295282012,1,1.0178729377205205,1.4932963166865565,3,3,1,0,0,8665417.142857144,0.7555530094009157,0
2022-03-11,1600.975830078125,1609.2355512027455,1591.310224078751,1593.9462984422166,4758657,-0.21358466000763743,-0.002138130773434722,1.0112645082352638,1559.4826834542412,1532.8457641601562,1526.8654337565104,1.0266069941424274,1,0.8858054805944708,1.4472427194591202,4,3,1,0,1,8377869.714285715,0.5680032230491324,1
2022-03-14,1661.341796875,1665.1202128221414,1609.367286068122,1609.367286068122,10289724,3.7705732755459076,0.03701225009630573,1.0346427613116398,1580.8035365513392,1542.887948172433,1532.8551798502604,1.0509476721562516,1,1.3825392352213477,1.6833269885362367,0,3,1,1,0,8798666.42857143,1.1694640413445772,0
2022-03-15,1616.17724609375,1659.27699787109,1608.0053726067936,1659.27699787109,7140443,-2.718558629308243,-0.02756195115825188,1.0318852325606216,1595.3647286551338,1549.4750104631696,1535.874951171875,1.0130456171336826,1,2.0600039661361897,1.9086676220901593,1,3,1,0,0,8522372.714285715,0.8378468343716955,1
2022-03-16,1660.199462890625,1664.1974441872826,1624.7003107966714,1638.7593724368805,5233979,2.7238483219136578,0.026874117444878994,1.0243104116667792,1614.1373465401787,1558.6730259486608,1539.3120890299479,1.0285366771602045,1,2.1661358537794366,2.0043655409753613,2,3,1,0,0,7878285.714285715,0.6643550627402626,0
2022-03-17,1629.62109375,1689.9872589454178,1610.6853579171534,1689.9872589454178,17731459,-1.8418491165744677,-0.018590223543782078,1.049234880442952,1623.7276088169642,1569.7476719447545,1541.2891479492187,1.0036296019732829,1,2.383951788912693,1.7399151335110628,3,3,1,0,0,8842137.0,2.0053363796557324,0
2022-03-21,1628.25927734375,1658.0029622596096,1617.758849881559,1635.2448316509428,8362085,-0.08356644446202433,-0.0008360138067988385,1.0248764594185327,1628.7110421316963,1579.692592075893,1544.642822265625,0.9997226243475608,1,2.315752604548608,1.7513698849459691,0,3,1,1,0,8580504.142857144,0.9745447191422933,1
2022-03-22,1658.442138671875,1660.7267148165508,1615.9134542580089,1625.579059476518,5709382,1.853688890221683,0.01836717488226503,1.0277324632952693,1636.4309779575892,1590.4753941127233,1548.927909342448,1.0134507113411881,1,2.3863410473365123,1.774689278051123,1,3,1,0,0,8460818.42857143,0.6748025676475843,0
2022-03-23,1645.2618408203125,1669.5137026271,1631.7299714623814,1666.877628359794,6192824,-0.7947396863732359,-0.007979145748056244,1.0231556273559506,1642.7575509207588,1601.1201171875,1553.538106282552,1.00152444278716,1,2.4250454211958696,1.7777805512320575,2,3,1,0,0,8665699.42857143,0.7146363719449832,1
2022-03-24,1657.827392578125,1664.7690776444408,1630.9834286564112,1630.9834286564112,3784303,0.7637417611015218,0.007608400188928016,1.0207148940905315,1642.2554931640625,1611.5295148577009,1558.4997965494792,1.009482019989509,1,1.9518803389811106,1.7748639355914704,3,3,1,0,0,7736353.571428572,0.48915848597922884,0
2022-03-25,1648.9083251953125,1664.2414466217965,1632.6085574568626,1662.4840638904113,3438588,-0.5379973465719057,-0.0053944976395002234,1.0193756727664156,1646.931361607143,1621.1480451311384,1562.578389485677,1.0012003922168562,1,1.5884657687712282,1.7996803753791866,4,3,1,0,1,7207517.142857143,0.47708356870267593,0
2022-03-28,1646.579833984375,1652.7306737771728,1627.9076417562392,1639.6381504800765,4008555,-0.14121410968446213,-0.0014131391077487772,1.0152484277266207,1644.9857003348213,1629.5615234375,1565.6333129882812,1.0009690866304972,1,1.1742020661395163,1.807968733074778,0,3,1,1,0,7032456.571428572,0.5700077859401133,1
2022-03-29,1657.2119140625,1660.1994861553353,1634.849261732521,1646.5797700005269,3917785,0.6457069289132367,0.006436311724668467,1.0155061540022041,1648.92724609375,1636.327427455357,1570.4558634440104,1.0050242774436386,1,0.9100171372926653,1.7449388764561824,1,3,1,0,0,5059074.571428572,0.7744074424452896,1
2022-03-30,1672.9844970703125,1686.2088459320603,1665.1202517150882,1678.3006231006957,7795839,0.9517541404314045,0.009472534948975247,1.0126649076517151,1655.3165631975446,1642.0138026646205,1576.950858561198,1.0106734471614536,1,0.9318422926039088,1.6961124298285786,2,3,1,0,0,4978182.285714285,1.5660011129707816,1
2022-03-31,1675.53271484375,1680.9366885358509,1664.417246914596,1669.5137000617442,5399145,0.15231568361211423,0.0015219980093148398,1.0099250603488263,1657.7580740792412,1647.094526018415,1581.8891031901042,1.010722095728221,1,0.6727905699182883,1.69416916404718,3,3,1,0,0,4933862.714285715,1.0943038573746868,0
2022-04-01,1672.6331787109375,1678.564346091196,1650.4462192514522,1657.9589669091613,6171518,-0.17305159768742362,-0.001732015049342883,1.0170366816632757,1661.6682652064733,1652.2129080636162,1586.87568359375,1.0065987379876342,1,0.5589203189082859,1.693214938394433,4,4,2,0,1,4930819.0,1.251621282387368,0
2022-04-04,1654.531982421875,1663.362874183329,1645.7890456129824,1660.5071270406477,7364074,-1.0821976102980746,-0.010880959617827096,1.0106780565937,1661.1974923270088,1651.7264927455358,1591.5078531901042,0.9959875271086541,1,0.6893936889032094,1.4063358510710589,0,4,2,1,0,5442214.857142857,1.3531391525887149,0
2022-04-05,1635.33251953125,1660.3752240705198,1631.8617314560988,1655.278878381211,5472024,-1.1604165464677907,-0.01167201922771371,1.0174729831975278,1659.258091517857,1653.0947265625,1596.0228637695313,0.9855805603064919,1,0.797968317165186,1.2265189930637865,1,4,2,0,0,5732705.714285715,0.9545272813087013,0
2022-04-06,1606.994873046875,1632.1694051083773,1601.1076831042346,1629.9726764339382,5407453,-1.7328369702143354,-0.017480263168712283,1.0194001454942243,1653.6030970982142,1649.294398716518,1598.8976521809896,0.9718141408097696,1,1.0061791377836913,1.0573405197493984,2,4,2,0,0,5932548.285714285,0.9114890835395766,0
2022-04-07,1591.3101806640625,1606.3797601498356,1588.2787381336382,1600.1410724456011,5797544,-0.9760262864482061,-0.009808206446446945,1.0113966280487188,1644.1885637555804,1646.557904924665,1601.1427124023437,0.9678392221809794,0,0.9240216774417203,0.9779760211452688,3,4,2,0,0,6201085.285714285,0.9349240871361758,1
2022-04-08,1594.473388671875,1615.0347888286492,1588.6740468999988,1601.854417864324,5131446,0.19878010247458278,0.0019858279625595276,1.0165929203539823,1632.972691127232,1644.1446271623884,1603.2442504882813,0.976423792838335,0,0.7428139059769588,0.9826920539212167,4,4,2,0,1,5820457.714285715,0.8816224173238806,0
2022-04-11,1552.2523193359375,1593.946182924903,1548.7375537727073,1593.946182924903,8248407,-2.6479632482989124,-0.026836532440093486,1.0291906327460505,1615.3612060546875,1636.5596400669642,1605.8334594726562,0.9609320277828849,0,0.945144974392776,1.0143152912063467,0,4,2,1,0,6227495.142857143,1.3245144011811583,0
2022-04-12,1531.07568359375,1544.3000311752362,1518.1589637911889,1544.3000311752362,6456184,-1.3642521565854104,-0.013736435893546214,1.0172189263492981,1595.138706752232,1628.4034859793526,1607.234969075521,0.9598385877746537,0,0.8573858317578058,1.039587786476027,1,4,2,0,0,6268161.714285715,1.0299963999470156,1
2022-04-13,1536.435791015625,1544.3000356322013,1521.8934063812078,1542.0593298022513,6257693,0.35008768536468615,0.003494763049237112,1.0147228637413395,1578.267822265625,1619.732657296317,1608.2000651041667,0.973494972995173,0,1.0532351247926814,1.0060170592124138,2,4,2,0,0,6110107.285714285,1.024154357261578,0
2022-04-18,1424.710205078125,1449.8407567425704,1397.1192746792042,1410.738990878907,30523965,-7.271738044038045,-0.0754968844125186,1.0377358490566038,1548.178920200893,1603.718505859375,1605.8158813476562,0.9202490658465067,0,2.58355464473893,2.0620278974744126,0,4,2,1,0,9688956.0,3.1503874101605995,0
2022-04-19,1372.5159912109375,1438.110326839995,1361.9716942234015,1438.110326839995,17044923,-3.663496876849104,-0.037322882692536696,1.0559032415574596,1514.6819370814733,1584.1425170898438,1601.1632202148437,0.9061413869208312,0,2.6620358173881793,2.1594099627021808,1,4,2,0,0,11351451.714285715,1.5015632739334208,1
2022-04-20,1395.098388671875,1402.6552210404843,1373.3947525064125,1383.9390500304542,10678747,1.6453285503080783,0.016319396810944117,1.0213052135816538,1486.6516810825892,1565.420122419085,1597.1915364583333,0.9384164471236164,0,3.022316666717727,2.242535467701816,2,4,2,0,0,12048766.42857143,0.8862938013867809,1
2022-04-21,1422.42578125,1429.8067037193202,1396.4604056492583,1401.5128815545488,7766514,1.9588147187339588,0.019398768488874715,1.0238791575723611,1462.073451450893,1547.5230712890625,1593.6460245768228,0.9728825729230304,0,3.2806119622312266,2.331199611882787,3,4,2,0,0,12425204.714285715,0.6250612507873253,0
2022-04-22,1393.1212158203125,1415.3081733294175,1390.4412714487692,1409.728504477574,8134245,-2.060182388140852,-0.020817001959281274,1.0178841799299716,1439.3404366629463,1527.350821358817,1588.0004231770833,0.9678886108766657,0,3.2558651832966805,2.312782292549574,4,4,2,0,1,12408895.857142856,0.6555172268061009,0
2022-04-25,1371.72509765625,1382.0058512029284,1365.5742579702844,1382.0058512029284,7000570,-1.5358403792209763,-0.01547756574176478,1.012032735046622,1416.5760672433037,1505.857386997768,1580.6120849609374,0.9683384672209415,0,3.2554373855930905,2.2909932730457117,0,4,2,1,0,12486665.285714285,0.5606436818651009,1
2022-04-26,1389.2113037109375,1398.8769105046251,1376.5142540549982,1385.872233004622,5345435,1.2747602332686458,0.012667035615941324,1.0162458589758514,1395.5439976283483,1486.9059099469866,1573.4390421549479,0.9954622040378713,0,3.3606028620709187,2.398751302376602,1,4,2,0,0,12356342.714285715,0.43260656681364995,0
2022-04-27,1364.43212890625,1381.9619804602605,1362.279270492614,1381.9619804602605,8819356,-1.7836865233169408,-0.017997859407764705,1.0144483663474737,1386.9328438895088,1467.5558820452009,1565.5542521158854,0.9837766369998435,0,2.194600710646904,2.403475154145316,2,4,2,0,0,9255684.285714285,0.9528583438841213,1
2022-04-28,1390.6170654296875,1407.4880056040677,1368.517954039761,1379.545574627146,9245177,1.919108760977939,0.019009261301629176,1.0284760981390635,1389.5187116350446,1452.1003243582588,1556.5300944010417,1.0007904562820535,0,1.886327072199246,2.5421217516045274,3,4,2,0,0,8141434.857142857,1.1355709604295094,0
2022-04-29,1377.392822265625,1403.533892844543,1371.4616549914167,1397.1194023690618,9831395,-0.9509622377585569,-0.009555127557640436,1.0233854426307873,1386.9893450055804,1436.820513044085,1548.5706136067708,0.9930810407632102,0,1.80903909367147,2.542146392333687,4,4,2,0,1,8020384.571428572,1.2258009466307742,0
2022-05-02,1354.0634765625,1364.3881007348616,1345.276562373256,1362.7625430622788,7072627,-1.6937321965095897,-0.017082398878967488,1.0142064010450687,1377.2233014787946,1419.6483764648438,1538.3660807291667,0.9831836820569135,0,1.608949284834704,2.5240315566419933,0,5,2,1,0,7921257.857142857,0.8928666542047209,0
2022-05-04,1349.274658203125,1379.545534836563,1344.5297030639988,1359.5553049527848,6220959,-0.3536627670906678,-0.0035428963228374003,1.0260431820083766,1370.959507533482,1405.1499720982142,1529.0211995442708,0.9841827207797182,0,1.4917696760756167,2.492192263726424,2,5,2,0,0,7647931.285714285,0.813417219323119,1
2022-05-05,1392.8575439453125,1396.5919819925602,1368.5177304330361,1370.8024136363445,6144870,3.2300974065746058,0.031790266076820395,1.0205143498949338,1373.9784284319196,1395.2772478376116,1521.1744750976563,1.0137404744665017,0,1.9337383583590837,2.7271819774434203,3,5,2,0,0,7525688.428571428,0.8165193202353258,0
2022-05-06,1355.68896484375,1372.3841009487683,1348.8352364842315,1361.9716296199067,6171472,-2.6685126029673767,-0.027047637666738972,1.0174586664312815,1369.1895228794642,1382.3667602539062,1511.0827026367188,0.9901397448562694,0,2.1432272514384296,2.7621375806311033,4,5,2,0,1,7643693.714285715,0.807393942076172,1
2022-05-09,1379.8529052734375,1394.3074419742286,1337.5000261747937,1353.1846449249074,6832202,1.7824103504798128,0.017667116857988687,1.0424728334113773,1371.3924909319196,1379.1626674107142,1502.2357381184895,1.0061692144280072,0,2.1634878133231874,2.1319373227425094,0,5,2,1,0,7359814.571428572,0.9283117031946961,0
2022-05-10,1364.60791015625,1378.7987994444961,1358.50104708842,1369.0013676905587,6212545,-1.1048275550912035,-0.011109761039076363,1.0149412857646145,1367.6768973214287,1378.5978044782366,1492.4617553710937,0.997756058341565,0,2.057836556953674,1.9110750570557735,1,5,2,0,0,6926581.428571428,0.8969135877582984,0
2022-05-11,1341.5419921875,1361.927588201104,1328.2297970447912,1361.927588201104,7846080,-1.690296369900779,-0.017047449260336724,1.0253704526365,1362.5553501674108,1374.7723475864955,1482.2162109375,0.9845779784451847,0,2.1178300332227025,1.8947603293679132,2,5,2,0,0,6642965.0,1.1811111453996823,0
2022-05-12,1325.76953125,1342.2010163356415,1321.8154202362452,1330.3386832943772,7034979,-1.1756964023005856,-0.011826623653349336,1.015422422667571,1358.5133579799108,1367.8683297293526,1471.5225341796875,0.9758973097043371,0,2.0718843010564516,1.7946229895648211,3,5,2,0,0,6637586.714285715,1.0598699953492132,0
2022-05-13,1321.9034423828125,1343.7389035215306,1316.3676433280884,1334.9959664754047,6723761,-0.29161093056214726,-0.002920369436383015,1.020793021107873,1354.6031842912946,1362.7813459123884,1460.345585123698,0.9758602797574332,0,2.0716639497198672,1.7366374558383213,4,5,2,0,1,6709415.571428572,1.002138104044787,0
2022-05-16,1308.45947265625,1328.4497039979815,1299.2771895162246,1326.8241461984453,6145331,-1.017016016111505,-0.010222229577002325,1.0224528797374015,1342.5463169642858,1358.2623726981026,1448.1947509765625,0.9746103029166907,0,1.3812277684696623,1.7150207346658666,0,5,2,1,0,6709481.428571428,0.9159174319837791,1
2022-05-17,1334.2490234375,1340.0044954869074,1301.254223004272,1313.555903618578,6516378,1.9709858287697335,0.01951813417272817,1.0297791713545188,1339.4834681919642,1354.3364955357142,1436.8186279296874,0.9960921915956681,0,1.489320191891869,1.7739985477104248,1,5,2,0,0,6758753.714285715,0.9641389929960883,0
2022-05-18,1326.12109375,1361.7080974834491,1322.6942829038983,1337.3683872175263,6594126,-0.6091763639863523,-0.006110394132224193,1.0294957157400713,1331.8074951171875,1351.5999930245537,1425.2682250976563,0.9957303128357247,0,1.200186938428943,1.7241527280760565,2,5,2,0,0,6724742.857142857,0.9805766763253826,0
2022-05-19,1254.0245361328125,1304.593165199384,1245.6769672791786,1301.3420497086145,16561140,-5.436649636068536,-0.05590020186732379,1.047296529893212,1316.0098702566963,1341.8433837890625,1411.9179768880208,0.9528990355431048,0,2.2154691524975942,2.1098085647183824,3,5,2,0,0,8203113.571428572,2.018884641276017,1
2022-05-20,1278.627685546875,1288.820483325111,1271.2026795948527,1276.7384777715263,10488908,1.9619352496829334,0.01942937381912876,1.0138591618890178,1307.0221121651787,1334.7887311662946,1400.0278157552084,0.9782754810695083,0,2.488126313621921,2.225213405386307,4,5,2,0,1,8580660.42857143,1.2223893588743577,1
2022-05-23,1290.2705078125,1307.4928382619098,1274.1465416425442,1278.5838689742561,5887569,0.9105717322744677,0.009064510236585298,1.0261714767725052,1301.9508231026787,1330.2320905412946,1389.4703369140625,0.9910286048574836,0,2.5400139956421257,2.2272154740795735,0,5,2,1,0,8416744.714285715,0.6995066620004582,0
2022-05-24,1266.1944580078125,1291.2811433666081,1261.1419818568445,1290.4463220800299,5693167,-1.8659691637457954,-0.018835980120344764,1.02389830958239,1293.992396763393,1324.2977905273438,1378.633146158854,0.9785176954477397,0,2.6020271796922665,2.265279843183611,1,5,2,0,0,8269517.0,0.6884521792506141,0
2022-05-25,1239.350341796875,1267.5124463343247,1229.50904023106,1260.9222603048568,9630092,-2.1200626839871894,-0.021428587830531583,1.030909415758442,1284.119663783482,1313.3329903738838,1366.7957112630208,0.965136175973896,0,2.6652794569410636,2.040686814750195,2,5,2,0,0,8767340.0,1.0984052175460288,1
2022-05-26,1251.2125244140625,1256.528650069207,1236.3627261774936,1245.9843537049899,13040065,0.9571290874853977,0.009525776262277897,1.0163106857435449,1272.2573067801338,1305.8703874860491,1356.7610514322917,0.9834587058341743,0,2.51673809084005,2.0167408881642714,3,5,2,0,0,9699295.285714285,1.344434272375046,1
2022-05-27,1284.07568359375,1289.040311563104,1263.0310670153488,1268.7864314520264,8284860,2.6265049732520307,0.025926046458967053,1.0205927195514022,1266.2508196149554,1299.0291573660713,1348.5277180989583,1.014076882480688,0,2.851006449170028,2.102685683057623,4,5,2,0,1,9940828.714285715,0.833417438135116,1
2022-05-30,1341.586181640625,1344.397951444672,1304.856835225711,1306.614218168776,10904213,4.478746757817276,0.04381348442422623,1.0303030303030303,1278.7596261160713,1297.3847481863838,1342.0327311197916,1.0491308563716344,0,2.3675074415234376,2.474167624237403,0,5,2,1,0,9132696.285714285,1.1939752137664743,0
2022-05-31,1335.192626953125,1347.9798088750379,1321.4731129690717,1341.4973856707466,16033857,-0.47656682626838753,-0.00477706026776747,1.0200584451138859,1286.84033203125,1296.9312220982142,1339.0488118489584,1.037574432288388,0,2.380489302783537,2.4348412069090117,1,5,2,0,0,9924831.857142856,1.6155293339766261,0
2022-06-01,1312.947998046875,1345.093445851079,1307.2203524001836,1343.5394511125153,8738508,-1.6660239471971705,-0.016800582207543373,1.0289722336263787,1290.0799734933037,1296.0153982979912,1337.063212076823,1.0177260518909141,0,2.527147682512087,2.456388651456465,2,6,2,0,0,10332108.857142856,0.8457622853981878,1
2022-06-02,1339.099609375,1344.2943706627866,1310.3284820297667,1317.787679252321,7205840,1.9918238473288996,0.019722465723806128,1.0259216594150538,1300.4949951171875,1297.24369594029,1335.1965861002604,1.0296845542679953,1,2.399543467415216,2.513626942066369,3,6,2,0,0,10548205.0,0.6831342394274665,1
2022-06-03,1351.26513671875,1380.835483354974,1347.9795908249841,1354.1067924628962,9395707,0.9084856166471367,0.009043837108340539,1.0243741765480896,1316.4828229631696,1300.3012433733259,1332.8245646158855,1.0264206362201458,1,2.023026046462946,2.499154134126217,4,6,2,0,1,10514721.42857143,0.8935764074994175,1
2022-06-06,1358.6800537109375,1364.496369880414,1325.779716646575,1346.2036506605543,6624883,0.5487388663184989,0.005472387798044974,1.0292029307340504,1331.8353271484375,1302.0463169642858,1331.6765258789062,1.0201561904953946,1,2.0390419910598174,2.4527027717822394,0,6,2,1,0,9598266.857142856,0.6902165879113772,0
2022-06-07,1337.9453125,1349.6224971381034,1334.3045457286844,1349.6224971381034,4904592,-1.5260944734049153,-0.015378591418880845,1.01148010134452,1339.5309884207588,1302.890904017857,1330.5505330403646,0.9988162454363013,1,2.1561261691694558,2.486764878147335,1,6,2,0,0,9115371.42857143,0.538057284712166,0
2022-06-08,1331.9957275390625,1349.9332266440192,1324.891750325521,1349.9332266440192,4697608,-0.44468072837898776,-0.004456723739932137,1.0189007715629188,1338.160923549107,1308.4602748325892,1328.6433471679688,0.9953927843045266,1,1.3266646337888774,1.9281480285942687,2,6,2,0,0,8228713.571428572,0.5708799995555632,1
2022-06-09,1345.3155517578125,1347.0471026731207,1315.5676501182832,1318.675639841816,4361061,0.9999900107306781,0.00995023194950654,1.0239284179357915,1339.6070556640625,1313.2236938476562,1328.0061279296874,1.0042613213103153,1,1.37246106825586,1.8867785549460474,3,6,2,0,0,6561171.285714285,0.6646772062627582,0
2022-06-10,1311.394287109375,1326.6233521245908,1308.5526310764772,1319.6525958969517,6516436,-2.521435554960727,-0.025537684001000715,1.0138097013593161,1339.3850969587054,1314.7325352260045,1325.3653686523437,0.9791017460826702,1,1.5799725210599456,2.030079432048364,4,6,2,0,1,6243732.428571428,1.04367637059216,0
2022-06-13,1264.951904296875,1281.9126277011962,1253.5854977400272,1281.9126277011962,6987685,-3.5414507497108283,-0.03605681137028556,1.0225968870988356,1328.7925676618304,1314.6437813895088,1321.6173380533853,0.9519558846740912,1,1.7846690623929977,2.1994392326730647,0,6,2,1,0,6212567.428571428,1.1247660617515114,1
2022-06-14,1279.204345703125,1286.6191002718645,1245.9932304081092,1252.0759892436106,6090247,1.1267180481594918,0.011204178597638758,1.0326052091394178,1318.4981689453125,1317.4904959542412,1319.1220336914062,0.9701980448910147,1,1.8209571247875675,2.1269337758177813,1,6,2,0,0,5740358.857142857,1.0609523117917565,0
2022-06-15,1262.909423828125,1284.3990185434857,1259.9346552426048,1278.8933715213977,4651958,-1.2738325920901516,-0.012820154039407694,1.0194171683420916,1304.816650390625,1318.3259887695312,1316.2431925455728,0.9678826702970458,0,1.7297445790624342,2.1530727196217803,2,6,2,0,0,5458512.428571428,0.8522391513941253,0
2022-06-16,1240.7095947265625,1282.0459060881565,1236.0920528309707,1276.9399223929138,6641772,-1.7578322469295138,-0.017734655942331742,1.037176724137931,1290.9258335658483,1315.2284109933037,1311.1715942382812,0.9611006011859129,0,1.743081104182871,2.0727865498513216,3,6,2,0,0,5706681.0,1.1638589926438854,0
2022-06-17,1231.91845703125,1240.487542584052,1214.0252932515164,1235.2484462558373,9692047,-0.7085572427808939,-0.007110794307710574,1.0217971153316436,1276.6290806361608,1307.3950020926338,1307.0459106445312,0.9649775927220529,0,1.7303901783116646,1.569856152867154,4,6,2,0,1,6420172.285714285,1.5096241298019462,1
2022-06-20,1255.7611083984375,1263.0426411881947,1227.2119802322318,1234.360400176754,4595194,1.9354082432245567,0.01916917418971118,1.0291967985426467,1263.8355887276787,1301.7213221958705,1302.9095174153647,0.9936111307505038,0,1.9424185023901517,1.7100363560270848,0,6,2,1,0,6453619.857142857,0.7120335721221704,1
2022-06-21,1287.507080078125,1292.9238409740165,1263.3979359517734,1264.507932381181,6270787,2.5280263473181908,0.024966002994523145,1.023370233702337,1260.423130580357,1299.9041137695312,1300.3394897460937,1.0214879819646734,0,2.1891405333621337,1.83818413074595,1,6,2,0,0,6418527.142857143,0.97698223602255,0
2022-06-22,1276.273681640625,1296.1203928082316,1274.2756884009718,1275.2081286053715,6253366,-0.8724921681066311,-0.008763206661879134,1.0171428401295732,1262.04052734375,1295.41654750279,1298.1638793945312,1.0112778900427484,0,1.6953687792127439,1.741440931848299,2,6,2,0,0,6313624.428571428,0.9904558104060265,1
2022-06-23,1289.7713623046875,1294.6997896368189,1272.4998618309749,1278.5382855533985,6254281,1.0575851291324545,0.010520318172918545,1.0174459176552688,1263.5501011439733,1291.024135044643,1296.9639404296875,1.0207520549735023,0,1.6888491339970402,1.7500225404482619,3,6,2,0,0,6337057.857142857,0.986937651665977,0
2022-06-24,1279.6925048828125,1303.1356482758742,1268.8589844199196,1294.699676447172,6114340,-0.7814452790969928,-0.007845145630239515,1.0270137692815604,1265.9476841517858,1285.3821672712054,1295.5569091796874,1.010857337078851,0,1.629870050374317,1.7354024847967373,4,6,2,0,1,6545969.571428572,0.934061781571286,1
2022-06-27,1309.440673828125,1317.787869343207,1301.0491434910748,1303.6243570986562,4511097,2.32463414701618,0.022980260982236,1.0128655600258245,1275.7664097377233,1283.3461216517858,1295.5896158854166,1.026395321144507,0,1.5404588191353183,1.8469630983144032,0,6,2,1,0,6241587.428571428,0.7227483475357643,1
2022-06-28,1314.369140625,1321.5618966121417,1290.2599938030853,1304.4679496880472,4412178,0.3763795409277071,0.0037567300541537147,1.0242601514108742,1287.5450788225446,1282.0870797293526,1294.926953125,1.0208334933228014,1,1.4147940203820966,1.849503388647393,1,6,2,0,0,5487320.428571428,0.8040678610686981,0
2022-06-29,1299.36181640625,1311.5717770934775,1293.8118342756918,1300.649368901304,5060038,-1.141789148489425,-0.011483576072857393,1.0137268359643101,1293.7737513950892,1278.8046700613838,1294.0349772135417,1.0043191980090298,1,1.5269610538154477,1.8419378182327562,2,6,2,0,0,5553726.714285715,0.9111067685387163,0
2022-06-30,1298.162841796875,1316.0115598972436,1292.035640789804,1300.960054039024,9165177,-0.0922741144334327,-0.0009231671320151177,1.018556701030928,1295.2960030691963,1277.8595668247767,1295.5062540690103,1.0022132691839438,1,1.240960029323109,1.7200804478912601,3,6,2,0,0,5967211.0,1.5359230635551517,1
2022-07-01,1313.702880859375,1318.6756427483724,1280.8025462113708,1291.147733707834,4651635,1.197079331048334,0.011899710083670412,1.0295698167129903,1300.643031529018,1281.3417794363838,1296.6754272460937,1.0100410712345909,1,1.210026303383248,1.4225058871886669,4,7,3,0,1,5738392.285714285,0.8106164180480019,1
2022-07-04,1321.33984375,1325.1138318789901,1298.2519163726479,1314.4578653971353,4800224,0.5813310606146427,0.005796478517978201,1.020690834473324,1305.1528145926338,1284.3514578683037,1297.7110717773437,1.0124024014478477,1,1.1812504222014295,1.4048880427428279,0,7,3,1,0,5530669.857142857,0.8679281396267964,0
2022-07-05,1310.639404296875,1340.8313086434368,1307.1318587687915,1330.9302267306132,7379669,-0.8098173610474713,-0.00813114192779579,1.0257812168287195,1309.5738002232142,1287.7607421875,1299.1925699869792,1.0008137029570072,1,1.185827492957168,1.3714807645781113,1,7,3,0,0,5711431.142857143,1.2920875373292728,1
2022-07-06,1324.5809326171875,1331.9956869281368,1305.3557731895742,1316.1892947506883,5209162,1.0637196069800625,0.010581019125324337,1.0204081632653061,1311.7366943359375,1293.7515520368304,1302.0335896809895,1.0097917808785186,1,0.8958235720853799,1.2520456791651615,2,7,3,0,0,5811154.714285715,0.8964073847826113,1
2022-07-07,1330.8411865234375,1344.3831420553722,1328.1771952712536,1334.7040605575694,3323472,0.47262147235356267,0.004715081236448157,1.0122016451131801,1314.08984375,1300.8174612862724,1304.6878784179687,1.0127474866753665,1,0.900285688749334,1.2050300597816668,3,7,3,0,0,5655625.285714285,0.5876400631411806,1
2022-07-08,1344.8271484375,1347.0471411605954,1331.9511906435466,1345.315590195814,3652582,1.0509114126981745,0.010454277243903723,1.0113337114926524,1320.5848911830358,1307.1793212890625,1306.7129272460938,1.0183572123354727,1,0.7281011453733996,1.1492640242800882,4,7,3,0,1,5454560.142857143,0.6696382300932423,0
2022-07-11,1308.1529541015625,1331.9068766093092,1302.1589736556825,1327.555669124535,4702638,-2.7270563639756773,-0.02764930703740665,1.0228450623583327,1322.0120500837054,1308.6540265764509,1305.598486328125,0.9895166644046358,1,1.4273952501184983,1.2849650944953162,0,7,3,1,0,4817054.571428572,0.9762476073849751,0
2022-07-12,1277.4725341796875,1304.1124456740424,1275.1637635297923,1298.0741307741685,4710356,-2.3453235973423525,-0.02373264038392777,1.022701932859288,1316.8362862723213,1308.7396589006696,1303.6744832356771,0.9701073303469909,1,1.5988775909909922,1.425230684532788,1,7,3,0,0,4825443.285714285,0.9761499039777338,1
2022-07-13,1282.6673583984375,1296.475756562151,1277.4725970808702,1287.5957856267937,5264025,0.4066486033757144,0.004058240226174451,1.0148755906973697,1311.3116455078125,1308.2322300502233,1302.665128580729,0.9781560034126882,1,1.5825128204518395,1.3990202994143366,2,7,3,0,0,4891700.571428572,1.0761134953243254,0
2022-07-14,1268.8145751953125,1290.215282622801,1255.627840557895,1288.4837317181796,6157606,-1.0799981080380716,-0.010858724208694045,1.0275459343506896,1305.336669921875,1307.4552350725446,1300.3222941080728,0.9720209386833909,0,1.5970433046805295,1.413550463252111,3,7,3,0,0,4717120.142857143,1.3053740022551896,1
2022-07-15,1270.1466064453125,1284.043782478867,1252.6531072631665,1284.043782478867,5620018,0.10498234147373608,0.0010492727355132256,1.025059352053406,1297.560337611607,1304.6485159737724,1297.6183430989583,0.9788728659687961,0,1.4824703019965375,1.2403958995359288,4,7,3,0,1,4775813.857142857,1.1767665508140617,1
2022-07-18,1323.0269775390625,1326.3125236399783,1285.8643184329112,1287.5958695188904,5835171,4.163328140657985,0.040789944156964374,1.0314560444887073,1296.4440220424108,1305.2669328962054,1296.4299072265626,1.0205045146914813,0,2.334233940231725,1.7043105271192458,0,7,3,1,0,5134628.0,1.13643500561287,0
2022-07-19,1317.9210205078125,1320.3185695057068,1305.4446169198009,1306.7322778541525,3418540,-0.3859299256880999,-0.0038667655682688594,1.0113937829250859,1292.6002894810267,1306.5925903320312,1295.762430826823,1.01958898758792,0,2.2827758217826117,1.6750210847058191,1,7,3,0,0,5101193.428571428,0.6701451430665217,1
2022-07-20,1345.5821533203125,1354.9061235932559,1331.9957532776436,1333.1057497387085,5079392,2.0988460144479415,0.020771236615696277,1.0172000325520834,1297.9473179408483,1309.9796840122767,1296.215311686198,1.0367001300600054,0,2.1399728656977253,1.754704821102011,2,7,3,0,0,5155015.428571428,0.9853301256573765,1
2022-07-21,1361.210693359375,1363.4750207876066,1334.7483380319422,1347.0915186497457,5008061,1.1614705204359366,0.011547772288048982,1.021522171586309,1309.909912109375,1313.3730991908483,1296.7451497395834,1.0391635949737865,0,1.7606944259284114,1.7532841239633048,3,7,3,0,0,5197544.714285715,0.9635436105503992,0
2022-07-22,1337.5899658203125,1367.515422286442,1325.0247862021565,1362.1874401216894,7020642,-1.7352734337377385,-0.01750505775577432,1.0320678047133547,1317.7559988839287,1314.5338221958705,1297.618339029948,1.0150513197839222,1,2.0310002585838562,1.829142275491191,4,7,3,0,1,5448490.0,1.2885482032636566,0
2022-07-25,1335.192626953125,1347.225032901467,1314.3246918354944,1314.3246918354944,7859626,-0.17922823349809658,-0.0017938903946503161,1.0250321258288364,1327.2385777064733,1316.2876238141741,1299.959696451823,1.005992931022542,1,1.931573985208769,1.812630299386621,0,7,3,1,0,5691635.714285715,1.380908124578799,0
2022-07-26,1288.6170654296875,1329.0209351127858,1283.1558613643324,1329.0209351127858,7268273,-3.488302779930841,-0.03550597027331858,1.0357439615322233,1329.8772147042412,1313.7187761579241,1300.2734537760416,0.9689744671024161,1,2.518799880403676,2.030834970908028,1,7,3,0,0,5927100.714285715,1.2262779646179696,1
2022-07-27,1306.2884521484375,1308.0200034985107,1283.1560794673103,1288.4840631882817,4517285,1.3713450793744864,0.013620272326515121,1.0193771626297579,1327.4859967912946,1311.9650094168526,1301.7194213867188,0.9840318129953203,1,1.9495294691440297,2.0668445418495405,2,7,3,0,0,5738831.285714285,0.7871437188343401,1
2022-07-28,1347.4468994140625,1353.7072142935083,1322.9825345301238,1328.7989592318934,6636841,3.150793165011301,0.03102174293258024,1.0232237984716077,1331.7039794921875,1312.152134486607,1305.2773315429688,1.011821636162624,1,2.3081321433974655,2.2277475391275154,3,7,3,0,0,6198588.571428572,1.0707019708634131,1
2022-07-29,1376.129150390625,1381.457133330871,1356.859655449305,1361.122085160738,7009465,2.1286368308120363,0.02106297812041791,1.01812824029573,1336.067836216518,1317.007577078683,1310.084354654948,1.0299844911225113,1,2.311940114200019,2.1406174184752023,4,7,3,0,1,6474313.285714285,1.082657679767604,1
2022-08-01,1377.3280029296875,1388.8275224964943,1365.6508188965988,1388.8275224964943,2983249,0.08711773445988502,0.0008707980898654168,1.016971178341636,1338.3703090122767,1324.1401105608259,1314.1365844726563,1.029108307062013,1,2.2841367738536293,1.9958968535293313,0,8,3,1,0,6185054.428571428,0.4823318912472442,0
2022-08-02,1370.7122802734375,1373.7314920454614,1357.1703247119033,1373.3319367159932,4374635,-0.4803302221531691,-0.00481487515137231,1.0122027184296662,1343.1020682198662,1330.4290335518974,1316.9100911458333,1.0205570467851082,1,2.1532743266192265,2.0150381577029712,1,8,3,0,0,5807053.428571428,0.7533312813132129,1
2022-08-03,1390.692138671875,1394.1553487975477,1367.4266596498978,1375.5074110110838,6011955,1.4576259865747954,0.014471047360783399,1.0195467076490181,1351.0305698939733,1339.1345738002233,1320.7240397135417,1.029356529498081,1,2.172481294871393,1.9763123002458198,2,8,3,0,0,5543100.428571428,1.0845834524324873,1
2022-08-04,1420.7066650390625,1424.214210429917,1398.5510710597634,1409.6954786756162,7402209,2.1582437645654373,0.021352834560287217,1.0183498049525694,1369.9005126953125,1349.8888636997767,1325.0885498046875,1.0370874759684465,1,1.253913544396105,2.006681168165093,3,8,3,0,0,5562234.142857143,1.3307978071195903,1
2022-08-05,1435.58056640625,1443.6168753071975,1422.8378294078434,1428.2545901627868,5361971,1.046936833141321,0.01041494402396235,1.0146039453477294,1388.370814732143,1357.9284057617188,1330.2848185221353,1.0340037050427449,1,1.26157305712827,1.7659290352372998,4,8,3,0,1,5682903.571428572,0.9435266554509044,1
2022-08-08,1438.0225830078125,1440.3313538806547,1417.2434283560572,1435.8913682028474,3763409,0.1701065519210676,0.0016996203459178798,1.0162907268170427,1401.3101981026787,1366.507088797433,1334.5708821614583,1.026198613950602,1,1.0419381078330023,1.7482271349842997,0,8,3,1,0,5272413.285714285,0.7137924885738824,0
2022-08-10,1422.9708251953125,1439.6207698334588,1410.2280892451997,1439.6207698334588,4423829,-1.0466982918319157,-0.01052214705639854,1.020842501161632,1408.0018659319196,1372.0348510742188,1338.190938313802,1.0106313490241614,1,1.1252369169537417,1.7483277887644464,2,8,3,0,0,4903036.714285715,0.9022630785346818,1
2022-08-11,1438.5108642578125,1448.6340529159374,1435.0033190587033,1447.4352785059941,3462090,1.0920841655602587,0.010861639896402953,1.0094987472685257,1416.7422746930804,1377.5562918526787,1342.829239908854,1.0153652431734261,1,1.130153643355782,1.7461442507370177,3,8,3,0,0,4971442.571428572,0.6963954526794723,0
2022-08-12,1415.5562744140625,1433.2274398690179,1412.0487289334715,1432.6058852060069,3562286,-1.5957189072460132,-0.016085875836104657,1.0149985694555619,1423.1485595703125,1383.1253138950892,1346.7423543294271,0.9946651492529056,1,1.366437792451948,1.733309733446879,4,8,3,0,1,4855392.714285715,0.7336761843215919,1
2022-08-16,1417.6431884765625,1428.7875974968263,1412.8924247947114,1428.7875974968263,3004430,0.14742713519910744,0.0014731856808996252,1.011250094078765,1426.9987095424108,1389.014639718192,1350.20703125,0.993443917641069,1,1.2963765173701782,1.7268169648029568,1,8,3,0,0,4425746.285714285,0.6788527416715903,1
2022-08-17,1426.34521484375,1431.4511977140078,1407.4752781493191,1417.6428006795595,4067324,0.6138375606727253,0.00611961252326954,1.0170347003154574,1427.8042166573662,1398.8523646763392,1353.7072102864583,0.9989781499475945,1,1.0272878662455653,1.3049708525747237,2,8,3,0,0,3949334.1428571427,1.029875886130389,0
2022-08-18,1405.655029296875,1419.1969856808453,1397.7074982537147,1415.5562190867397,4635706,-1.4505734889110666,-0.01461197167479814,1.015374810147316,1423.5291399274554,1405.9499773297991,1356.8743977864583,0.9874438041840918,1,1.0609996242643298,1.4127422701559325,3,8,3,0,0,3845582.0,1.2054627882073508,1
2022-08-19,1418.2200927734375,1425.1465132491517,1407.5641279788495,1407.7417924309402,4739884,0.8938938227857962,0.00889922242215791,1.012491356465264,1420.7002127511162,1411.0052054268974,1359.995703125,0.9982542974545798,1,1.1458305011369854,1.2046430411429514,4,8,3,0,1,3985078.4285714286,1.189407958954312,0
2022-08-22,1399.1729736328125,1419.9076890001918,1397.7077564016897,1408.3637240489707,3950555,-1.3430298468961155,-0.013521300636790084,1.0158831003811943,1417.3005196707588,1412.6511928013392,1362.2734293619792,0.9872098078097387,1,1.187380389654589,1.1723429060227002,0,8,3,1,0,3917467.8571428573,1.0084460534364854,0
2022-08-23,1369.646728515625,1380.3914715875098,1361.2995342191398,1374.619490522654,5551574,-2.110264111271787,-0.021328484759783366,1.0140247879973907,1407.4627859933037,1412.102530343192,1363.1007486979167,0.9731317532129347,0,1.2077778074793055,1.3160959426155512,1,8,3,0,0,4215965.571428572,1.3167977550914534,0
2022-08-24,1365.2955322265625,1372.8435075266768,1359.5235511147102,1363.0755394912346,2888426,-0.3176874882020231,-0.0031819318621305417,1.0097975179621164,1400.282679966518,1411.715619768415,1365.0055013020833,0.9750142251700264,0,1.143283564511701,1.3125460567994767,2,8,3,0,0,4119699.8571428573,0.701125348972198,0
2022-08-25,1348.1129150390625,1375.2411633369209,1344.205705841227,1374.6196086818957,4331088,-1.258527313824731,-0.012665138480516355,1.0230883244735756,1390.3497837611608,1408.6742466517858,1367.3601806640625,0.9696214080690979,0,1.1320871045763536,1.2775646911553011,3,8,3,0,0,4309222.428571428,1.0050741338584883,1
2022-08-26,1351.132080078125,1371.911126256518,1347.4912051170422,1363.2088193983936,3079136,0.2239549080334191,0.0022370450282274018,1.0181225087382701,1379.6050502232142,1403.70463344029,1369.6423380533854,0.9793615062945135,0,1.0636004720564272,1.0924266929790674,4,8,3,0,1,4168052.714285714,0.7387468947900954,0
2022-08-29,1298.0296630859375,1304.0680862700244,1287.595697947398,1304.0680862700244,8079050,-3.930216577280665,-0.04009534793851447,1.012793137122845,1364.2299979073662,1393.8795689174108,1370.6161743164062,0.9514742126159259,0,1.6048136100678583,1.3752447658591591,0,8,3,1,0,4659959.0,1.7337169704711994,1
2022-08-30,1325.735107421875,1328.532319714009,1301.8036310962184,1308.10838825752,6725875,2.1344230508623774,0.021119632711367842,1.0205320433737637,1351.017857142857,1385.8590349469866,1372.4691243489583,0.9812861468948676,0,1.9047695337737198,1.5595709186867968,1,8,3,0,0,4943672.0,1.3605018698651528,0
2022-09-01,1300.2054443359375,1303.6686550621423,1288.5283679870784,1296.520342709969,8140604,-1.9256986514888608,-0.01944481756290432,1.0117500611171766,1336.879638671875,1377.090079171317,1371.708406575521,0.9725673177486857,0,1.937610055889486,1.5975707428926496,3,9,3,0,0,5542250.428571428,1.4688264460287703,0
2022-09-02,1290.2598876953125,1312.459816939898,1285.8199018463954,1312.459816939898,5175653,-0.7649219347565905,-0.007678624673715736,1.0207182320441988,1325.5386614118304,1366.500723702567,1370.7863688151042,0.9733853302483516,0,1.8779750086922335,1.5186966363827041,4,9,3,0,1,5488547.428571428,0.9429913956937658,1
2022-09-05,1297.6302490234375,1302.6917893036236,1284.3546268952266,1288.4838352280558,3669352,0.5712307573391362,0.005696054211245922,1.014277335888706,1315.8721923828125,1358.077436174665,1369.1879720052084,0.9861369945614992,0,1.9474823327308706,1.5376155396080518,0,9,3,1,0,5600108.285714285,0.65522875858676,0
2022-09-06,1292.12451171875,1305.355689709022,1283.5553183345817,1297.6301585781393,3428442,-0.4242916893183568,-0.004251943607178039,1.0169843644937147,1307.8738490513392,1349.11181640625,1366.885099283854,0.9879580608297865,0,1.933590144008502,1.5235280983859851,1,9,3,0,0,5471158.857142857,0.6266390886318365,1
2022-09-07,1294.3890380859375,1301.5817931585523,1276.984316019413,1278.7158670634933,3600574,0.17525604898365188,0.0017510265476573855,1.0192621607255241,1299.7677001953125,1339.6863752092634,1365.445068359375,0.9958618281493171,0,1.9302669061336897,1.4998865294345292,2,9,3,0,0,5545650.0,0.6492609522779115,1
2022-09-08,1310.594970703125,1315.212512366536,1299.6725627710948,1309.7957516157421,4061475,1.2520140498989196,0.012442411651570439,1.0119568190024013,1301.562744140625,1332.8963710239955,1364.625146484375,1.0069395245086425,0,1.341995704999993,1.5656222159466604,3,9,3,0,0,4971710.714285715,0.8169169996817709,1
2022-09-09,1342.341064453125,1349.7558198099607,1314.2359298149615,1321.3399078139614,4816910,2.4222657998579367,0.0239339424325224,1.0270270270270272,1303.935023716518,1327.4764404296875,1366.415946451823,1.0294539528719315,0,1.4154955784406684,1.7154644314708338,4,9,3,0,1,4699001.428571428,1.0250922612433464,1
2022-09-12,1364.14111328125,1372.7547502634757,1350.7768218512558,1354.9060300810474,5494819,1.6240320292224997,0.016109856906821002,1.0162705844938165,1313.0686907087054,1324.97416469029,1368.3443684895833,1.038895469013871,0,1.142106108968728,1.7695316353094277,0,9,3,1,0,4321032.142857143,1.271645018675267,1
2022-09-13,1371.9110107421875,1379.0594304149024,1368.669908200499,1378.0826553311847,4947158,0.5695816499693418,0.005679656670139327,1.0075909626946231,1324.7331368582588,1325.1358991350446,1369.1598388671875,1.0356131152541528,0,0.9539367050488855,1.6860466506324954,1,9,3,0,0,4288390.0,1.153616625353571,0
2022-09-14,1310.151123046875,1331.0633925865702,1307.1319108123898,1329.331841362872,14332197,-4.5017415278197355,-0.04606217456108311,1.018308390741763,1326.5218331473213,1321.197012765067,1366.9605712890625,0.9876589214806929,1,2.2618189787016516,2.0769826880764057,2,9,3,0,0,5811653.571428572,2.4661134432479566,0
2022-09-15,1272.322509765625,1309.973506642642,1268.9925200608343,1309.7959505509607,12784100,-2.8873473155734963,-0.029298513470013002,1.0322941120092994,1323.6929757254463,1315.783412388393,1363.4603881835938,0.9611915550645965,1,2.5420197627671506,2.1794796548862747,3,9,3,0,0,7148176.142857143,1.7884422186174844,0
2022-09-16,1222.8162841796875,1265.3956959944485,1215.0906454179326,1265.3956959944485,20464045,-3.891012318492826,-0.0396873501237047,1.0414002451308588,1313.468296595982,1306.6179983956474,1358.5305216471354,0.9309827175492316,1,2.885442543529975,2.3602721855015347,4,9,3,0,1,9557243.42857143,2.141207886242871,1
2022-09-19,1234.58251953125,1248.5240318620802,1225.9688818685945,1236.092071374122,6595241,0.9622242935254821,0.009576243995616478,1.018397816067817,1302.609375,1302.0860595703125,1353.3268676757812,0.9477764733047849,1,2.853445187205398,2.199374388525906,0,9,3,1,0,9919210.0,0.6648957931125563,0
2022-09-20,1233.0286865234375,1255.2286188838889,1229.9650308188309,1250.2557473166619,7219797,-0.1258589833592061,-0.0012593825229603305,1.0205400864512701,1286.9933210100446,1295.4641723632812,1347.0709350585937,0.9580692194701872,0,2.5140453875320197,2.0841329542330005,1,9,3,0,0,10262479.57142857,0.7035138973723658,0
2022-09-21,1222.9940185546875,1233.250428524418,1215.1352658184694,1225.3472325735095,7917054,-0.8138227503078688,-0.008171523647302994,1.014907939235676,1266.8294503348213,1289.9490705217634,1339.984716796875,0.9653975270557942,0,2.2117826974806305,2.0463032891587596,2,9,3,0,0,10608513.142857144,0.7462925193556139,0
2022-09-22,1214.7357177734375,1228.9436728727633,1207.676183442698,1213.3149439431238,9168498,-0.6752527531581509,-0.006775428999029463,1.0176102582146138,1244.3758370535713,1284.554486955915,1332.5418212890625,0.9761807338285228,0,2.0599638178669237,2.0452692433746367,3,9,3,0,0,11211561.714285715,0.8177717104582805,0
2022-09-23,1212.515625,1238.5784272088517,1209.4520782930736,1214.3360624565184,10426200,-0.18276343907189796,-0.0018293065521624943,1.0240822678620594,1230.4279087611608,1278.4748709542412,1325.5266479492188,0.9854422322237509,0,1.6974809681769407,2.027286237144268,4,9,3,0,1,10653562.142857144,0.97865858012481,1
2022-09-26,1225.6580810546875,1242.7075831808704,1203.2361527470398,1207.6761385505345,9414587,1.0838999336348687,0.010780678431406744,1.0328043920087637,1223.7615618024554,1273.7272687639509,1318.4315551757813,1.001549745727786,0,1.6589513663000737,2.069200158083083,0,9,3,1,0,10172203.142857144,0.9255209385599876,1
2022-09-27,1237.468505859375,1248.9680259096867,1223.6601064369345,1237.3796194234526,8561254,0.9635986566926213,0.009589856550435674,1.0206821480406385,1225.854736328125,1269.6615164620537,1312.4952962239583,1.0094740177502903,0,0.8151580573478067,2.095340735460624,1,9,3,0,0,8471804.42857143,1.0105585028765418,1
2022-09-28,1238.489501953125,1248.3906912173352,1222.7719967699986,1224.5479909555759,7022098,0.08250683463180142,0.0008247281645325887,1.02095132577047,1226.412876674107,1264.5111258370537,1306.523506673177,1.0098471122643202,0,0.7373273871772333,2.051560822211316,2,9,3,0,0,8532784.0,0.8229550871087327,1
2022-09-29,1241.9971923828125,1251.9427167580907,1236.9799869799815,1247.547174377518,6119965,0.28322326706491374,0.00282822945660655,1.012096177735777,1227.694091796875,1257.34370640346,1300.378572591146,1.01165037828357,0,0.7375113307849522,1.9006251852094258,3,9,3,0,0,8375665.142857143,0.7306840585931461,1
2022-09-30,1255.139404296875,1260.3342738295787,1221.8839576743449,1233.3834762714234,8120130,1.0581514994288055,0.010525922588544958,1.0314680587413698,1232.2862897600446,1249.557870047433,1295.3613850911458,1.0185452964353603,0,0.6860235957260562,1.8566556862454717,4,9,3,0,1,8404676.0,0.9661443225176081,0
2022-10-03,1237.64599609375,1253.8519436659194,1230.7640183576234,1253.8519436659194,4943169,-1.3937422523137788,-0.014035460392508607,1.0187590187590188,1235.5591866629463,1239.9675118582588,1289.3422485351562,1.0016889595037854,0,0.8919130325636665,1.8374575099402237,0,10,4,1,0,7801057.571428572,0.6336537007628801,1
2022-10-04,1269.3031005859375,1271.8338706895042,1255.6279233059583,1260.689463513092,6631341,2.557848091627446,0.025256825018234196,1.012906647807638,1243.6716831752233,1237.049795968192,1285.013252766927,1.0206094725460617,1,1.2059226989700258,1.6809270785100772,1,10,4,0,0,7258934.857142857,0.91354188052462,1
2022-10-06,1292.1690673828125,1296.2982757871803,1282.3566555701389,1283.1558746803535,6180672,1.8014583582376398,0.01785424374514558,1.0108718741829612,1253.1732526506696,1238.4674072265625,1282.4306640625,1.031117656437097,1,1.276192432123719,1.5705172651815849,3,10,4,0,0,6796947.0,0.9093306156425819,0
2022-10-07,1288.661376953125,1294.5665794796807,1278.8490738177404,1284.3546126015165,3994466,-0.2714575451641221,-0.0027182665930170135,1.0122903523048414,1260.4865199497767,1243.1706281389509,1279.8761922200522,1.0223523667706267,1,1.3284205146628059,1.0805372476886643,4,10,4,0,1,6144548.714285715,0.6500828922900557,1
2022-10-10,1298.8291015625,1300.915873263201,1266.5947604561948,1266.5947604561948,5274677,0.7890144603709182,0.007859180181974375,1.0270971536268196,1269.1064627511162,1247.7596697126116,1278.2333984375,1.0234201303702704,1,1.3103040953132716,1.0743406623086051,0,10,4,1,0,5894917.142857143,0.8947839082677038,0
2022-10-11,1264.3302001953125,1313.9248120732866,1261.0445461830916,1298.8288627361512,12824774,-2.656154017929313,-0.02692067155510942,1.0419337017476917,1272.2968924386162,1249.9954921177455,1275.3400024414063,0.9937383386765696,1,1.830016433326986,1.3430944605446784,1,10,4,0,0,6852747.0,1.8714792768505828,1
2022-10-12,1268.681396484375,1279.6925820570834,1255.2283273173289,1276.0518156752744,5481467,0.34415030886634224,0.0034355946689247005,1.0194898841966382,1274.2314627511162,1253.2588762555804,1274.361726888021,0.9956443813946029,1,1.7983442527515499,1.3119744179848505,2,10,4,0,0,6475795.142857143,0.8464546637251342,0
2022-10-13,1260.8670654296875,1276.8953475559135,1256.5158580930706,1270.7238112587875,4821514,-0.6159411713880014,-0.0061784591444670215,1.016219046764576,1277.5487583705358,1256.5539725167412,1272.1994588216146,0.9869424217028514,1,1.7075536754975205,1.308778029582556,3,10,4,0,0,6458415.857142857,0.7465474671575256,1
2022-10-14,1309.129638671875,1326.6675802447219,1302.913659380233,1318.6756068697537,14990688,3.8277289149225346,0.03756288697741399,1.018231385244505,1283.2382638113838,1263.4549734933037,1272.496931966146,1.0201765919787884,1,2.0275549906036456,1.6061116449482533,4,10,4,0,1,7652608.285714285,1.9588991674883287,1
2022-10-17,1323.0714111328125,1327.5558404413687,1310.239894696481,1311.4831124808618,4286396,1.0649650003403455,0.010593341902397944,1.013215859030837,1287.6528843470983,1270.4130684988838,1273.5906494140625,1.0275062691322072,1,1.9644594669142292,1.6056453663415469,0,10,4,1,0,7381997.428571428,0.5806553092811776,1
2022-10-18,1335.281005859375,1341.7189839180535,1329.5534687388124,1340.8754301523504,4692004,0.9228220505580031,0.009185900637539062,1.0091500759204375,1294.3128313337054,1277.3996756417412,1274.8456746419272,1.03165245181372,1,1.952850071060915,1.604893086903807,1,10,4,0,0,7481645.714285715,0.6271352826879952,0
2022-10-19,1319.0751953125,1336.391138059882,1315.3900942154946,1335.5475842083438,3553171,-1.2136629275607103,-0.012210879537531756,1.01596563934664,1297.2051304408483,1283.155796595982,1275.7440307617187,1.016859372784179,1,2.051947580886127,1.6704059543604455,2,10,4,0,0,7235716.285714285,0.49106002221440653,1
2022-10-20,1332.794921875,1335.5476913144482,1309.085333326775,1309.7957743941563,4583939,1.040101929841053,0.010347300860455062,1.0202143873390013,1306.985804966518,1289.641348702567,1277.0242268880208,1.0197470521947585,1,1.610903648651236,1.6763367340865027,3,10,4,0,0,6058454.142857143,0.7566185848587166,0
2022-10-21,1332.4398193359375,1337.323804011944,1324.314623149871,1332.2622632524126,3594485,-0.026643449283469955,-0.00026646999280993753,1.0098233309778992,1316.0941510881696,1295.162806919643,1277.7523885091146,1.0124198319962543,1,1.6330755053416128,1.6745306769681065,4,10,4,0,1,5788885.285714285,0.620928697424772,1
2022-10-24,1347.8463134765625,1351.3539668962553,1341.7635553058506,1348.4235332441654,982837,1.1562619126996188,0.01149628290375401,1.0071476166963103,1328.5197579520088,1303.0342581612724,1277.935896809896,1.0145474355265494,1,1.5263846109238368,1.5965063534995438,0,10,4,1,0,5240502.857142857,0.18754631507554345,1
2022-10-25,1355.3499755859375,1361.2107345868535,1350.6879909536958,1356.9483052781436,3914341,0.5567149632973001,0.005551710330886287,1.007790654617228,1335.1226632254463,1309.180463518415,1277.6428588867188,1.015150152804406,1,0.8599965334271145,1.496383082706942,1,10,4,0,0,3658167.5714285714,1.0700278004135795,1
2022-10-27,1368.05224609375,1377.8821439078786,1357.7736070831302,1374.201589434972,6760137,0.9371948748751135,0.00932830451286132,1.014809933496901,1341.5484967912946,1314.6006905691963,1277.5142333984375,1.0197560873616174,1,0.8472707540630313,1.4549240640130303,3,10,4,0,0,4011559.1428571427,1.6851644857428787,0
2022-10-28,1358.4471435546875,1371.6433151587364,1352.8365077395763,1369.892840617514,3053981,-0.702100564250252,-0.007045768879239765,1.0139017592381387,1344.857945033482,1319.5853881835938,1279.1241007486979,1.0101045605384493,1,0.9253123955897277,1.4750402794071071,4,10,4,0,1,3777555.8571428573,0.8084542268846473,1
2022-10-31,1380.350830078125,1388.20571875332,1373.707816596275,1373.707816596275,4542336,1.6124062410055595,0.015995450372947754,1.0105538470276507,1353.611607142857,1325.4083687918526,1282.7250447591146,1.0197539846689907,1,0.7865356373955416,1.5083227792673812,0,10,4,1,0,3918865.1428571427,1.1590947466715582,1
2022-11-01,1412.0849609375,1413.8803645750556,1388.8344619146062,1394.1758534859791,4542692,2.2989902398637962,0.022729616342708446,1.0180337566119448,1364.938755580357,1335.9622802734375,1289.0340006510417,1.0345408943547045,1,1.0036441813390153,1.2898766442630676,1,11,4,0,0,3912972.714285714,1.160931172204516,0
2022-11-02,1394.400146484375,1411.8604013679294,1386.949178263202,1411.1871250678016,2938906,-1.252390255709812,-0.01260298762092081,1.0179611650485438,1373.7902308872767,1344.9421909877233,1294.3612548828125,1.0150022289675091,1,1.2543044499386915,1.3992383633254626,2,11,4,0,0,3819318.5714285714,0.7694843844620002,0
2022-11-03,1374.1568603515625,1385.9616594777258,1365.9877968987141,1381.3384738631173,3174027,-1.4517558811113718,-0.01462396970802238,1.0146222847849442,1377.5488804408483,1353.0343191964287,1299.06552734375,0.9975376408507549,1,1.4532495856718741,1.4748566191310446,3,11,4,0,0,4132345.714285714,0.7680932863451475,0
2022-11-04,1359.120361328125,1364.9104934069014,1347.5849165055247,1364.9104934069014,4509682,-1.0942345417240484,-0.011002653221595063,1.0128567607793537,1378.0875069754463,1356.6050851004463,1303.6030721028646,0.9862366173763889,1,1.5336559613410594,1.217185293878231,4,11,4,0,1,4217394.428571428,1.0693052491008244,0
2022-11-07,1353.2403564453125,1371.598421588422,1338.5629558638961,1365.7633606565107,4898592,-0.4326331243442283,-0.004335716894528802,1.024679799765716,1375.9715227399554,1358.760009765625,1308.2198933919271,0.98347991515887,1,1.4882664815539985,1.2081847735396691,0,11,4,1,0,3951459.4285714286,1.2396918375474726,1
2022-11-09,1356.606689453125,1372.5858226539308,1347.5399247059643,1372.5858226539308,3334755,0.24876090871654988,0.0024845201093991165,1.0185863865617426,1375.7086007254463,1360.2832728794642,1313.022928873698,0.9861148565457478,1,1.472354798115624,1.189067450438794,2,11,4,0,0,3991570.0,0.8354494597363945,0
2022-11-10,1348.3031005859375,1357.3250470132657,1333.0870997451718,1333.0870997451718,3435763,-0.612085207285451,-0.006139661279428161,1.018181818181818,1371.1303536551338,1362.3709803989955,1317.1110961914062,0.9833515077480826,1,1.292918101249481,1.1473098100569386,3,11,4,0,0,3833488.1428571427,0.8962498048681289,1
2022-11-11,1409.4814453125,1412.5336530698069,1388.4303838615199,1388.4303838615199,7214098,4.537432621787785,0.04437502818305699,1.0173600848040005,1370.7584228515625,1367.84858921596,1322.8448608398437,1.0282493412518179,1,2.085064332607228,1.6315766134261,4,11,4,0,1,4215117.571428572,1.7114820352579216,1
2022-11-14,1423.1263427734375,1428.6023004339697,1407.9999836525628,1414.0146499212715,4908813,0.9680792539920491,0.009634233909614997,1.0146323274294091,1374.8621651785713,1374.3261980329241,1328.999422200521,1.0351047390911345,1,2.032461672655181,1.6326373970392998,0,11,4,1,0,4496532.857142857,1.091688453294014,1
2022-11-15,1430.9366455078125,1434.392775464041,1411.8604825736588,1416.4387397613082,3497614,0.548813025212791,0.005473125339537593,1.0159592914232634,1382.9735630580358,1380.261221749442,1335.2974039713542,1.034681127485706,1,1.8784113685735924,1.6214192792707012,1,11,4,0,0,4542759.571428572,0.7699315680270742,1
2022-11-16,1438.836181640625,1444.4018877790927,1430.4875128502076,1433.7641456371011,4497697,0.5520535208607402,0.00550535290477772,1.0097270160025102,1394.361537388393,1386.2245221819196,1341.4206298828126,1.0318960635815673,1,1.7287825144309836,1.6213939969210578,2,11,4,0,0,4541047.428571428,0.9904536499005328,0
2022-11-17,1425.011474609375,1438.8361005144955,1421.0166369279846,1433.8088841252084,3469515,-0.9608256455913122,-0.009654713572734544,1.012539940155123,1404.6145542689733,1390.2930385044642,1347.6661458333333,1.0145213647960647,1,1.8030139664401956,1.6556042759194005,3,11,4,0,0,4336893.571428572,0.8000000329399697,1
2022-11-18,1430.3978271484375,1434.5272328106976,1414.3289457404594,1428.8716685979427,3126064,0.37798660818075813,0.0037727403386014434,1.0142811805775944,1415.1561453683037,1395.432373046875,1353.0359700520833,1.0107703180529009,1,1.7976250061597898,1.6300670986862085,4,11,4,0,1,4307080.571428572,0.7257964990803847,0
2022-11-21,1407.775634765625,1425.4154934915452,1404.0502607137878,1420.2537091834579,3071764,-1.5815315119648066,-0.01594171165451492,1.0152168575268066,1423.6522216796875,1397.3912876674108,1356.889522298177,0.9888479878215407,1,1.9527739461817286,1.6676114385339351,0,11,4,1,0,4255080.714285715,0.7219049898835224,1
2022-11-22,1422.90234375,1425.550520341971,1402.2102725278075,1408.4941854008516,3399329,1.074511350446361,0.010687795002657749,1.0166453265044815,1425.5694928850446,1398.1639578683037,1361.3642211914062,0.9981290641050077,1,1.0106160055307705,1.5760147089912673,1,11,4,0,0,3710113.714285714,0.9162331027512596,0
2022-11-23,1421.196533203125,1429.141171694554,1417.7404034167669,1426.3583182139566,3245067,-0.11988247502491278,-0.0011995439154661978,1.0080415062237849,1425.2938058035713,1400.0779854910713,1365.443135579427,0.9971253136835627,1,0.9434434798522586,1.5315846996260456,2,11,4,0,0,3472435.714285714,0.9345218362573822,1
2022-11-24,1463.07421875,1468.639925244856,1422.6327148727294,1426.4479469523692,5282215,2.946649852324801,0.029040705453790613,1.0323394857233004,1429.8848876953125,1406.4292253766741,1372.0679361979167,1.0232111908729815,1,1.4705599081742766,1.6266297441526174,3,11,4,0,0,3727378.714285714,1.4171393370239393,1
2022-11-25,1468.3258056640625,1475.8215929330347,1448.7110454604212,1464.510573443889,4563255,0.35894193519103723,0.0035829927601657534,1.0187135644182221,1434.097691127232,1414.2296142578125,1378.7227498372397,1.023867352097838,1,1.4674422366410527,1.564953384955546,4,11,4,0,1,3736744.1428571427,1.221184760193643,0
2022-11-28,1457.328857421875,1484.34965474194,1454.276649943721,1461.4582630298628,3825766,-0.7489446960454393,-0.007517633691882857,1.020679012345679,1438.7144601004463,1421.66450718471,1385.2714762369792,1.0129382152175832,1,1.4390252392416236,1.5826436484409934,0,11,4,1,0,3787637.1428571427,1.0100666604811293,1
2022-11-29,1462.40087890625,1471.1085408527335,1449.8330561316118,1455.3538334700106,3131710,0.3480354800184049,0.0034743123811991085,1.0146744376058636,1443.2863246372767,1429.22123500279,1390.380517578125,1.01324377148365,1,1.4389021758389557,1.581449998074046,1,11,4,0,0,3788443.714285714,0.8266481532220581,1
2022-11-30,1467.697265625,1477.3924872568878,1448.1274354474258,1454.2317409044451,11868134,0.3621706465816166,0.003615163879081233,1.0202088925968176,1451.8465576171875,1437.7493896484375,1395.2013793945312,1.0109176193067035,1,1.1724547686711946,1.5474875742978582,2,11,4,0,0,5045068.0,2.3524230000467785,1
2022-12-01,1487.5814208984375,1501.49579683449,1483.272518616262,1486.7734674759286,5407928,1.3547858771113974,0.013456907078810856,1.0122858598062805,1461.08642578125,1443.3279593331474,1400.2780598958334,1.0181337631023575,1,1.1957912011656275,1.0952323098601076,3,12,4,0,0,5332010.714285715,1.0142380219737528,0
2022-12-02,1470.3455810546875,1491.8006727944214,1466.799593723397,1486.5939592971272,4283343,-1.1586485016289227,-0.011654131363723737,1.0170446454839548,1468.1077183314733,1446.7007620675224,1405.3204060872397,1.0015243177971693,1,1.359505054182695,1.1549671763138853,4,12,4,0,1,5480335.857142857,0.7815840327408505,1
2022-12-05,1472.00634765625,1476.5846043633042,1457.2391986740056,1470.4353696971718,3824966,0.11295076633421886,0.0011288702494921489,1.013275381081501,1469.3837367466517,1449.634312220982,1409.9607869466147,1.0017848373056075,1,0.824231985837235,1.151860676255486,0,12,4,1,0,5272157.428571428,0.7255029941388592,0
2022-12-06,1447.903076171875,1459.6629463817758,1443.100394052047,1458.765244692734,4822398,-1.6374434473569122,-0.01650997718606365,1.0114770617470508,1466.4662039620537,1450.281947544643,1413.8095621744792,0.9873415918211921,1,1.0342559511400624,1.2463794526039482,1,12,4,0,0,5309177.857142857,0.9083135147774426,0
2022-12-07,1441.2601318359375,1457.6881173772813,1433.3603127551614,1443.5043861676659,4898087,-0.4587975842623937,-0.0045985329065355695,1.016972567473532,1464.1706717354912,1451.4425659179688,1416.9233561197916,0.9843525482774507,1,1.0139850242515123,1.2219796192359462,2,12,4,0,0,5462366.571428572,0.8966968686466248,1
2022-12-08,1454.4112548828125,1457.7776358497745,1434.975993517009,1441.259904655338,4206837,0.9124739355776512,0.009083360445657758,1.0158899120513372,1463.029296875,1453.1578107561384,1420.2253987630208,0.9941094535764967,1,1.0807896794951306,1.2399564772658431,3,12,4,0,0,5615956.142857143,0.7490865122496759,0
2022-12-09,1408.7633056640625,1461.4583510232733,1401.4020860579217,1461.4583510232733,8880658,-3.1385860818594957,-0.03188895157525547,1.0428544138494091,1454.6101597377233,1453.2283586774554,1421.5824340820313,0.9684816899106993,1,1.5526760274584688,1.4559259635756399,4,12,4,0,1,5189173.857142857,1.7113818585545835,0
2022-12-12,1388.923828125,1405.7557325970877,1373.528333834033,1391.4374363592497,8037679,-1.4082903394272206,-0.014183008436041084,1.0234632209392405,1440.5162179129463,1450.8013218470983,1422.5983235677083,0.9641847907393264,0,1.3136288648447454,1.468086578016375,0,12,4,1,0,5564852.571428572,1.444365128605127,1
2022-12-13,1411.32177734375,1416.1244596167126,1383.4930240961316,1388.924053738368,6135067,1.6126117764849957,0.015997473110910244,1.0235862667554105,1432.0842459542412,1450.095982142857,1423.6306884765625,0.985501922342106,0,1.6268619608824373,1.543057003717469,1,12,4,0,0,5829384.571428572,1.052438199063013,1
2022-12-14,1417.8299560546875,1425.999018854275,1412.0846437883376,1420.163958342753,4976020,0.46114067078215637,0.00460080674657202,1.0098537825810554,1424.344761439732,1446.864249093192,1423.8221883138021,0.9954261035941471,0,1.65635590035347,1.296429400861746,2,12,4,0,0,5993820.857142857,0.8301916454626868,0
2022-12-15,1382.909423828125,1409.3916231159728,1378.1964900565588,1408.7632757795202,6443866,-2.4629563000441723,-0.02493794475729948,1.02263475004071,1415.0599539620537,1440.7630789620537,1423.4391642252604,0.9772797399545441,0,1.7741735883206404,1.4141452771061163,3,12,4,0,0,6225459.142857143,1.0350828512614125,0
2022-12-16,1366.4814453125,1390.9887448634156,1357.369860981026,1368.9950538345975,9630453,-1.1879287415765494,-0.01195040996849996,1.0247676663883578,1404.3772844587054,1434.2739780970983,1423.1833170572916,0.9730159127710388,0,1.7831196848493782,1.4268617325642263,4,12,4,0,1,6901511.428571428,1.3954121643747601,0
2022-12-19,1353.150634765625,1361.7237298285659,1342.1089696118938,1353.689233868756,6222740,-0.9755573771311865,-0.009803471146607698,1.0146148790156317,1389.9114815848213,1426.4703892299108,1422.984326171875,0.9735516633208322,0,1.6266357595400582,1.4137658252246972,0,12,4,1,0,7189497.571428572,0.8655319705134173,0
2022-12-20,1353.1055908203125,1360.915550476109,1330.797619625563,1347.4500272194193,7396259,-0.0033288197304304212,-3.328875136864e-05,1.0226314883693737,1381.9603794642858,1418.2852696010045,1422.979833984375,0.9791203937010418,0,1.352799205999962,1.3990486443257695,1,12,4,0,0,6977440.571428572,1.0600246500538346,1
2022-12-21,1355.1256103515625,1365.4042507201466,1348.662092527513,1360.0180406581342,6236361,0.14928764946018358,0.0014917632622956046,1.012413901365951,1377.1320626395088,1408.8241402762276,1422.9304646809896,0.9840200857383516,0,1.3189027456417448,1.305449300092176,2,12,4,0,0,6720109.428571428,0.9280147989086743,1
2022-12-22,1366.3468017578125,1373.4385569270282,1357.1004311899765,1365.8530220311222,6302640,0.8280554452320343,0.008246458752854883,1.0120389953179263,1370.707066127232,1401.3956560407366,1423.5319213867188,0.9968189670301044,0,1.1470805552288577,1.3536885824021452,3,12,4,0,0,6744048.428571428,0.9345484491627635,0
2022-12-23,1343.9490966796875,1355.4397214479377,1340.268541890437,1354.3624137356346,6283822,-1.6392401291758563,-0.016528243265058844,1.0113195073101557,1360.1526576450892,1392.2487095424108,1421.347509765625,0.9880869541559726,0,1.1419188593052518,1.3721362879887906,4,12,4,0,1,6930877.285714285,0.9066416473643277,1
2022-12-26,1348.7071533203125,1355.439916556154,1343.2760138103065,1347.0014980506858,4115459,0.3540354803898582,0.003534102500399466,1.0090554008415171,1355.2666190011162,1385.163286481585,1418.8668701171875,0.995160018265898,0,0.9136419231701749,1.3638894411475144,0,12,4,1,0,6598247.714285715,0.6237199902467612,1
2022-12-27,1359.8834228515625,1365.8082322618604,1344.3083199922382,1355.484662525693,4860076,0.8286654003232474,0.008252508192602363,1.0159932895972452,1354.3240443638392,1379.3506644112724,1416.498429361979,1.0041049101290487,0,0.9245579578995506,1.4093067113355366,1,12,4,0,0,5916765.285714285,0.8214076045460844,0
2022-12-28,1355.6641845703125,1368.9501033965662,1345.2059383085596,1351.1307473515324,5029860,-0.31026470433785924,-0.0031074702317342696,1.017650951732983,1354.6831229073662,1372.2973022460938,1413.7260294596354,1.0007242001072847,0,0.846289925453,1.358347474241108,2,12,4,0,0,5746353.857142857,0.8753133073675513,1
2022-12-29,1362.307373046875,1365.673754704515,1347.4503648313955,1350.1434701575076,4624745,0.4900320117749546,0.004888352629546345,1.0135243496523152,1355.9976632254463,1368.9790213448662,1411.6358927408853,1.0046531863531536,0,0.8634600524261259,1.14381744728455,3,12,4,0,0,5350423.285714285,0.8643699298237099,0
2022-12-30,1353.91357421875,1373.8426164441485,1350.188200066258,1371.6881105842783,5060544,-0.6161457387808045,-0.006180517498751908,1.0175193475818627,1355.8245152064733,1366.4782889229912,1409.0864176432292,0.9985905690845012,0,0.9037183930524021,1.0999653002424887,4,12,4,0,1,5182449.428571428,0.9764772565074442,1
2023-01-02,1368.097412109375,1370.3416663943312,1350.188306748515,1359.1203949695496,3801140,1.04761767373589,0.010421681866020816,1.0149263325308666,1356.0746023995537,1363.390834263393,1407.763810221354,1.008865891071588,0,0.9406780107543115,1.0378862220809968,0,1,1,1,0,4825092.285714285,0.7877859686236646,0
2023-01-03,1366.7957763671875,1375.862541681665,1360.1078329075388,1364.3719160112378,4551130,-0.09514203671948662,-0.0009518732548328915,1.0115834262497019,1359.338413783482,1359.7455357142858,1405.8935913085938,1.005486023574475,0,0.608596723710514,1.020432968876276,1,1,1,0,0,4577564.857142857,0.9942251266846371,0
2023-01-04,1341.884521484375,1365.4042617792377,1338.5629595029297,1365.4042617792377,7059590,-1.8226025653242939,-0.018394165810206073,1.0200523270764008,1358.3637520926338,1356.815185546875,1403.2498575846355,0.9878683227648914,1,0.9830677890265985,0.9236963454785538,2,1,1,0,0,4998155.0,1.4124391900611326,0
2023-01-05,1324.2894287109375,1351.8489350836053,1318.948147732721,1351.8489350836053,9868404,-1.3112225747990647,-0.013198949912107209,1.0249447162933893,1353.2788957868304,1353.801470075335,1398.6236979166667,0.9785783498389387,0,0.9903570210165585,0.9342555435571738,3,1,1,0,0,5713630.428571428,1.727168763077906,0
2023-01-06,1300.3206787109375,1324.109769484731,1298.5252756336702,1319.6212617915623,6443714,-1.8099328953589233,-0.018265125390881265,1.0197027307293467,1345.3726806640625,1350.0279017857142,1393.023527018229,0.9665133664443909,0,1.1270546760577231,1.0097458251320768,4,1,1,0,1,5915609.571428572,1.0892730363954521,1
2023-01-09,1332.5931396484375,1336.9918995481128,1300.051455589557,1300.051455589557,11498717,2.481884773953835,0.02451586305844772,1.0284146014372975,1341.1277901785713,1348.5627267020088,1388.8656697591146,0.9936362137951094,0,1.5977883156900663,1.2515049126223408,0,1,1,1,0,6897605.571428572,1.6670592252520589,0
2023-01-10,1319.39697265625,1332.0994726561996,1305.3031008773605,1330.3938176401173,7158624,-0.990262263819619,-0.009951979719105613,1.0205288501657799,1336.1968470982142,1346.0106811523438,1384.0988728841146,0.9874270961808898,0,1.616134987906813,1.2708277461570507,1,1,1,0,0,7197331.285714285,0.9946219947119685,1
2023-01-11,1320.74365234375,1341.1663664241717,1314.2353148895497,1319.621525196474,6173092,0.10206781699588774,0.0010201576321664922,1.0204918032786885,1329.4320242745537,1342.7533133370537,1379.200419108073,0.9934645985863438,0,1.5155441524426476,1.2408484396967667,2,1,1,0,0,7536181.571428572,0.8191272916517347,1
2023-01-12,1329.1370849609375,1333.0869942679058,1306.1559438786553,1330.348960311909,6591385,0.6355080792773693,0.006334972415442014,1.0206185567010309,1324.052211216518,1341.6953125,1373.9189412434896,1.0038403876383,0,1.571570923702914,1.1907533816900455,3,1,1,0,0,7827646.571428572,0.8420647176456576,1
2023-01-13,1349.8292236328125,1363.9680258321482,1317.8261351507858,1331.7405119183861,11610426,1.5568099713719974,0.015448160069251746,1.0350136406090344,1325.1871686662946,1341.7754603794642,1369.901729329427,1.0185951505939483,0,1.5764058116599426,1.2649759197207633,4,1,1,0,1,8477766.0,1.36951479906381,1
2023-01-16,1369.4439697265625,1371.6882240197885,1348.617333718516,1355.5295931085607,6073063,1.4531279772533434,0.014426712506821045,1.0171070693846562,1331.6378173828125,1342.4583565848213,1366.4829833984375,1.02839071694288,0,1.5102889100127062,1.3062715741551256,0,1,1,1,0,7935574.428571428,0.7652959536406592,1
2023-01-17,1382.0115966796875,1384.4353471376285,1368.0972220460174,1370.7903268138245,5922644,0.9177174992879955,0.00913532059764737,1.0119422251783956,1343.3079485212054,1344.3403145926338,1364.286600748698,1.0288121932138417,0,1.1192884016584927,1.3207913654191552,1,1,1,0,0,7861135.857142857,0.7534081725121838,1
2023-01-18,1387.3084716796875,1393.0986048240525,1382.1017570761567,1386.724943556107,5843098,0.38327283307360016,0.0038254021410704655,1.007956612233212,1351.1244245256696,1346.1261073521205,1362.488212076823,1.0267806920644786,1,0.87239978664275,1.3189571868721464,2,1,1,0,0,7053190.285714285,0.8284333419778511,0
2023-01-19,1381.47314453125,1391.0336893900567,1370.0274480510775,1382.3708462159693,6165284,-0.4206221808313759,-0.004215092843698128,1.0153327156830774,1359.9924490792412,1348.0946480887276,1360.0569417317708,1.0157947167034287,1,0.7136689177531566,1.3113703211151715,3,1,1,0,0,6911284.571428572,0.8920605042783859,0
2023-01-20,1369.4888916015625,1386.9491460799632,1368.0974101138277,1380.6652340912512,6496429,-0.8674980745828287,-0.008712827429769017,1.013779527559055,1366.9560546875,1348.1940394810267,1358.7477945963542,1.0018529029557146,1,0.9079089024451819,1.3106465612803264,4,1,1,0,1,6957475.571428572,0.9337336413624079,1
2023-01-23,1389.64208984375,1394.3999522014951,1371.7778059195255,1377.9719689342094,4855020,1.4715853750824515,0.014608626257739702,1.0164911155322314,1375.5996268136162,1349.825919015067,1358.7717366536458,1.0102082486476542,1,0.977558862194473,1.3662078533894306,0,1,1,1,0,6709423.428571428,0.7236121034372892,1
2023-01-24,1393.143310546875,1408.3144914155778,1391.2132299470666,1400.414672506807,5200802,0.25195125627770487,0.0025163439121873962,1.0122923367176158,1381.787353515625,1353.48726109096,1358.1657877604166,1.0082183101490672,1,0.8949766076991076,1.2456545228509495,1,1,1,0,0,5793762.857142857,0.8976553111054892,0
2023-01-25,1385.153564453125,1396.8236852165019,1381.3383326650978,1388.7443708418564,4158617,-0.573504967741878,-0.0057515582232986135,1.0112103980503655,1384.0315813337054,1357.8346993582588,1357.0765747070313,1.0008106629462445,1,0.8449199969203083,1.1876298413362734,2,1,1,0,0,5520270.571428572,0.753335718999695,0
2023-01-27,1363.743408203125,1392.2902533470308,1353.195414398124,1387.8466742580101,6209955,-1.545688275974877,-0.015577585782493889,1.0288907563038818,1381.421840122768,1362.3648943219866,1356.4377075195312,0.9872027273594634,1,0.9816534791346225,1.1526224121216735,4,1,1,0,1,5561315.0,1.1166342852364952,1
2023-01-30,1381.38330078125,1386.0513053859913,1364.5064664421677,1372.4062845546568,6964719,1.2934905842270972,0.012851964408446975,1.0157894736842104,1380.5753871372767,1365.8499058314733,1356.9344360351563,1.0005852006717637,1,1.1201143158029638,1.0193494759459505,0,1,1,1,0,5721546.571428572,1.2172790893251488,0
2023-01-31,1376.8499755859375,1390.450178190422,1358.2226654027863,1390.450178190422,9448126,-0.32817286793235256,-0.0032871253610840118,1.0237277094607153,1379.9149344308037,1369.9536917550224,1357.7244140625,0.9977788784160595,1,1.1156312838939466,0.9709943135019061,1,1,1,0,0,6190524.0,1.5262239513165605,1
2023-02-01,1392.425048828125,1395.9710362007636,1371.7330909295972,1384.4354819888624,6194199,1.1312106270372269,0.011248602852429663,1.0176695783104137,1383.1915283203125,1375.0737915039062,1359.0350626627603,1.006675518407075,1,1.1250389095534903,0.9928107585611577,2,2,1,0,0,6147348.285714285,1.0076212884170872,1
2023-02-02,1421.73486328125,1424.6074644757896,1393.23283839779,1393.23283839779,6916834,2.1049473706173494,0.020830994136064356,1.0225192984354865,1387.7762102399554,1381.6879185267858,1361.25537109375,1.024469833673992,1,1.2579359888895696,1.094090845009911,3,2,1,0,0,6441893.142857143,1.073726907076917,1
2023-02-03,1435.7841796875,1440.4971138054802,1412.084831920539,1434.0785244711133,7040194,0.9881811840658727,0.009833306026484336,1.0201208038233074,1393.8677629743304,1387.8275582449776,1363.569950358073,1.030072018183221,1,1.280559609317572,1.0614180991614273,4,2,1,0,1,6704663.428571428,1.050044357185587,0
2023-02-06,1409.2569580078125,1434.5272821728975,1401.8509191605494,1434.5272821728975,4570612,-1.847577237232212,-0.018648581283286152,1.0233094422279334,1397.3111049107142,1390.67134312221,1365.7468790690104,1.0085491720885318,1,1.5170942094001298,1.1806599453812312,0,2,1,1,0,6763519.857142857,0.6757741673772187,0
2023-02-07,1402.5692138671875,1414.822864476851,1396.0159473630506,1408.494023406654,4336238,-0.47455817781301146,-0.004756877802978504,1.0134718497659894,1402.8576485770088,1392.1397443498884,1367.5422810872396,0.9997943948838188,1,1.34980473335455,1.1752114888083418,1,2,1,0,0,6495846.0,0.6675401479653305,1
2023-02-08,1427.7945556640625,1439.0158269283195,1405.3520131355485,1405.3520131355485,7983338,1.7985095885088898,0.017825277436764552,1.0239540083040561,1409.487827845982,1395.0316074916295,1369.8059855143229,1.01298821277943,1,1.4167546786690615,1.2582786447522478,2,2,1,0,0,6641363.0,1.202063190944389,1
2023-02-09,1451.5836181640625,1454.0522977867906,1423.79979497045,1432.9113793663391,6904911,1.6661404405577063,0.016524125943300695,1.0212477224137881,1420.1640625,1400.0394984654017,1373.003299967448,1.0221238915233166,1,1.4272128670317086,1.3003393021924134,3,2,1,0,0,6278046.571428572,1.0998502354895379,0
2023-02-10,1443.9979248046875,1450.9551120711883,1433.1356479869482,1447.9477241027244,4786762,-0.5225805295990593,-0.005239507574292213,1.0124338991282997,1427.5316162109375,1405.361572265625,1375.726318359375,1.0115348118435765,1,1.4922162475882106,1.2783324258689786,4,2,1,0,1,6076984.142857143,0.7876870973287525,0
2023-02-13,1407.1024169921875,1433.6295447624907,1405.8007934239577,1433.6295447624907,4001199,-2.555094240699163,-0.025883036831398063,1.0197956577266922,1425.4412667410713,1406.6087384905134,1377.4992797851562,0.9871346156612884,1,1.6980084893106933,1.4560970005559273,0,2,1,1,0,5660464.857142857,0.7068675631738878,1
2023-02-14,1430.26318359375,1432.731863182567,1416.7079103135172,1422.5877904936112,5043736,1.6459901085999595,0.016325905286527314,1.011310696264485,1424.652553013393,1409.2601579938616,1379.5714721679688,1.0039382448502898,1,1.786446315502182,1.513873389016843,1,2,1,0,0,5375256.571428572,0.9383246981752047,1
2023-02-15,1433.674560546875,1435.4250350492096,1414.7778957082892,1421.9595093920875,3465747,0.2385139317194307,0.002382299387269024,1.0145939086294415,1428.1407819475446,1412.7259434291295,1381.8007649739584,1.0038748130921546,1,1.5990810079556348,1.4974801778896971,2,2,1,0,0,5217418.714285715,0.6642646852380286,1
2023-02-16,1437.9384765625,1449.2943142141119,1434.3924894685822,1436.3225698383455,4290289,0.29741170925139393,0.0029697031558180457,1.0103889450446373,1433.1935337611608,1418.025591169085,1385.0025634765625,1.0033107481226817,1,1.566532303774024,1.405000620672708,3,2,1,0,0,5210854.571428572,0.823336928941351,0
2023-02-17,1421.780029296875,1431.8342447371726,1414.3290611808247,1430.9365430163343,2857734,-1.1237231306483242,-0.011300846007914212,1.0123770231672484,1432.3343157087054,1420.9110717773438,1388.2522501627604,0.9926314085363457,1,1.5098104142820357,1.4334443033920357,4,2,1,0,1,4478625.428571428,0.6380828326854624,1
2023-02-20,1429.544921875,1439.0157179378093,1420.6128344582553,1422.8121596263827,2417716,0.5461388131865252,0.005446528828765186,1.012954186413902,1429.1859305245537,1424.6749965122767,1392.559724934896,1.0002511858973553,1,1.3482790589947176,1.4269596278770844,0,2,1,1,0,3837597.5714285714,0.6300076949183572,0
2023-02-21,1417.9197998046875,1437.80391388057,1414.7778439330089,1435.1556281819492,2723288,-0.8132043906017961,-0.008165289333251413,1.0162753962018163,1425.460484095982,1426.49605015346,1395.403946940104,0.9947100011712517,0,1.363875839098354,1.4321555511109323,1,2,1,0,0,3542815.5714285714,0.7686790195804314,0
2023-02-22,1402.0306396484375,1413.880258937871,1396.1955782623447,1403.107837917392,3656244,-1.1205965357447334,-0.01126922522312991,1.0126663348250509,1424.7359444754463,1425.0886056082588,1398.1584025065104,0.9840634996856429,0,1.0260911386198732,1.3486121676622247,2,2,1,0,0,3493536.285714286,1.046573929960612,0
2023-02-23,1392.0657958984375,1409.2568030673553,1389.7767226196806,1409.2568030673553,4766854,-0.7107436505452314,-0.007132814652832346,1.014016697884359,1419.2791748046875,1421.96586390904,1400.5358072916667,0.9808259154440176,0,0.7185339068630171,1.3201544342764562,3,2,1,0,0,3453981.714285714,1.3801040058446832,0
2023-02-24,1392.0211181640625,1408.4939219116857,1386.9490818059621,1400.4146068720393,2790986,-0.003209455652641857,-3.209507156771793e-05,1.015533980582524,1413.3286830357142,1420.7347324916295,1402.631941731771,0.9849238431743388,0,0.6888396783343855,1.2336295970627247,4,2,1,0,1,3357587.285714286,0.8312474888962571,0
2023-02-27,1354.9012451171875,1382.4606439922532,1348.3479787508859,1382.4606439922532,4920268,-2.666617090970025,-0.027028163048699965,1.0252996005326231,1401.4662214006696,1417.329877580915,1402.8010091145834,0.9667741001727864,0,1.0111682387145786,1.41345697828487,0,2,1,1,0,3447584.285714286,1.4271639479237843,0
2023-02-28,1335.3760986328125,1368.0972790929927,1329.7654634659286,1360.556563512157,9679811,-1.441075248453716,-0.014515595844917175,1.0288259972756062,1389.122802734375,1410.72855922154,1401.6654134114583,0.9613088893251436,0,1.03280268979199,1.31636755070152,1,2,1,0,0,4422166.714285715,2.188929460467779,1
2023-03-01,1343.006591796875,1347.3154939495362,1329.9449890099597,1339.7299588712954,5125043,0.5714115425515587,0.005697851793403095,1.0130610702571294,1376.7601841517858,1402.9730573381696,1400.3652465820312,0.9754833174699149,0,1.0386751755836625,1.2078352895916742,2,3,1,0,0,4808927.714285715,1.0657350878398968,0
2023-03-02,1321.5516357421875,1336.318785501753,1317.1978042286796,1333.0870811609395,4644499,-1.5975317013136814,-0.016104297908247255,1.0145164084025102,1362.9933035714287,1394.2268938337054,1398.1733520507812,0.9695951053312938,0,1.071618668870515,1.2399081237694443,3,3,1,0,0,5083386.428571428,0.9136623912546488,1
2023-03-03,1327.97021484375,1337.39608302168,1322.3146501038996,1334.6580489083317,4615015,0.48568507865816013,0.004845094337645176,1.0114053284644433,1352.4132428850446,1388.5745936802455,1396.3899210611978,0.9819263615097769,0,1.2041459446368257,1.137678700312583,4,3,1,0,1,5220353.714285715,0.8840425864957809,1
2023-03-06,1353.2403564453125,1364.8656589746784,1340.4032881447426,1341.6600924158531,6561742,1.9029147882308362,0.018850358230222193,1.018250008073163,1346.8667515345983,1383.072963169643,1395.8483032226563,1.004732171837676,0,1.572897037688111,1.1748012241674217,0,3,1,1,0,5476766.285714285,1.1981051696720724,0
2023-03-08,1339.999267578125,1342.961726985448,1329.585949900398,1338.0692966126087,4137080,-0.9784728044890056,-0.009832913072244492,1.0100601071228619,1339.43505859375,1376.381870814732,1394.1935424804688,1.0004212290702374,0,1.5758444121292594,1.1698765596795724,2,3,1,0,0,5669065.428571428,0.7297640240928601,0
2023-03-09,1328.9576416015625,1345.071343562409,1323.7509278183406,1342.064064731897,5104656,-0.8240023889355408,-0.008274160540085139,1.0161060629277188,1335.7288295200892,1368.5975254603795,1392.0540201822917,0.9949307166478097,0,1.2873221965176267,1.1511547147899928,3,3,1,0,0,5695406.571428572,0.8962759613348561,0
2023-03-10,1321.012939453125,1323.481619051477,1308.5348642940003,1310.6444413069564,3699580,-0.5978145502713805,-0.005996086151479833,1.0114225116696,1333.6769496372767,1361.3998761858259,1389.9159993489584,0.9905044394839425,0,1.1955124660310044,1.1396997595778056,4,3,1,0,1,4841087.857142857,0.764204267547303,0
2023-03-13,1288.2916259765625,1327.0724033065608,1281.9179661287412,1314.4147222773474,8798403,-2.476986598640629,-0.025081800950403795,1.0352241238292192,1325.8605259486608,1351.3103550502233,1387.4009399414062,0.9716645158092949,0,1.4232015801787536,1.207044753563507,0,3,1,1,0,5365853.571428572,1.6397024038912726,0
2023-03-14,1274.7364501953125,1300.1862721963982,1266.6571346659055,1293.5881864305952,7402784,-1.0521822472434939,-0.010577568222563945,1.0264705709326276,1319.172642299107,1341.082972935268,1383.846044921875,0.9663151048778957,0,1.3724794331995085,1.2099435878750078,1,3,1,0,0,5759894.285714285,1.285229143590433,0
2023-03-15,1274.422119140625,1295.2487527671929,1271.9085107865455,1290.894921852731,7556182,-0.02465851310985423,-0.0002466155382107123,1.0183505667134924,1311.522914341518,1331.9680786132812,1380.4317830403645,0.9717116683245139,0,1.323720028656426,1.219582400123808,2,3,1,0,0,6180061.0,1.2226711030845812,0
2023-03-16,1260.462890625,1272.7614692311392,1255.615279699322,1272.7614692311392,7323117,-1.095337903036242,-0.01101380896627285,1.0136556075806302,1298.2689906529017,1322.56787109375,1376.0330444335937,0.970879609464531,0,0.7458144370262003,1.2248332527968524,3,3,1,0,0,6288828.857142857,1.1644643488242485,1
2023-03-17,1275.364501953125,1295.2935413892783,1267.0159435908229,1283.7131698981318,9090018,1.1822332445452721,0.011752994628016837,1.0223182651658782,1289.0354527064733,1314.2352556501116,1371.154032389323,0.9893944338577775,0,1.1152499159584897,1.314398462372854,4,3,1,0,1,6996391.428571428,1.299243773422789,0
2023-03-20,1260.058837890625,1274.4668824223245,1243.1820044445224,1274.4668824223245,8221829,-1.2001011506169834,-0.012073605026463185,1.0251651631586969,1279.1927664620537,1307.4607979910713,1365.2965209960937,0.9850421851396576,0,1.1312545128453826,1.1909745394580205,0,3,1,1,0,7441701.857142857,1.104831819096373,0
2023-03-21,1248.4337158203125,1261.2708940195814,1247.8053684606537,1255.8846837960104,8536755,-0.922585653997976,-0.009268678336421756,1.0107913669064748,1268.8243059430804,1301.2506277901787,1359.9357462565104,0.983929540104757,0,1.1305308671614438,1.1676414930955938,1,3,1,0,0,8132726.857142857,1.04967929575826,0
2023-03-22,1247.132080078125,1263.2907105920037,1240.7584199586402,1259.475478387338,8356487,-0.10426150188777017,-0.0010431589200023492,1.018160094883027,1262.944370814732,1294.4024483816963,1354.7545084635417,0.9874798200918331,0,0.8688181633432055,1.1346319480531866,2,3,1,0,0,8069596.0,1.0355520895965549,0
2023-03-23,1233.9359130859375,1242.3742213827816,1229.851326526063,1242.3742213827816,7607718,-1.058121044513649,-0.01063758951089503,1.0101824461108577,1257.11572265625,1288.1441824776787,1348.2925537109375,0.9815611171250533,0,0.8694959466956732,1.1040332460292763,3,3,1,0,0,8098872.285714285,0.9393552252230672,1
2023-03-24,1239.411865234375,1255.8397404782686,1236.584082982878,1246.0099507660507,7559127,0.4437792992622036,0.0044279750253204166,1.0155716523933755,1252.1142578125,1281.8185860770088,1341.2201619466146,0.9898552448397827,0,0.9248842639790562,1.1012578764688612,4,3,1,0,1,8099293.0,0.9333070182792498,1
2023-03-27,1246.8626708984375,1252.9670859905164,1233.5318232273341,1244.4389202610448,4170193,0.6011565544157049,0.005993568176230908,1.0157557854586459,1250.1713692801338,1274.220179966518,1334.6489868164062,0.9973534041308261,0,0.9325612927174818,0.9248556360352697,0,3,1,1,0,7648875.285714285,0.5452034245856539,0
2023-03-28,1236.6737060546875,1254.9868406676687,1235.102728249846,1249.6903792948028,6633366,-0.8171681678791676,-0.008205252883407977,1.0160991567446367,1244.6441127232142,1266.8397827148438,1328.9680297851562,0.9935962363963721,0,0.7430446019374461,0.9204919917296964,1,3,1,0,0,7297925.0,0.9089386366672718,1
2023-03-29,1242.01513671875,1247.7155201650944,1224.958805711683,1237.930550460286,8813966,0.4319191584579718,0.00430989064867284,1.0185775344830392,1242.066441127232,1260.629603794643,1322.693094889323,0.9999586943123304,0,0.7192702654801358,0.954162468056493,2,3,1,0,0,7382516.0,1.193897310889675,1
2023-03-31,1281.873046875,1283.6684502024389,1251.3063709749888,1260.37313586201,8711975,3.2091323992676557,0.03158715538512927,1.0258626344259993,1246.8434884207588,1257.8338971819196,1317.6330444335938,1.0280945914860649,0,1.4020977535367876,1.369444224222295,4,3,1,0,1,7407547.428571428,1.176094393455694,0
2023-04-03,1266.5223388671875,1288.2018554237902,1261.4054833442367,1288.2018554237902,5242764,-1.1975217081937273,-0.012047497623700923,1.0212432658914015,1249.613525390625,1256.2789481026787,1311.9191731770834,1.0135312343640621,0,1.5216818413988558,1.2430905101614165,0,4,2,1,0,6962729.857142857,0.7529753570177082,1
2023-04-05,1277.92333984375,1281.469217839355,1256.7824202977913,1256.7824202977913,7506334,0.9001815938564306,0.008961541110748613,1.019642857142857,1255.8974434988838,1256.506583077567,1307.1239501953125,1.0175379737086676,0,1.4220498185503292,1.2393182665881293,2,4,2,0,0,6948246.428571428,1.080320635885005,0
2023-04-06,1276.4420166015625,1282.277077411361,1266.073518560293,1271.1455548730469,6948465,-0.11591644005567447,-0.0011598367512373736,1.0127982764140693,1261.187465122768,1256.6508614676338,1302.0205200195312,1.0120953877997112,1,1.4420023999015479,1.2398388831449616,3,4,2,0,0,6861009.0,1.0127468131873898,1
2023-04-10,1281.558837890625,1287.304150296638,1270.247819156027,1278.2822049918059,4993788,0.4008659400515313,0.004000646133254875,1.013427561837456,1266.1440604073662,1258.15771484375,1297.4751546223958,1.0121745842082925,1,1.4400318808402646,1.2003082079895016,0,4,2,1,0,6978665.428571428,0.7155792251559846,0
2023-04-11,1262.30322265625,1286.7206641982061,1246.907617130072,1282.7259356078043,6942255,-1.5025151140207194,-0.015139172288544805,1.0319294280676297,1269.805419921875,1257.2247663225446,1292.8175740559896,0.9940918528556236,1,1.555386698671548,1.2324837453186455,1,4,2,0,0,7022792.428571428,0.9885319935922111,1
2023-04-12,1282.1873779296875,1285.059979527605,1256.7823760661174,1268.4974270475386,5831169,1.5752281160777981,0.015629501672769202,1.0225,1275.5443115234375,1258.805376325335,1289.154960123698,1.0052080247986963,1,1.6293604833115785,1.2590386019132476,2,4,2,0,0,6596678.571428572,0.8839553021812925,0
2023-04-13,1247.0870361328125,1266.7019040302373,1241.5213299689306,1265.5348481010121,11267238,-2.737536057604195,-0.027757047769740226,1.0202820309675524,1270.5748814174108,1258.709184919085,1284.3238240559897,0.9815140015530639,1,1.507071636183375,1.4542542848434667,3,4,2,0,0,6961716.142857143,1.618456967907318,0
2023-04-17,1129.578125,1132.1365530010617,1064.0458990402255,1122.396511196189,53171705,-9.422671211241585,-0.0989662383726033,1.063992215018407,1251.0114222935267,1250.3124738420759,1276.8130533854167,0.902931903634502,1,3.764393957330134,2.9102675780823812,0,4,2,1,0,13808707.714285715,3.8505924015606134,1
2023-04-18,1130.5206298828125,1140.0362461201344,1124.909994178881,1140.0362461201344,12430884,0.08343866280275947,0.0008340387210176001,1.0134466330813379,1229.953892299107,1242.9256678989955,1269.9845377604167,0.9191569187765017,0,3.6873926748192947,2.914350239961757,1,4,2,0,0,14512214.857142856,0.8565807578215097,0
2023-04-19,1106.14794921875,1126.0320630409092,1103.6344503031144,1126.0320630409092,11307230,-2.1558811064411043,-0.021794597237320332,1.0202944124584397,1205.6261683872767,1233.4068167550224,1262.089249674479,0.9174883377808603,0,3.623778761411771,2.9267594479430863,2,4,2,0,0,15134895.57142857,0.7470966645680476,0
2023-04-20,1098.2484130859375,1111.220160369727,1096.4530094711436,1104.801570530291,8621249,-0.7141482419591116,-0.007167104866209652,1.0134681110553987,1179.43896484375,1222.791512625558,1254.6458089192708,0.9311617182593518,0,3.5255977887251704,2.9004322458922407,3,4,2,0,0,15653104.285714285,0.5507692814560836,1
2023-04-21,1101.794189453125,1107.0906515432816,1095.1961036957662,1102.4674657463806,8691352,0.32285740866442314,0.003223373432120217,1.010860655737705,1156.5091029575892,1213.157261439732,1247.1066080729167,0.9526895954692103,0,3.6447926782025952,2.9177277446626677,4,4,2,0,1,15902975.285714285,0.5465236437742239,0
2023-04-24,1100.8515625,1104.1730147274745,1093.4005950715969,1102.3776114514949,8313774,-0.0855538141467993,-0.0008559043230935416,1.0098522167487685,1130.6039864676338,1203.0741489955358,1238.6936482747396,0.9736844869434877,0,3.4314063361130676,2.9044388866152295,0,4,2,1,0,16257633.142857144,0.511376651628573,0
2023-04-25,1099.5948486328125,1109.1104648607622,1090.707579769993,1100.5373696805075,6808576,-0.11415833977956868,-0.0011422355004563705,1.016872427983539,1109.5336739676338,1190.0542776925224,1230.6801676432292,0.9910423400677145,0,3.4930495091611156,2.676957923193477,1,4,2,0,0,15620681.42857143,0.43586933330236094,1
2023-04-26,1101.9737548828125,1106.8661852668383,1095.6898430443146,1102.3776768107684,5680192,0.21634388820190864,0.002161102017955743,1.010200279115001,1105.5901925223213,1178.3008074079241,1223.1140380859374,0.9967289528579679,0,0.864167610381076,2.6977371890760504,2,4,2,0,0,8836179.57142857,0.6428334727789679,1
2023-04-27,1118.7608642578125,1120.152345875943,1100.0438037111503,1104.1732100598672,8020704,1.523367439616119,0.015118807076906259,1.018279764948408,1103.9102260044642,1166.9320591517858,1216.3723022460938,1.0134527590228957,0,1.118403529166393,2.7355530368791814,3,4,2,0,0,8206153.857142857,0.9774011235505368,1
2023-04-28,1124.5958251953125,1130.2064609226888,1117.5937079744554,1127.2440014255426,10118277,0.5215556893269468,0.005202002983448325,1.0112856334625335,1106.5456368582588,1156.085902622768,1210.9157755533854,1.0163121951194913,0,0.6922823719321293,2.7550061062616367,4,4,2,0,1,8036303.428571428,1.2590710505064482,1
2023-05-02,1146.768798828125,1148.833556221912,1126.2115210420693,1126.2115210420693,8886401,1.9716393335322602,0.01952454288460985,1.02008684404055,1113.4771205357142,1146.458042689732,1206.6501871744792,1.029898843611976,0,0.8104199242982032,2.841097770579986,1,5,2,0,0,8074182.285714285,1.1005945476017776,0
2023-05-03,1139.3179931640625,1142.3252715695298,1132.9891531309258,1136.4902112432417,5549783,-0.6497216938302186,-0.0065184157242365575,1.0082402540331514,1118.8376639229912,1137.67338344029,1202.1467163085938,1.0183050051865978,0,0.942860239076631,2.832882492967262,2,5,2,0,0,7625386.714285715,0.7278034817044501,1
2023-05-04,1143.2679443359375,1145.2877729850925,1133.3482975814445,1139.1384292092687,4505401,0.3466943553577462,0.0034609475592949283,1.0105346921410892,1124.8971470424108,1127.7505667550224,1198.2402180989584,1.0163310906617795,0,0.9130755543325757,2.7757556446230423,3,5,2,0,0,7081333.428571428,0.6362362463857191,0
2023-05-05,1130.296142578125,1148.1604275980321,1125.9423114267645,1148.1604275980321,5373791,-1.1346248114519786,-0.011411107864242865,1.0197329081124178,1129.2830461774554,1119.4083600725446,1193.4046061197917,1.000897114681832,1,1.0985093819020266,2.7212403118607273,4,5,2,0,1,6876364.142857143,0.7814872639608611,1
2023-05-08,1136.1312255859375,1140.3504892363796,1126.7951061867552,1133.3034433741707,5260842,0.5162437336557746,0.005149157641053464,1.0120300336549188,1134.1626848493304,1119.8764386858259,1189.2736857096354,1.0017356775733357,1,1.0960290673113346,1.0333826045146055,0,5,2,1,0,6816457.0,0.7717854011255407,1
2023-05-09,1140.7093505859375,1141.8764064696595,1131.732334811805,1136.49019700518,4969897,0.4029574134483349,0.004021477144955259,1.0089633134495015,1137.2981828962054,1120.604204450335,1185.6828735351562,1.0029993608897232,1,0.9883391185926378,1.0377851621319,1,5,2,0,0,6380627.428571428,0.778904121206889,0
2023-05-10,1134.0218505859375,1145.8266517110396,1130.3412949545723,1145.8266517110396,6515734,-0.58625801538007,-0.005879832538869827,1.013699717798145,1138.6447579520088,1122.5951974051338,1181.9125325520833,0.9959399915260786,1,1.0313651332328593,0.8459818873637788,2,5,2,0,0,5865978.428571428,1.1107667850027894,0
2023-05-11,1127.6031494140625,1145.377687946898,1124.8652248185404,1140.3056511286572,6888461,-0.5660121247715422,-0.005676200436127117,1.0182354851726052,1135.9068080357142,1124.6919642857142,1178.3681070963542,0.9926898416640262,1,0.6485754550790177,0.8347736352694696,3,5,2,0,0,5580558.428571428,1.2343676870637805,0
2023-05-12,1117.818115234375,1127.5133374467855,1112.2973374345554,1125.1344060204995,8292212,-0.867772867144978,-0.008715599406039883,1.013679795410933,1132.8353969029017,1125.8365304129463,1174.3149820963542,0.9867436330912832,1,0.6762535738931773,0.8798293068438273,4,5,2,0,1,5972334.0,1.3884374182689716,1
2023-05-15,1129.622802734375,1139.0935985840445,1118.222036083044,1122.0372679380657,5534710,1.0560472530475096,0.010505100237672428,1.0186649536742365,1130.8860909598213,1127.8916190011162,1170.4069864908854,0.9988829217765212,1,0.8215707387851027,0.9129140700018599,0,5,2,1,0,6119378.142857143,0.9044562814704304,1
2023-05-16,1134.96435546875,1143.6270896069495,1133.5728739365072,1135.5927028546282,5236469,0.47286162437985,0.004717471457144702,1.0088694921178976,1131.552978515625,1130.41801234654,1167.0166748046875,1.0030147744011066,1,0.7255614816886884,0.9114329092032564,1,5,2,0,0,6099760.714285715,0.8584712163767548,0
2023-05-17,1119.34423828125,1131.9568810406574,1115.3494000856915,1131.6427073715677,10465667,-1.3762650000623822,-0.013858233267428228,1.0148899357938328,1129.1548374720983,1131.6587611607142,1162.927644856771,0.9913115554525614,0,0.8666065951402578,1.0076138632198757,2,5,2,0,0,6843307.142857143,1.5293288437190455,0
2023-05-18,1118.536376953125,1130.7900277183155,1115.3494919176374,1129.8473970507112,6948732,-0.07217273297135396,-0.0007219879002642359,1.0138436749311026,1125.987269810268,1131.6427263532366,1157.4830891927083,0.9933827912118417,0,0.8284348944881876,0.9229188950416344,3,5,2,0,0,7125997.857142857,0.9751240653314017,1
2023-05-19,1139.09375,1143.0436595385552,1124.6407740269224,1127.5583046568154,11094136,1.8378814914248087,0.018211965721679834,1.016363345466961,1126.7118268694196,1132.6782924107142,1153.235469563802,1.0109894321114776,0,1.1295878551632517,1.0395464805249968,4,5,2,0,1,7780055.285714285,1.4259713578605309,1
2023-05-22,1160.548828125,1163.0623271928262,1140.3056104941186,1142.7293613064382,7625947,1.883521714081926,0.01866003080176027,1.019956682216837,1131.4183523995537,1133.6625802176338,1149.3229858398438,1.0257468651305375,0,1.270616000691665,1.027517180826283,0,5,2,1,0,7885410.428571428,0.9670957610993454,1
2023-05-23,1167.0572509765625,1179.7148242453716,1164.364145617976,1166.2941167921063,7436031,0.5608056028179043,0.005592389427462793,1.0131837438357811,1138.4525146484375,1135.6439557756696,1145.676826985677,1.0251259810664641,1,1.1371834280426676,1.01126370532278,1,5,2,0,0,7763098.857142857,0.9578689047812498,0
2023-05-24,1165.8004150390625,1171.5007993107326,1159.2023290054685,1163.6908378150881,4824077,-0.10769274056163791,-0.0010775077086017334,1.0106094251171973,1143.6207449776787,1137.25341796875,1141.818212890625,1.019394252997585,1,1.148374744360718,1.0126790861961676,2,5,2,0,0,7661579.857142857,0.6296452024189938,1
2023-05-25,1170.9171142578125,1173.2960455245018,1157.361841386736,1162.0747750049484,4334121,0.4389001026885442,0.004379397451692418,1.0137676943959666,1148.7568533761162,1140.1549159458705,1138.7720092773438,1.0192906452018708,1,1.1483682615051618,0.944872137556925,3,5,2,0,0,7532673.0,0.5753762309873268,1
2023-05-26,1182.677001953125,1188.063211884976,1172.398361832931,1172.398361832931,5521606,1.0043313529298326,0.009993214616119966,1.0133613714945444,1157.8043910435267,1143.4796142578125,1135.4549967447917,1.0214825674371304,1,0.823077955215851,0.963998465525776,4,5,2,0,1,6826378.571428572,0.8088631391042939,0
2023-05-29,1179.9390869140625,1196.3669615854992,1175.8545005172648,1196.3669615854992,4419365,-0.23150150333024477,-0.002317698823414349,1.0174447272678813,1166.576206752232,1146.28173828125,1133.2167317708333,1.0114547854520648,1,0.8526380536360673,0.973225276166952,0,5,2,1,0,6465040.428571428,0.6835788652564608,1
2023-05-30,1188.42236328125,1190.7115464294097,1175.2261922392356,1180.477725221967,6274719,0.7189588395934976,0.0071638665181764025,1.0131764883155547,1173.6231515066963,1150.167489188058,1135.1782063802084,1.0126098498956453,1,0.7122884119656768,0.9495760049654113,1,5,2,0,0,5776552.285714285,1.0862394538551494,0
2023-05-31,1183.4403076171875,1194.930824721551,1179.7148232909426,1184.8316796350223,17800782,-0.4192159132976103,-0.004200970867492329,1.012898033601173,1176.8933628627233,1154.1558576311384,1136.9421956380208,1.005562903964841,1,0.5357675396349708,0.9395666481339715,2,5,2,0,0,7230100.142857143,2.4620380974371407,1
2023-06-01,1184.5174560546875,1193.4944735314186,1183.2606516913986,1187.2554902181837,4277841,0.09101840038461262,0.000909770037556984,1.0086488313672828,1179.3876778738838,1158.9200962611608,1139.554512532552,1.004349526688333,1,0.5241231319387752,0.8768312239648998,3,6,2,0,0,6778930.142857143,0.6310495771235373,0
2023-06-02,1181.7880859375,1194.4338775054596,1179.104315999841,1190.8857617337856,10909311,-0.23042042168617272,-0.0023068629804062148,1.013001022299388,1181.671630859375,1162.6461879185267,1142.3391682942708,1.0000985511330591,1,0.5385148792157005,0.8722634706296821,4,6,2,0,1,7648249.285714285,1.4263801547861235,1
2023-06-05,1186.791748046875,1191.2950529177192,1180.2414662246276,1186.3368642798964,5002553,0.4233975760049802,0.0042250377048060825,1.0093655298592838,1183.9394356863838,1166.34814453125,1145.1724202473958,1.002409170836376,1,0.5373801928082272,0.8717250376470784,0,6,2,1,0,7743739.571428572,0.6460125568346204,0
2023-06-06,1163.5927734375,1172.3265202842344,1158.134167776339,1172.3265202842344,10008100,-1.9547637272970597,-0.01974121920012545,1.01225449771087,1181.2131173270088,1169.508754185268,1147.2637939453125,0.9850828409953809,1,0.8603401570089131,0.9669747946677755,1,6,2,0,0,8384667.285714285,1.1936192169547029,1
2023-06-07,1172.6448974609375,1177.2392682391398,1166.7769408938925,1174.0550816558036,5397578,0.7779460503777091,0.0077493565285711805,1.0089668615984404,1180.1710902622767,1173.3736485072545,1149.6987955729167,0.9936227951494163,1,0.9406858773235116,0.9697353834822626,2,6,2,0,0,8524412.0,0.6331906529154152,0
2023-06-08,1167.0499267578125,1175.4197442918237,1165.5032551977433,1170.1430477667195,5034942,-0.477124039446164,-0.004782659097308208,1.0085083323876243,1177.117885044643,1175.3705182756696,1151.8680013020833,0.9914469413686221,1,0.8768346396950146,0.8891324712713605,3,6,2,0,0,8347301.0,0.6031820345282864,0
2023-06-09,1151.7203369140625,1166.777036268273,1149.9463343805824,1166.777036268273,5339073,-1.3135333366874224,-0.01322236482312236,1.0146360759493671,1172.586460658482,1174.7399117606026,1152.966650390625,0.9822050446218679,0,0.9653357546952038,0.8253996316024483,4,6,2,0,1,6567056.857142857,0.813008493171914,1
2023-06-12,1175.374267578125,1178.7858962557063,1158.1342150829948,1158.5890989066725,4785588,2.0537911770700523,0.020329852769480402,1.0178318548090142,1171.2802908761162,1175.333984375,1154.6592651367187,1.0034953005987546,0,1.338875967781594,0.9905075632465884,0,6,2,1,0,6639592.142857143,0.7207653568221543,1
2023-06-13,1187.1102294921875,1188.611368241848,1180.0141088524708,1182.6069242988215,4846587,0.9984872255409005,0.009935352776055667,1.0072857259289363,1172.0405970982142,1176.8561139787946,1156.0039794921875,1.0128576027411365,0,1.3986138050474188,1.0201816653744005,1,6,2,0,0,5773488.714285715,0.8394555250463689,0
2023-06-14,1183.061767578125,1188.7932366228665,1176.5113744554915,1188.474840185205,3457981,-0.34103504573407273,-0.003416178957720509,1.0104392209323596,1171.5077427455358,1177.72358921596,1157.4621053059896,1.0098625253688134,0,1.3965003319700957,1.023558590974878,2,6,2,0,0,5552835.571428572,0.622741472445648,0
2023-06-15,1170.68896484375,1177.1937141878004,1166.9134071805377,1177.1937141878004,6161155,-1.0458289730470804,-0.010513361953210402,1.0088098285134128,1172.521484375,1176.8673008510045,1158.3761393229167,0.9984371121931068,0,1.2194571969816443,1.027575801145788,3,6,2,0,0,5003272.0,1.2314251553783204,1
2023-06-16,1175.101318359375,1184.0625068222432,1165.4578042106698,1170.8708768960637,8536287,0.3769022898592045,0.0037619379284831536,1.0159634287439294,1172.8724016462054,1176.5217459542412,1159.8696451822916,1.0019003914748452,0,1.1910165901142185,1.0329730374530588,4,6,2,0,1,5451659.0,1.5658145529645195,1
2023-06-19,1177.2391357421875,1182.2428569528383,1170.9162960891515,1177.2391357421875,4451787,0.18192621771517814,0.0018176093240622933,1.009673245561205,1174.3280029296875,1175.722943987165,1161.2399088541667,1.0024789775984542,0,1.1695537494485357,1.0130242051149116,0,6,2,1,0,5368351.142857143,0.8292652402075679,1
2023-06-20,1185.791015625,1187.24662145551,1174.6008306327171,1177.239178669295,4009180,0.7264352350485614,0.007238094032712935,1.010766032589966,1179.1952427455358,1175.8908517020088,1162.7426310221354,1.0055934527552088,1,0.9903006952641199,1.0281731729570986,1,6,2,0,0,5178366.428571428,0.7742171310781545,0
2023-06-21,1182.1065673828125,1186.1551000366512,1178.1491003379751,1182.6524057587176,4041529,-0.3107164916615224,-0.0031120021762324817,1.0067954045004825,1180.1569998604912,1175.7186453683037,1164.3454549153646,1.001651956072414,1,0.7020636416407801,1.0316114406608494,2,6,2,0,0,5072072.285714285,0.7968200712326486,0
2023-06-22,1165.912841796875,1173.0544960395678,1158.589167380581,1173.0544960395678,6676607,-1.3699040368069793,-0.013793738061159746,1.0124852959670692,1177.1288016183037,1174.5846993582588,1165.6224446614583,0.9904717650217979,1,0.7563450351602732,1.0934696674572104,3,6,2,0,0,5333503.714285715,1.251823821199712,0
2023-06-23,1150.85595703125,1163.9110992338817,1149.354818354435,1161.27275111336,7239467,-1.2914245581530537,-0.01299835941355347,1.0126647408154492,1172.5279715401787,1172.017857142857,1166.7237060546875,0.9815168464761985,1,0.853506595692155,1.1269479660385655,4,6,2,0,1,5873716.0,1.232519073104658,1
2023-06-26,1155.72314453125,1159.0438181837924,1148.3540498449702,1155.6321899905513,3403244,0.4229189126809141,0.004220271241248918,1.0093087740146562,1170.3899972098213,1171.4557407924108,1167.5937174479166,0.9874684056480859,0,0.8460188762075477,1.018268358768546,0,6,2,1,0,5479728.714285715,0.6210606724248419,1
2023-06-27,1163.729248046875,1166.322063496411,1159.2258317923613,1164.5025282959484,3240024,0.6927354144899533,0.006903470265130251,1.0061215265476595,1168.765415736607,1170.8189086914062,1168.5525472005208,0.9956910363517575,0,0.8880796730861452,1.0132218190470876,1,6,2,0,0,4723119.714285715,0.6859923516653853,1
2023-06-28,1176.6478271484375,1179.6955262002027,1165.7761494538163,1173.6001280966725,5662358,1.110101780396433,0.011039853745076942,1.0119400081678698,1168.680943080357,1171.5044730050224,1170.462666829427,1.006816988088367,0,1.0049610077210285,1.049859662111851,2,6,2,0,0,4896058.428571428,1.156513567517241,1
2023-06-30,1214.99462890625,1218.0878609550978,1186.7463005247835,1190.1579290222737,12821692,3.2589871729712394,0.03207008490253664,1.0264096550513409,1172.8528878348213,1176.0240652901787,1173.6779418945312,1.0359309692703453,0,1.5943167292515743,1.2754772768385207,4,6,2,0,1,6154988.714285715,2.0831381819175205,0
2023-07-03,1213.35693359375,1224.5471188494619,1208.5806539697087,1209.9908380904787,7732412,-0.13479033351565528,-0.0013488125739928966,1.0132109221071095,1177.3172258649554,1178.7371128627233,1176.1533813476562,1.0306117220890205,0,1.5833496904253366,1.1869506565118297,0,7,3,1,0,6682257.714285715,1.1571556097678193,1
2023-07-04,1223.77392578125,1224.5472060405089,1211.2646211133026,1223.0006455219911,5797775,0.8585266131579949,0.008548622316209642,1.0109658820175875,1185.5830950055804,1181.355948311942,1178.2608846028645,1.0322126984911926,1,1.3833028910542702,1.1805879778921824,1,7,3,0,0,6556710.285714285,0.8842505993641585,1
2023-07-05,1225.7298583984375,1235.4187939129251,1219.9982784398992,1235.3278393695025,5414936,0.15982793684208296,0.0015970034792550409,1.0126397846173565,1196.2793666294642,1184.4036690848213,1180.2166381835937,1.024618406528193,1,1.1179764020110599,1.169689692068968,2,7,3,0,0,6296063.0,0.8600511144821772,0
2023-07-06,1222.63671875,1225.8663271465525,1216.4957873550766,1221.4085546821386,5963897,-0.25235084445760503,-0.002526697858816702,1.0077028953892635,1205.8384486607142,1188.114222935268,1182.111181640625,1.0139307799547634,1,1.1935640640725704,1.1197215155236715,3,7,3,0,0,6661870.571428572,0.8952285902367961,0
2023-07-07,1210.1727294921875,1224.3651918692738,1205.7603791627248,1213.6298905441663,6295647,-1.0194352146200458,-0.010246670425064521,1.0154299419918476,1212.4732317243304,1190.6193237304688,1183.4197021484374,0.9981026366834744,1,1.3828191849076443,1.1747514813674413,4,7,3,0,1,7098388.142857143,0.8869121937682553,0
2023-07-10,1209.217529296875,1220.8170652524432,1200.256341377616,1215.9498311998555,3940315,-0.07893089738629788,-0.0007896206422036264,1.017130277229969,1217.1260463169642,1192.9034946986608,1184.3043863932292,0.9935023023753206,1,1.3782513596920953,1.1774099885276716,0,7,3,1,0,6852382.0,0.5750285083347659,1
2023-07-11,1226.91259765625,1229.0051076173486,1207.2616391546826,1213.129595917475,6126128,1.4633486474236124,0.014527450212786805,1.018010568510974,1218.82861328125,1195.8407505580358,1185.8701700846354,1.0066325849975222,1,0.8051456885058061,1.2186026808515817,1,7,3,0,0,5895872.857142857,1.039053614017166,0
2023-07-12,1212.9930419921875,1229.914695139052,1207.2614623680488,1229.0958821848033,8102770,-1.1345189291113944,-0.011410036889862972,1.0187641480136114,1218.7766287667412,1198.0469273158483,1186.6891927083334,0.9952545965864098,1,0.9398841053157883,1.266733041494173,2,7,3,0,0,5948781.142857143,1.3620891079056099,1
2023-07-13,1241.923583984375,1252.5679302987028,1210.7640473114604,1214.4486500848052,9977644,2.385054241092166,0.023570561288061356,1.0345268618440309,1221.3694370814733,1203.4762660435267,1188.6386352539062,1.0168287712782604,1,1.2858428672173943,1.3075033254475343,3,7,3,0,0,6545905.285714285,1.524257312701286,1
2023-07-14,1297.282958984375,1300.9675618860852,1256.0705566992494,1256.0705566992494,12833381,4.457550827917656,0.04361059071722317,1.035744015292276,1231.59130859375,1213.935337611607,1192.3974853515624,1.0533388388926135,1,2.0516585471037048,1.5878495944711215,4,7,3,0,1,7605683.142857143,1.6873410000063487,0
2023-07-17,1294.5537109375,1327.3053432456984,1286.68431035238,1297.2830136298498,11569884,-0.2103818621815301,-0.0021060347569885553,1.0315703180387688,1241.8651646205358,1223.851806640625,1196.156339518229,1.042426946030863,1,2.048021308693219,1.610446056399508,0,7,3,1,0,8406538.42857143,1.376295855696949,1
2023-07-18,1342.0888671875,1344.5907276179005,1300.0576563790098,1304.6064935251925,16743977,3.6719338756192377,0.03606124532186964,1.0342546894134885,1260.7103271484375,1236.5917794363838,1201.33291015625,1.0645497528549086,1,2.10585570247039,1.7795224857647507,1,7,3,0,0,9899157.0,1.691454838023076,0
2023-07-19,1341.8616943359375,1363.559740717556,1328.8975058703597,1351.9146708665796,13687062,-0.016926811414397225,-0.00016928244160801652,1.0260834524062818,1279.6594935825892,1248.3927699497767,1207.2752075195312,1.0486084001762097,1,2.0981859931127267,1.8013780628693972,2,7,3,0,0,11291549.42857143,1.2121509175142178,0
2023-07-20,1318.7081298828125,1338.2681331891117,1310.7021306189188,1338.2681331891117,8347221,-1.725480692299164,-0.017405405990009854,1.0210314776532607,1292.7731410435267,1255.8008771623884,1212.1439819335938,1.0200615158343644,1,2.4313839996365263,1.8041295387651475,3,7,3,0,0,11608848.42857143,0.7190395370703621,0
2023-07-21,1211.446533203125,1228.1862795203028,1187.2467368696261,1201.0751601871634,45548305,-8.133839039061607,-0.08483744031118426,1.0344827586206895,1292.552211216518,1255.6644199916295,1213.623868815104,0.937251526623394,1,4.246495643013587,2.9549168960383976,4,7,3,0,1,16958210.57142857,2.6859145785546747,1
2023-07-24,1215.9954833984375,1228.0954382086932,1213.8575515184493,1219.9984834822862,8859789,0.37549739675963867,0.003747941651459498,1.0117294543107083,1288.8481968470983,1255.1088169642858,1215.7663736979166,0.9434745584259807,1,4.129520797371133,2.947312842481107,0,7,3,1,0,16798517.0,0.5274149497839601,0
2023-07-25,1214.1759033203125,1221.681486555465,1204.7598302000642,1216.3593679271178,6801982,-0.14963707538120374,-0.0014974914346373297,1.0140456678013499,1276.9757603236608,1254.2835344587054,1217.0597615559896,0.9508214181078651,1,3.5906357175035915,2.9471485779275413,1,7,3,0,0,15936888.57142857,0.42680740155230157,1
2023-07-26,1227.1400146484375,1228.186269607745,1218.5427551834298,1221.817896357927,5528885,1.0677292550999473,0.01062069279454289,1.0079139729675415,1267.3452322823662,1254.6051984514509,1218.3940877278646,0.9682760335465003,1,3.6623856659034932,2.9604471418251483,2,7,3,0,0,15073888.714285715,0.3667855790098945,1
2023-07-27,1231.052001953125,1240.7410487249037,1225.5024420215238,1236.0101907567564,9191861,0.3187889937570132,0.003182819389817278,1.0124345788150722,1251.4828229631696,1256.0965750558037,1219.9937622070313,0.9836747092048215,0,3.182924201404883,2.9441948607116175,3,7,3,0,0,13995015.0,0.6567953660642736,0
2023-07-28,1219.5433349609375,1240.7863838959101,1215.4493812068724,1231.6887088868766,6122735,-0.9348644065342859,-0.009392616910501665,1.0208457901092347,1234.0087716238838,1256.8341326032366,1221.6222412109375,0.9882776873263951,0,3.1456849764937536,2.9584706371575082,4,7,3,0,1,12914396.857142856,0.47410150607332163,1
2023-07-31,1233.3719482421875,1235.0095744205735,1212.9477090948283,1227.0491075504592,7902180,1.1339173348598575,0.01127536681169507,1.0181886367897994,1221.8178885323662,1257.2955147879463,1223.5645955403645,1.0094564499490999,0,3.2663367331801876,2.9481057340181227,0,7,3,1,0,12850819.57142857,0.6149164227291029,1
2023-08-01,1242.0146484375,1245.471809643269,1234.55459874793,1239.1034366209878,6064652,0.7007375356339329,0.006982937797329495,1.008843036109064,1226.1847621372767,1259.3684866768974,1225.723779296875,1.0129098703466444,0,0.7250591175426175,2.930750902314045,1,8,3,0,0,7210297.714285715,0.8411097905131082,0
2023-08-02,1234.4180908203125,1248.1555587567932,1226.7760211098619,1245.7447635687552,7419145,-0.6116318858834902,-0.0061351001577960185,1.0174274172946332,1228.8165631975446,1258.8323800223213,1227.3446818033854,1.004558473404844,0,0.8120632789628862,2.868445376882209,2,8,3,0,0,7004491.428571428,1.0591982409653888,1
2023-08-03,1241.1959228515625,1243.2428998554956,1227.2764348025732,1228.186202359877,6503741,0.5490710223426731,0.0054756912256094855,1.0130096729637694,1232.6765659877233,1254.826163155692,1229.314326985677,1.00691126699323,0,0.8022449183543761,2.5761133569993415,3,8,3,0,0,6961885.571428572,0.9341924588205259,1
2023-08-04,1253.9781494140625,1260.8469392172133,1239.1034713632262,1245.380890015176,5712345,1.0298314977649659,0.010245648606597013,1.017547741860545,1236.5105852399554,1251.9279087611608,1232.2498372395833,1.0141264978906084,0,0.7964464845103931,2.6000238750917983,4,8,3,0,1,6988094.142857143,0.8174396170433471,1
2023-08-07,1267.30615234375,1269.1256873794193,1252.7498720583947,1262.666360213914,3729093,1.062857669084205,0.010572490431003397,1.0130718954248366,1241.6897495814733,1246.5862862723213,1236.1315104166667,1.0206302764204271,0,0.8455982774951849,2.3862799992700943,0,8,3,1,0,6207698.714285715,0.6007206811468275,0
2023-08-08,1264.7587890625,1267.8065991644844,1259.482203966465,1267.1696952534337,4161877,-0.20100614808339357,-0.002012084365615373,1.006609378974791,1248.1491001674108,1241.0789358956474,1239.7660319010417,1.0133074557301378,1,0.678894703057509,2.384626216769568,1,8,3,0,0,5927576.142857143,0.7021212211698287,1
2023-08-09,1268.579833984375,1270.0354397844685,1257.7535784398478,1259.1182297003613,4090828,0.30211649485412106,0.003016610400772309,1.0097649186256783,1253.1787981305804,1237.4983433314733,1243.2610514322917,1.0122895758185257,1,0.6248700951887544,2.358983155168342,2,8,3,0,0,5383097.285714285,0.7599394517457966,0
2023-08-10,1263.7581787109375,1269.853688398212,1260.5739920409878,1266.0325977609016,3873025,-0.38008291983434583,-0.003808070704616914,1.0073614848599244,1256.2850167410713,1241.2348894391741,1246.1647298177083,1.0059486198356902,1,0.6712990774073019,0.6736517180272505,3,8,3,0,0,5070007.714285715,0.7639090940802739,0
2023-08-11,1248.064697265625,1270.8088879474917,1243.6978792880777,1266.3965371663332,5783517,-1.2418104752699,-0.012495853749518678,1.0217987094059635,1258.2345319475446,1243.5255475725446,1247.2670654296876,0.9919173775447266,1,0.8297007126158183,0.7892919002233633,4,8,3,0,1,4836346.571428572,1.1958442006962398,1
2023-08-14,1267.806640625,1269.1257591782453,1242.378570429603,1248.0646177377491,4304135,1.5818044851863444,0.015694243405079803,1.021529016505326,1262.0360630580358,1247.3563145228795,1249.0820556640624,1.0045724347630618,1,0.987245361068111,0.8642405400746334,0,8,3,1,0,4522117.142857143,0.9517964404788908,1
2023-08-16,1290.5052490234375,1291.8243675275844,1278.5873165202784,1283.5000834227826,7735313,1.7903840910036273,0.01774545483580904,1.0103528721396449,1267.2542201450892,1251.8824026925224,1251.3064331054688,1.0183475647654077,1,1.11371790760334,0.9317504806934302,2,8,3,0,0,4811112.571428572,1.607801290274765,0
2023-08-17,1284.1824951171875,1291.8699868845008,1279.1332405349353,1291.8699868845008,5618346,-0.48994406733600115,-0.004911482280342508,1.0099573257467993,1269.6651262555804,1255.6774379185267,1253.2548543294272,1.0114340140257463,1,1.1181132309913657,0.9594469687903924,3,8,3,0,0,5081005.857142857,1.1057546788893684,0
2023-08-18,1263.4852294921875,1281.5895150593437,1261.0743232513742,1277.0406772674733,5134103,-1.611707502920856,-0.016248367696629303,1.0162680275299525,1269.483189174107,1258.8161446707588,1254.6164713541666,0.9952752744320925,1,1.3116599647599627,1.0404455001329567,4,8,3,0,1,5219895.285714285,0.9835643665210909,1
2023-08-21,1278.58740234375,1280.04300828704,1261.9841437074754,1264.3495172472738,3032722,1.1952789394801488,0.011881918981440889,1.0143098981628336,1270.912841796875,1262.0458199637276,1256.8969604492188,1.0060386206626288,1,1.3879680172970374,1.044539587571934,0,8,3,1,0,5068737.285714285,0.5983190347125338,0
2023-08-22,1277.0863037109375,1279.178813670877,1270.6269757839684,1277.9505385325194,2890714,-0.11740289557529149,-0.001174718667628044,1.006730407940247,1272.816859654018,1264.5509381975446,1259.1592529296875,1.0033543270774086,1,1.3756729783923656,1.0410197101887464,1,8,3,0,0,4928407.142857143,0.586541232533838,1
2023-08-23,1280.9072265625,1288.7767383819312,1278.8148277508842,1288.2309000421885,2559125,0.299190653009096,0.0029874396851191356,1.0077899555235588,1277.5086495535713,1267.871590750558,1260.959073893229,1.002660316241394,1,1.2298927019530683,1.014233572080253,2,8,3,0,0,4467779.714285715,0.5727956980101782,1
2023-08-24,1295.1451416015625,1296.4643712635414,1286.8207457961107,1293.2346518402169,5171963,1.111549278808588,0.011054169703873616,1.0074941482711832,1281.4141496930804,1271.725106375558,1263.6974772135416,1.0107154988976599,1,1.1642873145102002,1.037057599201176,3,8,3,0,0,4591755.142857143,1.1263586230301106,0
2023-08-25,1291.9609375,1294.14440193583,1284.0460038576823,1285.5016097963642,4307172,-0.2458569313416814,-0.002461596557762531,1.00786451423688,1281.622105189732,1274.4381626674108,1265.365388997396,1.0080669896909569,1,0.971491932521049,1.0248564131196178,4,8,3,0,1,4102020.714285714,1.0500122500600315,0
2023-08-28,1287.91259765625,1296.2369938760085,1284.0460851385783,1291.9610192819164,3133464,-0.3133484710136636,-0.003138404353123102,1.009494136447692,1282.1549769810267,1275.9100516183037,1265.0530436197917,1.0044905809193052,1,0.9582402864043833,1.0033875853650611,0,8,3,1,0,3747037.5714285714,0.8362510223790885,1
2023-08-29,1289.7320556640625,1295.8729869417455,1287.594124022955,1295.509057691945,3074444,0.1412718542487701,0.0014117215944750641,1.0064297147403283,1285.9045235770088,1277.693856375558,1264.8923217773438,1.002976528985532,1,0.6236439175993687,0.9991267972653745,1,8,3,0,0,3452800.5714285714,0.8904203809048754,1
2023-08-30,1305.653076171875,1307.0177276584382,1295.5091445772975,1298.2384475504239,3070887,1.2344440411396151,0.012268869095005977,1.008883444110999,1289.7710484095983,1280.3419451032366,1263.6777954101562,1.0123138349103593,1,0.6331614640661989,1.0406566323332138,2,8,3,0,0,3458252.714285714,0.8879880256623401,1
2023-08-31,1305.9259033203125,1314.5232740786394,1299.7395500542452,1305.653039664003,9792735,0.02089583775479742,0.00020893654878701584,1.0113743742150318,1293.8909912109375,1283.3539254324776,1262.4799357096354,1.0093013338767525,1,0.6199345551872614,1.0285856652342165,3,8,3,0,0,4444255.714285715,2.203458943310128,1
2023-09-01,1313.5679931640625,1315.524015813637,1299.3301072963106,1301.8319683222358,3582133,0.5851855625437885,0.00583480002390593,1.0124632750571934,1298.5568150111608,1288.0327322823662,1262.3085978190104,1.0115598932440801,1,0.6276215803693285,0.9380909006328949,4,9,3,0,1,4590399.714285715,0.780353176838195,1
2023-09-04,1332.900390625,1337.358273748617,1305.2434354057439,1312.7945503532342,4609014,1.4717469945632944,0.014610219012514702,1.0246044817937658,1303.9504220145088,1292.6822858537946,1266.357059733073,1.022201740282246,1,0.7088274593930102,0.927557900584805,0,9,3,1,0,4509978.428571428,1.0219592117783016,1
2023-09-05,1345.455322265625,1346.5015772139598,1325.0765058688094,1332.8095304482017,5496840,0.9419257229520417,0.009375172639330116,1.016168931567542,1311.5924769810267,1296.6072910853795,1270.6723876953124,1.0258181149090932,1,0.6655334021317956,0.8516855290979994,1,9,3,0,0,4679931.0,1.1745557787069938,0
2023-09-06,1344.1361083984375,1349.094408496813,1331.2629855860807,1348.184640888555,5075786,-0.09804962270809625,-0.0009809772279453478,1.0133943654287676,1319.6244070870537,1300.88969203404,1275.00439453125,1.0185747559530904,1,0.6206589684509772,0.8298261372333275,2,9,3,0,0,4957405.571428572,1.0238795125526343,0
2023-09-07,1333.9012451171875,1340.4516386395803,1330.1257983242597,1337.9042448716023,4411743,-0.7614454531278847,-0.007643592497569138,1.0077630554405677,1325.934291294643,1305.9194074358259,1278.5631022135417,1.0060085585498855,1,0.8024047250088442,0.6973536212739685,3,9,3,0,0,5148448.285714285,0.8569073155967272,1
2023-09-08,1336.994384765625,1341.679709913553,1328.442547485381,1331.4448248574233,3125838,0.2318867052385043,0.002316182629261021,1.009964422212484,1330.41162109375,1310.0913347516741,1282.0945149739584,1.0049479150418599,1,0.7327853517690267,0.6582552213742362,4,9,3,0,1,5156298.428571428,0.6062174335526241,1
2023-09-11,1343.2264404296875,1344.6821575553772,1332.3547611267988,1336.9945540619674,4182226,0.4661242960384504,0.004650413008401533,1.0092523378819562,1335.740269252232,1314.815630231585,1286.21728515625,1.00560451110877,1,0.7194978253940836,0.6466942623051114,0,9,3,1,0,4354797.142857143,0.9603721741344029,1
2023-09-12,1365.652099609375,1368.2904478169532,1343.8176775697427,1348.7304447397828,6793161,1.669536759007939,0.01655753196921139,1.0182113769268677,1343.1808558872767,1320.8688354492188,1290.6266235351563,1.0167298719480737,1,0.8664044097862318,0.734057247475628,1,9,3,0,0,4813515.428571428,1.4112681471171886,0
2023-09-13,1363.150146484375,1369.2001227261467,1354.3254459295783,1369.2001227261467,4804686,-0.18320574659649314,-0.0018337377357917752,1.0109830889180103,1347.5022495814733,1325.7263357979912,1294.6644734700521,1.0116125200590662,1,0.7994332068673873,0.7273402706023379,2,9,3,0,0,4841468.571428572,0.9924026003916167,1
2023-09-14,1370.9742431640625,1376.0690305788348,1363.8781225031132,1369.200240762729,6444213,0.5739717447756032,0.005723308029905682,1.0089384145654803,1351.1478097098213,1331.3701433454241,1299.2163452148438,1.0146737709314713,1,0.7632980971407196,0.7067715708448353,3,9,3,0,0,4976807.571428572,1.2948487373704536,1
2023-09-15,1375.2047119140625,1381.3911761511094,1372.839338313645,1381.0272468920564,8657816,0.3085739043672042,0.0030809879222539697,1.0062293071001078,1355.586181640625,1337.6052943638392,1303.6833048502604,1.01447235929308,1,0.7457799506774139,0.6754974619023044,4,9,3,0,1,5488526.142857143,1.5774391475327894,0
2023-09-18,1357.1912841796875,1369.1092169496771,1353.7341230453653,1369.1092169496771,3991916,-1.3098724559562624,-0.013185269434519862,1.0113575432890205,1358.913330078125,1342.4238106863838,1307.1237426757812,0.9987327772416962,1,0.8936230817981172,0.8249040177374849,0,9,3,1,0,5428550.857142857,0.7353557339796235,0
2023-09-20,1355.7811279296875,1360.193478454991,1342.9988490854248,1342.9988490854248,4169337,-0.10390254243729524,-0.0010395655854823645,1.0128031601674683,1361.5971505301338,1346.004385811942,1310.072908528646,0.9957285291040879,1,0.9037751799487358,0.7937272514282403,2,9,3,0,0,5577622.142857143,0.7475115547831379,1
2023-09-21,1366.243408203125,1368.790801746706,1342.8168939622524,1352.4149859666784,6779195,0.7716791492306418,0.007687169351166307,1.0193428515095697,1364.885288783482,1350.312779017857,1313.4557291666667,1.0009950429027288,1,0.9257124848113591,0.8007604854087084,3,9,3,0,0,5948617.714285715,1.1396252584393916,0
2023-09-22,1361.148681640625,1370.9741041105199,1351.186660777571,1357.2821697249913,5455613,-0.3729003581580348,-0.0037359736484342014,1.0146444928057252,1364.241943359375,1353.7113996233259,1316.541357421875,0.9977326149999955,1,0.6958324284085007,0.8176685926409671,4,9,3,0,1,5757539.428571428,0.9475598157308073,0
2023-09-25,1341.1339111328125,1355.417217832278,1338.7685376167728,1355.417217832278,4217863,-1.4704323471619762,-0.014813503638185427,1.0124358167582446,1361.0967668805804,1354.2995082310267,1319.1205485026042,0.9853332575364795,1,0.8832614098614333,0.8586686107233958,0,9,3,1,0,5673707.571428572,0.7434050745301264,0
2023-09-26,1328.8519287109375,1346.3649531864253,1327.3507901162034,1345.6826275575102,3996528,-0.9157909079713589,-0.00920010051684808,1.0143248967882539,1355.0792933872767,1353.1135515485491,1321.813456217448,0.980645143937829,1,0.8357447945203287,0.85332754100201,1,9,3,0,0,5324038.285714285,0.7506572615609612,1
2023-09-27,1334.6290283203125,1336.994401796738,1319.2085123948889,1324.6215850268404,3863586,0.43474366741365067,0.004338013871472768,1.013482242749905,1349.2827671595983,1352.4344744001116,1324.040869140625,0.9891396086899311,0,0.85574640915098,0.8645212426722602,2,9,3,0,0,4639148.285714285,0.832822268668898,0
2023-09-28,1309.56494140625,1339.7237598799838,1305.51651996519,1335.4478965364908,5814602,-1.8779815500946095,-0.018958395571053242,1.0262020735790505,1342.47900390625,1350.6961669921875,1324.6761922200521,0.9754826240081007,0,0.9727319257007071,0.9793518796255206,3,9,3,0,0,4899532.0,1.1867668177287136,0
2023-09-29,1305.9259033203125,1316.251854791077,1288.2309672949007,1302.8782039633304,6068968,-0.2778814529067808,-0.0027826826015938696,1.0217514469125177,1335.3568289620537,1348.4769897460938,1325.4009724934897,0.9779602537663156,0,0.9629507256000387,0.9744476365457855,4,9,3,0,1,5170907.857142857,1.1736755261683116,0
2023-10-03,1304.606689453125,1307.3359921507258,1292.142918222993,1306.4717573853966,4181867,-0.10101751284918858,-0.001010685699259886,1.0117580444960583,1326.5515834263392,1345.7184361049108,1326.7716878255208,0.9834571876077876,0,0.8108493641281547,0.9579129372870328,1,10,4,0,0,4799861.0,0.8712475215428114,1
2023-10-04,1314.022705078125,1319.1173810169118,1290.2322620419864,1296.41872564626,4510406,0.7217512911072976,0.007191591316328346,1.0223875342639552,1319.819301060268,1342.0306222098213,1327.9528645833334,0.9956080381780398,0,0.9650884388989653,0.8417783723518757,2,10,4,0,0,4664831.428571428,0.9668958180084292,1
2023-10-05,1331.3994140625,1342.4986459516133,1319.3449927806503,1320.9826189619423,7384621,1.3224055350962827,0.013137380820676028,1.0175493546401115,1318.4286586216517,1339.7627127511162,1329.763301595052,1.009838041183365,0,1.067928991251279,0.9439187099993004,3,10,4,0,0,5117225.428571428,1.4430908122141415,1
2023-10-06,1345.273193359375,1350.5498894209854,1331.262862333814,1336.903376560551,3598672,1.0420448702573637,0.01036653007438748,1.01448776769252,1320.7745535714287,1337.9269234793526,1331.9088338216145,1.0185486915399007,0,1.074749004031958,0.9796824091647892,4,10,4,0,1,5060388.857142857,0.7111453490220203,0
2023-10-09,1342.3165283203125,1356.4634585781648,1330.2621079137662,1332.7185470073355,3567552,-0.21978175538301947,-0.002200236299454397,1.0196963820201492,1321.872767857143,1335.5777675083705,1333.4812133789062,1.0154657550713526,0,1.0774200123293551,0.9716059325151912,0,10,4,1,0,5018098.285714285,0.7109370516229712,1
2023-10-10,1360.239013671875,1361.9220614766054,1336.5395238912695,1350.0041284403374,5688951,1.3351906926147628,0.013263555785478,1.0189912360477271,1329.1119210379463,1335.7954624720983,1335.757149251302,1.0234194668945715,0,0.7287444074998909,0.9895636199180522,1,10,4,0,0,5000148.142857143,1.1377564899005708,0
2023-10-11,1359.5567626953125,1381.2546983673178,1347.7752053035967,1361.922136312119,7220129,-0.05015669817621804,-0.0005016928085562467,1.024840561639639,1336.773472377232,1336.065150669643,1338.1452880859374,1.0170434937473467,1,0.6898765540202122,0.9891477080178666,2,10,4,0,0,5164599.714285715,1.398003601330132,0
2023-10-12,1333.264404296875,1368.654385789573,1320.982541821264,1357.2822909047482,11081662,-1.9338919212400607,-0.01952836250685432,1.0360881710840653,1340.867431640625,1333.709507533482,1339.596366373698,0.9943297695474285,1,1.1709340351261015,1.0909802436689386,3,10,4,0,0,6150284.714285715,1.8018128452264683,0
2023-10-13,1302.0137939453125,1308.2456791767233,1273.6745138020951,1278.2233513513881,17973439,-2.343916949319824,-0.023718236179812342,1.0271428571428571,1339.1518729073662,1329.485586983817,1339.4750569661458,0.9722674629267963,1,1.5165364902576302,1.2367742073570909,4,10,4,0,1,8073575.142857143,2.226205699701881,1
2023-10-16,1304.7431640625,1313.340423053773,1300.9676064898863,1302.8780961484347,4850745,0.20962682038236924,0.002094074099385043,1.0095104724377186,1335.3438371930804,1326.8862479073662,1339.4356323242187,0.9770840496071007,1,1.393314020902284,1.1963232739087624,0,10,4,1,0,7711592.857142857,0.6290198523002937,1
2023-10-17,1312.2943115234375,1322.2108011891066,1308.291422679862,1310.2928671016498,3923764,0.5787458918294686,0.005770775915111057,1.0106393562381786,1330.632568359375,1325.7035609654017,1339.3931762695313,0.9862183917093297,1,1.329586701823014,1.1932171430690524,1,10,4,0,0,7758034.571428572,0.505767790008375,0
2023-10-18,1310.565673828125,1322.8020028156968,1308.5641186072812,1311.8847923385383,4264837,-0.13172637266908316,-0.0013181320812053626,1.01088053997963,1326.0967320033483,1323.9847499302455,1338.6486857096354,0.9882881408268307,1,1.331398650165754,1.1838828011915763,2,10,4,0,0,7857646.714285715,0.5427626304764056,0
2023-10-19,1304.2884521484375,1309.7470582096269,1297.419661765858,1297.419661765858,6795691,-0.4789704022501895,-0.004801211414184221,1.0095014718884332,1318.103794642857,1323.6078578404017,1337.276456705729,0.9895187749625113,0,1.1106570459536174,1.07875961146006,3,10,4,0,0,8015752.428571428,0.847792027081247,0
2023-10-20,1298.4658203125,1308.700705916645,1296.6462850939854,1300.9676812379575,3928622,-0.44642209523103604,-0.00447421534253541,1.0092966146290125,1309.3765171595983,1323.074994768415,1335.7541137695312,0.9916672578863972,0,1.0882561568572426,1.0827510655231942,4,10,4,0,1,7545537.142857143,0.5206550475626464,0
2023-10-23,1281.544189453125,1303.1056377818345,1278.4509573114844,1296.9647063021316,2636516,-1.3032018705969817,-0.013117680506438011,1.0192848073908112,1301.9879150390625,1321.4276733398438,1334.008878580729,0.9842980680928024,0,0.9854489623804626,1.13477355324916,0,10,4,1,0,6339087.714285715,0.4159141060721356,0
2023-10-25,1262.560302734375,1292.5104566531788,1254.4967997562355,1289.2389333048216,6940777,-1.481329077450777,-0.014924103259665823,1.0303019161980562,1296.3517020089287,1317.7517874581474,1331.527742513021,0.9739334632552356,0,0.7512026428268758,1.1613146181565106,2,10,4,0,0,4762993.142857143,1.45723010548709,0
2023-10-26,1252.7919921875,1266.2004921783227,1246.940214740459,1248.7372916684367,6357656,-0.77369061309146,-0.007766991266866654,1.0154460311811122,1288.9301060267858,1312.136971609933,1328.5132609049479,0.9719627048275845,0,0.7005407635986148,1.070594477487908,3,10,4,0,0,4978266.142857143,1.2770823852240236,1
2023-10-27,1272.0521240234375,1276.3373223697179,1256.6623976967833,1256.6623976967833,4634358,1.537376671949131,0.015256787782300914,1.0156564919177935,1283.1812220982142,1306.9068952287946,1325.39326171875,0.9913269475245446,0,0.9956106683439623,1.1294920226707434,4,10,4,0,1,5079779.571428572,0.9123147835126816,0
2023-10-30,1269.0111083984375,1272.0521334622172,1256.155513264206,1272.0521334622172,2667696,-0.23906375906841415,-0.0023934997271931355,1.012654977851192,1277.2448556082588,1301.6707938058037,1322.2552937825521,0.9935535092009432,0,0.9908920985767691,1.1292762768516242,0,10,4,1,0,4851616.571428572,0.5498571374560396,0
2023-10-31,1261.039794921875,1272.7894712580314,1256.0634389161826,1271.6835518717269,3451595,-0.6281515917242686,-0.006301327647057745,1.0133162321453135,1271.0664760044642,1294.5851353236608,1318.5908121744792,0.9921115997692681,0,0.9930942951415701,1.0139910027810048,1,10,4,0,0,4373888.571428572,0.7891364728737618,0
2023-11-01,1247.90771484375,1269.379603358429,1245.6038569027073,1265.3249033766447,3090672,-1.041369204287368,-0.010468293936190831,1.0190877270682526,1263.8438895089287,1286.6102033342634,1314.3475789388021,0.9873907095666928,0,1.0153158121613477,1.0121648204974079,2,11,4,0,0,4254181.428571428,0.7265021607312738,1
2023-11-02,1262.6524658203125,1268.3199791238953,1254.819348447591,1262.5142118386507,3758060,1.1815578028066431,0.011746319108299248,1.0107590233550405,1261.1450718470983,1281.5664934430804,1311.1962849934896,1.0011952581878676,0,1.1394853832762168,1.0397270347300178,3,11,4,0,0,4414402.0,0.8513180267678385,1
2023-11-03,1280.069580078125,1282.7880874213406,1269.6560973022642,1271.7756915818663,3349045,1.3794068224859624,0.01369979600808082,1.010342950462711,1263.6463971819196,1279.9990495954241,1308.6725667317708,1.0129966602467517,0,1.1188296426974724,0.9736252186130407,4,11,4,0,1,3901297.4285714286,0.8584439052180516,1
2023-11-06,1293.2015380859375,1296.8415885050185,1281.6822487938339,1284.5390100396637,2736381,1.025878453186202,0.010206520342612513,1.0118276895271436,1269.419189453125,1279.1746477399554,1306.2378377278646,1.018734826785672,0,1.0625271978336353,1.0181091997736296,0,11,4,1,0,3383972.4285714286,0.8086298153307311,1
2023-11-07,1294.1231689453125,1295.5976155760281,1285.4145181543718,1290.1604881630135,2272209,0.07126738039138214,0.0007124199725305876,1.0079220339258945,1272.5721958705358,1277.876708984375,1304.0036539713542,1.01693497087608,0,0.9535250741531565,1.0025859770322643,1,11,4,0,0,3046522.5714285714,0.7458369162630293,0
2023-11-08,1281.8665771484375,1294.7681818070128,1277.6735106371746,1294.7681818070128,3550635,-0.9470962340365152,-0.009516097110056639,1.013379530081447,1274.40869140625,1275.8267735072545,1302.028076171875,1.0058520361580068,0,1.047012003737594,1.0282447983290444,2,11,4,0,0,3172656.714285714,1.1191362065780204,0
2023-11-09,1266.9376220703125,1287.8566074771882,1262.5602919196745,1286.3821608724284,5498051,-1.164626283597714,-0.011714611746167534,1.0200357287643282,1275.2512381417412,1273.1588570731026,1299.964265950521,0.9934808014116944,1,1.1297277174717204,1.0607729196233346,3,11,4,0,0,3465007.5714285714,1.5867356381369275,0
2023-11-10,1261.4544677734375,1265.4171487849635,1254.2203756878132,1262.4681428598753,2943649,-0.43278802376355285,-0.004337272620512884,1.0089272773064382,1277.186488560268,1270.5151890345983,1297.5251139322916,0.9876822837324527,1,1.0503841336092947,1.060537597902231,4,11,4,0,1,3444004.285714286,0.8547169967848887,1
2023-11-13,1265.78564453125,1273.9872886097166,1263.2974105189112,1271.5912989072524,3462092,0.3433478471448481,0.0034275975417606104,1.0084618855400127,1277.6340855189733,1269.3895786830358,1296.0658040364583,0.9907262641768747,1,0.9581208573518485,1.019421557668028,0,11,4,1,0,3401723.1428571427,1.017746552146555,1
2023-11-15,1299.836669921875,1303.062071087934,1283.7096640915788,1289.2389232333946,8551860,2.690109935891627,0.02654562578236918,1.015075376884422,1280.4579554966517,1272.0521763392858,1295.8628295898438,1.0151342059628243,1,1.3224567742593094,1.176896017730537,2,11,4,0,0,4144982.4285714286,2.0631836557501173,1
2023-11-16,1331.537841796875,1339.3709592887674,1299.9288638617754,1304.9973516506468,6673907,2.4388580972181106,0.02409592824106254,1.030341733708273,1285.9345703125,1277.6768798828125,1296.7605346679688,1.0354631351681391,1,1.5526009684400017,1.2782365505905957,3,11,4,0,0,4707486.142857143,1.4177220702235283,0
2023-11-17,1324.764404296875,1337.1591147047359,1322.4605464148888,1327.9898053316556,4901251,-0.5086928277501568,-0.005099910743113836,1.0111145609067085,1290.3118896484375,1281.4420427594866,1297.1185913085938,1.0267009200836121,1,1.5898643812396995,1.2604424631233042,4,11,4,0,1,5083063.571428572,0.9642316943564264,0
2023-11-20,1323.888916015625,1338.0807035519097,1321.1704086192708,1328.8652717092657,3584210,-0.06608633794886742,-0.0006610818459481399,1.0127994805381022,1296.3150809151787,1285.3618861607142,1296.8682413736979,1.0212709359833874,1,1.5029733852358365,1.2556140041906159,0,11,4,1,0,5087860.0,0.704463173121902,1
2023-11-21,1326.1007080078125,1336.2376835381015,1324.0272357402534,1328.8653376978914,3793135,0.16706779288129248,0.0016692838988760727,1.0092222028884634,1304.7669503348213,1290.0090942382812,1296.229158528646,1.01635062695872,1,1.336422041759128,1.2275777568656727,1,11,4,0,0,4844300.571428572,0.7830098368321134,1
2023-11-22,1343.42578125,1344.4854659823166,1323.520357257011,1323.520357257011,3108786,1.3064673849857655,0.012980067108037726,1.0158404127374026,1316.4771379743304,1296.8318132672991,1296.266133626302,1.0204702706171833,1,1.2584290136158196,1.179832466326943,2,11,4,0,0,4867891.571428572,0.6386309050609502,0
2023-11-23,1335.5465087890625,1352.733312304696,1334.1180718038254,1352.733312304696,3186928,-0.58650597382508,-0.00588232674891856,1.0139532181553477,1326.4429757254463,1302.03853062221,1295.4430501302083,1.0068631167944762,1,1.372167593598262,1.199716762737377,3,11,4,0,0,4828582.428571428,0.6600131709759123,0
2023-11-24,1324.6260986328125,1338.6796311644991,1321.3545755708367,1332.1366975336039,2973195,-0.8176735204939778,-0.008210348058579994,1.0131115870894667,1329.9843226841517,1305.2211390904017,1294.2786946614583,0.995971212622623,1,1.1849394030075482,1.2065990804836848,4,11,4,0,1,4031630.285714286,0.7374671756324594,1
2023-11-28,1329.510498046875,1331.6300926725826,1315.0884351345396,1330.7085493558543,3755373,0.3687379721042605,0.0036805980025072637,1.0125783613452206,1329.6947021484375,1307.8146362304688,1294.153564453125,0.9998614688760774,1,0.7238533942531286,1.1867718565126106,1,11,4,0,0,3614696.8571428573,1.0389178258694525,1
2023-11-29,1345.0843505859375,1346.0980255458026,1336.0532952698873,1337.2512338613426,3875778,1.1713974851602416,0.01164589737103842,1.0075182107715892,1332.5975516183037,1311.4547206333705,1295.589249674479,1.009370270080768,1,0.8082445292026975,1.2133977665290585,2,11,4,0,0,3468200.714285714,1.1175183673872888,0
2023-11-30,1340.9835205078125,1346.0520077696415,1335.8229014307437,1339.2325660460233,10120867,-0.30487530959218967,-0.00305341001124051,1.0076575317940288,1335.0396379743304,1315.6773594447545,1296.7972615559895,1.0044522142747019,1,0.8271729531850344,1.1748419350223347,3,11,4,0,0,4402008.857142857,2.2991473503233686,0
2023-12-01,1338.357177734375,1345.3608832594507,1332.6896647955414,1345.3608832594507,3489187,-0.1958519797799596,-0.0019604402055461772,1.0095080038501336,1336.790562220982,1320.7787562779017,1297.6660237630208,1.001171922930687,1,0.8398609496945832,1.1066576075605885,4,12,4,0,1,4358587.714285715,0.800531554880457,1
2023-12-04,1349.4617919921875,1356.4194883018783,1335.592634024112,1345.8677509348179,5511948,0.8297197820249069,0.008262965300058775,1.0155937175357246,1337.6528494698662,1327.0649937220983,1298.9625610351563,1.0088281070286669,1,0.7426953654061924,1.0849683568888207,0,12,4,1,0,4701896.571428572,1.1722818476045958,0
2023-12-05,1339.877685546875,1351.8117374373267,1328.8652893459846,1350.798062419795,5123039,-0.7102169548026782,-0.007127510006942629,1.0172677007032334,1338.2715890066963,1332.3572823660713,1300.1488688151042,1.0012001275027969,1,0.7620416679427344,1.1313420029023211,1,12,4,0,0,4978483.857142857,1.029035977017329,1
2023-12-06,1358.6312255859375,1361.1193473034825,1337.2053455420607,1342.4580969426866,5269178,1.3996456722397133,0.01389941080627582,1.0178835672779396,1343.1294642857142,1336.556893484933,1302.1543823242187,1.0115415242628656,1,0.8016778847923898,0.9730414491485545,2,12,4,0,0,5306481.428571428,0.9929702140535954,0
2023-12-07,1350.89013671875,1357.2948166644478,1347.1118322726165,1357.2948166644478,4424453,-0.5697711580159637,-0.005714005460147246,1.0075591232649574,1346.1836983816963,1337.939200265067,1304.4659138997397,1.003496133806041,1,0.8760739077969552,0.782955538069801,3,12,4,0,0,5402064.285714285,0.8190300533261756,1
2023-12-08,1374.1591796875,1377.4305905862009,1351.2127312666094,1355.0371580856024,6323433,1.7224970659175387,0.017078302690763825,1.0194032062553282,1350.3372453962054,1341.4673985072545,1308.1858764648437,1.017641470212358,1,0.9917477765069228,0.8704147729055182,4,12,4,0,1,5751729.285714285,1.0993968397827187,0
2023-12-11,1371.717041015625,1380.471701337861,1365.727010268832,1373.0993558033465,3862018,-0.17771876125954877,-0.0017787686840187228,1.010796221322537,1354.727748325893,1344.8836931501116,1312.1500447591145,1.0125407431203255,1,0.9796962416013321,0.8741874733486931,0,12,4,1,0,4857608.0,0.7950452156699347,0
2023-12-12,1360.243896484375,1373.0993792323097,1352.5029110424384,1361.5800891380788,6103494,-0.8364075234317481,-0.0083992503873204,1.0152284095078188,1357.8544224330358,1347.3224923270088,1315.0897705078125,1.0017597424376743,1,1.0631759051162317,0.9219911617953077,1,12,4,0,0,5231080.428571428,1.1667750254160825,0
2023-12-13,1335.316162109375,1360.2439518858023,1320.7097241735976,1360.19782972632,8549258,-1.8325929959639664,-0.018495929955958272,1.0299340778587378,1355.8336181640625,1346.7432338169642,1317.2999389648437,0.9848672759106901,1,1.2715112878545927,1.0062983169804527,2,12,4,0,0,5664981.857142857,1.5091412851076336,1
2023-12-14,1383.651123046875,1392.4519064335434,1346.6972597427207,1348.5864684779983,12489858,3.619739078207984,0.03555765733137729,1.0339754509484662,1362.0869663783483,1350.1792776925224,1321.386983235677,1.0158317032618436,1,1.86471472698677,1.3862870996470427,3,12,4,0,0,6717384.571428572,1.8593334752820039,1
2023-12-15,1454.5638427734375,1463.917528966799,1401.6672393803897,1403.5564479809898,18395389,5.125043339711888,0.04998034457330094,1.0444116034372946,1375.7916259765625,1359.4605451311384,1328.2755208333333,1.0572559211072106,1,2.570597451334368,1.8593917850979103,4,12,4,0,1,8592557.57142857,2.140851410896237,0
2023-12-18,1441.6162109375,1468.0184484698,1437.884028140626,1444.9337442546357,6467243,-0.8901384356736153,-0.008941238358600482,1.020957476221599,1388.7524937220983,1367.4680960518974,1334.2409790039062,1.038065614610504,1,2.6059629086452523,1.905795053898838,0,12,4,1,0,8884384.714285715,0.7279336958023607,0
2023-12-19,1436.040771484375,1450.4628321473872,1422.1715017334877,1446.9149134299466,4221721,-0.38674922013391955,-0.003874990288074472,1.0198930511400455,1397.5927211216517,1373.9649832589287,1339.4400187174479,1.0275101964840418,1,2.625176450623992,1.9151109673005648,1,12,4,0,0,8584140.142857144,0.49180476200786294,0
2023-12-20,1415.8590087890625,1459.2636714338232,1409.9611097529205,1442.2612442252062,6592367,-1.405375327502123,-0.01415344237168709,1.0349673202614378,1403.898716517857,1379.313232421875,1343.5286010742188,1.0085193412676314,1,2.7294204942410603,1.9717802202068844,2,12,4,0,0,8974190.0,0.7345918684583232,0
2023-12-21,1415.490478515625,1425.3049369492605,1401.8977151314416,1401.8977151314416,5319038,-0.0260287409374671,-0.00026032129002167523,1.0166968114472061,1411.7910853794642,1384.82275390625,1347.5741780598958,1.002620354508873,1,2.6807951746322223,1.9683084758863136,3,12,4,0,0,8862124.857142856,0.6001989461605097,1
2023-12-22,1440.2799072265625,1443.1366686825568,1403.5103106025122,1414.522706978693,6741060,1.7512960409972633,0.0173613757571503,1.0282337491792515,1426.7859061104912,1391.3097621372767,1352.8546223958333,1.0094576215382285,1,2.472821094940687,1.9982940434086958,4,12,4,0,1,8603810.857142856,0.7834970005649988,0
2023-12-26,1422.816650390625,1426.5489455360587,1403.5103643743007,1414.5688833319446,6878067,-1.212490485239437,-0.012199011141572074,1.0164149704530532,1432.3809814453125,1397.2339739118304,1358.0505900065104,0.9933227743326801,1,2.3264069698238106,2.0257145410511077,1,12,4,0,0,7802126.428571428,0.8815631306373711,1
2023-12-27,1444.150390625,1446.8228885227966,1422.8627642542663,1422.8627642542663,4225849,1.499401924240762,0.014882720104378364,1.0168393782383418,1430.893345424107,1403.342485700335,1364.1404541015625,1.0092648730552056,1,1.267471967584246,2.0294889544658035,2,12,4,0,0,5777906.428571428,0.7313806570323482,0
2023-12-28,1440.049560546875,1445.8552154390939,1432.9997322913293,1445.8552154390939,5702253,-0.2839614284458447,-0.0028436536377164146,1.008971029692524,1430.6695382254463,1409.7110159737724,1369.9492513020834,1.0065563864126605,1,1.2241160103793483,2.019793717601192,3,12,4,0,0,5668622.142857143,1.005932809824912,0
2023-12-29,1421.8489990234375,1437.1004712006081,1419.1765012951132,1420.144166634131,4388990,-1.26388438440449,-0.012719393453216212,1.0126298384232955,1428.6421421595983,1413.117431640625,1374.0163289388022,0.9952450351731246,1,1.3110214580660355,2.0356788365437413,4,12,4,0,1,5692517.714285715,0.771010336776918,1
2024-01-01,1429.635986328125,1434.8427277811138,1414.799163664711,1418.254950581332,2808451,0.5476662648449926,0.005461720263010552,1.0141670737664876,1430.6102818080358,1417.2544991629463,1377.2862670898437,0.9993189651351594,1,1.1984521087359838,2.032831655580343,0,1,1,1,0,5151958.285714285,0.5451230084271979,0
2024-01-02,1414.0157470703125,1427.608507717753,1403.5101332916463,1424.7056244707057,5396313,-1.0926025510823556,-0.01098615289757471,1.0171700751241382,1430.3996058872767,1421.0953456333705,1380.2613118489583,0.9885459568434366,1,1.2881969407239562,2.045106962855139,1,1,1,0,0,5162997.571428572,1.0451899163893799,0
2024-01-03,1373.099365234375,1400.6995390215577,1371.2562788380874,1400.6995390215577,7550363,-2.893629856719193,-0.029363208895377812,1.0214717413789483,1420.8023856026787,1423.794145856585,1381.90166015625,0.9664252954163862,0,1.420571831481829,2.1471848379612477,2,1,1,0,0,5278612.285714285,1.4303689286735157,1
2024-01-04,1394.0184326171875,1400.5153575424802,1375.771943719321,1386.8764724125788,7056038,1.523492611857824,0.01512004001635357,1.0179851129659374,1416.6883544921875,1424.53466796875,1384.1655843098958,0.983997947182162,0,1.6105544902437963,1.9565414763725697,3,1,1,0,0,5304036.714285715,1.3303146980479046,1
2024-01-05,1412.3109130859375,1418.8998562106976,1388.0742847271727,1388.5350562739702,8895403,1.312212237711008,0.013036773160386695,1.0222074364626557,1412.139857700893,1421.5166015625,1386.4617553710937,1.0001211320423482,0,1.5772861379387242,1.379032251496073,4,1,1,0,1,5971115.857142857,1.4897388047426694,0
2024-01-08,1403.3260498046875,1415.4903752195028,1394.52526712299,1408.9934505703893,4440136,-0.6361816791189301,-0.0063821393858985165,1.0150338675037172,1406.8936418805804,1418.7815900530134,1388.721073404948,0.9974642062699749,0,1.5820305857171668,1.370923336781026,0,1,1,1,0,5790813.428571428,0.7667551467109457,1
2024-01-09,1409.3160400390625,1431.1565685607613,1406.1366485499625,1420.9274616897512,4412074,0.42684237460060004,0.004259339865428891,1.0177933773624348,1405.1032191685267,1416.8726806640625,1391.544071451823,1.0029982287514996,0,1.5493238370495743,1.3788589324472613,1,1,1,0,0,5794111.142857143,0.7614755553039592,0
2024-01-10,1400.653564453125,1414.983494047482,1386.9225479581153,1405.3072902245185,4096845,-0.6146581277608587,-0.006165549273806481,1.020232525695598,1400.9628731863838,1415.78657749721,1393.915506998698,0.9997792170376683,0,1.5284832786738696,1.3379774145523822,2,1,1,0,0,5978167.428571428,0.6853011477095753,0
2024-01-11,1376.9698486328125,1405.3534251009314,1369.9661425866611,1405.261293276588,11296088,-1.6909046191989408,-0.01705363635232613,1.0258307715893291,1395.6706019810267,1413.0351039341517,1394.9783569335937,0.9866008832444632,0,1.5965731466884356,1.406139125441822,3,1,1,0,0,6820992.428571428,1.6560769005817273,1
2024-01-12,1486.21875,1491.056851650907,1433.368271607278,1439.450434041234,26754401,7.934008248304081,0.07634981964039679,1.0402468655029884,1411.8305140904017,1416.31644984654,1399.81953125,1.052689211039984,0,3.190630665198722,2.559681740138562,4,1,1,0,1,9564426.42857143,2.797282325271241,1
2024-01-15,1522.4815673828125,1534.3233755421343,1507.6447436874366,1515.8925107048797,13228305,2.4399380900565593,0.024106470989834566,1.0176955691759628,1430.1823904854912,1423.4353724888392,1405.957010904948,1.064536647571216,1,3.2257189893916416,2.584730826436935,0,1,1,1,0,10446178.857142856,1.2663295527392573,0
2024-01-16,1503.5439453125,1519.1640585147397,1497.5077919845023,1515.7543934625273,6500917,-1.243865441528258,-0.012516662025252305,1.0144615384615385,1443.2156808035713,1427.677769252232,1411.0930826822917,1.0418012812023623,1,3.367030283218369,2.6082262230770947,1,1,1,0,0,10104109.42857143,0.6433933684068516,1
2024-01-17,1511.51513671875,1518.2424471875822,1493.1303945709744,1493.1303945709744,9209876,0.5301601879413864,0.005287597862180378,1.0168183922234222,1458.6712646484375,1432.7824532645088,1416.8143310546875,1.0362274032203196,1,3.3040106523346227,2.6028214551037614,2,1,1,0,0,10785500.857142856,0.853912685371549,1
2024-01-18,1513.7269287109375,1519.6248280436816,1500.5028054955274,1513.7730508709333,6375464,0.14632946362607147,0.0014622250639369553,1.0127437432826654,1473.5871058872767,1439.3451625279017,1421.9841878255208,1.0272395317950966,1,3.3153822600323872,2.561390419106739,3,1,1,0,0,11065985.142857144,0.5761316247668402,1
2024-01-19,1529.0244140625,1534.830181149936,1515.1552565650597,1522.0207083253042,4522736,1.0105842118161679,0.010055119539039661,1.0129854181606974,1491.9257986886162,1446.4443359375,1427.9219970703125,1.0248662603773546,1,3.233510945708391,2.5653470072813964,4,1,1,0,1,11126826.714285715,0.4064713252155951,0
2024-01-23,1513.3121337890625,1543.3082963711743,1509.2111992011553,1520.638356967558,9401255,-1.027601660832289,-0.010329179381616366,1.0225926611120213,1511.4032679966517,1453.5369349888392,1432.560428873698,1.0012629758270544,1,3.1394784464418017,2.5622787595264898,1,1,1,0,0,10856136.285714285,0.8659853517472159,1
2024-01-24,1543.9534912109375,1548.1925674088009,1515.938555587784,1529.6695716902016,8999681,2.024787665262062,0.02004561409859405,1.021276595744681,1519.651088169643,1465.7408011300224,1438.3016438802083,1.0159920939947904,1,1.4041008251614986,2.3903105786979726,2,1,1,0,0,8319747.714285715,1.0817252288247614,0
2024-01-25,1538.1478271484375,1548.6995649327355,1527.9187194984197,1541.695746187862,8865304,-0.37602583857280214,-0.0037673459302027764,1.0136007532135856,1521.889125279018,1476.0357578822545,1444.2317749023437,1.0106832367741894,1,1.1551514652884178,2.4040387448065528,3,1,1,0,0,7696461.857142857,1.1518674638492978,0
2024-01-29,1526.62841796875,1547.5935254301967,1518.3345293026832,1534.5076571987393,4253785,-0.7489143095591344,-0.007517327534113951,1.0192704542792366,1525.1869070870537,1484.2012939453125,1450.6088500976562,1.0009451371992495,1,1.0672712030174745,2.428700206806061,0,1,1,1,0,7375443.0,0.5767497626922207,0
2024-01-30,1521.8824462890625,1557.4079810311105,1518.9335530973535,1532.0194213135253,4995943,-0.31087929608976106,-0.0031136352962173866,1.0253298953435463,1526.6679513113838,1492.6696079799108,1455.2165608723958,0.9968653923610497,1,1.0742154695124246,2.4176606261054627,1,1,1,0,0,6773452.571428572,0.7375770255000572,1
2024-01-31,1530.59130859375,1536.4430861232538,1509.5800760939778,1518.9337632044703,6763779,0.5722427724902834,0.005706116831060486,1.0177950215789704,1529.0771484375,1501.3321271623884,1457.7508097330729,1.0009902444476377,1,1.0890638916965583,2.417138828874,2,1,1,0,0,6828926.142857143,0.9904601189858694,0
2024-02-01,1527.043212890625,1545.4279548337279,1520.8688059210901,1529.3470709031976,5760011,-0.23181209008594772,-0.002320811902630973,1.0161481048312802,1528.7941196986608,1510.3599591936384,1460.5983764648438,0.9988547137999322,1,1.027494138386712,2.4042577382262986,3,2,1,0,0,7005679.714285715,0.8221915980906757,1
2024-02-02,1560.4952392578125,1583.6720744845543,1534.3695106294924,1535.3371760388302,7858483,2.1906404537082036,0.021669906899958798,1.0321321321321322,1535.5345633370537,1523.4689156668526,1464.7468587239584,1.0162553657317317,1,1.203337004467941,2.33704916550923,4,2,1,0,1,6785283.714285715,1.1581657202417013,0
2024-02-05,1554.82763671875,1567.3145920332188,1549.8974031142452,1561.7853328521521,3634135,-0.363192555573455,-0.00363853701041769,1.01123763991344,1537.0880126953125,1528.3695504324776,1469.3791463216146,1.0115410593778107,1,1.0028599455678444,1.1952256439626225,0,2,1,1,0,6018777.142857143,0.6037995615625765,1
2024-02-06,1593.7628173828125,1597.034340689009,1542.6171705805966,1554.4129683538292,7694265,2.5041477103037613,0.02473307723804476,1.0352758747576571,1545.0330113002233,1533.4610682896205,1475.3215576171874,1.0315396536683579,1,1.3150573664032494,1.2040377978011243,1,2,1,0,0,5851485.857142857,1.3149249930438913,0
2024-02-07,1560.8638916015625,1593.3482914120157,1554.5052206294124,1593.3482914120157,4613877,-2.06422972241721,-0.020858327520271735,1.0249874173898728,1549.923793247768,1537.5553501674108,1479.3410237630208,1.0070584750046776,1,1.590951981961376,1.302661090087414,2,2,1,0,0,5902927.571428572,0.7816252095540098,0
2024-02-08,1559.3431396484375,1572.4751295193644,1550.7728558600897,1564.7802667251876,5919715,-0.09743014501825131,-0.0009747763903554197,1.0139944889912573,1555.2753208705358,1540.97163609096,1483.8919067382812,1.0026154975413772,1,1.5786612850707946,1.3040192315748989,3,2,1,0,0,6034895.0,0.9809143323951783,0
2024-02-09,1538.378173828125,1560.080561966992,1529.577503446997,1552.5238399589869,4600004,-1.344474175519772,-0.01353594064847841,1.0199421464105314,1556.387730189732,1542.7324393136162,1487.032832845052,0.9884286183884194,1,1.6972089415325298,1.370601216220878,4,2,1,0,1,5725784.285714285,0.8033840903641647,1
2024-02-12,1548.2845458984375,1560.1263522813827,1539.299500638113,1539.299500638113,3555808,0.643949078246564,0.006418845842898021,1.0135300840639758,1559.4222063337054,1544.108163016183,1490.6406656901042,0.992857828758606,1,1.7022502689559111,1.3557833531267534,0,2,1,1,0,5410898.142857143,0.6571567059886309,1
2024-02-13,1552.3856201171875,1556.5785741207376,1532.9870910403704,1550.9571831806093,2696481,0.26487858640804607,0.0026452840132092765,1.0153892248788323,1558.2636893136162,1546.899126325335,1494.9918863932292,0.9962278084019157,1,1.4683262885096233,1.3166865268071015,1,2,1,0,0,4673469.285714285,0.5769762964405305,0
2024-02-14,1535.4752197265625,1538.4702350970776,1507.1838887623073,1529.9459605809961,3768579,-1.0893169951772919,-0.010952934944010206,1.0207581480720727,1555.499058314732,1546.2935355050224,1498.5198608398437,0.9871270647956136,1,1.5177064015147865,1.2439633355494564,2,2,1,0,0,4692675.571428572,0.803076825285995,1
2024-02-15,1544.8289794921875,1555.3345948697918,1531.2362167759502,1545.428005093551,4834391,0.6091768623456284,0.006073288812820272,1.0157378579671927,1548.508510044643,1546.770760672433,1502.880301920573,0.9976238228407609,1,1.0620524919506336,1.2508626540835257,3,2,1,0,0,4284122.142857143,1.128443783532249,1
2024-02-16,1568.14404296875,1574.917363137815,1555.5188333576436,1556.486498735968,4880654,1.5092326585060878,0.014979570509714234,1.0124707778293491,1549.5485316685267,1549.7361624581474,1509.3817911783854,1.0120005994779653,0,1.0084871767439105,1.2866386733857644,4,2,1,0,1,4322233.142857143,1.1291973011834624,0
2024-02-19,1566.3929443359375,1577.2210761764713,1555.2883045575709,1571.2310457966014,3690993,-0.11166695053710374,-0.001117293445296191,1.014102061691475,1550.5556466238838,1552.91548374721,1515.1276082356771,1.010213949913076,0,1.0088974061378586,1.281651970377632,0,2,1,1,0,4003844.285714286,0.9218622745068935,0
2024-02-20,1553.0308837890625,1561.3247736891376,1537.8254189722581,1552.8004979585048,3706389,-0.8530465229170003,-0.008567057897952602,1.0152808988764046,1552.648890904018,1554.518310546875,1519.8182739257813,1.000246026572577,0,0.9060146861134987,1.307333607011499,1,2,1,0,0,3876185.0,0.9561950732485679,0
2024-02-21,1525.660888671875,1542.6633157025528,1516.2150708785946,1542.6633157025528,4300508,-1.7623600021662522,-0.01778074470116522,1.0174435971069937,1549.4169398716517,1554.4195731026787,1523.896101888021,0.984667747855045,0,1.1149233920240222,1.3990660821603125,2,2,1,0,0,3982570.714285714,1.0798321758792195,1
2024-02-22,1549.4366455078125,1552.4316609246032,1515.3856690741432,1534.3694366019563,5841277,1.5583906628579003,0.015463724551683381,1.0244465766085105,1548.9956577845983,1553.629673549107,1528.566788736979,1.0002846926787676,0,1.297905984079589,1.3315814531214871,3,2,1,0,0,4431827.285714285,1.3180290258216936,0
2024-02-23,1545.2896728515625,1565.194983220865,1540.728079066558,1563.8587905950133,5373072,-0.2676438993664654,-0.0026800270600986264,1.015880092332146,1550.3977225167412,1552.9483904157366,1533.3879923502604,0.9967053294835296,0,1.2198840528811747,1.3300556947019118,4,2,1,0,1,4661040.571428572,1.1527623322860707,0
2024-02-26,1529.89990234375,1543.5386736406174,1515.9385009458492,1543.5386736406174,2782438,-0.9959149263848666,-0.010009073334961035,1.0182066572473405,1548.2649972098213,1548.386753627232,1538.4856608072917,0.9881382741977842,0,1.2579221370552418,1.1297884255735227,0,2,1,1,0,4367904.428571428,0.637018974545198,1
2024-02-27,1533.079345703125,1539.9909201570279,1523.1267459853489,1530.6833557243867,5159088,0.20782035180890723,0.002076047040373969,1.0110720753976183,1543.2557547433037,1546.402143205915,1540.0476806640625,0.9934058829789548,0,1.0547082467930098,1.0116765313118097,1,2,1,0,0,4407680.714285715,1.1704767959437041,1
2024-02-28,1540.1290283203125,1555.3806128350852,1531.6508761234932,1538.9770993537304,3188916,0.45983807928442477,0.004587840539599973,1.0154929149204357,1539.5037667410713,1545.0297066824776,1540.6359293619792,1.0004061448843122,0,1.0946839854228685,1.0236712439473423,2,2,1,0,0,4335955.428571428,0.7354586670764408,1
2024-02-29,1542.5711669921875,1550.2660301238518,1523.5873997921522,1534.369410109207,7814722,0.15856714774984404,0.0015844156278824982,1.0175104036272151,1538.009521484375,1545.3292061941963,1541.936836751302,1.0029659410062755,0,1.0660679477731514,0.9579774156829656,3,2,1,0,0,4922860.142857143,1.5874353065542242,0
2024-03-01,1524.8775634765625,1540.7741844629486,1521.4678984651173,1538.0556768856939,6387291,-1.1470202408959351,-0.011536492575879555,1.0126892496498334,1537.8976178850446,1543.6572788783483,1542.3822509765625,0.9915338613851372,0,0.9208152448813057,0.9878944532682697,4,3,1,0,1,5220972.0,1.2233911616457624,0
2024-03-04,1508.75048828125,1533.8625405850848,1505.479077403563,1527.7803779385492,4445156,-1.0575980381365424,-0.010632303528858626,1.0188534424739224,1532.0853097098213,1540.54048374721,1542.2163696289062,0.984769241451058,0,0.6807230278450184,1.0128001919337584,0,3,1,1,0,5021526.142857143,0.8852201250257357,0
2024-03-05,1480.459228515625,1508.888815229402,1476.312283897934,1505.8016678459578,4596579,-1.8751450279796744,-0.018929487878760642,1.0220661520511471,1522.8238176618304,1536.6107700892858,1540.597530110677,0.9721802426158184,0,0.8796093646311135,1.0851488476380193,1,3,1,0,0,4910598.571428572,0.936052689532466,1
2024-03-06,1490.642333984375,1493.0383239437163,1452.3521668225044,1477.0495710017406,6420684,0.6878342390394643,0.006854794511954172,1.0280139748820192,1517.2155936104912,1532.7402954101562,1539.8418701171875,0.9824855084946232,0,0.9800368057995952,1.0901583353948074,2,3,1,0,0,5430348.0,1.1823706326003416,0
2024-03-07,1489.6285400390625,1500.6870590284748,1478.3396352373709,1489.7667940250446,6348359,-0.06801054298536391,-0.000680336806464438,1.0151165694664714,1511.008335658482,1527.132045200893,1538.0310384114584,0.9858506434975407,0,0.9584014418457835,0.9692526422481724,3,3,1,0,0,5600243.857142857,1.1335861726633485,0
2024-03-11,1475.0220947265625,1487.186533050453,1463.4106723438592,1481.9797912201366,6752895,-0.9805427943879841,-0.009853817734027642,1.01624688213358,1501.7073451450892,1520.6055559430804,1535.926847330729,0.9822300593355968,0,0.894001315192874,0.9797612167729304,0,3,1,1,0,6109383.714285715,1.1053316203088617,1
2024-03-12,1486.403076171875,1497.5077168540815,1472.303532549028,1474.4691365947879,4614222,0.7715804045242081,0.007686189465193911,1.017118877831813,1493.6833321707588,1515.846426827567,1534.5860026041667,0.9951259709189474,0,1.0051452940400836,1.0203938704443003,1,3,1,0,0,5652169.428571428,0.8163630015539419,0
2024-03-13,1484.9747314453125,1497.046924837975,1473.1329238521018,1486.3570462420234,5688997,-0.09609403730790333,-0.0009614023722721709,1.0162334305334377,1487.9829275948662,1512.9402727399554,1533.3557454427084,0.9979783396074201,0,0.9746233905499764,0.9309483956968426,2,3,1,0,0,5552413.142857143,1.0245990083282193,1
2024-03-14,1523.5872802734375,1527.6881021467038,1481.8413320777559,1487.7392305249352,8803799,2.6002158831715416,0.02566985087084309,1.0309390547263682,1490.1024693080358,1511.0938895089287,1533.1222778320312,1.02247148209945,0,1.4239967963740903,1.1064551733907622,3,3,1,0,0,6175076.428571428,1.4256987912353196,0
2024-03-15,1505.8016357421875,1516.6758908384104,1491.3794617139743,1512.344570167545,11809997,-1.1673531776963952,-0.01174220239124429,1.0169617657838497,1493.7228131975446,1508.2733154296875,1532.4142252604167,1.0080863882093267,0,1.2735315872011967,1.1416081977512291,4,3,1,0,1,7205564.714285715,1.6390106075358066,0
2024-03-18,1476.9112548828125,1504.5575513115562,1473.4093456712776,1502.11543929507,4958904,-1.9186046935813938,-0.01937248769401411,1.0211402253771422,1491.76123046875,1504.4884120396205,1529.6280924479167,0.9900453401773478,0,1.4871771555254878,1.2165877422166684,0,3,1,1,0,6996739.0,0.7087450310780493,0
2024-03-19,1438.943603515625,1473.5475961267095,1435.764324431153,1467.4193112677192,6870411,-2.5707469722139886,-0.026043681338046985,1.026315789473684,1484.5205252511162,1497.7644304547991,1525.765291341146,0.9692985573724004,0,1.7495414012947565,1.355782082971638,1,3,1,0,0,7071317.857142857,0.971588484466171,0
2024-03-20,1432.95361328125,1451.3844780457566,1430.5576233604784,1440.3720813461923,4759059,-0.41627692841750275,-0.004171457728607746,1.014558556988676,1478.5107421875,1490.1090436662946,1520.4049845377604,0.9691871505520163,0,1.7355907849699963,1.3308910014767326,2,3,1,0,0,6786484.142857143,0.7012554512499624,0
2024-03-21,1432.72314453125,1453.2274803947662,1422.3097740379771,1441.2935411478331,11062497,-0.01608347596627757,-0.0001608476949597158,1.021737674113715,1470.8421805245537,1482.2627563476562,1516.1336263020833,0.9740835308518898,0,1.671348013754627,1.324991465127315,3,3,1,0,0,7707666.285714285,1.4352589473812196,0
2024-03-22,1390.4705810546875,1408.9475691551058,1380.6561224439051,1401.6673546108455,14673890,-2.949108740082962,-0.02993469290244238,1.0204913057287008,1457.341587611607,1472.6622576032366,1510.504541015625,0.9541143908021505,0,1.88694479947937,1.4703482896880624,4,3,1,0,1,8991222.42857143,1.6320239118288014,0
2024-03-26,1375.54150390625,1389.1802760076575,1371.164173630106,1374.9424783172167,8351081,-1.073670838624552,-0.010794762755560289,1.0131392744384902,1436.1921909877233,1463.1473301478795,1505.0766520182292,0.9577697974811007,0,1.085433555908354,1.470699905486296,1,3,1,0,0,8926548.42857143,0.9355330413343733,0
2024-03-27,1367.431884765625,1381.3932870499673,1365.3124028550521,1378.628657389427,6857402,-0.5895583025008921,-0.005913030584097582,1.0117781719123682,1416.425083705357,1455.0739484514509,1499.0482299804687,0.9654106669647743,0,1.1310375383815943,1.4276914158541707,2,3,1,0,0,8219034.857142857,0.8343317821605888,1
2024-03-28,1380.5179443359375,1393.189164332538,1370.47310016729,1370.47310016729,12499530,0.9569807254096174,0.009524306705980739,1.0165753447933235,1402.6546107700892,1447.2079206194196,1493.3193074544272,0.9842180204134515,0,1.3881699487006145,1.4474072830742335,3,3,1,0,0,9296267.142857144,1.3445751727997735,0
2024-04-01,1378.1217041015625,1409.9149438246613,1375.6797046680076,1405.3533500790074,6580002,-0.1735754500118203,-0.001737262667418667,1.0248860538106983,1393.9657679966517,1439.2431466238838,1488.0741902669272,0.9886338213901338,0,1.2057492708479662,1.4450494591712884,0,4,2,1,0,9254780.142857144,0.710984150723284,0
2024-04-02,1366.51025390625,1376.0021934625806,1364.6671675840935,1368.3533402284065,7279400,-0.8425562242256657,-0.008461257937422792,1.0083060735597191,1384.4738595145088,1431.4923008510045,1482.130232747396,0.987024958626118,0,1.2051723877677383,1.4423144914870563,1,4,2,0,0,9614828.857142856,0.7571013595933258,0
2024-04-03,1364.4830322265625,1377.799287158803,1359.2762903783632,1362.9624633692197,8736248,-0.1483502720812102,-0.0014846042004735935,1.013627102092161,1374.7252720424108,1422.783726283482,1475.341532389323,0.9925496097117416,0,1.1942045506257506,1.3985184026470951,2,4,2,0,0,9282507.57142857,0.9411517235806034,1
2024-04-04,1370.058349609375,1378.306229462609,1352.825535267705,1373.6063812324333,11186915,0.40860291048945285,0.00407770395812775,1.018835166494593,1371.8092389787946,1414.5754132952009,1468.7970458984375,0.9987236641074652,0,0.711776106718537,1.4188729982302661,3,4,2,0,0,8784368.285714285,1.27350250309893,0
2024-04-05,1363.0545654296875,1370.0582714607572,1360.24392608138,1363.93009899174,5072482,-0.5112033499656721,-0.005125144645071097,1.0072151363378261,1370.025390625,1403.1087908063616,1462.464501953125,0.9949119007260643,0,0.6242444327968786,1.090829676477239,4,4,2,0,1,8315997.0,0.6099667905123102,0
2024-04-08,1360.8427734375,1373.9747637962018,1358.4467836601393,1366.6485404880466,6610887,-0.1622673111028594,-0.0016239910709796312,1.0114306871073924,1369.0840890066963,1392.7545863560267,1456.970564778646,0.9939804168090394,0,0.5916909610015825,1.096896138242079,0,4,2,1,0,8280780.571428572,0.7983410432115233,1
2024-04-09,1377.5687255859375,1395.0320353978589,1370.6111424492417,1373.099263903387,9423230,1.229087773761517,0.012215958160070348,1.0178175210986375,1368.6627720424108,1385.65869140625,1451.2416341145833,1.006507047408206,0,0.6734959301835394,1.1523502910940695,1,4,2,0,0,7841309.142857143,1.2017419321598704,1
2024-04-10,1388.5814208984375,1391.3920603288602,1368.0770834855082,1382.6373994109804,6744595,0.7994298293768187,0.007962513178584022,1.0170421514436536,1370.157017299107,1382.0613926478795,1446.0180257161458,1.013446928612349,0,0.7360893143414144,1.029714726036802,2,4,2,0,0,7864822.428571428,0.8575648161486963,0
2024-04-12,1368.26123046875,1388.581302495331,1363.4231287950938,1386.0009366054892,12275616,-1.4633776690271438,-0.01474190659621262,1.0184522127935958,1370.4071568080358,1377.4405081612724,1440.6300699869792,0.998434095787792,0,0.891117792049674,1.0796044813476764,4,4,2,0,1,8578567.57142857,1.4309633744548063,0
2024-04-15,1352.9638671875,1374.8965310226422,1346.4209320201485,1363.8841331877177,8531224,-1.1180148162211134,-0.01124311578345196,1.0211491059930042,1368.7615618024554,1371.743416922433,1434.626220703125,0.9884584027957709,0,0.9916537551846901,1.095482524972877,0,4,2,1,0,8549278.42857143,0.9978881927027793,0
2024-04-16,1303.476806640625,1340.983684459676,1302.1867360834249,1337.159257468646,16173541,-3.657677913435131,-0.03726248203969476,1.0297936903373324,1359.2499128069196,1365.529575892857,1426.737813313802,0.9589677323935815,0,1.622743258568064,1.2302566708267086,1,4,2,0,0,9261653.57142857,1.7462908621300657,1
2024-04-18,1307.9002685546875,1331.3534994670702,1297.072135276183,1309.6051010829012,22107945,0.33935869756385184,0.0033878417536291304,1.0264298054507106,1351.3707275390625,1360.6980590820312,1418.9154500325521,0.9678323215839242,0,1.6701877646507024,1.2334045776928386,3,4,2,0,0,11695291.142857144,1.8903287425642539,0
2024-04-19,1300.52783203125,1314.903883353496,1270.5776782377934,1276.3373231980736,20603621,-0.5636849154855295,-0.0056527961444708605,1.0348866550033997,1342.7543073381696,1355.919198172433,1411.4371256510417,0.9685523441807996,0,1.6604694560379647,1.2330411668509036,4,4,2,0,1,13694253.142857144,1.50454506609926,1
2024-04-22,1320.341064453125,1324.1193692022916,1302.1867077963823,1308.4992564312556,5859087,1.5234762327946072,0.015119878683600759,1.016842946771454,1334.5789271763392,1351.620849609375,1405.1568115234375,0.9893315693562327,0,1.7182315214373904,1.2873483551420488,0,4,2,1,0,13185089.857142856,0.44437217064743123,1
2024-04-23,1329.2340087890625,1333.334831262017,1320.571479724218,1329.786912241484,4856174,0.6735338750992304,0.00671275769428446,1.00966502134399,1326.1007254464287,1348.128871372768,1400.1159708658854,1.0023627792991208,0,1.7018263898100645,1.3138907809457299,1,4,2,0,0,12915315.42857143,0.3760011922943135,0
2024-04-24,1318.497802734375,1330.9847568541209,1315.0881382295058,1330.9847568541209,4268213,-0.8076987184873707,-0.008109782758192585,1.0120878731717682,1318.991664341518,1344.6994105747767,1394.3778198242187,0.9996255764001439,0,1.6646329100464985,1.3127130840428136,2,4,2,0,0,11771400.714285715,0.3625917682693545,1
2024-04-25,1325.59375,1331.5377710414832,1308.5913232271268,1308.5913232271268,9089398,0.5381842313964436,0.00536741195208587,1.0175352284606076,1315.0816476004463,1341.9216047014509,1388.9099934895833,1.0079934979084642,0,1.6823807958554884,1.3294011518569013,3,4,2,0,0,11851139.857142856,0.766964031271784,0
2024-04-26,1318.0372314453125,1331.9986341616486,1315.0422158870554,1326.7457701482465,8062444,-0.570047841179655,-0.005716788150601404,1.0128942007106254,1317.1617082868304,1338.205810546875,1383.6771647135417,1.0006647043813783,0,0.8456834764585678,1.3207516115238953,4,4,2,0,1,10692411.714285715,0.7540341894268888,1
2024-04-29,1322.1842041015625,1326.838042603384,1316.1941728580287,1317.7607514168,5055957,0.31463243657408047,0.003141385044991825,1.0080868537217749,1319.2022705078125,1335.2864990234375,1378.2032023111979,1.00226040665667,0,0.8448698381237312,1.327475080536632,0,4,2,1,0,8256413.428571428,0.6123672274578443,0
2024-04-30,1309.0982666015625,1323.8429581264434,1306.3336369406475,1322.1380131744238,6936588,-0.9897212097532249,-0.00994651507895573,1.0134034068255346,1320.4266183035713,1331.5904628208705,1372.3406534830729,0.9914206881738244,0,0.9177533369487277,1.3435606398411526,1,4,2,0,0,6303980.142857143,1.1003505472427046,0
2024-05-02,1303.476806640625,1312.2775896866656,1301.08081668616,1302.1406139236367,10076354,-0.4294146669012733,-0.004303392996371394,1.008605747511537,1318.0174386160713,1326.2981828962054,1365.0036376953126,0.988967800008235,0,0.6773666142796197,1.2726472591116393,3,5,2,0,0,6906446.857142857,1.4589779967073413,1
2024-05-03,1305.1817626953125,1313.0148803966708,1293.109456008172,1310.5266461015717,8842345,0.13080064378603318,0.0013071517426562946,1.015393456676086,1314.5814034598213,1320.341064453125,1358.31630859375,0.9928497080973684,0,0.5884042107233681,1.2367587488732326,4,5,2,0,1,7475899.857142857,1.182780022334244,1
2024-05-06,1314.028564453125,1332.27505360971,1305.9189387214822,1308.5914366893924,6445422,0.6778214353488243,0.006755345540227999,1.020182045077033,1313.9429408482142,1316.4673025948662,1352.8868855794271,1.0000651653905577,0,0.6243317576761305,1.2320902553955173,0,5,2,1,0,7786929.714285715,0.827723151035431,1
2024-05-07,1327.8975830078125,1330.1093091097507,1304.5364861962978,1313.1528923189749,6080661,1.0554579200079628,0.010499268476249013,1.0196029955344652,1314.2720598493304,1314.6768537248884,1349.1853515625,1.010367353590431,0,0.7272440761078544,1.2552684119751965,1,5,2,0,0,7357110.142857143,0.8265012867727121,0
2024-05-08,1315.318603515625,1326.791770914921,1313.751912640343,1322.6448266752147,6234983,-0.9472853669704628,-0.009518006525200703,1.0099256626377584,1313.8836844308037,1315.522696358817,1345.2641845703124,1.0010921203313694,0,0.7901262324835321,0.792342865265056,2,5,2,0,0,7096044.285714285,0.8786561567199109,1
2024-05-09,1326.607421875,1336.1913801730982,1313.060670734901,1315.5489046143746,6088406,0.8582573324213527,0.008545952426958233,1.0176158725592257,1314.5155726841517,1316.858921595982,1341.7269938151042,1.0091987112531178,0,0.8534582359484726,0.8177652787031131,3,5,2,0,0,7243537.0,0.8405294264390449,0
2024-05-10,1313.1070556640625,1323.2900415168567,1302.140668020757,1322.4607425507959,8777481,-1.017660989100777,-0.010228745596874061,1.0162420036602087,1315.0882568359375,1317.7574375697545,1339.1482096354166,0.998493484249763,0,0.859181903988289,0.8544795490474505,4,5,2,0,1,7506521.714285715,1.169314009082997,0
2024-05-13,1311.7706298828125,1313.1990668474873,1300.481725623948,1313.1990668474873,3735954,-0.10177584344591706,-0.0010182767022520792,1.0097789465034104,1316.2730887276787,1317.145263671875,1337.0225138346354,0.9965793885148725,0,0.8375644349720532,0.7456046231676967,0,5,2,1,0,6600750.285714285,0.5659892948966061,1
2024-05-14,1312.922607421875,1321.2626187308836,1306.7944348778417,1314.489298423798,3463230,0.0878185189407299,0.0008777998104001056,1.0110715070916219,1317.3789236886162,1315.9801635742188,1335.2055379231772,0.996617285895038,1,0.837404303864556,0.718178718862271,1,5,2,0,0,5832305.285714285,0.5938012210168206,0
2024-05-15,1308.545166015625,1319.4655424641765,1307.255095585117,1314.120547134986,4327544,-0.33341199104232055,-0.0033396904736085376,1.009340523452765,1316.5955810546875,1315.2692609514509,1332.8064453125,0.9938854306098965,1,0.8052035999804097,0.6922214237311962,2,5,2,0,0,5529751.285714285,0.7825928828263756,1
2024-05-16,1339.3248291015625,1341.5365553493355,1315.0421875208667,1321.4468679639122,9249145,2.3522048673075835,0.023249668313235786,1.0201471618780658,1318.2280447823662,1316.2500523158483,1331.5132161458334,1.0160038958378248,1,1.1702174044866576,0.9374935243168536,3,5,2,0,0,5982391.857142857,1.5460613782690789,0
2024-05-17,1330.98486328125,1342.6884167000094,1326.3310252131012,1342.6884167000094,7542860,-0.6226992615306792,-0.0062464611963749155,1.0123328122285913,1320.4660818917412,1317.1748831612724,1330.3290364583333,1.0079659610600822,1,1.1260930585934243,0.9403929749322171,4,5,2,0,1,6169231.428571428,1.222657974065767,0
2024-05-21,1321.6312255859375,1331.3534390178734,1316.332352094495,1317.8067987413262,6752663,-0.7027606363796735,-0.007052416294009476,1.0114113178935984,1319.7551967075892,1317.1353846958705,1328.9006429036458,1.0014214976254903,1,1.12272097609151,0.9594783297341261,1,5,2,0,0,6264125.285714285,1.077989773831608,1
2024-05-22,1340.6612548828125,1345.40711294369,1315.9638491315707,1316.6550066153582,7173285,1.4398895038544524,0.0142962154243484,1.022373915386467,1323.6915108816963,1319.389883858817,1327.9207397460937,1.0128200142265873,1,1.152923693505448,0.9858129602835778,2,5,2,0,0,6034954.428571428,1.1886228943236665,1
2024-05-23,1356.8802490234375,1362.17912249703,1336.2376585581328,1340.5688666610595,8641428,1.20977570445584,0.012025164070116976,1.0194138099407326,1330.1357421875,1323.2044154575892,1327.7149291992187,1.020106599640691,1,1.1824204581987736,1.0056730808254266,3,5,2,0,0,6735736.428571428,1.2829225269779072,0
2024-05-24,1350.15283203125,1359.7369031866842,1345.4529845154584,1353.0557154211108,5277938,-0.49580034767470194,-0.004970335153200052,1.0106164383561644,1335.454345703125,1326.4166346958705,1327.3585978190104,1.0110063562827272,1,1.234925010824586,1.0271086138054506,4,5,2,0,1,6994980.428571428,0.7545322040419066,1
2024-05-27,1355.9127197265625,1363.5154519951307,1345.6836115365593,1356.373491379203,5821844,0.42661005174109423,0.004257026508534106,1.0132511389049392,1342.2211390904017,1329.4083600725446,1326.6367309570312,1.0102006891691777,1,1.191657500943855,1.021182876362668,0,5,2,1,0,7208451.857142857,0.8076413792277926,0
2024-05-28,1351.9501953125,1360.197963167809,1345.7297777980132,1359.737191500069,6186922,-0.2922403747979918,-0.002926682307632078,1.0107511817071253,1344.0247628348213,1331.1264038085938,1325.4156901041667,1.0058967905181764,1,0.8943587266617646,1.0006158171792319,1,5,2,0,0,6770991.428571428,0.9137394523781494,0
2024-05-29,1337.113037109375,1350.5215354265988,1336.237616082271,1350.4294036068611,7401634,-1.0974633721396398,-0.011035299277213823,1.0106896551724138,1344.9002162388392,1332.68314906529,1324.3774169921876,0.994209846176364,1,0.9759041894401937,1.0138049314705837,2,5,2,0,0,6750816.285714285,1.0964057806850618,0
2024-05-30,1315.4569091796875,1336.0995011368218,1310.0198938256992,1329.6026885129104,9663150,-1.6196183365697059,-0.016328775146512906,1.019907794861772,1344.0181710379463,1331.886683872768,1323.1271850585938,0.9787493484286736,1,1.143924106099505,1.0889294079545933,3,5,2,0,0,7166600.142857143,1.348359027624994,1
2024-05-31,1322.4598388671875,1350.5182603744363,1315.9739443356261,1325.1858078435043,37113815,0.5323572090147,0.00530945197105999,1.0262499999999999,1341.41796875,1332.5547398158483,1323.7599527994792,0.9858670971133042,1,0.9859546481351444,1.0619648157187689,4,5,2,0,1,11443818.714285715,3.2431320284434024,0
2024-06-03,1321.519775390625,1353.5731158092904,1319.7337879140582,1353.5731158092904,10589244,-0.07108446312953376,-0.0007110974011340787,1.0256410256410255,1336.3664725167412,1333.2511073521205,1324.213936360677,0.9888902502184481,1,0.7800322469187401,1.0616458686131227,0,6,2,1,0,11722078.142857144,0.90335893268657,0
2024-06-04,1310.005126953125,1330.0737072910483,1276.823736979712,1324.4338187795668,13736134,-0.8713186629459524,-0.008751368391753882,1.0417050284773821,1330.6310860770088,1333.042715890067,1324.5298461914062,0.9844991152396013,0,0.8024056629684755,1.090146256320528,1,6,2,0,0,12930391.857142856,1.0623138224857467,1
2024-06-05,1344.2672119140625,1351.6930870098186,1316.1148183429186,1316.1148183429186,9233424,2.61541609692979,0.02581798981756348,1.0270328000042546,1328.9674421037946,1335.5942905970983,1325.3273844401042,1.011512524178958,0,1.396943957513593,1.2895702457325708,2,6,2,0,0,13417760.42857143,0.6881494157801914,1
2024-06-06,1383.8875732421875,1385.8145809499692,1351.2232206049546,1358.2260359203012,12660930,2.947357562319075,0.02904757996172956,1.0256000339673912,1333.5299246651787,1338.77734375,1327.149169921875,1.037762668572775,0,1.8053198757960667,1.3730734166326983,3,6,2,0,0,14342618.714285715,0.8827488377271929,1
2024-06-07,1441.555419921875,1447.289283385155,1388.5874921626576,1392.1124223339962,24075302,4.167090433840848,0.04082606267685231,1.0422744634773227,1348.4502650669642,1346.6752406529017,1331.2510904947917,1.069046042903397,1,2.1638059817125646,1.6989154280768182,4,6,2,0,1,16724571.285714285,1.439516839547602,0
2024-06-10,1409.737060546875,1437.983546630723,1407.4341520864498,1433.7536304630544,6810606,-2.2072241507526957,-0.02231947824770276,1.0217057362854136,1361.9188581194196,1352.968514578683,1334.0558675130208,1.0351109041059057,1,2.294357331848008,1.8292118658996719,0,6,2,1,0,16317065.0,0.41739160811089493,0
2024-06-11,1405.9771728515625,1416.0349278896924,1404.2851604414927,1410.0191387512723,4853054,-0.2667084380865936,-0.0026706473870487463,1.0083670808317207,1373.8499058314733,1357.6339372907366,1336.987198893229,1.0233848449410092,1,2.3418228111862196,1.8169611515655588,1,6,2,0,0,11708384.857142856,0.4144938912765008,0
2024-06-12,1396.0601806640625,1418.1967861734406,1393.7572723769142,1416.5518188986746,9564320,-0.7053451776451447,-0.00707844496226113,1.0175349856685212,1384.49853515625,1360.4325038364955,1339.4497314453124,1.0083507820443507,1,2.397356691358735,1.8197884551717987,2,6,2,0,0,11561967.142857144,0.827222554935968,1
2024-06-13,1404.2850341796875,1414.6718735675256,1399.9611430962834,1405.27206045412,7307565,0.5891474901685623,0.005874188026989285,1.0105079562699195,1397.9670933314733,1364.2990897042412,1342.6226236979167,1.004519377371865,1,2.2875489821756796,1.8100955376106391,3,6,2,0,0,10643600.142857144,0.6865689148332074,0
2024-06-14,1399.5382080078125,1413.4498626747718,1396.8592841989566,1413.4498626747718,4237727,-0.3380244078900918,-0.003385970010923879,1.011877057813543,1405.8629499162946,1367.4151960100446,1345.8246704101562,0.9955011675150421,1,2.2154690774311305,1.8173795018850178,4,6,2,0,1,9929929.142857144,0.42676306537880054,1
2024-06-18,1408.2799072265625,1416.5517883847267,1405.6480284899164,1407.151975588544,5420939,0.6246131165788871,0.0062267049390598225,1.0077571053875587,1409.3475690569196,1371.4387468610491,1349.2612752278646,0.9992424424933932,1,1.9647097672605207,1.8131774949693158,1,6,2,0,0,8895644.714285715,0.6093924807152418,1
2024-06-19,1420.6407470703125,1424.6827126496337,1406.8699977638037,1414.6718886285164,5493456,0.8777260671206433,0.00873896444624854,1.0126612372956585,1406.3597586495537,1377.4050118582588,1352.8150146484375,1.0101545769728737,1,1.0623842773152785,1.771856227015008,2,6,2,0,0,6241095.285714285,0.8802070387507761,1
2024-06-20,1424.4476318359375,1426.4215695435462,1409.125891319924,1425.2936379231433,7927010,0.26796956045893605,0.002676111621550739,1.012274047571024,1408.4612688337054,1385.1900634765625,1356.033349609375,1.0113502325949437,1,0.5923173751278283,1.6713741843972119,3,6,2,0,0,6400581.571428572,1.2384827709071347,1
2024-06-21,1440.7093505859375,1464.2559289959652,1432.249518545518,1452.271166938704,17301941,1.141615766459636,0.01135148507953955,1.0223469514466659,1413.4230085100446,1393.6364571707588,1360.2130411783853,1.0193051492098297,1,0.6622695519959422,1.6778733548747762,4,6,2,0,1,8178994.0,2.1154118709464758,0
2024-06-24,1435.492431640625,1437.3253492351942,1424.4476516241698,1433.0485032665965,5564989,-0.36210766197850575,-0.003627648587590865,1.0090404849882275,1419.056187220982,1401.7773611886162,1363.8425415039062,1.0115825184144618,1,0.5784121931759433,1.6889470536169728,0,6,2,1,0,7607661.0,0.731498025477213,1
2024-06-25,1449.4041748046875,1451.237207255743,1429.1006009006553,1434.4115183965616,4551525,0.9691268903565531,0.00964460977233506,1.0154898866749735,1425.5017787388392,1411.7344360351562,1368.3857788085938,1.016767706938251,1,0.6157332020348978,1.635930458728806,1,6,2,0,0,7213941.0,0.6309346028751829,0
2024-06-26,1448.2291259765625,1455.889996430208,1442.8712785271127,1448.5111662607692,4851004,-0.08107116348573529,-0.000811040439257179,1.009022785398005,1432.4576241629463,1419.1602870396205,1372.934395345052,1.0110101000878349,1,0.5662914858932173,1.5544958426611215,2,6,2,0,0,7301552.0,0.6643798469147382,1
2024-06-27,1478.9195556640625,1483.6665071274144,1440.0983968135813,1446.1141853395814,14757754,2.119169483406491,0.020970273600519562,1.0302535649023938,1442.5490025111608,1425.94828578404,1378.467626953125,1.0252126985562282,1,0.8404093507392935,1.469456994007925,3,6,2,0,0,8635382.714285715,1.7089866758986725,0
2024-06-28,1472.7158203125,1493.160415233066,1470.3658668733547,1478.1677581888457,8197544,-0.41947753870743565,-0.0042035981389674975,1.0155026370465077,1449.9882986886162,1428.174028669085,1383.9399820963542,1.0156742793334532,1,0.9337200475985252,1.031523962402104,4,6,2,0,1,9021681.0,0.9086492860920266,1
2024-07-01,1495.3223876953125,1503.8761950899986,1465.900925341744,1465.900925341744,6801771,1.5350257715039284,0.015233634459475945,1.025905754673974,1460.1132638113838,1434.2872663225446,1389.1399007161458,1.024113967564421,1,0.9975083871078054,0.8382915120252843,0,7,3,1,0,8860932.57142857,0.767613447588103,1
2024-07-02,1523.7567138671875,1535.7414752975033,1491.2803144467298,1500.3980870491325,10493173,1.9015515587712084,0.01883698041290462,1.029814086875591,1471.9771728515625,1442.7000906808037,1395.5656290690104,1.0351768641325572,1,1.0905536692692916,0.8987574150053171,1,7,3,0,0,7888251.428571428,1.3302280099736028,1
2024-07-03,1529.7257080078125,1537.8095248596555,1509.6100836947476,1527.469729765856,7269965,0.39172881643789736,0.003909635569533421,1.0186799501867994,1485.4390694754463,1452.2476283482142,1402.5021118164063,1.029813837162641,1,0.988049690112443,0.8226748395208315,2,7,3,0,0,8131819.428571428,0.8940145638818204,1
2024-07-04,1551.5802001953125,1560.3690026530594,1530.2896001922775,1530.4775505601317,8008311,1.4286543053500411,0.014185452086623015,1.0196560196560196,1500.03564453125,1462.7687116350446,1409.5327433268228,1.034362220559212,1,1.0072029238406894,0.8474644647656787,3,7,3,0,0,8625646.0,0.9284302880039361,0
2024-07-05,1548.572265625,1565.8679458210338,1535.3185512266714,1552.332191113537,7065022,-0.19386265498450017,-0.001940508118460731,1.019897756442762,1514.3703787667412,1473.4140014648438,1415.9224772135417,1.0225848889662725,1,1.0277412614835852,0.8344172097833017,4,7,3,0,1,8941934.285714285,0.790099968782721,1
2024-07-08,1561.920166015625,1566.009062287117,1541.5695451085667,1544.4834645926285,5880533,0.8619488213059245,0.008582552517304868,1.0158536585365854,1526.2276088169642,1484.3883056640625,1422.9813883463542,1.0233861299536622,1,0.8937768673522561,0.8345525441639986,0,7,3,1,0,7673759.857142857,0.7663170478974928,0
2024-07-09,1557.6900634765625,1566.7138611771477,1551.9091554243114,1560.2750121000736,5191182,-0.27082706473104956,-0.0027119446472167064,1.0095396729254997,1538.3667864118304,1494.1775425502233,1429.7072998046874,1.0125609037034677,1,0.8615317354039669,0.8759867985171348,1,7,3,0,0,7244279.571428572,0.7165905110114764,0
2024-07-10,1549.32421875,1573.5287378659184,1539.2664644712022,1557.5490553427878,9852770,-0.5370673488082067,-0.005385147401308299,1.0222588318433135,1546.081333705357,1503.0972987583705,1436.2864339192708,1.0020974867065182,1,0.9237279620264434,0.9287818480206405,2,7,3,0,0,7680136.571428572,1.282889947120732,1
2024-07-11,1553.507080078125,1565.0688961998292,1543.4963708254108,1556.6090643284788,8857679,0.2699797290653505,0.002696159384217142,1.0139764017474704,1550.3313860212054,1511.1542794363838,1443.4995686848958,1.0020483969334257,1,0.691158141155741,0.9192836984696254,3,7,3,0,0,7446494.571428572,1.1895098982527963,1
2024-07-12,1609.0130615234375,1616.5329122564228,1566.6199259649964,1579.1686539269024,17078316,3.5729467961305383,0.03510597842509247,1.0318603034878937,1561.6581508091517,1523.5486101422991,1453.284773763021,1.030323480647637,1,1.4294557489680932,1.1843637793986215,4,7,3,0,1,8847687.57142857,1.9302575799749324,0
2024-07-15,1604.59521484375,1624.2877782953476,1600.4592739409936,1622.5957659620963,6942230,-0.2745687269626429,-0.002749463582885141,1.0148885415220084,1569.231724330357,1534.6336844308037,1462.6892862955729,1.0225355439640271,1,1.4362726135770247,1.2188499227994536,0,7,3,1,0,8695390.285714285,0.7983804949394204,1
2024-07-16,1622.454833984375,1633.593589888385,1597.9682742375035,1615.4519041715741,6886281,1.1130295650522815,0.011068809726883509,1.022294132008272,1579.786376953125,1547.078377859933,1472.7204549153646,1.0270090042892654,1,1.4174106732919354,1.1988909014903564,1,7,3,0,0,8669855.857142856,0.7942786031819182,1
2024-07-18,1652.5343017578125,1659.4431419133819,1615.827983176718,1615.827983176718,11248896,1.8539479277564386,0.018369718110774296,1.0269924516661213,1592.7312534877233,1559.4794311523438,1484.138094075521,1.0375474821248933,1,1.4869289740595637,1.1787309145569342,3,7,3,0,0,9436764.857142856,1.192028854198429,1
2024-07-19,1685.3394775390625,1733.3255702708213,1679.2295989019908,1733.3255702708213,29819116,1.98514340951077,0.019656963839839923,1.0322147557452552,1610.9668840680804,1574.6668352399554,1495.507169596354,1.0461664322255795,1,1.455703708889759,1.1620727806350768,4,7,3,0,1,12955041.142857144,2.3017384253110604,1
2024-07-22,1702.1651611328125,1713.5859571917674,1685.3394724496927,1692.1074068427617,8462126,0.9983557507546648,0.009934051025154033,1.0167601158127613,1632.801304408482,1589.4413190569196,1506.1164225260416,1.0424815049675986,1,1.2638342612321485,1.1509449883667187,0,7,3,1,0,12756377.714285715,0.663364333475589,1
2024-07-23,1726.6517333984375,1729.5186076175692,1676.2217119382558,1701.3662125939957,7113056,1.4385544261362293,0.014283054068293213,1.031795850930534,1657.5362548828125,1603.9338204520088,1515.6196329752604,1.0416977175081528,1,1.16954385858846,1.1274724967986716,1,7,3,0,0,12507145.857142856,0.5687193610153446,0
2024-07-24,1723.878662109375,1731.7745279912915,1710.3899533806657,1727.2156416274588,6002845,-0.16060397330992515,-0.0016073307974303062,1.0125027480244246,1673.9456263950892,1617.8018886021205,1526.0910196940104,1.0298295445962713,1,0.9014863508086907,1.1560300399119743,2,7,3,0,0,10924935.714285715,0.5494627297578083,0
2024-07-25,1715.324951171875,1721.0118842620095,1703.246213719811,1710.7660645530111,5815599,-0.49618984940816846,-0.004974249585929195,1.0104304770497032,1689.76416015625,1629.4979422433037,1536.4026123046874,1.0151268393651227,1,0.9557009824704967,1.1973386171772178,3,7,3,0,0,10763988.42857143,0.5402829107994342,1
2024-07-26,1766.1309814453125,1769.9848820315087,1715.7949342558115,1715.7949342558115,11369047,2.9618895381150923,0.02918872928867607,1.03158299788267,1710.2893240792412,1645.037850516183,1548.7383056640624,1.032650415681063,1,1.2226705356700984,1.3032568488727956,4,7,3,0,1,11404383.57142857,0.9969014922019022,0
2024-07-29,1758.799072265625,1788.78450012986,1752.1252276626687,1779.9486525351583,4635931,-0.41513960497354674,-0.004160037017327154,1.020922746781116,1725.470005580357,1659.10062953404,1560.555440266927,1.0193159351234609,1,1.3249174735232534,1.3537012832351427,0,7,3,1,0,10459674.285714285,0.44321944196022495,1
2024-07-30,1764.4859619140625,1767.1178407699306,1748.365259289592,1758.7990290172347,2721265,0.3233393591180356,0.003228177415065093,1.0107257801999328,1736.776646205357,1673.8717651367188,1572.7203653971353,1.0159544497383972,1,1.2448981297173956,1.3245219128268868,1,7,3,0,0,6588552.714285715,0.41302925209956687,0
2024-07-31,1756.1201171875,1772.0058245898792,1753.1122228334534,1764.344953812893,5004209,-0.4741236205408783,-0.00475251151918737,1.0107771775875758,1744.4844970703125,1688.6429007393974,1584.3150390625,1.0066699475614305,1,1.3021357742602306,1.3193566541560569,2,7,3,0,0,6094564.571428572,0.8210937699240766,0
2024-08-01,1741.4095458984375,1755.7913074406626,1734.3596852882927,1744.6994808498382,7475014,-0.8376745499973026,-0.00841202760351905,1.0123570804454023,1746.5927559988838,1702.0645054408483,1595.0073323567708,0.997032387725963,1,1.2994915098609794,1.3917160655977592,3,8,3,0,0,6146272.857142857,1.2161864879319428,0
2024-08-02,1711.8939208984375,1747.895251074617,1707.147084115294,1732.3855594141,7400938,-1.6949272541613492,-0.0170945554275006,1.0238691600380996,1744.880650111607,1709.4131382533483,1604.5888753255208,0.9810951372455992,1,1.4741067167370698,1.3016344603515422,4,8,3,0,1,6346000.428571428,1.1662366057649405,0
2024-08-05,1646.7532958984375,1689.6164211011132,1615.4049418548652,1677.8196096487513,10736703,-3.8051788259060415,-0.03879466371465686,1.0459398614696793,1735.0846993582588,1712.4244297572545,1611.4570068359376,0.9490910135438969,1,2.045671620930456,1.7259793804643284,0,8,3,1,0,7049015.285714285,1.5231493428251286,0
2024-08-06,1646.0013427734375,1689.0994653436978,1640.126459251215,1654.5551502330297,7690163,-0.045662767268961346,-0.0004567319588531869,1.0298592866521044,1717.9233224051338,1714.1063232421875,1618.4739705403647,0.9581343482018722,1,1.3939470164355374,1.7064652357420778,1,8,3,0,0,6523460.428571428,1.1788471907208407,1
2024-08-07,1684.11767578125,1689.9925594528395,1656.341179884447,1688.2065718679119,5094329,2.315692704332073,0.022892874074412182,1.0203166956041871,1707.2545514787946,1716.3622785295759,1626.29775390625,0.9864479051014954,0,1.8799570589314325,1.7466176709117935,2,8,3,0,0,6588945.857142857,0.7731629778802033,0
2024-08-08,1638.5284423828125,1673.1196857214622,1623.4416964698462,1673.1196857214622,6227910,-2.7070099705051143,-0.027443244309324363,1.0306004147605918,1689.2606201171875,1713.0186331612724,1632.641064453125,0.9699678207552985,0,1.9775599147921836,1.8160934481373319,3,8,3,0,0,7089895.142857143,0.8784206077115869,1
2024-08-09,1664.471923828125,1673.8717370362467,1650.6071993461458,1664.9419144885312,4258524,1.5833403177051064,0.01570936246027287,1.0140945330296127,1676.1680210658483,1710.3262590680804,1638.8261433919272,0.9930221212368161,0,2.2137121738986614,1.8518082414650021,4,8,3,0,1,6983368.714285715,0.6098094163764312,1
2024-08-12,1689.5223388671875,1695.2562016016923,1661.980842064797,1666.633818145862,4315329,1.5050067640341336,0.014937939001652684,1.0200215060815954,1668.7555629185267,1707.6741594587054,1646.05302734375,1.0124444684470992,0,2.3684476774009946,1.8562560832160753,0,8,3,1,0,6531985.142857143,0.6606458688472217,1
2024-08-13,1689.5693359375,1701.366147109179,1681.673584839887,1701.366147109179,4176918,0.0027816779471612207,2.78163925921766e-05,1.011710097873225,1665.5663364955358,1705.2234933035713,1652.5279256184897,1.01441131398733,0,2.3005274446529262,1.856623981715992,1,8,3,0,0,6071410.857142857,0.6879649719448593,1
2024-08-14,1713.821044921875,1715.4660123309595,1689.5694795075585,1693.8464406687062,7450718,1.4353781445091363,0.014251741207275482,1.0153272967684932,1675.1474434988838,1705.1160714285713,1658.8634033203125,1.0230866850396247,0,1.689949463172559,1.8984108208678918,2,8,3,0,0,5601984.428571428,1.3300140503782194,1
2024-08-16,1747.3782958984375,1750.1042647796944,1719.6958908608178,1738.9655086594769,7335657,1.9580370468663677,0.019391141146054724,1.0176824135479299,1689.6298653738838,1703.7765938895088,1666.1184895833333,1.0341781544633002,0,1.7345825105806978,1.794475492933488,4,8,3,0,1,5551340.714285715,1.3214207841940884,1
2024-08-19,1752.877197265625,1755.4621458747317,1738.2133969970967,1748.3652410685681,2585989,0.31469438415796525,0.0031420025776812523,1.0099232631087953,1699.4526541573662,1703.3536028180804,1672.828389485677,1.031436323323022,0,1.6176547533142982,1.794001917673049,0,8,3,1,0,5193006.428571428,0.49797531267670575,1
2024-08-20,1759.8330078125,1772.5227558229078,1756.0730824760828,1767.1649081160394,3870333,0.3968224675251486,0.003960372038876639,1.0093673056725125,1716.7818777901787,1703.021248953683,1679.8704142252604,1.0250766451925368,1,0.7664992682110277,1.795156247631005,1,8,3,0,0,4856209.714285715,0.7969863798539177,1
2024-08-21,1760.3028564453125,1766.2247842698705,1755.0389843478197,1762.5588344138969,1966902,0.02669847824916527,0.0002669491483969779,1.006373533592023,1730.4720110212054,1703.3200160435267,1686.4831705729166,1.0172385599039553,1,0.8034502376780838,1.790045130341324,2,8,3,0,0,4528835.142857143,0.43430638077038164,1
2024-08-22,1767.39990234375,1779.9956751616294,1757.4830533776285,1770.9248323444356,4300287,0.40317186741201105,0.004023613075411607,1.0128095811454538,1741.597377232143,1705.176470075335,1693.4734985351563,1.0148154363625732,1,0.749734054300515,1.7743223367393324,3,8,3,0,0,4526686.285714285,0.9499856470220223,0
2024-08-23,1750.3392333984375,1769.6088509029312,1745.5453515046195,1765.4729100507645,5015935,-0.9652976059740803,-0.00969986804193502,1.013785662674172,1750.2787911551338,1707.922563825335,1700.1739990234375,1.0000345329233316,1,0.9509280588690361,1.726976440759323,4,8,3,0,1,4646545.857142857,1.079497578247141,1
2024-08-26,1763.5460205078125,1775.3897624868237,1752.125224235838,1757.7651122966831,3728589,0.7545272857612195,0.007516949667937471,1.0132778969957081,1757.382359095982,1716.264901297433,1707.1752970377604,1.0035072967359255,1,0.8720411909238158,1.2949997625712244,0,8,3,1,0,4114813.1428571427,0.9061381089618651,1
2024-08-27,1786.05859375,1788.5495673509674,1761.431127538951,1763.5460856398784,3830679,1.276551503640655,0.012684722693420065,1.0153956855809094,1762.9081159319196,1726.2689906529017,1713.076814778646,1.0131319820975708,1,0.6897480062177795,1.3004687831508592,1,8,3,0,0,3614102.0,1.0599255361359474,1
2024-08-28,1822.7177734375,1833.903574209478,1783.5205978872887,1792.450420519267,6514531,2.0525183113131007,0.020317380193202297,1.0282491698620535,1772.8853410993304,1736.1689976283483,1720.347566731771,1.028108096549137,1,0.9522756841087264,1.2753088234729435,2,8,3,0,0,4175322.285714286,1.5602462646510502,0
2024-08-29,1817.31298828125,1833.4336919875568,1805.6102659320495,1816.9840177451665,7228284,-0.2965234242521819,-0.002969639259671959,1.0154094305844816,1781.0967668805804,1748.9393223353795,1726.8428385416667,1.0203336629845772,1,1.0069967546834515,0.9081128439299131,3,8,3,0,0,4655029.571428572,1.552790135720175,1
2024-08-30,1827.0416259765625,1832.9635541258785,1812.2839653100993,1821.6837784081808,13466759,0.5353308845557514,0.005339030821540276,1.0114107883817427,1790.6308768136162,1760.5514439174108,1732.6597493489583,1.0203340340180767,1,0.9883169376602888,0.876445714858096,4,8,3,0,1,6297866.285714285,2.1383050050692907,1
2024-09-02,1846.5933837890625,1857.1681741009113,1826.195834151735,1826.712755054023,5573739,1.070132039386329,0.010644466512846899,1.016960032089638,1801.9442313058037,1771.7708042689733,1738.0348795572916,1.0247783209422099,1,1.0052487539496493,0.8519943559651723,0,9,3,1,0,6479788.0,0.8601730488713519,0
2024-09-03,1824.73876953125,1848.9432889467964,1820.2268132183985,1848.9432889467964,4694322,-1.1835098321953619,-0.01190569062884547,1.0157763172808247,1812.5727364676338,1781.4257638113838,1742.1206665039062,1.0067120247473906,1,1.0646804077734464,0.970965606538098,1,9,3,0,0,6433843.285714285,0.7296295218168088,0
2024-09-04,1807.0670166015625,1811.5319278069883,1786.0115271331308,1805.7980647866775,4778310,-0.9684538534919795,-0.009731738666450034,1.0142890458914464,1818.7900216238838,1788.086190359933,1744.8011759440103,0.9935545033330155,1,1.2122832366399603,1.0149686243668632,2,9,3,0,0,6583803.428571428,0.7257674157256562,1
2024-09-05,1817.1248779296875,1823.5637269032381,1794.9882723576418,1810.638983993486,4081810,0.5565848546690955,0.005550416447007673,1.0159195772951004,1823.228062220982,1793.0680890764509,1747.9093831380208,0.996652539296779,1,1.1500237652193914,0.9116231917563836,3,9,3,0,0,6619679.285714285,0.6166174861082502,0
2024-09-06,1787.7034912109375,1820.2738676395406,1783.00358450389,1806.6441381891027,5848106,-1.619117490277877,-0.016323684243138865,1.0209030892924542,1818.2260219029017,1795.5556815011162,1750.322001139323,0.983213016245351,1,1.0223240809247789,1.0435433813012556,4,9,3,0,1,6524475.714285715,0.8963334766033746,0
2024-09-09,1780.935791015625,1805.5632579164233,1775.624873131343,1776.5648545358595,4772612,-0.37856950151885504,-0.0037928788949457564,1.0168607599713804,1813.0292794363838,1797.063023158482,1750.8154947916667,0.9822984169176044,1,1.0231191420594692,1.0497467349696388,0,9,3,1,0,6173665.428571428,0.7730597090526772,1
2024-09-10,1797.5263671875,1818.8638977650467,1782.2046254069915,1790.5704823041315,6909600,0.9315650937877784,0.009272527867780935,1.0205696202531647,1808.8128138950892,1799.7218453543526,1752.1064046223958,0.9937603014414272,1,1.0850851213582493,1.0731264241497034,1,9,3,0,0,5236928.428571428,1.3193993567494404,0
2024-09-11,1795.50537109375,1810.4040523138208,1790.6644442667855,1799.7822173243185,5312946,-0.11243206946177642,-0.0011249532172799303,1.011023622047244,1801.5145263671875,1801.7293788364955,1753.1403849283854,0.996664387000223,0,0.9304526307689043,1.0727988357629243,2,9,3,0,0,5199672.285714285,1.0217847795133024,1
2024-09-12,1833.386474609375,1838.9794321721197,1796.116307982983,1809.463996501208,8555092,2.1097738901526775,0.020878263201746097,1.0238643366237632,1802.7499128069196,1807.6613246372767,1755.7159301757813,1.0169943493464124,0,1.245365678955844,1.1462073907089454,3,9,3,0,0,5751210.857142857,1.4875288374055688,0
2024-09-13,1827.4176025390625,1841.0473312410704,1819.47480653783,1833.38646078049,3843127,-0.32556540331106776,-0.0032609652053948984,1.011856456943358,1805.6571393694196,1812.2235804966517,1758.5828653971355,1.0120512708061744,0,1.1775160811707495,1.1523295646423581,4,9,3,0,1,5617613.285714285,0.6841209610802432,1
2024-09-16,1833.198486328125,1834.8434535636457,1817.0308542536736,1828.9685705796433,1570181,0.31634169338361495,0.003158423857837031,1.0098031353007972,1807.953369140625,1815.5907156808037,1762.6263509114583,1.013963367428829,0,1.1676958794727001,1.1151854308641347,0,9,3,1,0,5258809.142857143,0.29858109646985803,1
2024-09-17,1835.3604736328125,1840.906271327735,1825.5846454813945,1830.8485176417557,2793127,0.11793525473708932,0.0011786576574485373,1.0083927227829528,1814.761509486607,1816.4937656947545,1768.9132568359375,1.011350783030456,0,0.8836299673559488,0.9783797307579526,1,9,3,0,0,4822383.571428572,0.5792005050258934,0
2024-09-18,1778.585693359375,1822.388800311061,1768.3869188956942,1822.388800311061,6385468,-3.093385800178017,-0.03142241142474293,1.0305373676079268,1814.42578125,1813.727530343192,1773.3327351888022,0.9802471458127464,1,1.5874594697423972,1.2910154827610831,2,9,3,0,0,5052791.571428572,1.2637505247806295,1
2024-09-19,1780.5125732421875,1809.370068657787,1766.036952686509,1795.9282898631557,7976570,0.10833775904117715,0.0010827911604219245,1.024536924839177,1811.9952392578125,1810.4040265764509,1776.5458984375,0.9826254146073142,1,1.5359121769144124,1.2786670930487805,3,9,3,0,0,5205215.857142857,1.5324186775182729,1
2024-09-20,1791.36962890625,1800.0644572244357,1755.3213636385367,1790.664642826397,15242974,0.6097713561377782,0.0060791977373764825,1.0254899726698208,1811.4044189453125,1806.45947265625,1781.640604654948,0.9889396372066224,1,1.5609933508408624,1.2497353267055156,4,9,3,0,1,6623791.285714285,2.3012461206129706,0
2024-09-23,1782.6275634765625,1803.73021337189,1765.7078993837924,1794.4243751721033,3636672,-0.48801013976245144,-0.0048920479753045325,1.0215337508550348,1804.1531459263392,1803.4515293666295,1785.5791259765624,0.9880688718148013,1,1.2467802806320882,1.2215373109178245,0,9,3,1,0,5921159.857142857,0.6141823709780412,1
2024-09-24,1784.6485595703125,1796.210376017183,1759.0811128709156,1774.6847802570394,7277616,0.1133717516298649,0.00113307534391083,1.021107192200859,1798.0432826450892,1801.8502110072545,1788.75,0.992550388967794,0,1.2617155003994578,1.2004740877353666,1,9,3,0,0,6411801.142857143,1.1350345773133326,0
2024-09-25,1781.5467529296875,1787.4685667691454,1764.1570974239128,1773.1338507441149,4268341,-0.17380489979337277,-0.0017395611574856102,1.0132139418758528,1790.6644635881696,1799.3089163643974,1791.8159138997396,0.9949081970163122,0,1.2330913218850912,1.186357182128399,2,9,3,0,0,6797252.571428572,0.627950919161288,1
2024-09-26,1786.199462890625,1802.8370859804254,1779.3845984749128,1783.896554606288,8952803,0.26116126075761414,0.00260820827328352,1.0131801115540808,1783.6414620535713,1799.2014857700892,1794.2285278320312,1.0014341451976052,0,1.244271455303618,1.1092929922988608,3,9,3,0,0,7677206.285714285,1.1661537630764645,1
2024-09-27,1792.3094482421875,1856.0871602157958,1789.0665584656958,1816.137952637302,14908931,0.3420662405571706,0.003414825247435973,1.0374612120678042,1785.6019984654017,1800.0138898577009,1795.7262329101563,1.0037564080811683,0,0.3569897662931527,1.1071051660325528,4,9,3,0,1,8894843.857142856,1.6761318399116845,0
2024-09-30,1763.0289306640625,1787.1394743316184,1758.2350489085036,1767.1648713969455,6986955,-1.633675345897545,-0.016471669628609815,1.016439454691259,1783.1043352399554,1797.5497872488838,1796.0646240234375,0.9887413180602294,0,0.7497750223313776,1.1611570150507515,0,9,3,1,0,8753470.285714285,0.7981925764234045,1
2024-10-01,1790.0533447265625,1794.3772357071236,1762.464916843665,1762.464916843665,4029072,1.5328400795057373,0.015212107744856516,1.018106640625,1782.916294642857,1797.160356794085,1797.0719685872396,1.0040030202792751,0,0.9560875656273866,1.2436205828645657,1,10,4,0,0,7151484.285714285,0.5633896180193563,0
2024-10-03,1779.7606201171875,1797.1032292411892,1768.1048290238766,1776.0946700907043,7503887,-0.5749954122706513,-0.005766548751724595,1.0164008376320774,1782.5067313058037,1793.3299386160713,1797.7205607096355,0.9984594104805402,0,0.9639208995050861,1.088135945819583,3,10,4,0,0,7703943.571428572,0.9740319266913485,1
2024-10-04,1803.025146484375,1836.8174281895435,1772.8047248589348,1776.141704358394,10001483,1.3071716557958135,0.012987018967876827,1.0361081524845903,1785.1319580078125,1791.5876203264509,1798.9080688476563,1.0100234542305382,0,1.0887675251528857,1.159520338489968,4,10,4,0,1,8093067.428571428,1.235808682958847,1
2024-10-07,1818.2060546875,1825.4438655173053,1801.0513942623245,1807.7721694283628,6112575,0.8419687452904112,0.008384439596922288,1.0135434620759234,1790.3690011160713,1790.5167323521205,1801.1702962239583,1.0155482213745188,0,1.1057377789443552,1.1819693196954455,0,10,4,1,0,8356529.428571428,0.7314729221320964,1
2024-10-08,1831.6007080078125,1840.436440915146,1791.9334261359113,1821.5898836675146,5637391,0.736696112400459,0.007339957607374383,1.027067420068069,1796.8548932756696,1790.2481776646205,1803.4387858072917,1.0193370176201604,1,1.117736873498983,1.2002434202994272,1,10,4,0,0,7882899.142857143,0.7151418403098758,1
2024-10-09,1835.5484619140625,1858.3430081700687,1828.3575821051584,1835.3605115538048,4857163,0.21553572724613002,0.0021530378222067077,1.0164001978378787,1803.0318952287946,1794.3169468470983,1805.088448079427,1.0180343824040572,1,1.1191838495089992,0.8074258292471266,2,10,4,0,0,6446932.285714285,0.7534068584469167,0
2024-10-10,1803.82421875,1846.1233796899428,1799.2182871655539,1840.3895163779584,4782119,-1.728325011423626,-0.017434348998902442,1.0260697064158246,1808.8597935267858,1795.9820643833705,1804.4586629231771,0.9972161608131231,1,1.147312852663654,0.9627204579414936,3,10,4,0,0,6131955.714285715,0.7798684828820635,1
2024-10-11,1818.957763671875,1830.1435639245415,1795.4582315208152,1802.884106629312,4709431,0.8389700484430884,0.00835470255914887,1.019318373323754,1812.9889962332588,1797.952645438058,1804.5134887695312,1.0032922248568619,1,1.0524217594998937,0.9739889484849633,4,10,4,0,1,6229149.857142857,0.7560310970203707,1
2024-10-14,1841.32958984375,1851.2933697481615,1815.1980609916643,1816.1850873604988,3751378,1.2299255441046375,0.012224234110144352,1.019885052508693,1821.7845633370537,1802.1456473214287,1804.9897542317708,1.0107285059386466,1,1.0422776747400717,1.000223384534058,0,10,4,1,0,5693077.142857143,0.6589367939105992,1
2024-10-15,1841.70556640625,1871.9258760220825,1834.6086610794148,1842.3635074756771,5353705,0.020418754174911236,0.000204166698310275,1.0203406948491738,1827.310337611607,1806.22114780971,1804.8268269856771,1.0078778237600616,1,0.9864626156152718,1.0014103218346464,1,10,4,0,0,5029108.857142857,1.0645434712346935,0
2024-10-16,1804.8582763671875,1841.9406117141925,1801.3333460914546,1837.66365041544,3111512,-2.0007155709999447,-0.020210009089074714,1.0225428934132863,1825.4035121372767,1807.8862566266741,1804.1641438802083,0.9887448251121015,1,1.273357127438414,1.1638884269649776,2,10,4,0,0,4600385.571428572,0.6763589598499181,1
2024-10-17,1849.9771728515625,1859.2830106666543,1814.304928428157,1819.0517651449982,8162822,2.4998581370715867,0.024691228560843846,1.0247908064040065,1828.0287214006696,1812.4418073381696,1805.594482421875,1.0120066228686362,1,1.5988238698781976,1.3298102460134729,3,10,4,0,0,4961161.428571428,1.6453449696254883,0
2024-10-18,1766.788818359375,1820.6027474745542,1757.0600349091483,1780.1366215888147,10526196,-4.496723295453453,-0.04600962804764493,1.03616422393256,1818.2059151785713,1810.618905203683,1803.9166137695313,0.9717209715412534,1,2.3730265149738385,1.8382250033851701,4,10,4,0,1,5771023.285714285,1.82397392608981,0
2024-10-21,1741.5504150390625,1784.8366013292746,1727.6856903747387,1777.5986762175419,4654601,-1.428490097857238,-0.014387912358238063,1.033079460733474,1809.3096575055804,1809.084725516183,1802.3781778971354,0.9625496707070393,1,2.350166624140914,1.8257159868245405,0,10,4,1,0,5752806.428571428,0.8091009245301269,0
2024-10-22,1740.46923828125,1765.0968155765634,1736.0983025734054,1746.6730915066728,4125240,-0.062081278180414756,-0.0006210055658518364,1.0167032667218059,1798.0970110212054,1805.543003627232,1801.0292928059896,0.967950687651037,0,2.2900026251383965,1.7666892185125145,1,10,4,0,0,5669350.571428572,0.7276388976172479,1
2024-10-23,1760.9610595703125,1772.804801466981,1733.3255853155424,1734.500561986716,4311910,1.177373367960155,0.011704962546245128,1.0227765726681128,1786.6157924107142,1804.2001778738838,1799.81044921875,0.9856405988632927,0,2.2830585668226933,1.7987774190808774,2,10,4,0,0,5749426.571428572,0.7499721835613619,0
2024-10-24,1751.5142822265625,1770.9249206806642,1748.3653675509743,1749.6813644323036,2906475,-0.5364557775090817,-0.005378998684367866,1.0129032258064516,1773.7313232421875,1800.5208304268974,1798.3440795898437,0.9874744045366383,0,2.2669575326003075,1.757963300018874,3,10,4,0,0,5399822.285714285,0.5382538250729734,0
2024-10-25,1750.292236328125,1763.7339001545147,1735.581505943881,1751.60811836117,4689120,-0.06977082121671918,-0.0006979517238151603,1.0162207272399595,1765.9361746651787,1795.6698434012276,1795.5742716471354,0.9911412776059023,0,2.197655805964164,1.7334181434035978,4,10,4,0,1,5625194.857142857,0.8335924566321055,1
2024-10-28,1753.394287109375,1768.951025226307,1745.5454653432146,1748.0833692337449,7018940,0.17723044854256464,0.0017707358070081654,1.0134087368950258,1752.1386195591517,1790.0836704799108,1793.106827799479,1.0007166485209595,0,1.8282202712906706,1.7150892448682729,0,10,4,1,0,5461783.142857143,1.2851004546343605,0
2024-10-29,1748.5933837890625,1760.2867290719619,1738.8012907344037,1754.9629211020826,4621252,-0.2738062599842994,-0.0027418179497317656,1.0123564656019342,1749.539271763393,1783.872593470982,1790.2866577148438,0.9994593502474642,0,0.7833915684066803,1.7088070207872164,1,10,4,0,0,4618219.714285715,1.000656591912443,0
2024-10-30,1713.2276611328125,1748.3079249245552,1707.76122797984,1741.653136738328,5919715,-2.0225241033232866,-0.020432571523284995,1.023742603052699,1745.4931640625,1777.40141078404,1786.2155639648438,0.981514964599121,0,0.9582434724312759,1.7289848400094805,2,10,4,0,0,4798950.285714285,1.23354372259743,0
2024-10-31,1670.5897216796875,1699.7282140714156,1660.369867072741,1699.7282140714156,7395236,-2.488749184970085,-0.02520242166688125,1.0237045659399155,1735.5103759765625,1766.8036934988838,1782.6156982421876,0.9625927593430005,0,1.2742229872113282,1.7804369878653261,3,10,4,0,0,5266092.571428572,1.4043118117830276,1
2024-11-01,1674.011962890625,1678.9080088899161,1665.6460129974564,1677.4819828348002,371966,0.20485228458706484,0.0020464274840553496,1.0079620734471628,1723.089076450893,1754.8524344308037,1779.0656778971354,0.9715179474868741,0,1.0909366733310846,1.7198369159711768,4,11,4,0,1,4703243.428571428,0.07908712479995568,1
2024-11-04,1676.674072265625,1679.8588408591163,1633.2753189564019,1639.454765739415,7336722,0.1590257079407742,0.0015889939595646416,1.0285215366705471,1712.3976178850446,1743.0644705636162,1775.2424926757812,0.979138288183593,0,1.1405144940331418,1.724474238494039,0,11,4,1,0,5336135.857142857,1.374912895101648,0
2024-11-05,1667.68994140625,1681.2371893406507,1658.9436944231081,1673.2039554066878,3160880,-0.5358304877485898,-0.005372712081573769,1.0134383674337393,1700.5972900390625,1733.2667323521205,1771.411238606771,0.9806495348278154,0,1.116649640376667,1.6803761729726872,1,11,4,0,0,5117815.857142857,0.6176228469784446,1
2024-11-06,1733.762451171875,1737.0898453384439,1675.723259696614,1677.0066599508023,10421494,3.9619181075056797,0.038854474052713875,1.0366209547350558,1697.7927420479912,1724.9656808035713,1769.7150349934896,1.0211861602615258,0,2.092412667377129,1.9137136661842296,2,11,4,0,0,5603895.0,1.8596875922907192,0
2024-11-07,1714.1309814453125,1735.6638830746192,1698.8724555004114,1723.5426610222241,4550965,-1.1323044695825124,-0.011387638427783543,1.0216563800626048,1692.8695417131696,1721.2044067382812,1767.467842610677,1.0125594082758596,0,2.1263001117039053,1.5407101484903611,3,11,4,0,0,5593854.0,0.8135652092457186,1
2024-11-08,1739.704345703125,1749.829154713953,1723.7329222391422,1728.3437169759088,4210960,1.491914243114012,0.014808946691096263,1.015139371150904,1696.6519252232142,1721.072544642857,1765.9180053710938,1.025374928021401,0,2.055841594382942,1.5598932887777814,4,11,4,0,1,5349746.142857143,0.7871326764957579,1
2024-11-11,1768.367431640625,1775.8778590726738,1732.669314114394,1738.8011800020988,3804234,1.6475837407829985,0.016341583422858887,1.0249375599869526,1710.6201695033483,1723.0652727399554,1765.1199381510417,1.0337580856152553,0,1.7064880619963558,1.6201130611320893,0,11,4,1,0,4836745.857142857,0.7865275770861406,1
2024-11-12,1776.638427734375,1788.2367269114475,1769.223045604574,1778.8249314544848,5012450,0.4677193181553019,0.0046662891006336365,1.0107469102632993,1725.2810930524554,1724.1850847516741,1765.5735880533855,1.0297675172403677,1,1.6933270887068939,1.595595311268191,1,11,4,0,0,5499672.142857143,0.9114088748926722,0
2024-11-13,1776.258056640625,1780.821270333326,1764.7548031409274,1769.3180168336285,4257495,-0.021409595098931256,-0.0002141188727991304,1.0091040790277512,1739.5073765345983,1725.9524972098213,1765.1137451171876,1.0211270619497115,1,1.7071941001326676,1.58632198454374,2,11,4,0,0,5059782.571428572,0.841438330579874,0
2024-11-14,1772.5980224609375,1783.4833086013102,1764.469627272938,1773.5961711004963,4311431,-0.206053065656997,-0.002062656470568561,1.0107758620689655,1754.4942452566963,1727.5457676478795,1764.8749918619792,1.0103185161497024,1,1.6669778065214456,1.587939528794562,3,11,4,0,0,5224147.0,0.8252889897623478,0
2024-11-18,1722.11669921875,1758.005024675079,1706.477991896976,1758.005024675079,4839244,-2.847872027528453,-0.028892106416146698,1.0301949588701254,1752.83056640625,1725.3116542271205,1762.1780436197917,0.9824775607088646,1,1.5568668039220985,1.772075648860209,0,11,4,1,0,4426682.714285715,1.0931987477627152,1
2024-11-19,1734.7607421875,1767.987103735295,1730.7679155470983,1735.4737552340218,4669769,0.7342152233054788,0.007315329842714385,1.021504436183422,1755.7776750837054,1724.3236083984375,1759.396533203125,0.9880298438723437,1,1.5067882197422624,1.7855092454356238,1,11,4,0,0,4443654.714285715,1.0508847559616548,1
2024-11-21,1743.6021728515625,1774.9271666789355,1730.8154024223286,1751.16006482196,5436504,0.5096628283686844,0.005083684435117088,1.0254861172340337,1756.334507533482,1726.4932163783483,1756.4632486979167,0.99275062089408,1,1.4067636161699735,1.6954292627699585,3,11,4,0,0,4618732.428571428,1.1770554116471104,1
2024-11-22,1808.4388427734375,1819.6569616576032,1743.554652462339,1762.6633798054363,6301486,3.7185472082681637,0.03651076772222516,1.0436477910731325,1762.0589948381696,1736.3395821707588,1755.5595947265624,1.0263213933648843,1,1.9238118775570066,1.7655971727813624,4,11,4,0,1,4975482.714285715,1.2665074650761092,0
2024-11-25,1796.507568359375,1824.647908539123,1789.187347735094,1821.5106048142616,12764638,-0.6597554825666374,-0.006619414892212538,1.0198193670712674,1764.8974434988838,1745.0892682756696,1755.3157063802084,1.0179104598836206,1,1.957881384359431,1.7946961222047353,0,11,4,1,0,6082938.142857143,2.0984329776538675,1
2024-11-26,1829.2587890625,1842.9961275482167,1803.7329448177684,1811.00558516297,6850495,1.823049414316369,0.01806631110772222,1.0217677360959967,1772.4689767020088,1755.9881766183037,1755.659073893229,1.0320399471623807,1,2.04898562389228,1.8237797973570824,1,11,4,0,0,6453366.714285715,1.0615381557095103,1
2024-11-27,1829.591552734375,1845.6581372544963,1817.4703304442407,1834.9153604909611,4447143,0.01819117523800262,0.00018189520844352647,1.0155093628424545,1780.6109095982142,1767.5525774274554,1755.2678059895834,1.0275077743667274,1,2.0389512317567995,1.8022010512534723,2,11,4,0,0,6472754.142857143,0.687055757386914,0
2024-11-28,1765.087646484375,1820.4649949645564,1760.3342260139732,1820.4649949645564,8468790,-3.5255905151943434,-0.035892399497309636,1.0341587228504558,1786.7496163504463,1769.7900913783483,1752.7138753255208,0.9878763260012238,1,2.2299460431686344,1.8629790638848882,3,11,4,0,0,6991260.714285715,1.2113394630949965,1
2024-11-29,1766.2283935546875,1784.4340168837268,1754.0121263454853,1759.811276019277,5244346,0.06462835273843837,0.0006460747761223251,1.0173441734417346,1791.2449951171875,1773.5113351004463,1751.4262125651042,0.9860339587098953,1,2.2262795430067412,1.8270125491009397,4,11,4,0,1,7073343.142857143,0.7414239482069925,1
2024-12-02,1787.095947265625,1789.9479994533772,1744.6953452341356,1767.3216723437565,2868263,1.1814753848985449,0.011745504553320504,1.0259372814530945,1797.4583914620537,1776.896449497768,1749.3301717122397,0.9942349462743336,1,2.2522404817144412,1.8123388624590115,0,12,4,1,0,6706451.571428572,0.4276871262620656,1
2024-12-03,1798.789306640625,1806.0620629902432,1778.8725217831325,1793.9408410909798,4715792,0.6543218562434561,0.006521904631807823,1.0152847047071456,1796.0798863002233,1779.0694405691963,1750.396854654948,1.001508518836533,1,1.7315206313929892,1.7705864101955224,1,12,4,0,0,6479923.857142857,0.7277542304454326,0
2024-12-04,1796.0799560546875,1819.56180716774,1782.5327074778559,1791.0888644737497,4705573,-0.1506207856548425,-0.0015073433279158117,1.0207733072916667,1796.018798828125,1780.4581211635045,1752.2145060221353,1.000034051551466,1,1.7128874812065307,1.7694006883313418,2,12,4,0,0,5328628.857142857,0.8830738875146708,1
2024-12-05,1839.4310302734375,1853.7388717964993,1795.7946087095554,1806.2997139926326,9050038,2.4136494632441607,0.023849813273748747,1.0322666427474032,1797.4719761439733,1784.9704764229912,1755.513232421875,1.023343370403736,1,1.8278047345215755,1.8739533685680758,3,12,4,0,0,5642849.285714285,1.6038064356798472,0
2024-12-06,1827.594970703125,1842.3780374823932,1818.0881305684336,1837.4821076532628,3573331,-0.6434630804587949,-0.006455422279684752,1.013360137226332,1797.1867501395088,1788.8988298688616,1757.7343627929688,1.0169199002614813,1,1.849342995542375,1.8860414225750126,4,12,4,0,1,5518019.0,0.6475749721050253,1
2024-12-09,1828.783447265625,1835.0103583375276,1803.6377838079438,1829.3062538776032,4274645,0.06502953781071241,0.0006500840276895666,1.0173940548436218,1806.2861502511162,1796.5178833007812,1760.3100016276042,1.0124550016681362,1,1.0213396884071555,1.667829437956368,0,12,4,1,0,4918855.428571428,0.8690324531943959,1
2024-12-10,1852.45556640625,1868.664660829215,1836.721697987323,1843.3764867481466,6174921,1.2944189305748255,0.01286112928259922,1.0173912917111476,1818.6043178013392,1804.9246564592634,1763.7154459635417,1.018613861340567,1,1.0371782966204923,1.6820111530667905,1,12,4,0,0,5051794.714285715,1.2223222338267732,1
2024-12-11,1876.79296875,1880.4530791874988,1855.7352935156714,1858.5873457085745,5025612,1.313791422860655,0.013052360351775264,1.0133196721311475,1831.418178013393,1814.4382847377233,1767.8287353515625,1.0247757673705231,1,1.0488147059969049,1.696653685844204,2,12,4,0,0,5359987.428571428,0.9376163782047251,1
2024-12-12,1889.0091552734375,1900.227273174294,1873.370449502188,1877.791037372581,6462130,0.65090751760295,0.006487982625395435,1.0143360987034051,1844.3067278180804,1820.1933070591517,1772.5092610677084,1.0242380655999899,1,1.0488439360103752,1.432119643461155,3,12,4,0,0,5609464.285714285,1.1520048387610227,1
2024-12-13,1901.0830078125,1907.5001256882165,1857.4466990978751,1872.6100645470372,5362693,0.6391632621449483,0.006371292761600031,1.0269474362923314,1859.307163783482,1827.6629813058037,1778.7711059570313,1.0224685005483487,1,0.9816325382999576,1.4054914337258875,4,12,4,0,1,5703338.571428572,0.9402726022377369,0
2024-12-16,1882.4019775390625,1900.9877808683423,1880.072732013709,1897.0424188970678,3119221,-0.982652003971829,-0.00987511892177178,1.0111245956065922,1865.4458705357142,1831.4589233398438,1785.8315144856772,1.009089573313901,1,0.8978959048897943,1.3890892719689907,0,12,4,1,0,4856079.0,0.6423332486971485,0
2024-12-17,1879.1221923828125,1884.2559097971648,1861.439491111427,1870.9463322304846,5811050,-0.17423404752994198,-0.001743860115876073,1.0122574055158327,1872.8069022042412,1834.996826171875,1792.6685221354167,1.0033720989447115,1,0.8275288772050334,1.3921223766634185,1,12,4,0,0,5175753.142857143,1.122744814060463,1
2024-12-18,1881.5465087890625,1887.060407082662,1864.861955978867,1869.8055830579622,3064095,0.12901323905796236,0.0012893008848784686,1.0119035358261375,1880.344482421875,1843.3153163364955,1799.4976033528646,1.0006392585924677,1,0.8235442283221938,0.8929051815938874,2,12,4,0,0,5002817.428571428,0.6124738797184056,0
2024-12-19,1850.2213134765625,1863.1031292043601,1825.3134369549032,1838.623014099366,5323592,-1.6648642574698003,-0.016788788899313147,1.020703125,1880.0253034319196,1849.3148106166295,1805.581982421875,0.9841470272230108,1,1.028065307514671,1.056610104398164,3,12,4,0,0,4881199.0,1.0906320352847734,0
2024-12-20,1827.3575439453125,1882.3070176382269,1816.9950636033855,1877.7438033938301,11056720,-1.2357316049013134,-0.012434302567597146,1.035945036584369,1872.963099888393,1852.190638950893,1808.7018188476563,0.9756505849230036,1,0.9263884788710721,1.104510375515687,4,12,4,0,1,5742785.857142857,1.9253234014024203,1
2024-12-23,1829.4014892578125,1844.3271834459897,1814.855975875461,1834.867922920088,2781793,0.11185251180165778,0.0011179000348674755,1.0162388685175485,1864.447719029018,1854.3772234235491,1812.544169108073,0.9812028895133316,1,0.845590312400867,1.0954989035640657,0,12,4,1,0,5217023.428571428,0.5332145883733812,0
2024-12-24,1814.903564453125,1846.2285597653754,1749.2587795923225,1832.0158786013108,2360544,-0.7924955177864956,-0.00795652453626934,1.0554347826086958,1852.1363699776787,1855.7217668805804,1815.0508097330728,0.9798973735800014,0,0.6972718563786274,1.121106096086389,1,12,4,0,0,4788145.0,0.4929976013675442,0
2024-12-26,1813.3348388671875,1825.0757640546135,1808.4863732653307,1814.9034908105154,3623321,-0.0864357543101879,-0.000864731315480542,1.0091730803364194,1842.2696358816963,1853.8577532087054,1816.5497233072917,0.9842939402295143,0,0.7099845572736241,0.8977027826245682,3,12,4,0,0,4860159.285714285,0.7455148662823073,1
2024-12-27,1822.2237548828125,1829.25884045684,1810.007487366256,1815.236249934069,3937500,0.4901971674011518,0.004889996130769045,1.010636062682037,1834.1412876674108,1853.4740949358259,1818.0692342122395,0.9935023910836474,0,0.8037603250933162,0.8958691473628658,4,12,4,0,1,4592509.285714285,0.8573744232261449,0
2024-12-30,1812.0037841796875,1821.5106246003575,1793.4654453593812,1821.2253729676181,7789055,-0.5608515790522239,-0.005624302569813076,1.015637423800689,1824.2066127232142,1852.2755475725446,1819.2607584635416,0.9933106105095683,0,0.7643342634192691,0.9069926585847261,0,12,4,1,0,5267503.571428572,1.4786995194931727,0
2024-12-31,1787.2861328125,1803.4477627368683,1754.0597694763478,1798.9795938249597,3613063,-1.364105946300631,-0.01373495356913939,1.0281563913157101,1815.2158726283483,1847.6205880301338,1819.750362141927,0.984613543635773,0,0.6955296736787286,0.8790318957679999,1,12,4,0,0,5023142.285714285,0.7192834274823307,1
2025-01-01,1789.662841796875,1799.597444352464,1781.5820268405544,1781.5820268405544,1838368,0.13297865074546333,0.0013289031244307571,1.0101120337096452,1809.8309151785713,1841.397007533482,1822.0019002278646,0.9888563770170175,0,0.6415985993095425,0.7667230846046975,2,1,1,0,0,3706234.8571428573,0.4960203740075989,1
2025-01-02,1861.296875,1865.8602051810894,1792.3248119514092,1793.9409285299619,7083645,4.0026552225447265,0.039246243813378205,1.0410279390986157,1814.3873988560267,1839.4175589425224,1826.2197713216146,1.025854167733721,0,1.7614328789110256,1.37816195464313,3,1,1,0,0,4320785.142857143,1.6394346781418299,0
2025-01-03,1843.138916015625,1856.638584673474,1827.2149563285784,1856.638584673474,6218003,-0.9755541541096147,-0.009803438598870654,1.0161029922850546,1818.4210205078125,1835.2786952427455,1829.5376627604167,1.0135930542096956,0,1.7809190674645718,1.3793965664000258,4,1,1,0,1,4871850.714285715,1.2763123019691403,0
2025-01-06,1842.283203125,1875.6997732327457,1832.9189877307317,1855.7354066651392,7164403,-0.046426934138787956,-0.0004643771477673117,1.0233402489626555,1822.5565011160713,1832.4130684988838,1830.6658081054688,1.010823643599992,0,1.7797826538218209,1.3617509395465004,0,1,1,1,0,5377719.571428572,1.3322381178192975,0
2025-01-07,1835.6282958984375,1861.9623140172655,1828.7834170796311,1849.08049857111,4294832,-0.36123149878770633,-0.003618855152503031,1.018142605968408,1824.471435546875,1829.306361607143,1831.969832356771,1.0061151192253215,0,1.788891998251495,1.3629732729360704,1,1,1,0,0,5428767.0,0.7911247618473956,1
2025-01-08,1837.81494140625,1842.9961231909604,1795.6045452981161,1834.8202633622047,5482050,0.11912245592957671,0.0011905156142730602,1.026393104214924,1828.1587437220983,1826.1826782226562,1832.255037434896,1.005281925170509,1,1.7641632958563491,1.3628152537678748,2,1,1,0,0,5099194.857142857,1.075081489055247,0
2025-01-09,1822.74658203125,1855.5926464465324,1816.3294646707038,1838.6705399259386,6833503,-0.8199062394971146,-0.008232859570594515,1.021616773024682,1833.2245221819196,1824.2201974051338,1832.0268717447916,0.9942844206893989,1,1.6935368061195304,1.308646217609326,3,1,1,0,0,5559257.714285715,1.2292114075661282,1
2025-01-10,1869.9478759765625,1880.262890374542,1836.9591870921913,1841.4749361612496,8036913,2.589569741105313,0.02556608213748834,1.0235735794168068,1844.693812779018,1827.2623639787946,1835.5222127278646,1.0136901110756693,1,1.8971232521859476,1.4452632632657685,4,1,1,0,1,6444764.142857143,1.247045325763778,0
2025-01-13,1865.432373046875,1885.0165591706927,1852.8833888192748,1859.5381777991286,5804152,-0.2414774758001892,-0.0024176950287124136,1.0173422518358775,1845.2845982142858,1829.8359985351562,1838.829012044271,1.0109185189385348,1,1.191987484136466,1.4495152675609344,0,1,1,1,0,6261979.428571428,0.926887746311892,0
2025-01-14,1844.374755859375,1874.5589763818855,1835.8660634362316,1871.7543886244132,5792162,-1.1288330518841483,-0.011352527295300948,1.0210761088274771,1845.461146763393,1831.9410836356026,1840.7383056640624,0.9994113173794402,1,1.2148918050294535,1.468976455871452,1,1,1,0,0,6201145.0,0.9340471799965974,1
2025-01-15,1853.501220703125,1861.4869901029845,1841.5700892018165,1850.981884706997,2985439,0.49482703093588487,0.004936067857297118,1.0108151739746167,1847.063720703125,1834.8101109095983,1842.5620361328124,1.0034852614600374,1,1.2274284024566473,1.4707547058563812,2,1,1,0,0,5604150.142857143,0.5327193104926244,0
2025-01-16,1833.3466796875,1869.948017007702,1822.3187674971882,1868.9973329214629,7533579,-1.087376732774925,-0.010933318828609115,1.0261366180056022,1846.7377755301338,1835.6046055385045,1843.8042602539062,0.992748783276072,1,1.3007268076071214,1.504102183402914,3,1,1,0,0,6066828.285714285,1.2417656550028802,0
2025-01-17,1725.9193115234375,1766.3709642563163,1722.6394979722525,1759.7161759087412,16409953,-5.8596319700087385,-0.0603832406325598,1.0253863134657837,1830.752685546875,1829.4557146344866,1840.0205362955728,0.9427375555141562,1,2.55732290258508,2.1837815330572052,4,1,1,0,1,7627957.285714285,2.151290625438179,0
2025-01-20,1723.87548828125,1737.8029172097529,1704.7191808636662,1733.0494968108637,4333011,-0.1184193970448999,-0.0011848956821587091,1.0194071473574464,1816.6282435825892,1824.9263828822545,1836.5632202148438,0.948942357563251,0,2.5730662269904787,2.163455198477104,0,1,1,1,0,7270744.142857143,0.5959515167724333,0
2025-01-21,1711.896728515625,1741.3204695981628,1704.6240883474466,1729.3418737355341,7169109,-0.6948738378760866,-0.006972993287270814,1.0215275505617734,1794.0495082310267,1819.3716605050224,1832.6669962565104,0.9542081869321398,0,2.1188892473469414,2.163916930803011,1,1,1,0,0,7146772.142857143,1.0031254469425308,1
2025-01-22,1764.8974609375,1773.7864501626696,1716.1274359637641,1718.2664752007781,8373913,3.0960239329291595,0.030490639140141735,1.0335983289996902,1779.6873779296875,1812.4859880719866,1829.7483927408855,0.9916895983105793,0,2.6804468141758817,2.035148468272672,2,1,1,0,0,7513880.857142857,1.1144591136336128,1
2025-01-23,1773.45361328125,1786.8583519719805,1761.3323909696403,1766.3710631349807,5907471,0.48479600277768764,0.004836246512077022,1.014492415590159,1769.5557861328125,1807.5084664481026,1826.3037475585938,1.0022027150423756,0,2.712325782382937,2.038570604948008,3,1,1,0,0,7530353.571428572,0.7844878655384707,1
2025-01-24,1782.96044921875,1801.4513245969808,1772.312833717117,1773.501188842313,4887027,0.5360634113181328,0.005346317057008528,1.0164409410830428,1759.4785330636162,1803.2711268833705,1822.7687906901042,1.0133459520612889,0,2.7149569094732398,2.049078105209501,4,1,1,0,1,7802009.0,0.6263805899224162,0
2025-01-27,1732.1463623046875,1771.1244088768565,1722.6395216773292,1757.577160982871,7652371,-2.849983965506808,-0.02891384511583251,1.0281456953642383,1745.0213448660713,1795.8795601981026,1817.137569173177,0.9926218767470881,0,2.8544499503016154,2.167404365075694,0,1,1,1,0,7818979.285714285,0.9786918113443928,1
2025-01-28,1739.5142822265625,1771.5998715284597,1734.9034874184256,1739.7519532584283,6999495,0.4253635883327833,0.00424461474691945,1.021151830275377,1746.9634835379463,1788.8580845424108,1812.3746459960937,0.9957359146990882,0,1.7700094747218522,2.1744872869023446,1,1,1,0,0,6474628.142857143,1.0810651740242248,1
2025-01-29,1788.4744873046875,1795.509572949861,1749.7341097059282,1754.0121882137666,5145155,2.8145905772878343,0.02775708864730394,1.0261613824580615,1756.1919119698662,1786.4100777762276,1809.3530558268228,1.0183821455473,0,2.030598586070916,2.328115893774929,2,1,1,0,0,6590648.714285715,0.7806750477911983,0
2025-01-30,1768.224853515625,1794.1309953598945,1753.0614884709362,1780.7739533235829,7336056,-1.1322293906232739,-0.011386879039893206,1.0234273054077414,1764.2387869698662,1779.1441476004463,1805.5756673177084,1.0022593690690844,0,2.081189239059935,2.205409586703041,3,1,1,0,0,6614498.285714285,1.1090872932636637,1
2025-01-31,1787.095947265625,1803.875428129993,1778.729881094765,1778.729881094765,5820470,1.0672338256347835,0.010615790827484704,1.0141367991298103,1767.4099993024554,1773.5486886160713,1803.4714884440104,1.0111383029240182,0,1.7752855509786512,2.2390205294906935,4,1,1,0,1,6249720.714285715,0.9313168165571741,0
2025-02-01,1760.049072265625,1797.3634250338325,1754.9629352894476,1787.5714479503238,1701402,-1.5134539945313774,-0.015250235916112976,1.0241603334701719,1765.4950648716517,1767.525425502232,1801.227872721354,0.9969153170040593,0,1.8780883302359157,2.2525252438146386,5,2,1,0,0,5648853.714285715,0.3011942043564034,1
2025-02-03,1771.40966796875,1784.0062318529979,1742.0335070965566,1745.4559465267448,4823228,0.6454703952373908,0.00643396156030468,1.024094097263604,1763.8449532645088,1761.6617431640625,1799.2948120117187,1.0042887639813467,1,1.8846417291486854,2.2570198662209826,0,2,1,1,0,5639739.571428572,0.8552217596065795,1
2025-02-04,1805.158935546875,1816.947325024505,1782.5326085489075,1795.8421853594061,7334787,1.9052209202868875,0.01887298865219365,1.019306640625,1774.2753208705358,1759.6483328683037,1798.969991048177,1.0174063260155062,1,1.5452168756522602,2.317514400430855,1,2,1,0,0,5594370.428571428,1.3111014176930365,0
2025-02-05,1803.4952392578125,1825.0281403385413,1800.88085809743,1812.0038151596648,4996744,-0.09216342430028446,-0.000922059208970638,1.0134085950953036,1783.4154575892858,1765.1894705636162,1798.6420043945313,1.0112591721592843,1,1.5672855943151016,1.6196439143959425,2,2,1,0,0,5308263.142857143,0.94131429914579,1
2025-02-06,1821.1781005859375,1829.1162899648602,1806.2998705474192,1822.4615009681065,4765255,0.9804772944896678,0.009757018055489479,1.0126315789473683,1788.08740234375,1772.139657156808,1798.6071492513022,1.0185061972914822,1,1.2405159640234724,1.6230376754021316,3,2,1,0,0,5253991.714285715,0.9069780195966375,0
2025-02-07,1809.769775390625,1828.8309215990796,1796.2699917999128,1824.648004479721,4126260,-0.6264255643993355,-0.006283958418621905,1.0181269686337853,1794.0223911830358,1779.1305890764509,1798.5326822916666,1.0087776965800326,1,1.1574625710001674,1.6195684048694075,4,2,1,0,1,4795449.428571428,0.8604532404023744,0
2025-02-10,1787.5712890625,1811.0531389851265,1785.9550565261386,1811.0531389851265,3828734,-1.226591726195314,-0.0123417644870988,1.0140530313835592,1794.090297154018,1780.7501482282366,1798.5421875,0.9963663991149949,1,1.238484036825819,1.473580037343699,0,2,1,1,0,4510915.714285715,0.848770902075315,0
2025-02-11,1783.150634765625,1809.1518213900456,1777.7792464526458,1790.2331848086437,4411601,-0.24729946849803008,-0.0024760575870720306,1.0176470588235296,1797.3905203683037,1781.4427926199776,1798.3251139322917,0.9920774670605469,1,1.0581752768653476,1.4719135239860377,1,2,1,0,0,4898087.0,0.9006783668807843,0
2025-02-12,1771.26708984375,1801.1660581275596,1755.9135185424811,1792.0395140512057,5633947,-0.6664352797898676,-0.006686658755421071,1.025771508167806,1797.370152064732,1780.6075526646205,1795.32412109375,0.9854770803938209,1,1.0802641160827193,1.4763848839475617,2,2,1,0,0,5013904.0,1.123664713165629,0
2025-02-13,1752.348388671875,1781.1065814060805,1745.1232130462338,1776.353161119435,5237744,-1.0680885610280244,-0.010738335713845264,1.0206193855487347,1789.8257882254463,1782.0505545479912,1792.2977701822917,0.9790608673759645,1,0.7385327477884985,1.2787998284725277,3,2,1,0,0,4714326.428571428,1.1110270108273308,1
2025-02-14,1764.849853515625,1767.606860408019,1738.1831200991312,1762.5681886374266,5292961,0.7134120660347021,0.007108793209598843,1.0169278713897587,1784.3050188337054,1783.8602382114955,1789.716658528646,0.9890965024966432,1,0.8523032147570911,1.2868952211395763,4,2,1,0,1,4756643.142857143,1.1127513334583916,0
2025-02-17,1751.4453125,1761.3799146336082,1732.2890052365772,1747.880247229523,4428956,-0.759528692422351,-0.007624278006303962,1.0167933348933644,1774.3431919642858,1781.215297154018,1786.9105590820313,0.9870950109494112,0,0.6425461317415927,1.0401594934285012,0,2,1,1,0,4708600.428571428,0.9406098621419292,1
2025-02-18,1760.619384765625,1769.8410902296603,1746.977091046225,1751.445375977347,4365260,0.5238000981332425,0.005224330371192229,1.0130877498626742,1767.3217075892858,1780.6720493861608,1784.3373738606772,0.9962076384877301,0,0.7578005348184209,1.0129783150472864,1,2,1,0,0,4742743.285714285,0.9204082399206993,0
2025-02-19,1721.498779296875,1758.004955145868,1716.840404092615,1756.2937934312417,4611411,-2.221979708235333,-0.022470375598450335,1.0239769235131726,1757.882777622768,1775.986537388393,1780.9624471028646,0.9793023751133759,0,0.9966680592636545,1.1161002606490789,2,2,1,0,0,4854554.285714285,0.9499143955543367,1
2025-02-20,1735.14111328125,1740.7025920720746,1716.5077280780874,1716.5077280780874,2218020,0.7924684088330913,0.00789344869129725,1.014095400561393,1751.0242745535713,1774.2073974609375,1776.468888346354,0.9909292169713805,0,1.1164997270492096,1.086810785924184,3,2,1,0,0,4541185.571428572,0.4884231144296207,0
2025-02-21,1725.4915771484375,1739.6092122968646,1717.1255109603246,1731.956275207461,3379879,-0.5561239981550892,-0.005576761248357956,1.0130938019341205,1744.4849155970983,1770.927533830915,1771.8041951497396,0.9891123515721775,0,1.1126167734044017,1.0710608032789402,4,2,1,0,1,4219175.857142857,0.8010756399921163,0
2025-02-24,1677.1016845703125,1718.8367369576058,1663.9347338827708,1711.2788452920981,7594720,-2.8044119843282367,-0.028444866337160767,1.0329952863876588,1733.735386439732,1761.7805873325892,1766.228426106771,0.9673342873933499,0,1.4400675564220486,1.104139132133974,0,2,1,1,0,4555886.714285715,1.667012477765423,1
2025-02-25,1680.524169921875,1690.744023588038,1659.0863139546623,1659.0863139546623,5092963,0.20407142769278686,0.0020386348480806865,1.0190814120803127,1721.6888602120537,1752.9969395228795,1760.4625244140625,0.9760905171419251,0,1.3730036439139828,1.1157155565256065,1,2,1,0,0,4527315.571428572,1.124941020710191,0
2025-02-27,1677.2918701171875,1688.2722009652173,1664.7427713690586,1668.640552657757,5757079,-0.19233878706057528,-0.0019252399562899474,1.014133973128358,1711.0955113002233,1742.7193516322545,1755.2606974283854,0.9802444451757406,0,1.3848203482599377,1.0375090388911268,3,2,1,0,0,4717047.428571428,1.2204835942774372,0
2025-02-28,1604.469482421875,1668.5456129045258,1599.478390980019,1668.4981483304996,12182167,-4.341664619779295,-0.04438734930674167,1.0431810909819097,1688.7883823939733,1728.0550449916295,1751.2123697916666,0.9500713642685235,0,1.8612669701994446,1.4450805188237226,4,2,1,0,1,5833748.428571428,2.0882228894781423,1
2025-03-03,1624.3388671875,1643.3525496222132,1608.8427856333933,1608.8427856333933,7504969,1.238377232057597,0.012307720639561377,1.0214500536018711,1674.9083949497767,1716.3955862862724,1747.894482421875,0.9698075859463389,0,2.02847941035985,1.5421135985007632,0,3,1,1,0,6247113.857142857,1.2013498027443392,0
2025-03-04,1605.0399169921875,1615.212189837081,1587.642352576766,1611.4094536632444,6759673,-1.188111088465682,-0.011952255361021959,1.017365269461078,1656.322509765625,1703.6733921595983,1744.332588704427,0.9690382806059346,0,1.9021445266835675,1.542756147074829,1,3,1,0,0,6895921.428571428,0.9802421721328032,1
2025-03-05,1627.0958251953125,1647.4879525703643,1608.9852468032536,1608.9852468032536,8180782,1.3741657119940909,0.013648096692231304,1.0239298065930735,1642.2659737723213,1693.37544468471,1739.7392008463542,0.9907626725394775,0,2.120115954128374,1.6431292218258422,2,3,1,0,0,7581764.714285715,1.0790076332210106,1
2025-03-06,1631.231201171875,1637.3631829139892,1607.7017709749155,1630.4231429408271,10610547,0.25415687954739585,0.002538344471574703,1.0184495734685215,1635.7130475725446,1684.7242170061384,1734.9984537760417,0.997260004493257,0,1.950323593108956,1.6516288178451015,3,3,1,0,0,8012597.142857143,1.3242331806808494,0
2025-03-07,1602.853271484375,1620.9162680194895,1592.8710891886537,1619.109945155919,8019331,-1.7396632474362517,-0.01754973209527189,1.0176066845717697,1624.6172049386162,1673.153032575335,1728.9948811848958,0.9866036544559039,0,1.9914482067790997,1.6433946653803726,4,3,1,0,1,8430649.714285715,0.9512115046615285,1
2025-03-10,1617.5413818359375,1634.225933863566,1593.5366088108908,1602.8533592169706,7558981,0.9163727343526551,0.009121995148672882,1.0255339757039144,1616.0814208984375,1663.5884660993304,1725.174715169271,1.0009033956573106,0,2.0767739073270644,1.6967491563757462,0,3,1,1,0,8688064.285714285,0.8700420198811342,0
2025-03-11,1579.6566162109375,1597.1492261839649,1556.3173920894415,1597.1492261839649,12671234,-2.342120334627862,-0.023699838983144688,1.0262361869770693,1612.5367257254463,1650.66255405971,1719.8461263020833,0.9796096988118415,0,1.5239205142211827,1.7294214864626634,1,3,1,0,0,8757931.0,1.4468296222018648,0
2025-03-12,1512.395751953125,1556.174800445261,1486.6798171088662,1556.174800445261,14870008,-4.257942110175095,-0.04351250768793879,1.046745090998505,1596.5448521205358,1635.7266235351562,1710.6435017903646,0.9472929933314158,0,1.9949927923459427,1.9353686071926004,2,3,1,0,0,9810079.42857143,1.5157887464898347,0
2025-03-13,1501.938232421875,1526.8462251444753,1492.8592690164621,1520.381526929375,7822888,-0.6914539079963089,-0.006938555276621277,1.022766349670994,1581.8160400390625,1619.0692749023438,1701.7672810872396,0.9495024670408482,0,1.9959192435147892,1.8750622671576218,3,3,1,0,0,9961967.285714285,0.7852754155515267,1
2025-03-17,1511.63525390625,1515.3904095675546,1468.949515897204,1468.949515897204,7526032,0.6456338399974282,0.006435585524370637,1.031615037254691,1565.3216727120537,1603.7938232421875,1692.5852579752604,0.9657026285767912,0,1.8710369809231062,1.9242548233342929,0,3,1,1,0,9868431.57142857,0.7626370964348207,0
2025-03-18,1511.63525390625,1511.63525390625,1511.63525390625,1511.63525390625,0,0.0,0.0,1.0,1548.236537388393,1591.9747924804688,1684.3047973632813,0.9763593723579971,0,1.8442218412717166,1.8581931057025087,1,3,1,0,0,8352639.142857143,0.0,0
2025-03-19,1508.3079833984375,1523.9466912333276,1495.2360763463737,1523.9466912333276,7387068,-0.2201106714873502,-0.0022035327108297065,1.0192013925701342,1534.7300676618304,1579.6736363002233,1675.5347412109375,0.9827838883070512,0,1.8412804941221625,1.845329551863476,2,3,1,0,0,8262315.857142857,0.8940674900020681,1
2025-03-20,1535.8778076171875,1551.4214700841842,1513.4891497172634,1513.4891497172634,7186750,1.827864370022847,0.01811359747258945,1.0250628294058184,1523.0638427734375,1569.5726318359375,1666.5587036132813,1.0084132814947642,0,2.011383483570452,1.9675036486117188,3,3,1,0,0,8209140.0,0.8754571124380873,0
2025-03-21,1514.0118408203125,1524.8020809404113,1486.537050188091,1500.1317616699203,10074677,-1.423678803641193,-0.014339103358512408,1.025741054181918,1513.6860177176338,1563.11137172154,1656.9092569986979,1.0002152514450586,0,1.9155884468940365,1.6743774582921156,4,3,1,0,1,7838203.285714285,1.2853298942069868,1
2025-03-24,1514.2021484375,1527.844442496362,1495.140885206093,1519.1456594946171,8857726,0.012569757518177127,0.0001256896759035078,1.0218732278769578,1513.9440743582588,1555.2444632393974,1646.6767252604166,1.0001704647375105,0,1.0253664416275419,1.6130115991618383,0,3,1,1,0,6979305.857142857,1.2691413990597222,1
2025-03-25,1548.1414794921875,1555.46181670782,1525.84798372026,1525.84798372026,9890140,2.241400270743865,0.022166500466201337,1.0194081148997274,1520.5445382254463,1551.1802891322545,1637.9557820638022,1.0181493804179838,0,1.2582285948758625,1.7528657504969885,1,3,1,0,0,7274627.571428572,1.3595390145942277,0
2025-03-26,1520.571533203125,1556.9827781599724,1516.3410356679321,1545.8122407498795,6651302,-1.7808415221912344,-0.017968893141157172,1.0268025078369907,1521.8211495535713,1543.5714111328125,1629.055790201823,0.999178867798747,0,1.5027821736399258,1.7316368849083275,2,3,1,0,0,7149666.142857143,0.9302954665435627,1
2025-03-27,1524.469482421875,1540.0606082841557,1507.7849306219216,1516.8640098840594,9426573,0.25634763861051013,0.002560196284959403,1.021406022176466,1523.6546107700892,1535.9455740792412,1620.433085123698,1.0005348138915642,0,1.5032363386270826,1.731707301936252,3,3,1,0,0,8496319.42857143,1.1094890062984584,0
2025-03-28,1493.19189453125,1519.620840928022,1483.0670864043914,1511.5876072967835,6799047,-2.0517031171352396,-0.020730429366219362,1.0246474045973557,1521.4951695033483,1528.1126185825892,1611.1639119466147,0.9813977227536403,0,1.7184381949972125,1.7512282306365887,4,3,1,0,1,8412316.42857143,0.8082253036640239,0
2025-04-01,1451.21923828125,1471.0885586286036,1442.9957978349414,1463.3404602190724,12680733,-2.8109351787752757,-0.028511982689756375,1.019468359392184,1509.401088169643,1516.23246547154,1601.1262736002604,0.961453684945367,0,1.7314558315333912,1.8034333841062358,1,4,2,0,0,9197171.142857144,1.3787644921502105,1
2025-04-02,1473.703125,1478.931888061539,1459.4903266843542,1459.4903266843542,6193478,1.549310133552173,0.015374308647941953,1.013320788100975,1503.6427001953125,1508.6643589564733,1591.4213826497396,0.9800886372863556,0,1.9069431065098252,1.8398150336252992,2,4,2,0,0,8642714.142857144,0.7166126170120599,0
2025-04-03,1422.69873046875,1458.9673514518697,1411.8134441365378,1458.9673514518697,10459504,-3.4609680651420227,-0.0352227834126302,1.0333995312986775,1490.5707833426338,1502.2574288504463,1580.4631632486978,0.9544657297510692,0,2.217685718302707,1.7224765812299485,3,4,2,0,0,8871539.57142857,1.1789953610403296,0
2025-04-04,1380.060546875,1399.4069443976105,1376.5905268259103,1388.4740776445042,9590254,-2.996993156780392,-0.030428209581441216,1.0165745856353592,1466.5592215401787,1493.5518798828125,1567.7778686523438,0.9410193101003191,0,1.8475553951156856,1.8553210374133806,4,4,2,0,1,8828698.714285715,1.0862590638054068,0
2025-04-07,1327.8680419921875,1336.5668248830998,1242.5441423903983,1285.3249277060586,21715252,-3.7818996420843187,-0.03855269260637624,1.075669490752917,1439.0301513671875,1480.4256504603795,1554.656844075521,0.9227520637636484,0,2.024102780479842,2.000775203423586,0,4,2,1,0,10980691.57142857,1.9775850964161885,1
2025-04-08,1358.3375244140625,1384.671428260199,1345.218037067066,1360.4289830692378,12805001,2.2946167434048537,0.022686863330783038,1.0293286219081272,1415.2970145089287,1469.4758126395088,1542.0967244466146,0.9597543911200649,0,2.4809803698828663,2.167465686461881,1,4,2,0,0,11463324.142857144,1.1170408199596156,0
2025-04-09,1334.4752197265625,1339.9416532809853,1313.7503760547593,1335.758736096975,8546854,-1.7567286671104299,-0.017723422745365806,1.019936266206735,1392.6232038225446,1457.0591866629463,1529.0628458658855,0.9582457164749413,0,2.4746924432881947,2.1780527843434543,2,4,2,0,0,11713010.857142856,0.7296888993138717,1
2025-04-11,1339.941650390625,1367.844321400648,1328.1532604606723,1341.652928180614,12567440,0.40963148534016725,0.004087947797327093,1.0298843982254042,1376.7264055524554,1443.0637468610491,1517.8241780598958,0.9732809983062181,0,2.5039176366865155,2.0745091107307303,4,4,2,0,1,11696826.142857144,1.074431631838395,1
2025-04-15,1355.675537109375,1376.3053358191778,1339.513907284088,1374.3089224037624,10178530,1.1742217815352785,0.011673812938328244,1.027466253493169,1359.8653215680804,1431.7540108816963,1506.9958902994792,0.9969189710243702,0,2.4408383598667145,2.1439084741352605,1,4,2,0,0,12266119.285714285,0.8298084963069295,0
2025-04-16,1343.41162109375,1357.10149475882,1327.915540556106,1354.724784610381,12022740,-0.904635045770219,-0.009087517146270046,1.0219787729801637,1348.5385916573662,1419.5546875,1495.8665486653647,0.996198128407052,0,2.220434897080707,2.132321070866902,2,4,2,0,0,12489438.714285715,0.9626325309758,1
2025-04-17,1349.49609375,1359.2881865002564,1310.327954849587,1329.0563853909828,14264227,0.4529120159982192,0.004518894558962462,1.037364868443404,1344.1722412109375,1405.365731375558,1487.3674357096354,1.003960692220713,0,2.024313305554292,1.9824694609593878,3,4,2,0,0,13157149.142857144,1.0841426851001286,1
2025-04-21,1379.442626953125,1399.2169026224717,1340.4645789137878,1340.4645789137878,15648970,2.2190900249224876,0.021948265188787477,1.0438298218639186,1351.5400390625,1395.2850952148438,1479.204227701823,1.0206450323957696,0,1.5102468389425183,2.136927064462744,0,4,2,1,0,12290537.42857143,1.273253516450902,0
2025-04-22,1352.6334228515625,1368.985143422317,1349.3060284057444,1368.985143422317,9399738,-1.9434809087187532,-0.01962614813847366,1.0145846195023853,1350.7251674107142,1383.0110909598213,1470.7906778971353,1.0014127636671688,0,1.5459766988374721,2.144280450900418,1,4,2,0,0,11804071.285714285,0.796313218760031,1
2025-04-23,1402.1639404296875,1414.4277879886072,1368.6047467603623,1374.6891479419496,11136642,3.661784245557609,0.03596333910418628,1.0334815740897532,1360.394984654018,1376.5090942382812,1463.292948404948,1.0307035502533057,0,1.8712203035178945,2.419709255480706,2,4,2,0,0,12174041.0,0.9147859778030976,0
2025-04-24,1398.836669921875,1409.7695375562273,1389.4248737048488,1397.4106437086987,7114292,-0.2372953983392878,-0.002375773900602313,1.014642507296656,1368.808558872768,1372.7674822126116,1455.5464640299479,1.021937407429594,0,1.9050173958761738,2.319876921995511,3,4,2,0,0,11395019.857142856,0.6243334447144887,1
2025-04-25,1407.20263671875,1427.6423460063365,1391.3262577852609,1402.7344676201928,8329979,0.5980660199122578,0.00596284703860277,1.0261017773637682,1376.1695731026787,1368.0174473353795,1449.024776204427,1.0225503195410033,1,1.890063557764373,2.277063619140923,4,4,2,0,1,11130941.142857144,0.7483625052986149,1
2025-04-28,1409.0087890625,1416.1389193452367,1393.0373668593481,1407.2024661808139,5886253,0.12835055141464657,0.0012826825250761137,1.0165835842135174,1385.5405970982142,1367.03959437779,1442.0736897786458,1.0169379316733382,1,1.795572333689899,2.0886788841608133,0,4,2,1,0,10254300.142857144,0.5740277657174095,1
2025-04-29,1423.6494140625,1435.3428747016321,1401.4033833138335,1408.9138107783806,8056743,1.039072652608608,0.010337113989545869,1.0242182171043026,1396.1339285714287,1370.153084891183,1436.8734497070313,1.0197083423932158,1,1.7959565641635016,1.9223606047318524,1,4,2,0,0,9367516.714285715,0.8600724445693543,1
2025-04-30,1426.1212158203125,1434.3922372400868,1409.4842438297574,1422.9840278751349,7704183,0.17362433007710454,0.0017347377727613522,1.0176717075904667,1402.8022984095983,1377.1711687360491,1433.9976318359375,1.0166230960964004,1,1.685973122556312,1.538126130813586,2,4,2,0,0,8232547.142857143,0.9358200890090778,1
2025-05-02,1432.5859375,1448.082019175758,1422.4135476873855,1425.740942139582,7402310,0.4533080083216401,0.0045228366203219714,1.0180457164023116,1414.224086216518,1382.4746268136162,1431.685888671875,1.0129836929397842,1,1.3115294652483873,1.4511670420767542,4,5,2,0,1,7947200.285714285,0.9314361956255502,1
2025-05-05,1434.2020263671875,1447.8919007730015,1428.6881281546378,1440.2864278864722,4282493,0.11280920919882753,0.0011274562742333346,1.013441542797145,1418.8009556361608,1389.5979701450892,1429.1047810872396,1.010854990384554,1,0.4130591695611454,1.318307051941445,0,5,2,1,0,6968036.142857143,0.6145911003044863,1
2025-05-06,1436.958984375,1440.856765886036,1425.170478593818,1431.7302219442606,4270530,0.19222940402585653,0.0019204487974244058,1.011006604141629,1424.2470005580358,1396.5277797154017,1426.6155721028647,1.0089254067672135,1,0.3414845593528759,1.3210367778219763,1,5,2,0,0,6561784.428571428,0.650818393454864,0
2025-05-07,1433.916748046875,1443.8989302169214,1422.7936754272177,1426.0260242923393,5691799,-0.21171351174287256,-0.002119379416196769,1.01483367205956,1428.0633021763392,1402.1164376395088,1424.1358642578125,1.0040988700302118,1,0.3909884389087605,1.3192458879390592,2,5,2,0,0,6184901.571428572,0.9202731739973873,1
2025-05-08,1436.864013671875,1441.7124795125974,1427.1669659401214,1433.631664427957,8424409,0.20553952166431078,0.0020532857818816724,1.010191879380346,1432.0426199776787,1408.7916085379463,1420.8354044596354,1.0033667948334328,1,0.38741070621872187,1.2664840038909209,3,5,2,0,0,6547495.285714285,1.2866613311476338,0
2025-05-09,1433.2513427734375,1436.8639888159648,1420.4171072727893,1426.6915991963783,4478653,-0.25142747428167356,-0.002517440839629508,1.0115789097856993,1433.4143240792412,1414.774126325335,1418.1433878580729,0.9998862985369507,1,0.24853864792620092,1.2819182226904737,4,5,2,0,1,6036339.571428572,0.7419484850054705,1
2025-05-12,1546.6678466796875,1551.5163119444549,1456.4479104772702,1461.2013305506293,11372857,7.913232000660919,0.0761573108301534,1.0652741514360313,1450.6352713448662,1426.718784877232,1419.2255777994792,1.0662003587199356,1,2.969599263128784,2.3492630447279064,0,5,2,1,0,6560435.857142857,1.7335520455729303,0
2025-05-13,1491.2430419921875,1532.6928451513845,1487.4403056280353,1529.6507024801845,12846210,-3.5834975690794413,-0.036492811979676854,1.030423096209056,1459.014857700893,1436.6194719587054,1417.328963216146,1.0220890034951937,1,3.4862484209854423,2.5327438163479177,1,5,2,0,0,7338135.857142857,1.7506094531481924,1
2025-05-14,1513.8692626953125,1516.3410179471107,1492.0985753404327,1496.3766534474935,4870057,1.5172725079674487,0.015058770508344671,1.0162472124880535,1470.3958914620537,1444.598423549107,1417.1055541992187,1.0295657594568168,1,3.4922466401163876,2.4032076320593605,2,5,2,0,0,7422073.571428572,0.6561585456047467,1
2025-05-15,1533.4534912109375,1538.7772990924948,1493.524758023796,1511.3976659657826,11151167,1.2936538840056189,0.012853576551990934,1.0302991569611313,1484.1808210100446,1454.21391078404,1417.4050211588542,1.0331985628054141,1,3.4837375602872167,2.3982302590850257,3,5,2,0,0,8405021.714285715,1.326726733025182,0
2025-05-16,1511.49267578125,1533.0731584594146,1503.5069061207216,1533.0731584594146,4576751,-1.4321148672298833,-0.014424686026660978,1.0196648596812756,1495.2630964006696,1461.6631992885045,1418.015047200521,1.0108539958082612,1,3.5826422594444223,2.4643157060378145,4,5,2,0,1,8245729.142857143,0.555045032489893,0
2025-05-19,1482.8770751953125,1506.8342676039738,1478.9791776249906,1498.7534529196623,8855798,-1.8932014057657875,-0.019113519124575703,1.0188339973952265,1501.836390904018,1466.9395054408483,1419.0703084309896,0.9873759113685526,1,3.7264869825274625,2.548051943712782,0,5,2,1,0,8307356.142857143,1.0660188208753298,1
2025-05-20,1483.637451171875,1505.4081383338412,1481.1656959419795,1492.573904126385,7143998,0.05127707409344762,0.0005126393189424126,1.016367137355584,1509.0344063895088,1471.224365234375,1419.4014526367187,0.983170062186721,1,3.717936757520216,2.5425130229420345,1,5,2,0,0,8688119.714285715,0.8222720490664115,1
2025-05-21,1491.1480712890625,1493.5247816353951,1475.5568282070587,1490.5776840160047,4157309,0.506230151527598,0.0050495311471304176,1.0121770663690188,1501.1030099051338,1475.869140625,1421.6830973307292,0.9933682508459559,1,1.8672868357158987,2.5425501744420944,2,5,2,0,0,7657327.142857143,0.5429190789997778,0
2025-05-22,1471.18359375,1483.8277382618005,1464.0534632471729,1478.789066286349,6158990,-1.3388662013829156,-0.013479098269846232,1.0135065252130682,1498.2373744419642,1478.6261160714287,1424.7205322265625,0.9819429276338533,1,1.3797602233417932,2.5816618697117404,3,5,2,0,0,6702010.0,0.9189765458422174,1
2025-05-23,1487.6304931640625,1508.9257236923431,1473.5603223754533,1473.5603223754533,5038421,1.1179365705227706,0.011117338451887598,1.023999968497984,1494.488978794643,1482.4424351283483,1430.045947265625,0.9954108155176146,1,1.3038069197788986,2.59240231809206,4,5,2,0,1,6726062.0,0.7490892887993004,1
2025-05-26,1502.55615234375,1505.693456152503,1485.6339297061554,1489.3416207391451,3170102,1.0033176415967349,0.009983178250287763,1.0135023346231162,1490.0750732421875,1487.1279471261162,1434.8532348632812,1.008376141125833,1,1.2503283523588167,2.599058164424685,0,5,2,1,0,5585909.857142857,0.567517572082962,0
2025-05-27,1492.6690673828125,1504.8378701621398,1479.6447417622219,1501.985817890451,7775714,-0.6580176684588546,-0.006601921489451876,1.0170264710770462,1487.385986328125,1491.3245413643974,1440.1263631184895,1.0035519233764798,0,1.1630042438597106,2.6091929602672455,1,5,2,0,0,6042904.571428572,1.2867510827101782,1
2025-05-28,1494.2852783203125,1509.4010623010483,1492.5740005619675,1503.0315254066693,3623370,0.10827657468199803,0.00108217997878365,1.0112738542496018,1489.0157296316963,1495.426060267857,1445.271150716146,1.003538947630808,0,0.8816091921117043,2.6096447494028188,2,5,2,0,0,5295414.857142857,0.684246673348458,1
2025-05-29,1507.4046630859375,1529.555648703017,1498.8485063145804,1510.6370121874,8609500,0.8779705559551543,0.008741388058950469,1.0204871554790687,1492.4110456194196,1500.7227260044642,1450.328788248698,1.0100465736370203,0,0.9262241356817419,2.608377093407253,3,5,2,0,0,5504772.285714285,1.564006566146787,0
2025-05-30,1506.5369873046875,1515.5027951891782,1499.2101525439637,1514.5387348868949,13148092,-0.05756090600607111,-0.0005757747865545555,1.0108674841999756,1494.6094621930804,1497.856236049107,1455.7663004557292,1.007980362371121,0,0.9228063619362663,1.4554171734331647,4,5,2,0,1,6789169.857142857,1.9366273457080982,0
2025-06-02,1497.9569091796875,1503.9340358386107,1483.6887699715526,1503.9340358386107,4374509,-0.5695232309131937,-0.005711511985108945,1.01364522417154,1498.4342215401787,1498.3357979910713,1460.7149943033853,0.9996814592501762,1,0.7444453436259052,1.0898875067146596,0,6,2,1,0,6534244.0,0.6694743875496538,0
2025-06-03,1487.5450439453125,1510.9717563250315,1480.410974183671,1502.9700087561519,6853403,-0.6950710778507507,-0.006974979490583436,1.0206434447422361,1498.4220145089287,1496.4554966517858,1464.318408203125,0.9927410499456785,1,0.710981812510489,1.016780852574613,1,6,2,0,0,6793527.142857143,1.0088136627533477,1
2025-06-04,1495.4503173828125,1501.3311794658816,1486.0025968815146,1487.545069852834,4548307,0.5314308611814145,0.00530023750392811,1.010315313456743,1497.4068952287946,1493.7409842354912,1469.0789713541667,0.9986933559260236,1,0.6161978222710269,0.9536887511883572,2,6,2,0,0,6990413.571428572,0.6506492002976729,1
2025-06-05,1498.43896484375,1511.3572786610305,1486.195328477135,1492.2689554139665,6948539,0.1998493314153027,0.0019964989830525376,1.0169304462891013,1498.231166294643,1492.8085763113838,1472.2881388346354,1.000138695919416,1,0.5617498109113771,0.88549165722489,3,6,2,0,0,6872245.714285715,1.0111016527764265,1
2025-06-06,1507.5975341796875,1512.5142181403369,1487.641415492617,1498.8244913615613,3960020,0.6112073665204276,0.006093470706246722,1.0167196223422454,1500.1329171316963,1494.5743233816963,1475.9135009765625,1.0049759704375154,1,0.6003166843580723,0.7246497708104916,4,6,2,0,1,6920338.571428572,0.5722292282561733,1
2025-06-09,1516.3704833984375,1530.9277705261318,1514.5387452749073,1521.2871674371763,2903202,0.5819158641383382,0.005802292736356928,1.0108211330362826,1501.4137486049108,1496.912397112165,1479.5524291992188,1.009961767572346,1,0.5467385274458443,0.7345545184905776,0,6,2,1,0,6105153.142857143,0.4755330344819711,1
2025-06-10,1538.6402587890625,1549.726952383094,1520.8051430073597,1527.0715350387688,8591925,1.4686236400958341,0.014579438005680633,1.0190174326465926,1505.9999302455358,1500.304696219308,1483.8734781901042,1.0216735259331686,1,0.7474088352242538,0.8106859259176618,1,6,2,0,0,5454272.142857143,1.5752651820375143,1
2025-06-11,1572.4786376953125,1575.8528485433976,1532.9521677606,1532.9521677606,10597410,2.1992391472247963,0.021754047010403156,1.0279856617088508,1516.6458914620537,1507.5400565011162,1488.834452311198,1.0368133039805592,1,0.9206082002127822,0.8359988021856748,2,6,2,0,0,6343258.0,1.6706572553094956,0
2025-06-12,1550.7874755859375,1569.4902701551284,1540.6648417796544,1558.8856061675938,10483574,-1.3794249148698423,-0.013890273885546619,1.0187097333526332,1525.6805245535713,1512.05126953125,1492.9899943033854,1.0164562309266632,1,1.1102137361919822,0.9482976066618348,3,6,2,0,0,6861853.857142857,1.527804907865694,0
2025-06-13,1544.4246826171875,1551.1731050755648,1513.7675163758718,1519.3591134860721,6968315,-0.41029432265345944,-0.004111383392352944,1.0247102598615976,1532.6768624441963,1515.0418788364955,1496.7179524739583,1.0076649034515055,1,1.1753157685489912,0.9430761908828216,4,6,2,0,1,7207569.285714285,0.9668051355137858,1
2025-06-16,1565.441162109375,1576.0458254086714,1539.7006814911979,1542.4964798976407,5591842,1.3607966596709042,0.013516209698629713,1.0236053307986286,1542.2486049107142,1520.2398856026787,1501.0925903320312,1.015038144385291,1,1.212604726744406,0.9559432803970442,0,6,2,1,0,7013755.428571428,0.797267891210024,1
2025-06-17,1580.962646484375,1588.193099360836,1557.535932091381,1562.452616510744,7622083,0.9915086399086004,0.009866254446653993,1.0196831203940766,1552.7293352399554,1526.4311261858259,1505.8927124023437,1.0181830217306074,1,1.2199547820255778,0.9681980043975609,1,6,2,0,0,7536907.285714285,1.011301149272084,0
2025-06-18,1574.214111328125,1585.589952431105,1562.7417700471647,1562.7417700471647,5629707,-0.4268624038181401,-0.004277760623472759,1.0146205744428594,1560.992710658482,1531.2032296316963,1510.5692911783854,1.0084698670143473,1,1.2919609358213142,0.9821701610115655,2,6,2,0,0,7926408.0,0.7102469365695029,0
2025-06-19,1560.2352294921875,1571.4183055533617,1553.5831898154863,1565.5375611980423,5147760,-0.8879911401724061,-0.008919572782580052,1.0114799875892024,1564.0777064732142,1535.038818359375,1514.6816650390624,0.9975432953457978,1,1.3174660150765147,1.0302796732112287,3,6,2,0,0,7434384.428571428,0.6924258557596785,1
2025-06-20,1564.573486328125,1572.0930860674746,1551.076642111549,1560.8136276168789,9202821,0.2780514600576822,0.002776656120573316,1.0135495844533606,1562.9483991350446,1539.7971452985491,1519.0590698242188,1.001039757418722,1,0.9934735373576273,1.0026087524827436,4,6,2,0,1,7235157.428571428,1.271958639580989,0
2025-06-23,1527.071533203125,1543.4605584963404,1518.7806380620095,1543.4605584963404,7943676,-2.3969441801684144,-0.0242613834297588,1.0162498255612626,1559.5604073660713,1542.6204659598213,1518.405859375,0.9791679283408993,1,1.2568940453697806,1.2152424739293974,0,6,2,1,0,6872314.857142857,1.1558952354669265,0
2025-06-24,1524.7576904296875,1551.172965207259,1519.9373891083474,1543.4604830931148,8083992,-0.15152157074030947,-0.0015163648076262318,1.0205505676238649,1556.7508370535713,1544.7138497488838,1519.5230143229167,0.9794487686388937,1,1.2539297274116739,1.2143783864003284,1,6,2,0,0,7031697.285714285,1.1496501728570674,1
2025-06-25,1556.8609619140625,1561.6812632899293,1528.1319186406413,1532.8558375256184,7813533,2.105467097223035,0.02083608424478424,1.0219544819658843,1555.5250941685267,1548.8868495396205,1520.9560709635416,1.0008587889392102,1,1.4258548518122722,1.322878916586059,2,6,2,0,0,7349081.714285715,1.063198546943824,1
2025-06-26,1557.9215087890625,1565.6339915058402,1548.8593180602195,1550.9803214172216,6519233,0.06812084707270571,0.0006809765535534141,1.0108303402704315,1552.2335030691963,1552.4814191545759,1521.7716715494792,1.0036644008189615,0,1.3521152122402162,1.3204335982228261,3,6,2,0,0,7191531.714285715,0.906515226380742,0
2025-06-27,1550.208984375,1571.0326636135578,1544.8102701550988,1560.8136478253264,8912268,-0.49505218141940865,-0.004962816239976164,1.0169745074622183,1548.80419921875,1554.8984549386162,1523.0622151692708,1.000907012750197,0,1.3542519892265577,1.3304970469766961,4,6,2,0,1,7660469.0,1.1634102298436297,0
2025-06-30,1544.2318115234375,1556.9573602116636,1536.8084767193552,1556.9573602116636,6294505,-0.38557206878608863,-0.0038631731414263725,1.0131108617615907,1546.5179966517858,1555.2978515625,1525.107373046875,0.9985217209671676,0,1.3254244815622238,1.2822649751664772,0,6,2,1,0,7824289.714285715,0.8044826086267475,1
2025-07-01,1549.0521240234375,1559.5602870581276,1542.978497111504,1551.1730095922587,4178937,0.31214954024580965,0.0031166336503481683,1.0107466111664323,1544.3006591796875,1553.6245291573662,1527.287862141927,1.0030767744710243,0,1.327276760096373,1.1268622279588931,1,7,3,0,0,7106592.0,0.5880367129560836,1
2025-07-02,1552.619140625,1589.735462831807,1545.7743359105034,1559.8495930029494,8653641,0.23027092156833184,0.0023000620438165054,1.028439550262949,1547.9503173828125,1553.755362374442,1529.3368977864584,1.003016132488077,0,0.8755702215129009,1.0669421068108407,2,7,3,0,0,7208015.571428572,1.2005580335178045,1
2025-07-03,1560.5244140625,1573.7321112354073,1556.9574379034102,1560.331649069145,5259695,0.5091572833707092,0.005078654607584569,1.010774008925116,1553.059849330357,1554.9053431919642,1532.3149251302084,1.0048063599965973,0,0.8617627290909582,1.0671323767769378,3,7,3,0,0,6804544.571428572,0.7729679693898691,1
2025-07-04,1581.7337646484375,1584.3367981958825,1554.3545449332526,1566.5980642699803,4411273,1.3591168708936285,0.013499637189811422,1.0192891984395474,1556.6131068638392,1556.069100516183,1535.4517008463542,1.0161380227841006,1,0.6178453007691523,1.0669773008895114,4,7,3,0,1,6318507.428571428,0.6981511139882223,0
2025-07-07,1568.526123046875,1584.91514830305,1564.669881810128,1581.058907066303,3294523,-0.8350104105224077,-0.008385161516268034,1.0129390018484288,1558.1280517578125,1555.1807774135045,1537.6506998697917,1.0066734382179512,1,0.7392418674592549,1.0584891160047039,0,7,3,1,0,5857834.571428572,0.5624131169679912,1
2025-07-08,1579.8056640625,1587.0361167588558,1563.2238729521173,1569.4902652889589,4590681,0.7191171922412254,0.007165438739782638,1.0152327790144156,1562.3561488560267,1555.5801740373884,1540.5552530924479,1.0111687179771718,1,0.7187028733885467,1.0714340363105728,1,7,3,0,0,5240465.0,0.8760064230941338,0
2025-07-09,1574.9852294921875,1579.1307357618878,1565.248244218562,1578.937970779495,4580828,-0.30512832558889924,-0.0030559479118505966,1.0088691947712465,1566.7494942801338,1556.63374546596,1543.2452514648437,1.0052565743548159,1,0.706969394998962,1.0439635707332342,2,7,3,0,0,4995654.0,0.9169626239127049,0
2025-07-10,1557.7286376953125,1579.998406486553,1549.341242702206,1579.998406486553,5330179,-1.0956668972977535,-0.011017135349496016,1.0197872250085318,1567.9889962332588,1556.1448277064733,1544.9227172851563,0.9934563580722858,1,0.8774071998279246,1.0868162251009577,3,7,3,0,0,5160117.142857143,1.0329569760597905,0
2025-07-11,1537.579833984375,1549.3413228616234,1506.8262861181436,1522.3476337948875,11391755,-1.2934732804776639,-0.013019114890740915,1.0282149555892115,1565.8405238560267,1556.8954206194196,1545.9574788411458,0.9819517444841336,1,1.0133063106280122,0.9303823117883243,4,7,3,0,1,5551276.285714285,2.0520965654899337,0
2025-07-14,1513.8638916015625,1534.5911874414394,1503.7412587495296,1534.5911874414394,9173426,-1.5424202281163257,-0.015544392786032127,1.02051545005659,1559.1747349330358,1556.1172921316963,1546.4877115885417,0.970939213985263,1,1.0898909805910242,1.0235042451662668,0,7,3,1,0,6110380.714285715,1.5012855055910124,1
2025-07-15,1528.614013671875,1545.967099361679,1507.790334380739,1508.8507771918205,7614807,0.974336078173299,0.009696200328833669,1.025319677484615,1551.5861990792412,1554.09965297154,1547.8566772460938,0.9851943866083633,0,0.989870500945517,0.8743517086603965,1,7,3,0,0,6568028.428571428,1.159374853932575,1
2025-07-16,1550.112548828125,1554.0651724422496,1521.7691530397587,1522.2511831800944,6223491,1.4064070435026554,0.013966089006210257,1.0212226797592652,1548.9556884765625,1553.5418701171875,1549.6787516276042,1.0007468647167694,0,1.1976044201936162,0.9657245342002946,2,7,3,0,0,6986452.428571428,0.8907941567810208,0
2025-07-17,1526.5894775390625,1552.1370753633664,1523.3116489985612,1540.5683518202854,7374814,-1.5175073130557992,-0.015291392826375646,1.0189228687273253,1541.3533761160713,1551.8547624860491,1550.6171020507813,0.990421470633677,0,1.2213463801853346,1.039329028657319,3,7,3,0,0,7384185.714285715,0.9987308398449969,1
2025-07-18,1529.0960693359375,1541.8217363306167,1523.2153248462614,1534.8804313290245,5161833,0.16419553742212933,0.0016406088392611966,1.0122152207772943,1534.7977818080358,1550.773638044085,1551.333719889323,0.9962850399318525,0,1.2453157025522914,1.038281338158911,4,7,3,0,1,7467186.428571428,0.6912687997515989,0
2025-07-21,1527.36083984375,1531.8918763569468,1510.4897839367352,1523.2153333190533,3682661,-0.11348073721365592,-0.0011354517535678156,1.0141689752872292,1530.4595249720983,1549.2242606026787,1551.7000651041667,0.9979753236999817,0,1.210675873225894,1.03259431922012,0,7,3,1,0,7231826.714285715,0.5092297071672486,0
2025-07-22,1514.4423828125,1528.806905141675,1508.7544033781517,1508.7544033781517,8473741,-0.8458025565570737,-0.00849399764258321,1.013290766024361,1527.1541748046875,1546.497349330357,1550.8934692382813,0.991676156735247,0,1.158585579217218,1.046419043212875,1,7,3,0,0,6814967.571428572,1.2434015145612367,1
2025-07-23,1517.9129638671875,1534.6876368616054,1494.2934861823694,1519.648319505044,8035026,0.2291656053789337,0.0022890342148595907,1.0270322738155242,1527.7326136997767,1543.4536743164062,1549.0746134440103,0.993572402824596,0,1.0021018732441063,1.0350005251978727,2,7,3,0,0,6652339.0,1.2078497502908376,0
2025-07-24,1496.70361328125,1525.14339208434,1492.558106924831,1523.21527148752,14169664,-1.3972705346624426,-0.014071242558411917,1.0218318369035866,1523.1739850725446,1537.380092075893,1547.271818033854,0.9826215704504473,0,1.0349106946383515,0.9777034331685734,3,7,3,0,0,7588747.142857143,1.8671941142929107,0
2025-07-25,1461.2261962890625,1493.8114825426642,1456.9844249801497,1487.930738061539,10851259,-2.3703702374586855,-0.023989155008635847,1.0252762191078442,1510.4759347098213,1529.715811593192,1544.49853515625,0.9673945560541352,0,0.9824177478808048,1.108839999080394,4,7,3,0,1,8249856.857142857,1.3153269429886905,1
2025-07-28,1461.515380859375,1464.6968268487494,1429.2193615593824,1459.4908778130184,6439855,0.01979054105702982,0.00019788582987790575,1.0248229671690556,1501.1796351841517,1521.2665056501116,1541.0343424479167,0.9735779427090943,0,0.976453834319881,1.064607244932142,0,7,3,1,0,8116291.285714285,0.7934479891493017,0
2025-07-29,1459.2979736328125,1462.6721845547067,1442.3305365336291,1458.5267960319763,7070448,-0.1517197325189068,-0.0015183494345164291,1.014103319250222,1491.2084786551338,1513.003130231585,1536.9788533528647,0.978600909611847,0,0.9410283525366465,1.0680952015336964,1,7,3,0,0,8388950.57142857,0.8428286637044708,1
2025-07-30,1464.40771484375,1467.0106307922656,1451.8749299240865,1465.2753927209724,5719051,0.3501506411481614,0.003495390410559651,1.010424934377075,1482.2151750837054,1506.3373500279017,1533.3186401367188,0.9879859142320886,0,1.000458456433282,1.0798730924921922,2,7,3,0,0,8679863.42857143,0.658887210272762,0
2025-07-31,1454.76708984375,1472.21655890233,1443.198365471235,1455.4418850255533,6851407,-0.6583292960204434,-0.00660505841145656,1.0201068641188626,1473.6901332310267,1500.422154017857,1529.8030354817708,0.9871594150218076,0,0.9951253777463798,1.0540595463534097,3,7,3,0,0,8448101.42857143,0.8109996142835811,0
2025-08-01,1416.782958984375,1444.8370894973941,1412.83033538686,1440.2096707795008,8702978,-2.6110111456710716,-0.026457032507233073,1.022654350850819,1459.2429896763392,1493.487801688058,1524.8766845703126,0.9709027002409092,0,1.1779643872481373,1.1756466421515295,4,8,3,0,1,8543523.142857144,1.0186638292513048,1
2025-08-04,1427.291259765625,1429.5086455065348,1398.8514812022438,1408.9741142502269,8610216,0.7417015227782597,0.0073896444267811355,1.0219159537064955,1449.326939174107,1486.2504621233259,1521.550675455729,0.984795922291323,0,1.3188971696662888,1.1551916107240274,0,8,3,1,0,7749316.285714285,1.1110936349149623,0
2025-08-05,1407.8173828125,1425.5559991895734,1402.7078158601623,1425.5559991895734,10213323,-1.3643940450054126,-0.013737874403672194,1.0162886262349655,1441.6971086774554,1476.0865216936384,1517.6526652018229,0.9765001083368787,0,1.146033568899927,1.0381132812676879,1,8,3,0,0,7658182.571428572,1.3336484087104739,0
2025-08-06,1385.0654296875,1403.768223634903,1378.895537719122,1399.8155998166778,10566934,-1.616115371408955,-0.01629316944201042,1.0180381219863281,1430.7756870814733,1465.9776611328125,1511.9261474609375,0.9680521148026956,0,1.1826761019778111,1.0445447879728225,2,8,3,0,0,8247765.285714285,1.2811875258262597,1
2025-08-07,1385.25830078125,1390.1749848888187,1363.3740608530718,1378.6062610201184,9892020,0.013925052897567625,0.00013924083452072778,1.0196577922415344,1420.1985909598213,1455.7035348074776,1506.1707071940104,0.9753976025599649,0,1.1983937368072717,1.0358567941875763,3,8,3,0,0,8650847.0,1.143474159235506,0
2025-08-08,1371.9542236328125,1381.6912093691872,1366.169861688454,1373.785961785155,10048009,-0.9604040734449537,-0.009650456961632192,1.0113612136499266,1406.9909493582588,1444.603062220982,1500.2288818359375,0.9750981157757789,0,1.098872362044283,1.0237463930141153,4,8,3,0,1,9269269.57142857,1.0840130306461042,1
2025-08-11,1376.8709716796875,1381.8841562074572,1363.1813615156616,1368.8693412283471,6625368,0.3583755173591552,0.0035773488243153505,1.0137199606888703,1395.8629324776787,1434.7765328543526,1494.6501871744792,0.9863941076476039,0,1.2019064343372794,1.0655890745260475,0,8,3,1,0,9236978.285714285,0.7172657329125319,0
2025-08-12,1372.918212890625,1389.2108550605094,1369.9296495773656,1376.8708364780418,9899184,-0.2870827310884727,-0.0028749560394135862,1.0140745953553836,1389.5965401785713,1424.4197649274554,1488.7790568033854,0.9879977196216946,0,0.8917829174916378,1.0406225563265254,1,8,3,0,0,9407864.857142856,1.052224298532957,1
2025-08-13,1375.328369140625,1382.4624387348806,1371.279363046038,1373.7858962323605,10318063,0.17554987816248424,0.0017539596946190147,1.0081552132922074,1382.1732700892858,1415.7501046316963,1482.869364420573,0.9950477258555155,0,0.7855842111582891,1.0455462764350252,2,8,3,0,0,9651843.0,1.0690251592364277,1
2025-08-14,1395.6700439453125,1417.1686356270611,1374.9427475738962,1374.9427475738962,12902347,1.479041315594909,0.014682101670330329,1.0307110155151356,1380.4379359654017,1411.0675223214287,1477.37421875,1.011034257740286,0,0.9885694394096083,1.0495022126720093,3,8,3,0,0,10035989.285714285,1.2856078890364926,0
2025-08-18,1384.1978759765625,1412.05912550974,1378.2206312900619,1412.05912550974,7254561,-0.8219828188273048,-0.008253797250636009,1.0245523056696693,1380.313999720982,1405.5448434012276,1470.789689127604,1.0028137628513263,0,0.8192676752961673,1.0525119905971227,0,8,3,1,0,9562793.142857144,0.7586236460022917,1
2025-08-19,1388.246826171875,1397.3090164904586,1381.2091389381637,1381.2091389381637,3986094,0.2925123832064891,0.002920853981882262,1.011656364773746,1380.740931919643,1400.469761439732,1464.780379231771,1.005436135105951,0,0.8271304312604345,1.0666004242408327,1,8,3,0,0,8719089.42857143,0.4571686106278529,1
2025-08-20,1442.427001953125,1445.1264179190935,1388.921654258322,1388.921654258322,10413061,3.902776852056866,0.03828543795876673,1.040466475188469,1390.8084716796875,1398.8997105189733,1460.2010904947917,1.037114046487722,0,1.5656512070741693,1.5563209910681906,2,8,3,0,0,8771239.714285715,1.1871823526884406,1
2025-08-21,1442.619873046875,1453.802949118853,1430.9547668193538,1453.802949118853,6565539,0.013371289742147852,0.00013370395864882066,1.015967089127691,1400.201171875,1398.0320521763392,1455.7889119466147,1.0302947190903093,1,1.5845590683358133,1.548010469857224,3,8,3,0,0,8762692.714285715,0.7492604401494394,0
2025-08-22,1434.0396728515625,1450.2359327005538,1432.6899649169563,1444.258688328196,5543397,-0.5947651460804226,-0.0059654091859366,1.012246870023002,1408.9328090122767,1399.2646745954241,1451.665946451823,1.017819773717163,1,1.6197071061683168,1.3754804760582853,4,8,3,0,1,8140437.428571428,0.6809704083645066,1
2025-08-25,1477.0367431640625,1483.6887826854402,1452.549588321255,1452.549588321255,10694531,2.9983180470175563,0.029542472467608123,1.0214376119166944,1423.4625767299108,1402.8179234095983,1449.647843424479,1.0376365120586637,1,1.8246179079246576,1.5748453353939784,0,8,3,1,0,8194218.571428572,1.3051312833281583,0
2025-08-26,1474.6265869140625,1483.1103644867733,1464.021923789744,1468.2638125760993,15994798,-0.16317510455677864,-0.0016330838013195199,1.013038357135812,1434.7420828683037,1407.5900094168526,1448.339933268229,1.0277990758910638,1,1.8636860709524692,1.5111859029125592,1,8,3,0,0,8635997.285714285,1.8521078076829278,0
2025-08-28,1446.1868896484375,1474.6266696224122,1444.162386475055,1474.6266696224122,5443364,-1.928603316799038,-0.0194744349885174,1.021094776759638,1443.59765625,1411.9558279854912,1445.5923624674479,1.001793597673997,1,2.06106819494304,1.544280520173441,3,8,3,0,0,8377254.857142857,0.6497789661202347,0
2025-08-29,1416.782958984375,1447.922152992462,1414.951220922169,1447.922152992462,8169075,-2.0332040675054452,-0.020541581744334434,1.0233018153437154,1447.6742466517858,1414.2075892857142,1441.1480428059897,0.9786614373096317,1,2.300994187184324,1.6674797348759967,4,8,3,0,1,8974823.57142857,0.9102212355467713,1
2025-09-01,1445.511962890625,1449.3682038919694,1423.145694472945,1423.6277245981132,4546057,2.0277632310628846,0.020074778799431776,1.0184257378010309,1448.114955357143,1419.461713518415,1438.445458984375,0.9982024959711324,1,1.8850779490884901,1.7020434029896243,0,9,3,1,0,8136680.142857143,0.5587115285576018,0
2025-09-02,1444.837158203125,1458.4305028963795,1432.8829043510907,1445.5120710387366,5218763,-0.04668274665472483,-0.0004669364644124612,1.017829508934548,1448.4317103794642,1424.316441127232,1435.6368286132813,0.9975183143598827,1,1.8853860838796166,1.706006727899883,1,9,3,0,0,7944283.571428572,0.6569205332459629,0
2025-09-03,1425.941650390625,1447.9222736017668,1420.0609057500144,1446.09053538698,4623483,-1.3077949791933219,-0.013164219153716896,1.0196198400638579,1447.2748500279017,1428.1038295200892,1432.2561889648437,0.9852597454886572,1,1.9435762925608673,1.7567574451240153,2,9,3,0,0,7812867.285714285,0.5917780029943643,0
2025-09-04,1410.420166015625,1430.6654315565193,1407.6243677138264,1430.6654315565193,5787724,-1.0885076798723192,-0.010944752693424317,1.0163687588615098,1437.7581961495537,1430.610386439732,1428.7887817382812,0.9809856551629179,1,1.410936778393849,1.794897342949533,3,9,3,0,0,7111894.857142857,0.8138089941230049,0
2025-09-05,1392.6815185546875,1419.771590084351,1381.4984423486478,1417.1686742864704,5466487,-1.2576853258592036,-0.012656611320117145,1.0277040831625086,1426.0517578125,1430.3969203404017,1424.6144002278645,0.9765995595356224,0,1.4088213521253337,1.793315052351784,4,9,3,0,1,5607850.428571428,0.9747918689394433,0
2025-09-08,1381.4019775390625,1405.5998666589085,1376.9673238557784,1398.8514448025214,3811567,-0.8099153227315581,-0.008132129542999782,1.0207939159536141,1416.7967703683037,1430.1972133091517,1420.7710123697916,0.9750177346747902,0,1.320816277036786,1.7928927051622836,0,9,3,1,0,5374736.571428572,0.7091635002656342,1
2025-09-09,1450.2359619140625,1453.0316426482493,1419.5787971834648,1427.7733097648295,13072640,4.9829076180726295,0.04862736632879815,1.0235653318654498,1421.5757707868304,1434.625008719308,1420.4046712239583,1.0201608607266632,0,2.35171446340527,2.2353363472804944,1,9,3,0,0,6075245.857142857,2.151787813596068,1
2025-09-10,1477.518798828125,1479.7361846012639,1455.056264347903,1455.8274419814547,7281071,1.881268816286541,0.018637918072769037,1.0169614886091167,1426.1481759207588,1437.1315656389509,1420.9381184895833,1.0360205368381163,0,2.334962196593081,2.044295663170775,2,9,3,0,0,6465962.142857143,1.1260614954331734,0
2025-09-11,1455.4417724609375,1472.6020926929066,1452.3568266067848,1469.1314991861996,8003662,-1.4941959712930664,-0.015054715396698693,1.0139395950879522,1427.663120814732,1438.0474155970983,1420.8095784505208,1.0194574274849608,0,2.4364178595099535,2.093482995188382,3,9,3,0,0,6863804.857142857,1.166067824855327,1
2025-09-12,1470.7703857421875,1487.4486761823323,1466.4321143461764,1481.7606968153777,12856963,1.0531931659025773,0.010476857222764197,1.0143317659443964,1434.0672258649554,1440.6710379464287,1421.0216674804688,1.025593751265806,0,2.366718747807227,2.0987500282607816,4,9,3,0,1,8040016.285714285,1.599121512085068,0
2025-09-15,1454.1885986328125,1472.6021270614033,1447.2472937742573,1470.7703889313757,6167414,-1.1274218783652867,-0.011338254545299296,1.017519350974928,1440.319859095982,1439.039027622768,1421.0023844401042,1.0096289303027004,1,2.3710224563135154,1.9608762872099934,0,9,3,1,0,8094257.714285715,0.7619493000717051,1
2025-09-16,1456.9844970703125,1459.5874130189484,1449.4647790449067,1454.18869843609,8923112,0.19226518761930045,0.0019208059467489265,1.006983704689059,1449.5059988839287,1437.7788783482142,1422.3424357096353,1.0051593426947816,1,2.256398700349269,1.9622084030990685,1,9,3,0,0,8588061.285714285,1.0390135448664124,1
2025-09-17,1467.685546875,1471.830935901443,1459.58741614181,1462.3832147820146,4795698,0.7344655915148657,0.00731781527328726,1.008388342914052,1461.8322230747767,1439.31449672154,1423.6889119466146,1.0040041009548357,1,2.1612703385543863,1.8959612571823017,2,9,3,0,0,8728651.42857143,0.5494202671792205,1
2025-09-18,1485.2313232421875,1499.1138155530703,1483.2068200825713,1494.2935138953433,9331945,1.195472450113444,0.01188383122922856,1.010724731881703,1466.8315604073662,1444.2036655970983,1426.269376627604,1.0125438825639335,1,1.2456982506013483,1.8079791614492544,3,9,3,0,0,8194266.428571428,1.1388383672102436,0
2025-09-19,1484.845703125,1495.546867150236,1465.4681136380061,1489.0875921991392,12988129,-0.025963640219062167,-0.00025967011355655103,1.020525013974927,1467.8782610212054,1447.013218470982,1429.5953857421875,1.0115591616514508,1,1.0471670725092335,1.743774597943272,4,9,3,0,1,9009560.42857143,1.4415940825272227,0
2025-09-22,1445.6083984375,1460.2620677071914,1428.7373434373958,1429.4121385641438,15655204,-2.64251730701186,-0.026780593302613162,1.0220647443804824,1466.4734933035713,1447.0683070591517,1431.6070556640625,0.9857719249878374,1,1.3732214994051846,1.9033912424012953,0,9,3,1,0,10102637.857142856,1.5496154787861984,0
2025-09-23,1443.6802978515625,1458.6232324870878,1439.3420265057648,1439.3420265057648,9832164,-0.13337641009982804,-0.0013346543560183398,1.0133958472873408,1462.603480747768,1448.3353533063616,1433.9979248046875,0.9870619869668772,1,1.278768795156907,1.8658614957325572,1,9,3,0,0,9670523.714285715,1.0167147396035545,0
2025-09-24,1440.884521484375,1442.909024606748,1429.4121802134027,1433.7504516255494,4937004,-0.19365619738304085,-0.0019384395343694718,1.0094422340736808,1460.7028982979912,1450.5113786969866,1436.131709798177,0.9864323013004845,1,1.2203463180092693,1.8369608295843047,2,9,3,0,0,9494750.857142856,0.5199719375770576,0
2025-09-25,1431.4368896484375,1448.6934761875953,1423.4351414751138,1435.4858961438838,9491867,-0.6556827903324791,-0.006578418327614603,1.0177446333707245,1457.0532400948662,1453.2796194893974,1438.0823323567708,0.9824190703939131,1,1.2257059639105234,1.8078306236056614,3,9,3,0,0,9576001.57142857,0.9912140186276077,0
2025-09-26,1396.8270263671875,1425.555953399892,1389.4036912657584,1421.9889772759154,8597058,-2.4178406698565857,-0.024475503026388616,1.0260199842287725,1446.9305943080358,1454.3814086914062,1438.798954264323,0.9653725146610718,0,1.3754272911520962,1.9249732361876932,4,9,3,0,1,10119053.0,0.8495911623350525,0
2025-09-29,1389.982177734375,1412.3483294621576,1384.872611107433,1407.5280279964163,10513117,-0.49002836454377086,-0.0049123294032054655,1.0198398886181692,1433.3235735212054,1450.0775669642858,1438.6093587239584,0.96976161099454,0,1.1112275135138556,1.3155195445951386,0,9,3,1,0,10287791.857142856,1.0219021871734992,0
2025-09-30,1389.982177734375,1400.0083106366037,1386.4150840398418,1391.1390030128964,7556305,0.0,0.0,1.0098045864858545,1419.7716413225446,1443.824951171875,1438.8021687825521,0.9790181302956438,0,1.1148127985883776,1.1634623535673883,1,9,3,0,0,9511817.0,0.7944123609611077,1
2025-10-01,1393.8385009765625,1397.405477197979,1376.0997670015454,1394.0312659732858,6250692,0.2774368840090524,0.0027705273823003707,1.015482678441882,1412.375941685268,1439.4247174944196,1438.9885579427084,0.9868749954161735,0,0.8928687828846639,1.1346778229129633,2,10,4,0,0,8168315.285714285,0.7652363775590235,1
2025-10-03,1394.609619140625,1396.2485922754322,1381.6911874663804,1387.282784330546,6877533,0.05532335084172946,0.0005530805311786993,1.0105359322988416,1405.3658447265625,1433.984662737165,1437.3946451822917,0.9923463163515047,0,0.9090537763304207,1.0726179257243424,4,10,4,0,1,7746225.142857143,0.8878560683640636,1
2025-10-06,1422.9530029296875,1425.6524188431904,1390.4642178899833,1394.6096065704758,4630590,2.032352523606429,0.020119758608713425,1.0253068007795303,1402.80419921875,1431.7535487583705,1436.739082845052,1.0143632331027799,0,1.3242174069907453,1.2236242473277537,0,10,4,1,0,7702451.714285715,0.6011839050430733,0
2025-10-07,1406.0819091796875,1429.6050033943986,1401.743637948074,1424.5918193613172,5570320,-1.1856395619015192,-0.011927243232598481,1.0198762203673057,1399.1820591517858,1428.1176496233259,1435.8071573893228,1.0049313454119648,0,1.3708602260103309,1.2492976751335467,1,10,4,0,0,7142230.714285715,0.7799131983874985,1
2025-10-08,1441.2701416015625,1444.1623224877194,1402.707729786136,1404.6358503769075,4657192,2.5025734412872147,0.024717719019467982,1.029553264604811,1405.5310756138392,1426.2308349609375,1434.6149373372396,1.0254274463281539,0,1.33314557910414,1.432081642988999,2,10,4,0,0,6579392.714285715,0.7078452681336265,1
2025-10-09,1455.0562744140625,1459.5873108023447,1433.557682406266,1448.0185870707542,7028753,0.9565266367886238,0.009519808853143387,1.0181573638197714,1414.8273751395088,1424.075474330357,1433.9625935872396,1.0284337863271742,0,1.2728105960948624,1.4165359330948812,3,10,4,0,0,6081626.428571428,1.1557357365751666,1
2025-10-10,1460.4549560546875,1467.0104954131987,1444.933608930849,1455.7310370996563,3738353,0.3710290615941192,0.003703424466080608,1.015278824124442,1424.8949148995537,1422.3332781110491,1434.4381958007812,1.0249562552180493,1,1.2481018977131535,1.4228928027223333,4,10,4,0,1,5536204.714285715,0.6752555573592667,0
2025-10-13,1439.5347900390625,1450.6214834671307,1430.087069727637,1443.1982662450723,5859355,-1.4324417147475232,-0.014428001995742672,1.0143588556068859,1431.4229561941963,1421.899448939732,1435.1965901692708,1.005666972022325,1,1.491708956767684,1.287450527215488,0,10,4,1,0,5480299.428571428,1.0691669454140358,0
2025-10-14,1436.353515625,1459.9729938155936,1433.075686951717,1445.1264411305913,5600789,-0.22099322892892292,-0.0022123777932472606,1.0187689367063995,1437.3863699776787,1421.3761073521205,1434.89130859375,0.9992814358239012,1,1.508119634420408,1.2882442600576849,1,10,4,0,0,5297907.428571428,1.057170038456154,0
2025-10-15,1421.4105224609375,1435.1001315764527,1414.75848288892,1430.5690952632847,6986098,-1.0403422974573417,-0.010457916857469838,1.0143781775713372,1437.166015625,1419.985107421875,1434.110420735677,0.9890371098448145,1,1.408540207766371,1.3161584096851178,2,10,4,0,0,5634408.571428572,1.2398990792797113,0
2025-10-16,1418.61474609375,1421.5069270236047,1408.0100826842827,1420.9285143742625,8005748,-0.19669028215346662,-0.001968839715093681,1.0095857583019514,1438.9564208984375,1419.0692400251116,1433.866190592448,0.9858635921774568,1,1.317261574201611,1.3066422426817164,3,10,4,0,0,5982326.857142857,1.3382331308830429,0
2025-10-17,1389.3072509765625,1405.9855409539045,1382.462446500531,1402.6113299617484,16959378,-2.0659234790761594,-0.020875622235989096,1.0170153587266824,1431.5331508091517,1418.5321132114955,1433.1624267578125,0.9705030234132394,1,1.0536575586846781,1.260280014131662,4,10,4,0,1,7739782.0,2.191195824378516,1
2025-10-20,1408.395751953125,1414.276496397426,1397.8874708768014,1401.4544470050912,6994246,1.3739582056557342,0.013646049755033097,1.0117241379310344,1424.8673618861608,1419.847368512835,1433.6862345377604,0.9884398994786212,1,1.1577195961850226,1.3057196725442912,0,10,4,1,0,7734852.428571428,0.9042507358206687,1
2025-10-21,1419.482421875,1432.5936185349226,1417.1686535978035,1424.881136066363,1698704,0.7871842773240711,0.007841021460276494,1.0108843537414967,1419.0141427176338,1421.9545288085938,1434.9555826822916,1.0003300031643585,0,1.2166199389001093,1.317884544447598,1,10,4,0,0,7443474.0,0.22821386895420068,1
2025-10-23,1473.566162109375,1490.4372172856354,1451.8748054541832,1455.7310466373283,20358624,3.8101028516390967,0.03739310998469724,1.0265604249667992,1423.875767299107,1427.6493617466517,1435.7332560221355,1.0348979847480118,0,1.897655250198866,1.6410514621066075,3,10,4,0,0,9514798.142857144,2.139680074588175,0
2025-10-24,1470.57763671875,1487.5450748262833,1463.4435668090073,1484.1708637038648,8652257,-0.20280904023657342,-0.0020301497625560003,1.0164690382081685,1428.764927455357,1433.075648716518,1435.501883951823,1.0292649325721213,0,1.8967561813814326,1.6467891257449483,4,10,4,0,1,9950722.142857144,0.8695104612292675,1
2025-10-27,1472.633056640625,1483.2043487095048,1466.3685916918344,1478.0165606695539,7273211,0.13976956201109392,0.001396719752792186,1.0114812586092328,1436.0824323381696,1436.624223981585,1436.0749267578126,1.025451619962334,0,1.8024556239035845,1.578025625227228,0,10,4,1,0,9991738.285714285,0.7279224887624302,0
2025-10-28,1468.4241943359375,1474.5908017388306,1458.9296979699484,1467.9347848431598,8211019,-0.28580523068583163,-0.002862144337036693,1.0107346528010734,1443.1980678013392,1441.0772443498884,1435.996720377604,1.0174793239385564,1,1.8086718263444774,1.532417750088134,1,10,4,0,0,10021062.714285715,0.8193760715911524,1
2025-10-29,1478.408203125,1488.0005573851865,1465.1941469679696,1468.4241778932897,4884976,0.6799131223506949,0.006776121369937649,1.0155654528544302,1455.9267752511162,1443.7299630301338,1436.8040405273437,1.0154413176926471,1,1.4115459602412976,1.4049575614351508,2,10,4,0,0,8296148.142857143,0.5888245865288567,0
2025-10-30,1462.1597900390625,1476.2546872805226,1457.5592692997866,1475.0801523386458,5608867,-1.0990478172126061,-0.011051319672835024,1.012826523335629,1463.6073521205358,1444.2373570033483,1436.9765502929688,0.9990109628245745,1,1.5734401157584208,1.4260488883429139,3,10,4,0,0,8098236.857142857,0.692603476403982,0
2025-10-31,1450.9034423828125,1465.3898918009988,1449.3372364048548,1458.4403008415877,4819814,-0.7698438797820617,-0.0077282247464607766,1.0110758593603537,1468.0960693359375,1443.5551060267858,1436.417146809896,0.9882891676422091,1,1.6423801421727395,1.4384749936071348,4,10,4,0,1,8544109.714285715,0.5641095633335901,1
2025-11-03,1454.0355224609375,1459.8105780526128,1442.974820743242,1450.9033496746388,5470600,0.21587102122944124,0.0021563835452024288,1.01166739506979,1465.3059779575892,1444.5908726283483,1435.377286783854,0.9923084627605485,1,0.6058256639608461,1.3818472432114473,0,11,4,1,0,6417249.142857143,0.8524836543223773,0
2025-11-04,1436.808349609375,1450.511814804534,1431.9142548968182,1448.3583414401685,8691330,-1.1847834929373469,-0.011918579863709974,1.0129879005283426,1460.4817940848213,1444.6233607700892,1433.7760416666667,0.9837906610193106,1,0.7136856263818834,1.4214561915036679,1,11,4,0,0,6422831.0,1.3531930078807928,0
2025-11-06,1435.6336669921875,1451.58846323567,1430.9354078512456,1447.2816360762577,7944752,-0.08175638856127154,-0.0008178982732341625,1.0144332548283488,1455.1961669921875,1445.6392996651787,1433.4435506184896,0.9865567952666927,1,0.6940699233514425,1.3896209807178543,3,11,4,0,0,6518765.428571428,1.218751017666404,1
2025-11-07,1445.5198974609375,1449.533031326473,1418.4065403991735,1438.8638806951196,8765759,0.688631835269149,0.006862715956254366,1.0219446893684936,1451.9241245814733,1447.5610961914062,1433.5048706054688,0.9955891447685795,1,0.80108192398808,1.3961892173925061,4,11,4,0,1,6598014.0,1.3285450743208487,1
2025-11-10,1481.4425048828125,1487.8048281611332,1458.4402591842686,1458.5381171839108,9787975,2.4850994777016355,0.024547231073738584,1.0201342281879195,1452.3575962611608,1454.1421857561384,1434.8568033854167,1.0200259968319962,0,1.284410778321541,1.3718571864139977,0,11,4,1,0,7298442.428571428,1.3411046392148995,1
2025-11-11,1497.88671875,1500.9210336624128,1479.0933228205395,1492.6989304110698,13692989,1.110013639610563,0.011038982013936972,1.014757494003319,1457.4614432198662,1460.5343976702009,1437.071797688802,1.0277367718495696,0,1.2291549852206978,1.3602180809600026,1,11,4,0,0,8453317.0,1.6198362134059328,1
2025-11-12,1518.8333740234375,1526.1745164244364,1505.5214596999074,1507.3812396717751,14635417,1.3984138460696016,0.013887262502953267,1.0137182081274656,1467.1657191685267,1467.630894252232,1441.1386759440104,1.0352159638000484,0,1.171198498345309,1.381534072675663,2,11,4,0,0,9855546.0,1.4849930181443016,0
2025-11-13,1509.14306640625,1524.5104757353395,1497.8866487683968,1524.1189242683809,19655689,-0.6380099214911006,-0.006400539032999689,1.0177742601476778,1475.0382254464287,1470.1721017020088,1445.1107055664063,1.0231213268723929,1,1.2659949278290863,1.0256759443308616,3,11,4,0,0,11881987.285714285,1.654242554495243,0
2025-11-14,1470.9691162109375,1497.59294295853,1457.2656513734084,1487.8047537888665,9739549,-2.529511684151775,-0.025620537742337676,1.0276732602234293,1479.9183349609375,1470.2000645228795,1447.8102701822916,0.993952896900736,1,1.6229724007237059,1.2546218264091311,4,11,4,0,1,12031732.857142856,0.8094884681733887,1
2025-11-17,1475.66748046875,1478.212385937251,1460.8873376663598,1464.3132041198487,7910354,0.3194060436778612,0.0031889702617460733,1.0118592637667503,1485.637451171875,1470.4168090820312,1450.5379028320312,0.993289095737819,1,1.6123342742771343,1.2569761497064964,0,11,4,1,0,12026818.857142856,0.65772621122517,0
2025-11-18,1454.91650390625,1474.1013313334302,1451.784211591062,1474.1013313334302,7525119,-1.4062095178724365,-0.014161903217317036,1.015372201711651,1486.9798235212054,1469.4519740513392,1452.5481323242188,0.9784372867016926,1,1.7402242437084032,1.3125232811668306,1,11,4,0,0,11849584.57142857,0.6350534024749174,1
2025-11-19,1508.4578857421875,1510.317665675936,1458.9296699222182,1458.9296699222182,10981126,3.680031238369086,0.036139347911825936,1.0352230795035222,1490.8391636439733,1471.598379952567,1455.3982950846355,1.011817989846168,1,2.0445391700614834,1.6450555259659643,2,11,4,0,0,12020034.714285715,0.9135685762162583,0
2025-11-20,1503.955322265625,1522.0634729079381,1501.5082748815287,1522.0634729079381,7387584,-0.29848784769667125,-0.0029893421112112645,1.0136897001303782,1491.7061070033483,1474.583775111607,1458.6607421875,1.008211547304639,1,2.0179506008127754,1.6116366140684533,3,11,4,0,0,11119262.57142857,0.6643951388451531,1
2025-11-21,1512.2752685546875,1518.6375916910017,1493.9714020948772,1498.5718033380108,9186302,0.5532043516112584,0.005516797963576336,1.0165104831066625,1490.7692347935267,1478.9674769810267,1461.0275797526042,1.0144261319989873,1,1.9497051683432154,1.5881598051080044,4,11,4,0,1,10340817.57142857,0.8883535500501943,1
2025-11-24,1515.2117919921875,1551.4280945139647,1508.3600590826622,1530.4813442936104,19270381,0.19417916159578663,0.0019399087756130275,1.0285528877352368,1491.636195591518,1483.3372105189733,1463.032763671875,1.0158051919565552,1,1.9328649554153479,1.5882671718479706,0,11,4,1,0,10285773.57142857,1.8734984652519018,0
2025-11-25,1498.1802978515625,1517.7566773334454,1493.5798964672151,1516.1905908718425,8107952,-1.1240338961612806,-0.011303988986302567,1.016187135970038,1495.5235072544642,1487.7209211077009,1464.2902750651042,1.0017764953771777,1,1.6729605531876173,1.5839567749946504,1,11,4,0,0,10052688.285714285,0.8065456492391275,1
2025-11-26,1524.902099609375,1527.251289037942,1499.6485223505715,1499.6485223505715,7575038,1.7836172185772492,0.017678974122305947,1.0184061573601961,1502.5570242745537,1494.0972377232142,1467.1358520507813,1.0148713659274327,1,1.768396334549373,1.6262877712789012,2,11,4,0,0,10004786.0,0.7571414321105918,1
2025-11-27,1533.2220458984375,1540.954739594805,1519.3227449478784,1530.8728564928056,7552252,0.5456052746726447,0.0054412224098835775,1.01423791930902,1513.7435302734375,1500.3616768973213,1470.3648030598958,1.0128677779527695,1,1.5627544691200848,1.625081764434561,3,11,4,0,0,10008662.142857144,0.7545715793184004,0
2025-11-28,1527.055419921875,1535.179665000364,1524.0211050739736,1531.8516566735827,4453221,-0.40220045055175957,-0.004030114518615719,1.007321788319886,1516.4003208705358,1503.6197422572545,1473.886299641927,1.0070265739888675,1,0.923141458487133,1.5248513397873615,4,11,4,0,1,9076104.285714285,0.4906533530040343,1
2025-12-01,1530.872802734375,1540.6609920101703,1523.042251313739,1529.4045743430058,5341800,0.24998325291267776,0.0024967131453331234,1.0115681233933163,1520.2456752232142,1505.9758911132812,1477.6282348632812,1.0069904014096935,1,0.8988312263818773,1.5037440142191294,0,12,4,1,0,8783849.42857143,0.6081388397465699,0
2025-12-02,1527.9364013671875,1546.4361036663386,1523.1401645511503,1533.8093151456649,6335969,-0.19181223691103755,-0.0019199643215922018,1.015294678492083,1522.4829799107142,1506.6261073521205,1482.2492065429688,1.0035819260566008,1,0.9020417987102091,1.4630107517723294,1,12,4,0,0,8376659.0,0.7563837802159549,1
2025-12-03,1545.261474609375,1552.406900951154,1521.182551618934,1522.1613705980963,12895312,1.1338870666792955,0.011275067523524602,1.0205263656876613,1526.7757917131696,1509.2059936523438,1486.811397298177,1.0121076604675943,1,0.9764369744371729,1.4752665702047008,2,12,4,0,0,7465934.857142857,1.7272199994703563,1
2025-12-04,1563.7611083984375,1565.1314788059085,1534.7880917871573,1534.7880917871573,12609619,1.197184689648667,0.011900751206064299,1.0197704081632653,1536.1444789341517,1515.833993094308,1491.6206868489583,1.01797788544177,1,0.7955633718907305,1.271011460905259,3,12,4,0,0,8109030.142857143,1.5550095113541058,1
2025-12-05,1581.9671630859375,1597.2368345243183,1566.1103436503722,1575.8985332981872,10344725,1.1642478246658872,0.011575226081396082,1.0198750305175783,1544.296630859375,1523.4268275669642,1495.2340535481771,1.024393326692424,1,0.668421555887762,1.2845576044316807,4,12,4,0,1,8504699.714285715,1.216353939295883,0
2025-12-08,1576.681640625,1595.4749170068917,1566.306063981828,1582.8481284293375,7550413,-0.3341107568014867,-0.0033467015314030493,1.018622703247992,1550.5051443917412,1532.1243373325892,1498.7708536783855,1.016882560066273,1,0.7431147450881614,1.190314244266236,0,12,4,1,0,8504437.0,0.8878204400832177,0
2025-12-09,1565.1314697265625,1572.8641631737528,1548.883099378693,1567.2848235795727,6957599,-0.7325620214527873,-0.007352584336944129,1.0154828106812446,1555.944580078125,1536.1724504743304,1501.8541341145833,1.005904381021062,1,0.8101973637155085,0.839440863512933,1,12,4,0,0,8862205.285714285,0.7850866433003446,0
2025-12-10,1551.2322998046875,1573.9408513587562,1549.2746619298632,1573.9408513587562,5116140,-0.8880512717761135,-0.00892017948627459,1.0159211210478116,1558.8530796595983,1539.5493774414062,1504.614404296875,0.9951112905030313,1,0.9388148658011028,0.8836197863759534,2,12,4,0,0,8829968.142857144,0.5794063939107885,1
2025-12-11,1564.1527099609375,1573.3536321517727,1547.023378030827,1564.1527099609375,5159319,0.8329126564652345,0.008294630803994596,1.0170199458488216,1564.0268380301338,1543.2549089704241,1507.4725545247395,1.0000804793931555,1,0.9487086080623337,0.8947056605988237,3,12,4,0,0,8661875.285714285,0.5956353364391054,1
2025-12-12,1564.348388671875,1567.8722324584342,1549.0788370408115,1567.4806809838458,4633912,0.012510205026106114,0.00012509422565214765,1.0121319812576637,1566.7535400390625,1546.7646658761162,1510.8788411458333,0.9984648821236252,1,0.8846430757523894,0.8968130865502865,4,12,4,0,1,7481675.285714285,0.6193682327871296,1
2025-12-15,1572.766357421875,1576.6816332735752,1551.4280562362142,1551.4280562362142,4190558,0.5381134286299716,0.005366707714268724,1.0162776333300474,1568.040004185268,1552.09224155971,1514.940938313802,1.0030141789903269,1,0.7879938116930879,0.8092395731645308,0,12,4,1,0,6278952.285714285,0.6673976500083066,0
2025-12-16,1559.1607666015625,1569.0468143358012,1552.0153403019585,1566.1103574156468,5499258,-0.8650738716598161,-0.00868837356009481,1.0109737794412064,1564.781947544643,1554.5392892020088,1518.4451131184896,0.9964076905719031,1,0.6921028996336428,0.7563503335760029,1,12,4,0,0,5586742.714285715,0.9843406580972469,1
2025-12-17,1568.0679931640625,1572.8642300238714,1552.4068896118622,1553.5814245843821,4817628,0.5712833950994423,0.0056965775989596314,1.0131778211942386,1563.5514264787946,1557.028285435268,1522.8204345703125,1.002888658862625,1,0.746458942606828,0.7573839371346001,2,12,4,0,0,5196344.857142857,0.9271186059519749,1
2025-12-18,1592.3427734375,1595.4749463972676,1572.6684162407605,1576.3879761796316,6577293,1.5480693681181323,0.015362090219155716,1.014501804653153,1567.438755580357,1561.6916678292412,1528.044071451823,1.0158883514704993,1,0.8949818851463988,0.8219712478231356,3,12,4,0,0,5142015.428571428,1.2791274338566747,1
2025-12-19,1603.9906005859375,1619.847539612933,1595.2792073285575,1615.0513027562847,13149023,0.7314899368866756,0.007288275248814123,1.0154006472168076,1574.9756556919642,1566.9143676757812,1533.3264282226562,1.0184224719849562,1,0.7492256663467883,0.8296376620653361,4,12,4,0,1,6289570.142857143,2.09060757751989,1
2025-12-22,1653.8125,1657.3362243784013,1628.7547583833573,1628.7547583833573,23098923,3.106121656564742,0.030588579184507296,1.0175480475792518,1587.7841971261162,1575.905517578125,1539.0720947265625,1.041585187076049,1,1.2513823911213193,1.094016936333904,0,12,4,1,0,8852370.714285715,2.6093488112425733,0
2025-12-23,1632.9637451171875,1643.4370603643276,1621.3157754082474,1643.4370603643276,6593060,-1.2606480409848464,-0.012686616283882906,1.0136440323912288,1597.586390904018,1582.16996547154,1543.5746622721354,1.0221442511119232,1,1.4609232649371935,1.1830670285289944,1,12,4,0,0,9132249.0,0.7219535954396338,0
2025-12-24,1628.16748046875,1632.2784723030877,1617.4983299175808,1625.8182910699556,4271167,-0.2937153174881635,-0.0029414750740625367,1.009137655422655,1605.5008370535713,1586.7704206194196,1547.219132486979,1.0141181137325201,1,1.5023359268942749,1.172996245593773,2,12,4,0,0,9143764.57142857,0.46711252970642664,0
2025-12-26,1621.0220947265625,1633.453167508233,1616.7152673020842,1628.167521100225,2006491,-0.4388606103427617,-0.004398264302907051,1.0103530290983647,1614.338169642857,1589.56005859375,1550.9484334309896,1.0041403500266515,1,1.4450831010526992,1.1597907058030794,4,12,4,0,1,8644797.857142856,0.2321038656030708,0
2025-12-29,1609.863525390625,1637.6620082639456,1602.4245250544589,1622.8818655924697,4062817,-0.6883662704066817,-0.006907464401639195,1.0219901047809345,1620.3089599609375,1591.9301932198662,1555.5782470703125,0.9935534303466641,1,1.520797505042726,1.175639033461066,0,12,4,1,0,8536967.714285715,0.47590867577035634,0
2025-12-30,1587.2528076171875,1612.9957941560388,1582.554548282334,1612.1148331917736,9395937,-1.404511464283975,-0.014144680642165272,1.01923551128569,1619.581821986607,1593.510288783482,1559.2977579752603,0.9800386655798814,1,1.5539653367613182,1.2272552460860782,1,12,4,0,0,8939631.142857144,1.0510430296117361,0
2025-12-31,1581.1842041015625,1594.1045668429529,1575.1154547350545,1586.6655664923117,6538656,-0.3823337710604058,-0.0038306653495505825,1.0120556953782747,1616.323765345982,1595.6497105189733,1563.506681315104,0.9782595776924076,1,1.518971352586563,1.2029079134152252,2,12,4,0,0,7995293.0,0.817813180830271,1
2026-01-01,1595.2791748046875,1604.8715288376811,1579.9116455766828,1581.184158007412,3658165,0.8914186384206824,0.008874689572516399,1.0157982779169197,1607.9618617466517,1597.8730294363838,1566.400724283854,0.9921125698042442,1,0.7558156164756056,1.2055864068552744,3,1,1,0,0,5218041.857142857,0.7010608768866854,1
2026-01-02,1605.6546630859375,1608.6889779975038,1593.0278744696911,1601.2499777187402,2524526,0.6503869946475227,0.006482811044589761,1.0098310291858679,1604.0605643136162,1600.823477608817,1569.790702311198,1.0009937896409813,1,0.7845038884233452,1.212126739501837,4,1,1,0,1,4636822.714285715,0.544451697974589,0
2026-01-05,1572.374755859375,1602.3265912739637,1549.568226955718,1602.3265912739637,5917885,-2.0726690484366816,-0.020944503282543783,1.0340471386806211,1596.0901750837054,1600.7955060686384,1571.7940185546875,0.9851415542839949,0,1.0490866703495003,1.348162883942064,0,1,1,1,0,4872068.142857143,1.2146556301097946,1
2026-01-06,1578.0518798828125,1585.5888575673962,1565.1315174017209,1566.2081943610224,4466729,0.3610541318017191,0.003604038960366503,1.013070684436562,1589.9515729631696,1602.1448713030134,1573.8886881510416,0.9925156883500673,0,1.098269801134003,1.3268373311351662,1,1,1,0,0,5223530.714285715,0.8551168250593502,1
2026-01-07,1604.2843017578125,1607.2207586859843,1580.7926463324388,1580.7926463324388,4508079,1.6623294968570956,0.01648664035456607,1.01671826625387,1589.154541015625,1604.7317504882812,1577.42548828125,1.009520635250816,0,1.3237411068095715,1.3876618899500788,2,1,1,0,0,5287139.571428572,0.8526498949188754,0
2026-01-08,1579.128662109375,1609.472049603195,1574.5281413468902,1604.186403368615,3942131,-1.568028785226816,-0.015804523982701196,1.022193257356717,1587.9939488002233,1603.787885393415,1579.2330403645833,0.9944173044881272,0,1.352912573140081,1.3998410565669797,3,1,1,0,0,4508024.428571428,0.874469751098763,1
2026-01-09,1579.91162109375,1596.747378487979,1572.9620305433675,1575.898487352098,6816681,0.049581709404811214,0.0004956942173672984,1.0151213745041225,1587.8121512276787,1602.0679582868304,1580.7893595377604,0.9950242664865487,0,1.3458803467502618,1.382293904566524,4,1,1,0,1,4547742.285714285,1.498915411590731,0
2026-01-12,1562.09716796875,1579.1286413969012,1558.867017677559,1575.996349102621,6985362,-1.1275601044485883,-0.011339652568720444,1.012997660152903,1583.0718645368304,1595.5168631417412,1581.9574178059895,0.9867506352440816,0,1.3383974923394684,1.0503867228351695,0,1,1,1,0,5023056.142857143,1.3906597500275373,1
2026-01-13,1565.1314697265625,1583.7290294043642,1552.7983751003353,1583.7290294043642,8080618,0.19424539138996888,0.0019405697897841804,1.0199192984742982,1577.2828369140625,1590.6717006138392,1583.0993733723958,0.9922960125456801,0,1.2952700361495983,1.0306396256420702,1,1,1,0,0,5816783.571428572,1.3891900739940102,1
2026-01-14,1565.91455078125,1582.7501883551427,1549.5682031809922,1554.3644397699236,7557157,0.05003292501839507,0.0005002041272380293,1.021413697768213,1576.3599504743304,1586.225062779018,1584.3653116861979,0.9933737217252079,0,1.0524613303899522,1.0348265829402683,2,1,1,0,0,6050965.285714285,1.2489175930064713,0
2026-01-15,1565.91455078125,1565.91455078125,1565.91455078125,1565.91455078125,0,0.0,0.0,1.0,1574.6260463169642,1582.288809640067,1585.0537475585938,0.9944675781554038,0,1.0374678064198033,1.0360650873264587,3,1,1,0,0,5412861.142857143,0.0,1
2026-01-16,1654.00830078125,1658.119292555676,1618.3792672921977,1628.461030733189,19335957,5.625706074194747,0.05473158439300799,1.024555446344768,1581.7294747488838,1585.4420078822545,1588.0619873046876,1.0456960733085163,0,2.3782523875034873,1.867421600905806,4,1,1,0,1,7531129.428571428,2.567471078991643,0
2026-01-19,1645.59033203125,1649.309891747184,1631.201741600405,1649.309891747184,5104958,-0.5089435612882887,-0.005102430901519656,1.011101110111011,1591.2239990234375,1589.6089739118304,1590.1827596028645,1.0341663606388403,1,2.2583554686762226,1.8226922693584509,0,1,1,1,0,7697247.571428572,0.6632186314169111,0
2026-01-20,1623.7628173828125,1644.6115898062917,1617.889903547792,1637.5641409981627,6406503,-1.326424579894958,-0.013353001633793696,1.0165163811208062,1597.4884556361608,1592.6503034319196,1591.7521321614583,1.0164472936589632,1,2.3724578920912496,1.865767701866206,1,1,1,0,0,7638650.714285715,0.8386956335126875,0
2026-01-21,1619.358154296875,1621.9030597634667,1596.6494821313709,1616.0301458476063,6224582,-0.27126271391266776,-0.0027163129791734123,1.0158166071606303,1605.6685965401787,1594.3702305385045,1593.559688313802,1.0085257678864705,1,2.3006358240290314,1.8587651723505216,2,1,1,0,0,7529967.857142857,0.8266412444371086,1
2026-01-22,1628.265380859375,1635.8022392467942,1618.7708845027832,1630.712428320841,6228892,0.5500467292467226,0.005485394966878629,1.0105211644878591,1614.6877267020088,1595.9852818080358,1596.1274576822916,1.0084088421140716,1,2.295710244234259,1.8567665308823083,3,1,1,0,0,7265435.571428572,0.8573322189374586,1
2026-01-23,1635.4107666015625,1640.2068839190629,1626.9928279555104,1631.8869227568262,5869137,0.43883422359667357,0.004378741539357568,1.0081217665723563,1624.615757533482,1600.4878540039062,1598.5027262369792,1.0066446536776608,1,2.285191798600136,1.747175365219966,4,1,1,0,1,7024289.857142857,0.8355488055538873,1
2026-01-27,1647.05859375,1653.6167523834592,1625.9161283991023,1650.0930280724322,10673087,0.7122263951240937,0.007097020419206515,1.0170369329023332,1636.207763671875,1605.4169049944196,1601.2597330729166,1.0066316945311238,1,2.2675269371444595,1.7507143237122162,1,1,1,0,0,8549016.57142857,1.2484578677353633,0
2026-01-28,1631.2017822265625,1653.029492632909,1615.05126953125,1644.4158380681818,8588664,-0.9627351196617062,-0.009673993746366807,1.0235151811079544,1632.9496895926338,1607.3395821707588,1603.2075805664062,0.9989296012135516,1,0.7909713460869726,1.7364121109368311,2,1,1,0,0,7013689.0,1.2245572907495612,0
2026-01-29,1624.35009765625,1631.2018305177105,1607.318623503672,1622.8818691859371,4749582,-0.4200390561712175,-0.004209236983121548,1.0148590370725485,1629.9153703962054,1610.5696847098213,1605.3805582682292,0.9965855449669129,1,0.7857957397858881,1.675981924450345,3,1,1,0,0,6962921.0,0.6821249300401369,0
2026-01-30,1606.241943359375,1619.9454090553113,1583.8269648597889,1619.9454090553113,9207926,-1.1147938072588515,-0.011210542039140504,1.0228045392564205,1627.412388392857,1612.4504220145088,1606.6530232747396,0.9869913457802857,1,0.7370178482104612,1.7132740004708076,4,1,1,0,1,7363124.285714285,1.2505460512007034,0
2026-02-02,1594.8875732421875,1626.7970461591942,1583.7290136495644,1626.7970461591942,6784887,-0.7068904011708455,-0.007094007084431504,1.027194066749073,1623.9165910993304,1614.7925938197545,1606.7378499348958,0.9821240708936342,1,0.7665157070937361,1.6930656651502252,0,2,1,1,0,7443167.857142857,0.9115590471990852,1
2026-02-03,1620.9241943359375,1691.3991593070652,1617.9877374621406,1690.616056346825,8805868,1.6325051076058639,0.016193230150384316,1.0453720508166968,1622.8678501674108,1618.77778843471,1607.3023030598958,0.9988023326537199,1,1.0153290598449207,1.7382431387411252,1,2,1,0,0,7811307.285714285,1.1273232095355687,0
2026-02-04,1503.2701416015625,1551.3301265638145,1478.1144237257668,1540.66097646391,28828622,-7.2584549694241325,-0.07535364735574432,1.0495331766356075,1603.9906180245537,1614.303187779018,1602.2842244466146,0.9372063182345564,0,2.86613201987976,2.660364103356559,2,2,1,0,0,11091233.714285715,2.59922590602957,0
2026-02-05,1488.00048828125,1518.1481590925844,1483.5958031001303,1501.5082372972433,10628127,-1.0157624300343282,-0.010209564994781551,1.0232896021411313,1581.268031529018,1608.7378976004463,1597.4521158854166,0.9410172460404564,0,2.750096463427103,2.666634040650966,3,2,1,0,0,11084810.857142856,0.9588009337255784,0
2026-02-06,1475.177978515625,1492.6988611765453,1448.6520095352703,1489.86026239605,13900866,-0.8617275240571987,-0.008654618643883328,1.0304054054054053,1558.9789167131696,1595.9643031529017,1592.3524658203125,0.9462462658736758,0,2.7530769144356384,2.04267419834399,4,2,1,0,1,11843696.857142856,1.173693160815449,0
2026-02-09,1465.4876708984375,1495.6353420798034,1461.376679139494,1489.8602864300617,8294615,-0.6568907452738859,-0.006590577677231406,1.0234427327528466,1536.2842843191963,1583.0998273577009,1587.1679850260416,0.9539169838919934,0,2.7405650180735903,2.04146940405676,0,2,1,1,0,12350130.142857144,0.6716216674686053,1
2026-02-10,1466.0750732421875,1483.7916723660803,1459.4190565785855,1468.2284271414342,8657000,0.040082380453587696,0.00040074349613369853,1.016700217581531,1516.2604457310267,1571.836417061942,1582.3750366210938,0.9669018784799576,0,2.796611005333751,2.047249176024911,1,2,1,0,0,12271426.42857143,0.7054599602083749,0
2026-02-11,1440.7236328125,1474.003477029586,1437.885033967625,1469.4029562852068,7934411,-1.729204792604755,-0.01744330157979,1.0251191452784634,1494.237025669643,1559.0768083844866,1577.4907307942708,0.9641868111030372,0,2.7895349874260478,2.060430135755927,2,2,1,0,0,12435644.142857144,0.6380377975480597,0
2026-02-12,1356.64306640625,1405.2903204885395,1351.259562174479,1398.6344233110094,26048896,-5.835995501934854,-0.060132195286339805,1.0399854771255885,1456.4825788225446,1539.6752144949776,1570.0060262044271,0.931451626083295,0,2.860568667724104,2.412724223951916,3,2,1,0,0,14898933.857142856,1.7483731554061246,0
2026-02-13,1340.1009521484375,1348.1273389393946,1254.3564391221673,1266.493817560756,45785709,-1.2193416726503203,-0.012268366316431061,1.0747561832447328,1433.1726946149554,1518.5816563197545,1561.5000854492187,0.9350589480135727,0,1.939504645987458,2.362721712402926,4,2,1,0,1,17321374.85714286,2.643306860893853,0
2026-02-16,1336.6751708984375,1346.854912154694,1309.953484521095,1344.6035807140283,14621891,-0.2556360582020245,-0.0025596336510192042,1.0281700289893039,1411.5547921316963,1496.411411830357,1552.5341023763021,0.9469523807005908,0,1.9987759263926428,2.3101968405049575,0,2,1,1,0,17891912.57142857,0.8172346551340499,1
2026-02-17,1361.73291015625,1400.6899531531467,1338.0455387563604,1340.9819956812096,25347684,1.8746319078381646,0.018572772391813177,1.0468178493050475,1395.348353794643,1477.1636352539062,1545.5127075195312,0.9759089237128665,0,2.376844711832677,2.4752331150001785,1,2,1,0,0,19527172.285714287,1.2980724310269895,0
2026-02-18,1344.603515625,1371.3253201935424,1316.805153615715,1361.4392729027982,20241373,-1.2579114746727016,-0.012658901615551459,1.0414033666470128,1378.0791887555804,1457.1817365373884,1537.731095377604,0.9757084546347374,0,2.3685153329981063,2.4636732319923698,2,2,1,0,0,21233852.0,0.9532595875680022,0
2026-02-19,1341.471435546875,1372.3042339560152,1334.326009074035,1355.6643110050506,14574228,-0.23293707339959724,-0.0023320879384085627,1.0284624781527982,1360.2786690848213,1438.2695574079241,1528.9706665039062,0.9861739848125387,0,2.346886021874092,2.4803151952417557,3,2,1,0,0,22079170.285714287,0.660089478517671,0
2026-02-20,1324.5377197265625,1336.0878308198503,1309.8554358713993,1330.4106332686276,12633552,-1.2623239952484822,-0.012703589946905458,1.0200269390270533,1343.6806815011162,1418.9588535853795,1520.4843017578125,0.9857533400322703,0,2.337168248798421,2.4754172817851527,4,2,1,0,1,22750476.14285714,0.5553093447658015,0
2026-02-23,1299.3822021484375,1323.3632672728343,1290.0834217940796,1323.3632672728343,12887826,-1.8991922391850102,-0.019174585395474942,1.0257966616084977,1335.5005580357142,1395.9915684291295,1511.133321126302,0.9729551922161677,0,1.2463100901858515,2.3305619957581114,0,2,1,1,0,20870323.285714287,0.6175192316652661,0
2026-02-24,1248.4835205078125,1275.988307999553,1237.3249610296912,1273.4434027288626,27839061,-3.9171447443614005,-0.03995929117625152,1.031247528488948,1322.412353515625,1377.79252406529,1500.679532877604,0.9440954761113104,0,1.7729088303447345,1.8137821976373523,1,2,1,0,0,18306516.42857143,1.5207186527607675,1
2026-02-25,1262.7742919921875,1295.564726518415,1258.9568742250233,1258.9568742250233,16669618,1.1446503898235205,0.011381488336031196,1.0290779239884023,1311.8550851004463,1361.7049386160713,1490.6009602864583,0.9625867264870184,0,1.940994966973273,1.9283048694569829,2,2,1,0,0,18599048.85714286,0.8962618533903216,0
2026-02-26,1261.7955322265625,1286.168148899459,1259.054910753846,1277.848187510079,11493914,-0.07750868637663721,-0.0007753873988934845,1.0215345954445938,1297.5783168247767,1346.46333530971,1480.4636596679688,0.9724234104914946,0,1.605016098274319,1.948537996820476,3,2,1,0,0,16619938.857142856,0.6915737836821336,1
2026-02-27,1272.5625,1306.723305439908,1266.7874442662774,1298.207628321947,23141724,0.8533052700256505,0.008496851995304179,1.0315253054917681,1287.2867431640625,1332.6829659598213,1470.6852579752604,0.98856180004785,0,1.7555134483263604,2.0151289908460384,4,2,1,0,1,17034274.714285713,1.35853885111952,0
2026-03-02,1261.5997314453125,1271.290062662244,1246.0364867011174,1263.6552272829085,9700361,-0.8614719162860385,-0.008652040351612735,1.020267123981245,1275.876499720982,1318.0775844029017,1457.6049723307292,0.9888102271036485,0,1.7394564302855353,1.9941854729469117,0,3,1,1,0,16338008.0,0.5937297251904884,1
2026-03-04,1279.7078857421875,1289.104523520103,1264.6340504084835,1264.6340504084835,15154950,1.435332764071684,0.014251293824434963,1.0193498452012386,1269.4722377232142,1306.576459612165,1445.4088907877604,1.00806291600148,0,1.9244512701050236,2.088199878011281,2,3,1,0,0,16698207.714285715,0.9075794396206115,0
2026-03-05,1278.141845703125,1292.0410271405913,1262.7743163409898,1292.0410271405913,10362147,-0.122374805727965,-0.0012244974483731493,1.0231765173086547,1266.4379010881696,1300.969229561942,1433.8881917317708,1.0092416253532044,0,1.8195501963294187,1.5116959725218106,3,3,1,0,0,16337396.42857143,0.6342593843091365,1
2026-03-06,1280.686767578125,1299.0884925711757,1275.4011212294208,1275.4011212294208,8724291,0.19911106764523012,0.0019891310429334293,1.018572487468822,1271.038364955357,1296.7253592354912,1422.5991455078124,1.0075909609723754,0,0.8120932682268407,1.501074638372963,4,3,1,0,1,13606715.0,0.6411754049379296,1
2026-03-09,1287.14697265625,1290.0834296280893,1255.3353554613236,1262.676497890922,10068514,0.5044328747412452,0.005031648744681292,1.0276803118908382,1274.5201764787946,1293.1876307896205,1411.2285319010416,1.009907097910635,0,0.743072490816177,1.516962866803846,0,3,1,1,0,12663700.142857144,0.7950688887464745,0
2026-03-10,1268.1578369140625,1293.0198627132945,1256.9014187299574,1292.0410437407636,9600171,-1.4752888477840398,-0.01486279463204252,1.0287360993035024,1275.4290771484375,1286.503696986607,1398.986767578125,0.9942989850516567,0,0.9979481616156285,1.4154057535839517,1,3,1,0,0,12393165.42857143,0.7746342978580428,0
2026-03-11,1249.2667236328125,1271.975276386956,1244.3726286871142,1260.7188580118502,7868891,-1.4896500050198491,-0.01500856723898491,1.0221819791463624,1272.101109095982,1279.6939261300224,1385.7270385742188,0.9820498659266189,0,1.0831246853933267,1.4262919073092784,2,3,1,0,0,10211332.142857144,0.7706037654944279,0
2026-03-12,1238.9891357421875,1251.5179472285731,1231.3542997621664,1245.5471752363726,7599940,-0.822689638345464,-0.00826092405208791,1.016375179321095,1268.8710239955358,1272.3737618582588,1372.6532836914062,0.9764500191995452,0,1.0796202252740157,1.4260498170712694,3,3,1,0,0,9911272.0,0.7667976421189934,0
2026-03-13,1221.8597412109375,1242.7085131232232,1216.280401513626,1224.5025045780033,7366098,-1.3825298412313392,-0.01392175793678951,1.0217286339372962,1260.6070033482142,1265.0396205357142,1359.2369384765625,0.9692630121565542,0,0.8450257925515162,1.43097986742497,4,3,1,0,1,8798578.857142856,0.8371917919471801,1
2026-03-16,1223.3280029296875,1227.7326883178384,1198.2701415781937,1213.931245180508,12314450,0.12016614257990277,0.0012009400085828917,1.024587566457127,1252.7764543805804,1259.607177734375,1346.4731404622396,0.9764934507286431,0,0.8749740188723749,1.3872648635307425,0,3,1,1,0,9077479.285714285,1.356593566606085,0
2026-03-17,1206.785888671875,1218.6295738865974,1189.3628638376754,1218.6295738865974,11223276,-1.3522223163531466,-0.013614481055046295,1.0246070488147647,1242.2191859654017,1256.6287754603795,1333.5364176432292,0.9714758090248063,0,0.827850694500738,1.0073545974579634,1,3,1,0,0,9434477.142857144,1.189602330903643,1
2026-03-18,1240.261474609375,1263.459555545422,1208.7435520363658,1211.7778669014497,12365381,2.7739457555591374,0.027361688952522993,1.0452668420996962,1235.5212576729912,1255.020717075893,1320.8476603190104,1.0038366130140988,0,1.5620948708547104,1.2453352480876188,2,3,1,0,0,9762601.0,1.2666072289546608,0
2026-03-19,1194.9422607421875,1228.4178221249233,1189.3629208552388,1217.846529327881,9156461,-3.65400480422573,-0.03722435716257038,1.0328368243072528,1225.0618896484375,1250.2454833984375,1310.5700642903646,0.975413789980118,0,1.9527518824559045,1.562197297501398,3,3,1,0,0,9699213.857142856,0.944041562013487,1
2026-03-20,1229.2987060546875,1238.0102183433878,1203.1641691885866,1215.6930991638783,27299975,2.87515526408455,0.02834598225791417,1.028962007053702,1222.2093157087054,1247.1552124023438,1301.946671549479,1.0058004715353288,0,2.36104038230525,1.7649511553442805,4,3,1,0,1,12475083.0,2.188360189667676,1
2026-03-23,1230.1796875,1234.3885372371806,1201.4023868626336,1211.9735596886824,12420293,0.07166536830904846,0.0007163970094631538,1.0274563715997664,1220.9508231026787,1244.910923549107,1293.7800618489584,1.0075587519355358,0,2.346260878201455,1.7569643886796646,0,3,1,1,0,13163704.857142856,0.9435256361935623,1
2026-03-24,1251.224365234375,1269.5282325903943,1224.5025589595862,1242.1213008151199,13613495,1.7106994976597623,0.01696231799927504,1.0367705835331735,1225.1457693917412,1242.8763863699776,1286.6379516601562,1.0212861167170184,0,2.3509584574821765,1.7776849635113816,1,3,1,0,0,14056190.142857144,0.968505324817187,1
2026-03-25,1252.00732421875,1263.263742406015,1230.4733068170258,1243.100095463166,10824030,0.06257542660850213,0.0006255585635211464,1.0266486362664875,1229.2428152901787,1241.0096348353795,1279.5023600260417,1.0185191311638437,0,2.352052979930557,1.7785608060526588,2,3,1,0,0,13843273.0,0.7818981826046485,0
2026-03-27,1242.806396484375,1267.3748481809973,1236.444073189259,1257.9780904958054,13092541,-0.7348940821984673,-0.007376077319001568,1.025015911081167,1234.3886021205358,1238.3038940429688,1272.905118815104,1.0068194038322926,0,2.288057473360888,1.7826673411856904,4,3,1,0,1,14110310.857142856,0.9278704865224393,0
2026-03-30,1224.1109619140625,1238.6953882487069,1216.6719617488286,1223.5236944376795,14108486,-1.5042917885841112,-0.01515721021701842,1.01810136765889,1232.0813860212054,1233.8013218470983,1268.4873819986979,0.99353092726051,0,2.1276036290559373,1.802382786346009,0,3,1,1,0,14359325.857142856,0.9825312232873329,1
2026-04-01,1248.6793212890625,1275.4011271577126,1242.610691424955,1262.6764804554484,8137156,2.007036954932917,0.01987161467074035,1.0263883418668767,1239.7581089564733,1232.4099993024554,1265.4399943033854,1.0071959298093225,1,1.5893311951412767,1.8730001066174542,2,4,2,0,0,14213710.857142856,0.5724863887962666,1
2026-04-02,1273.247802734375,1277.7503462365091,1233.116223742555,1233.3119397486187,12873492,1.9675573244817945,0.019484511256380423,1.0361962008402483,1246.0365513392858,1234.1229335239955,1263.3257486979167,1.0218382449261554,1,1.4027779383872707,1.9025413743141564,3,4,2,0,0,12152784.714285715,1.059303879946716,1
2026-04-06,1278.5333251953125,1292.041075138383,1271.4858762157266,1273.8350657038357,10208682,0.4151212709408547,0.004142620197284854,1.0161662817551964,1252.9442138671875,1236.947518484933,1260.5524291992188,1.0204231848831837,1,1.3907859385718775,1.8823798644012328,0,4,2,1,0,11836840.285714285,0.8624499235932678,1
2026-04-07,1311.0301513671875,1316.609371698259,1266.1023367797188,1274.4222980187042,15355792,2.5417269563083655,0.025099622007467234,1.039891747650512,1261.4878976004463,1243.3168334960938,1259.4333170572916,1.0392728728202454,1,1.533475579335664,1.9139166765304871,1,4,2,0,0,12085739.857142856,1.2705711178223393,1
2026-04-08,1317.68603515625,1347.7358488962445,1302.8080347694565,1320.4267760360608,16030133,0.5076835023299475,0.005063991348177769,1.0344853677040289,1270.870570591518,1250.0566929408483,1258.640470377604,1.0368373189591935,1,1.5127303231539073,1.9104659005920874,2,4,2,0,0,12829468.857142856,1.2494775254140909,0
2026-04-09,1303.395263671875,1309.170319257509,1286.1680743957882,1301.7313192842819,14894607,-1.0845353978939598,-0.01090459353573728,1.0178843226788432,1279.526123046875,1256.9573625837054,1257.935721842448,1.0186546723783658,1,1.574180361774684,1.8912154344134464,3,4,2,0,0,13086906.857142856,1.1381304354489616,0
2026-04-10,1265.12353515625,1290.9643801968148,1256.1184483091881,1290.0834192154255,19233369,-2.9363102339199365,-0.029802827422642522,1.027740960205251,1285.3850620814733,1258.7332240513392,1256.7937662760417,0.9842369982949599,1,1.9544318748357732,1.991998866376711,4,4,2,0,1,13819033.0,1.3918028128306807,0
2026-04-13,1249.756103515625,1261.6976471062894,1238.8911174058185,1245.0577246851824,10366082,-1.2146981076221142,-0.012221358572547482,1.018408824940344,1285.5388881138392,1262.6484985351562,1256.8361857096354,0.9721651480720935,1,1.9161521201503728,1.7209369786184472,0,4,2,1,0,14137451.0,0.7332355740790897,1
2026-04-15,1277.6524658203125,1294.4881045276459,1272.9540869097948,1278.631284802942,12098912,2.232144514134693,0.02207596790732941,1.0169165705497885,1286.1681256975446,1266.102338518415,1257.3321248372397,0.9933790460927386,1,1.9628279757460814,1.6552444071950514,2,4,2,0,0,14026796.714285715,0.8625570218521637,1
2026-04-16,1291.2579345703125,1302.808046184627,1281.2740288923192,1294.0965334739733,18527029,1.064880248265676,0.010592503311990227,1.0168067226890756,1287.9859270368304,1270.4650704520088,1258.3142049153646,1.002540406276806,1,1.9971599301503193,1.6664743308665484,3,4,2,0,0,15215132.0,1.2176712630557527,0
2026-04-17,1290.7685546875,1300.165312581974,1278.4354593069281,1285.1893342368037,12064048,-0.03789946762072782,-0.00037906651284061606,1.0169972235335416,1285.0914132254463,1273.2896554129463,1258.921073404948,1.0044176946508456,1,1.7000527144120685,1.6223673845397306,4,4,2,0,1,14744882.857142856,0.8181854082452624,0
2026-04-20,1284.7977294921875,1296.8372503675125,1280.3930442184933,1292.0410136169874,7172300,-0.4625790714864464,-0.0046365227937568455,1.0128430923795406,1280.3930838448662,1275.631827218192,1259.6943400065104,1.0034400729767259,1,1.6711106884892595,1.632692008539023,0,4,2,1,0,13479478.142857144,0.5320903319837085,1
2026-04-21,1285.385009765625,1296.9351212811175,1271.7795218169556,1282.2528368892558,10057440,0.0457099401685257,0.00045699496357826526,1.0197798431509755,1277.8201904296875,1278.6731567382812,1259.8835774739584,1.005920096890466,0,1.6424911567437894,1.6116043371346294,1,4,2,0,0,12788454.285714285,0.78644688210951,0
2026-04-22,1241.729736328125,1270.2133447995752,1229.2987830540255,1267.5705813427946,20088378,-3.3962799554866474,-0.03455293573353056,1.0332828457243755,1274.4782191685267,1279.931640625,1258.6698404947917,0.974304399755245,0,1.7746944453843996,1.8342437375626859,2,4,2,0,0,12910598.42857143,1.5559602532090218,0
2026-04-23,1214.32275390625,1238.891085420282,1200.0320212693207,1227.438951608261,14792854,-2.2071616407382866,-0.022318839038989357,1.0323816893734707,1269.4163120814733,1277.4776000976562,1256.4577067057292,0.956599298708486,0,1.8996078856166598,1.8461136678375778,3,4,2,0,0,13542994.42857143,1.0922882733224613,0
2026-04-24,1130.144287109375,1197.9764852174349,1127.7950978335834,1174.5826894228176,42078914,-6.932132872095876,-0.07184120491237635,1.0622288459301383,1248.343715122768,1267.2559204101562,1251.2242838541667,0.9053149973188526,0,2.753650761650659,2.4740319260927794,4,4,2,0,1,17825851.85714286,2.3605555760937666,1
2026-04-27,1145.5118408203125,1154.9084786451926,1130.04645394258,1130.1443119385692,19579883,1.3597868773237654,0.013506247391600707,1.0220008873227047,1227.5228445870537,1257.754385811942,1247.136083984375,0.9331898350174247,0,2.804847270012131,2.522680669447478,0,4,2,1,0,17976259.57142857,1.0892078478395042,0
2026-04-28,1127.697265625,1144.6308809119316,1125.4460537763027,1138.0727223885278,12720276,-1.555162902773255,-0.01567382415490343,1.0170464209024115,1204.2269461495537,1244.6591796875,1243.0837687174478,0.936449121347722,0,2.7156749933750097,2.342473205479166,1,4,2,0,0,18070006.42857143,0.7039441878607917,1
2026-04-29,1142.7711181640625,1153.2444330805374,1132.2978032475876,1133.961747660014,8303109,1.3366931887263345,0.013278382668051203,1.0184992232369188,1183.9374302455358,1232.1652570452009,1239.8765014648438,0.9652293178424676,0,2.947276493847787,2.394614206825088,2,4,2,0,0,18231550.57142857,0.45542527869308885,1
2026-04-30,1156.768310546875,1164.5988623339997,1135.0384576467616,1142.7711514334947,12205669,1.224846529662038,0.012174059798206531,1.0260435269731079,1165.5636160714287,1221.691903250558,1237.706787109375,0.9924540321924268,0,3.0887281858026605,2.4657041738342875,3,4,2,0,0,18538440.42857143,0.6583978327102766,0
2026-05-01,1156.768310546875,1156.768310546875,1156.768310546875,1156.768310546875,0,0.0,0.0,1.0,1153.42626953125,1213.9522443498884,1235.4881306966147,1.0028974899427106,0,2.9979705338031093,2.395718473879095,4,5,2,0,1,15668672.142857144,0.0,0
2026-05-04,1143.652099609375,1169.6886601132755,1140.5198072387318,1169.6886601132755,7735811,-1.1338667231728716,-0.011403440009129694,1.025575051559309,1143.3304617745537,1206.3733869280134,1233.383671061198,1.0002813165970599,0,2.9510876040235616,2.394246345554551,0,5,2,1,0,14660523.142857144,0.527662684654539,1
2026-05-05,1153.1466064453125,1160.0961972461241,1135.5278649580357,1144.728787187228,8164108,0.8301918773358175,0.008267647393857457,1.0216360452669264,1146.6165073939733,1197.4801112583705,1230.479842122396,1.005695102947873,0,1.2194074849695333,2.293690283065268,1,5,2,0,0,9815550.857142856,0.8317524017573514,0
2026-05-06,1142.4774169921875,1166.2627649868193,1139.443102180398,1161.8580797644604,9856963,-0.9252240255914868,-0.009295308085902702,1.0235375182447461,1146.1830182756696,1186.8529314313616,1228.7310139973958,0.9967670073414132,0,1.1922924298175794,2.2365550878429965,2,5,2,0,0,8426562.285714285,1.1697490228857266,0
2026-05-07,1138.07275390625,1150.5038263553197,1134.6468875555572,1148.1546369607545,12013987,-0.38553611830102197,-0.0038628122451252436,1.0139752190515625,1147.6652308872767,1175.946088518415,1225.6901489257812,0.9916417464580585,0,1.011467884445975,2.228801679233107,3,5,2,0,0,8325663.857142857,1.4430064924724064,1
2026-05-08,1154.2232666015625,1158.4322359116547,1134.2554554613432,1136.4088093734103,7582770,1.419110741372065,0.014091356260792057,1.0213151105722282,1149.3012520926338,1166.619341169085,1223.1582682291667,1.0042826147626367,0,1.0281259344871436,2.3105932213731557,4,5,2,0,1,8222758.285714285,0.9221686612354687,0
2026-05-11,1152.0699462890625,1161.8581361470833,1147.2737093616843,1151.0911273032605,7336288,-0.18656012010918044,-0.0018673436024338314,1.0127122470134118,1148.6300571986608,1157.0968366350446,1219.8531209309897,1.0029947754447512,0,0.9135458575046754,2.305368235570467,0,5,2,1,0,7527132.428571428,0.9746457989968368,0
2026-05-12,1116.1473388671875,1137.3876630949442,1099.2137225952,1137.3876630949442,16891948,-3.1180925722075647,-0.03167739837604329,1.0347284060552093,1142.8270612444196,1148.126665387835,1215.3244547526042,0.976654628436799,0,1.4720028429523015,2.281918402460524,1,5,2,0,0,9940267.857142856,1.6993453539445438,0
2026-05-13,1099.3115234375,1118.398492694932,1097.2560275682617,1112.5255790772605,6664111,-1.5083864686515902,-0.015198783248539868,1.019268488479873,1136.4926932198662,1139.91157749721,1210.5412923177084,0.967284286116239,0,1.505311433448667,2.2546920919273,2,5,2,0,0,9787167.857142856,0.6809029023790992,0
2026-05-14,1071.8067626953125,1098.137016652994,1065.933848927119,1096.0815207310736,16914842,-2.5019987652072695,-0.02533830835039294,1.0302112253572657,1124.8727155412946,1135.7446114676338,1205.4644856770833,0.9528249266669727,0,1.5216005254723612,1.4922958563304882,3,5,2,0,0,11037272.714285715,1.5325200742849143,1
2026-05-15,1095.2984619140625,1109.1976439317652,1078.266987402901,1078.658538900176,17482450,2.1917849407550483,0.0216811063662989,1.0286855267667645,1118.1328648158483,1132.1579415457588,1200.3517903645834,0.9795780952154138,0,1.9523325971281664,1.5803405144475335,4,5,2,0,1,12126628.0,1.4416579777989396,1
2026-05-18,1118.3006591796875,1121.8243835304838,1094.319594715878,1095.2984136735845,12096377,2.1000848686875795,0.020783370413207315,1.0251341463201589,1115.3082798549108,1131.4867553710938,1195.186885579427,1.002683006464514,0,2.2042804974274506,1.6584609750678305,0,5,2,1,0,12138398.0,0.996538175795521,1
2026-05-19,1171.5484619140625,1173.0166903851343,1137.3876555901809,1137.3876555901809,32175705,4.761492564390868,0.04651608101451962,1.0313253222152001,1117.7833077566963,1133.542279924665,1191.620723470052,1.0480998005465556,0,2.8794368937993786,2.077814760493417,1,5,2,0,0,15651674.42857143,2.055735643290963,0
2026-05-20,1168.4161376953125,1181.3366195800531,1159.802602590221,1161.8580984968487,15121010,-0.26736616713510797,-0.00267724228838054,1.0185669672940374,1120.1184779575892,1134.374267578125,1186.866923014323,1.0431183492533653,0,2.8816321070869004,2.0592623945394113,2,5,2,0,0,16763777.57142857,0.9020049291140423,0
2026-05-21,1156.180908203125,1176.3446743746752,1152.0699163634372,1170.7653346096859,10021033,-1.0471636857328326,-0.010526850234436051,1.0210705597520178,1125.8375592912946,1134.332310267857,1181.483418782552,1.0269518001610562,0,2.569158435362143,2.081721843074041,3,5,2,0,0,15782218.285714285,0.6349571916053662,0
2026-05-22,1149.622802734375,1166.5564175672662,1147.6651649263981,1157.4533539662823,8803066,-0.567221394352746,-0.00568836204163434,1.0164605960154585,1133.0248849051338,1134.7587890625,1176.3576700846354,1.0146492085481695,0,2.4671448938206693,2.063063682910981,4,5,2,0,1,16087783.285714285,0.5471894942678022,0
2026-05-25,1143.75,1159.900513478819,1141.4008105061328,1157.9428754813864,5856136,-0.5108460549326788,-0.005121553342296844,1.0162078936710084,1143.302490234375,1134.087602887835,1172.311885579427,1.000391418517363,1,2.133028331801745,2.0555109389167683,0,5,2,1,0,14507968.142857144,0.40364963186683117,0
2026-05-26,1142.966796875,1155.6914427435413,1138.2685377836078,1141.5965459846338,8005767,-0.06847677595628321,-0.0006850023200908712,1.0153064978795414,1150.1122523716517,1134.12255859375,1168.7522420247396,0.9937871668770444,1,2.0845163351230958,2.0397900438367165,1,5,2,0,0,13154156.285714285,0.6086112120086673,0
2026-05-27,1135.3321533203125,1142.5754376343073,1130.5359164445094,1136.4088302961693,6371871,-0.66796722140674,-0.006702081069462253,1.0106493929247835,1152.5453229631696,1133.92680140904,1164.008231608073,0.9850650822142053,1,2.0204257547298305,2.0455213721613696,2,5,2,0,0,12336369.714285715,0.5165110277638056,0
2026-05-28,1135.3321533203125,1135.3321533203125,1135.3321533203125,1135.3321533203125,0,0.0,0.0,1.0,1147.3715645926338,1132.577436174665,1158.8107055664063,0.9895069638782656,1,0.36581179355092913,2.004650029999452,3,5,2,0,0,7739840.428571428,0.0,1
2026-05-29,1136.3109130859375,1184.370898370815,1129.1654871448488,1156.96396849116,69085430,0.08620911182357638,0.0008617197311187228,1.0488904521564468,1142.7851039341517,1131.4517909458705,1153.6621175130208,0.9943347259025986,1,0.41575194346763444,2.005062584759673,4,5,2,0,1,15449043.285714285,4.471825777320673,1
2026-06-01,1177.02978515625,1191.222659904496,1148.8397516554953,1150.1122640819906,19439331,3.583427000602346,0.035207160003903386,1.036891923514943,1145.7635149274554,1135.800537109375,1150.0698527018228,1.0272885895051165,1,1.4938938541217253,2.023789865475024,0,6,2,1,0,16794514.42857143,1.1574809788444442,1
2026-06-02,1243.8831787109375,1251.811588367994,1206.3943648530496,1206.3943648530496,36032600,5.679838726070363,0.055243948165676716,1.0376470786320995,1159.229282924107,1146.1270839146205,1148.6864583333333,1.073026015675945,1,2.4645103624278937,2.3827150396543915,1,6,2,0,0,20684447.85714286,1.7420141088057635,0
2026-06-03,1196.7039794921875,1223.425783618914,1190.2437985614154,1215.7909483013548,18534303,-3.7928963126298454,-0.038666988138627935,1.0278783095510382,1166.7941371372767,1155.0483136858259,1147.1855997721354,1.0256342069289912,1,3.072099748722062,2.544490801785268,2,6,2,0,0,22495614.57142857,0.8239073860884962,0
2026-06-04,1175.855224609375,1189.4607121046952,1170.8631524946943,1182.4132636253246,12755957,-1.7421814617562759,-0.017575360407490023,1.0158836321481088,1171.4924839564733,1160.8023681640625,1145.9033487955728,1.0037240876169922,1,3.203178089736414,2.598012333374919,3,6,2,0,0,23174213.14285714,0.5504375454461417,0
2026-06-05,1172.1357421875,1197.8787294549086,1169.0035692089534,1194.159169493737,8692290,-0.3163214606722198,-0.0031682281454372125,1.0247006604654718,1176.7501395089287,1164.6477312360491,1147.3030639648437,0.9960786940519469,1,3.185440598824201,2.5664030987178266,4,6,2,0,1,23505701.57142857,0.3697949611751036,0
2026-06-08,1162.4453125,1175.26781631171,1151.5804465064052,1152.559265415463,8631711,-0.826732718636769,-0.008301691065120173,1.0205694442599873,1180.6234479631696,1163.9975062779017,1147.8675130208333,0.9846029354282851,1,3.22217098138749,2.244658618675559,0,6,2,1,0,24738803.14285714,0.3489138480206647,0
2026-06-09,1155.300048828125,1168.3182691086097,1142.5754025403635,1168.3182691086097,10984054,-0.6146752535401534,-0.006165721590774433,1.0225305625440653,1183.336181640625,1163.0606427873884,1148.7876057942708,0.9763075504260932,1,3.2436983838419873,2.2493659985656276,1,6,2,0,0,16438606.57142857,0.6681864397856593,0
2026-06-10,1145.300048828125,1171.4000244140625,1143.300048828125,1160.0999755859375,8887626,-0.865576004272095,-0.008693438716277204,1.02457795363058,1178.8033621651787,1162.283438546317,1148.8719034830729,0.9715785393795313,1,2.9073132740615826,2.243736815467394,2,6,2,0,0,14931220.142857144,0.5952377578634589,0
2026-06-11,1114.5999755859375,1133.699951171875,1109.0,1129.699951171875,9372176,-2.680526668413219,-0.027171079805592302,1.0222722733740983,1160.3343331473213,1159.7818080357142,1147.4662923177084,0.9605851897553245,1,1.27370440365184,2.350169905992857,3,6,2,0,0,11122588.142857144,0.8426254644714821,1
2026-06-12,1116.4000244140625,1123.300048828125,1111.5,1120.0,8075333,0.16149729656855794,0.0016136702991711783,1.010616328230432,1148.862339564732,1157.8282383510045,1146.1206827799479,0.9717439470050271,0,0.9474665191133778,2.350099346381108,4,6,2,0,1,9628449.57142857,0.8386950505471531,1
2026-06-15,1134.9000244140625,1151.0,1123.0,1130.0,7856192,1.6571121099455022,0.016435318288446802,1.02493321460374,1143.0115966796875,1157.2520403180804,1145.828946940104,0.9929033333614565,0,1.2995297218799269,2.399296502587673,0,6,2,1,0,8928483.142857144,0.8799022044729977,1
2026-06-16,1143.5999755859375,1153.800048828125,1123.199951171875,1136.9000244140625,10456090,0.7665830456182077,0.007636597280552803,1.027243677872603,1138.93505859375,1157.8425990513392,1145.5107259114584,1.0040958586330175,0,1.3863057415144537,2.4003206997588222,1,6,2,0,0,9180454.57142857,1.138951227158344,1
2026-06-17,1157.699951171875,1162.5,1148.0,1149.0,5995119,1.2329464748994212,0.01225407593511584,1.012630662020906,1138.2571498325892,1159.4402988978795,1146.0181437174479,1.0170812029093297,0,1.4818573685044478,2.419767724167019,2,6,2,0,0,8803798.57142857,0.6809695782291378,0
2026-06-18,1127.5,1142.9000244140625,1125.300048828125,1142.9000244140625,16781447,-2.608616433066724,-0.026432443658010736,1.0156402513305371,1134.2857142857142,1158.8109479631696,1145.6657185872396,0.9940176322418136,0,1.7719710957135273,2.531247886419551,3,6,2,0,0,9631997.57142857,1.7422603022428977,0
2026-06-19,1051.4000244140625,1066.0,1030.0,1062.300048828125,45665442,-6.749443510947895,-0.06988015977095863,1.0349514563106796,1120.8714250837054,1149.837393624442,1142.2382771809896,0.9380201875835538,0,3.021349563212586,2.880185662053087,4,6,2,0,1,14885971.285714285,3.067683063706031,1
2026-06-22,1065.4000244140625,1080.300048828125,1055.0,1055.0,10178505,1.3315578918501547,0.013227705792419242,1.0239810889366114,1113.8428606305804,1137.0885968889509,1139.3492797851563,0.9565083748087294,0,3.0681910136474033,2.3097953700961007,0,6,2,1,0,15001161.142857144,0.6785144765174749,0
2026-06-23,1029.300048828125,1055.300048828125,1026.0,1053.800048828125,19323064,-3.388396354298129,-0.034471331427595356,1.0285575524640596,1101.4000069754463,1125.1311732700892,1136.4543701171874,0.9345378993184185,0,3.2111607728110876,2.2754544441894184,1,6,2,0,0,16607979.857142856,1.163480698207219,1
2026-06-24,1056.5999755859375,1065.5,1037.699951171875,1040.9000244140625,12346266,2.6522807211457833,0.02617717565326762,1.026790064697151,1090.2142857142858,1116.6129411969866,1135.0306518554687,0.9691672448537721,0,3.3720011064529594,2.4670516667965776,2,6,2,0,0,17249419.0,0.7157496724962157,0
2026-06-25,1041.199951171875,1068.0,1039.0999755859375,1065.0,15866779,-1.4575075496781498,-0.0146823353995666,1.0278125542229621,1075.5857107979912,1107.2603846958705,1134.0104248046875,0.9680306652636683,0,3.2851874328652784,2.4711095466316535,3,6,2,0,0,18022374.57142857,0.8803933653201336,0
2026-06-26,1041.199951171875,1041.199951171875,1041.199951171875,1041.199951171875,0,0.0,0.0,1.0,1058.9428536551338,1098.6000017438616,1132.2071411132813,0.983244702561601,0,3.158361897888846,2.480629827395962,4,6,2,0,1,17165929.0,0.0,0
2026-06-29,1036.699951171875,1046.5999755859375,1029.0999755859375,1037.0999755859375,15080892,-0.43219364301114727,-0.00433130299490527,1.0170051505346078,1045.9714181082588,1090.1285661969866,1129.4871175130208,0.9911360226714874,0,3.133473985793696,2.48190005022244,0,6,2,1,0,16922992.57142857,0.8911480600340966,0
2026-06-30,1000.4000244140625,1030.4000244140625,996.0,1030.0,24128263,-3.501488228756977,-0.035642599821730105,1.0345381771225528,1038.6857038225446,1079.778564453125,1123.7821695963542,0.9631402653684515,0,2.2940070481861667,2.589681958251993,1,6,2,0,0,13846252.714285715,1.7425843293403087,0
2026-07-01,985.2999877929688,1014.0,982.4000244140625,1006.0,13037982,-1.5093998653126661,-0.015209072468487442,1.0321660981276795,1027.2428414481026,1070.5428510393415,1117.6782979329428,0.9591694855755752,0,2.122668411137842,2.547346150786667,2,7,3,0,0,14254749.42857143,0.914641261519995,1
2026-07-02,1040.9000244140625,1045.0,1006.0,1006.4000244140625,18741111,5.642955172021824,0.05489487503690809,1.0387673956262427,1028.8999808175224,1065.1499938964844,1113.8356018066406,1.011662983594387,0,3.039997278849824,3.0797451954373347,3,7,3,0,0,14171613.285714285,1.3224401923874118,1
2026-07-03,1047.199951171875,1068.699951171875,1042.0,1063.0,11653534,0.6052384100345032,0.006034141992188193,1.0256237535238724,1027.557120186942,1058.885702950614,1110.4215067545572,1.0191160477593297,0,2.8576879086371947,3.0367975654394583,4,7,3,0,1,14072651.57142857,0.828097955872079,0
2026-07-06,1042.199951171875,1053.0,1033.0,1050.0999755859375,5559747,-0.47746373502067785,-0.004786072344272466,1.0193610842207164,1027.6999773297991,1051.6428440638952,1107.0365051269532,1.014109150687879,0,2.8031943432405586,3.0140657612593786,0,7,3,1,0,12600218.42857143,0.4412421127075926,1
2026-07-07,1071.800048828125,1087.5,1040.5999755859375,1040.5999755859375,18866296,2.840155348593809,0.028005706993771574,1.0450701763544192,1032.0714198521205,1045.5071367536273,1104.6642801920573,1.0384940695109037,0,2.9943179899681613,3.118798552981423,1,7,3,0,0,15295403.57142857,1.2334617986309147,0
2026-07-08,1069.300048828125,1079.699951171875,1064.4000244140625,1071.9000244140625,13022221,-0.23325246184989767,-0.002335249191627414,1.0143742262372033,1036.7285766601562,1041.3499973842077,1102.4632100423178,1.031417550264601,0,2.985452052777685,3.0595295998007193,2,7,3,0,0,15001307.714285715,0.8680723872892072,0
2026-07-09,1050.800048828125,1062.699951171875,1040.4000244140625,1062.699951171875,9003333,-1.7301037272255515,-0.01745244914728895,1.021433992920532,1043.9285801478795,1041.307141985212,1099.6454732259115,1.0065823168470702,1,2.6475832570615143,2.4912415760236395,3,7,3,0,0,12840603.42857143,0.7011612071101598,1
2026-07-10,1068.0,1091.300048828125,1064.699951171875,1075.0,9747266,1.636843392903975,0.016235915241184014,1.024983656312722,1055.7428676060267,1041.4928545270648,1097.3684427897135,1.0116099599344368,1,2.463947673206691,2.5048617407004787,4,7,3,0,1,12370501.142857144,0.7879443110215606,1
2026-07-13,1102.5999755859375,1114.9000244140625,1057.0999755859375,1057.0999755859375,20994760,3.2396980885709192,0.03188326449317674,1.0546779398004311,1064.5571463448662,1046.7285635811943,1094.8874491373697,1.0357358262745129,1,1.8231044613832512,2.431041292535958,0,7,3,1,0,12692451.0,1.6541139296106009,0
2026-07-14,1092.9000244140625,1113.5,1090.0,1107.800048828125,14819413,-0.879734390227993,-0.008836268991900355,1.021559633027523,1071.085728236607,1049.3214242117745,1089.854677327474,1.0203665267890083,1,1.9377859029048776,2.375336722008056,1,7,3,0,0,13144719.42857143,1.1274042843233647,0
2026-07-15,1076.300048828125,1088.0999755859375,1073.0,1079.0,8501933,-1.5188924160594919,-0.01530545738451543,1.014072670629951,1075.9571707589287,1051.828574044364,1085.8412129720052,1.0003186726000948,1,2.0721279527621186,2.3788197742059105,2,7,3,0,0,13565031.714285715,0.6267536397313672,1
2026-07-16,1082.4000244140625,1097.300048828125,1077.9000244140625,1082.5,8592146,0.5667541864909476,0.005651541775166999,1.017997981236347,1077.4714529854912,1054.7714364188057,1082.7260396321615,1.0045742013998749,1,1.8008196662387157,2.3788217905181446,3,7,3,0,0,12097296.0,0.7102534318412974,1
2026-07-17,1096.5,1116.800048828125,1092.0,1105.0,12547728,1.3026584689491472,0.012942468445874671,1.0227106674250228,1081.3571602957588,1059.0428684779577,1080.2048482259115,1.0140035505938663,1,1.8388721057135464,2.3827323480845624,4,7,3,0,1,12029511.285714285,1.0430787836660602,0
2026-07-20,1087.0999755859375,1103.800048828125,1083.199951171875,1102.0,6372645,-0.8572753683595558,-0.008609711105961522,1.0190178162710988,1086.5428641183037,1065.2357221330915,1077.6933369954427,1.000512737680244,1,1.696508724745122,2.1397527723956022,0,7,3,1,0,11653698.714285715,0.546834542083028,0
2026-07-21,1073.5,1094.5,1067.199951171875,1080.0,9485229,-1.2510326456963816,-0.012589239433145646,1.0255810064441506,1087.328578404018,1071.5357230050224,1074.9666687011718,0.987282061118714,1,1.7244777636110984,2.121041270492092,1,7,3,0,0,11616264.857142856,0.816547239293319,0
2026-07-22,1052.0999755859375,1069.300048828125,1046.199951171875,1064.0,7517203,-1.9934815476537082,-0.020136194709671873,1.0220800026136256,1080.114292689732,1072.3357195172991,1071.859999593099,0.9740635622605895,1,1.176812529973311,1.6674433373034017,2,7,3,0,0,9690899.57142857,0.7756971315813421,0
2026-07-23,1047.4000244140625,1058.5,1032.0,1046.9000244140625,13794578,-0.4467209657768034,-0.0044772174545707494,1.0256782945736433,1073.614292689732,1072.3500104631696,1069.6200012207032,0.9755831601216906,1,1.1748125157777811,1.6661065449472394,3,7,3,0,0,9544494.57142857,1.4452916177766026,0
2026-07-24,1040.9000244140625,1043.4000244140625,1013.9000244140625,1028.0,29034749,-0.6205842895255054,-0.006225179178408021,1.0290955708547775,1068.5571463448662,1072.2571585518974,1067.1033345540366,0.9741173207016505,0,1.1046395845868024,1.6697900550559959,4,7,3,0,1,12477754.0,2.3269210949342325,0
