Date,Close,High,Low,Open,Volume,daily_return,log_return,high_low_ratio,ma_7,ma_14,ma_30,price_to_ma7,ma_crossover,volatility_7,volatility_14,day_of_week,month,quarter,is_monday,is_friday,volume_ma_7,volume_ratio,target
2021-09-06,1098.597900390625,1123.2366380009644,1092.4381261377828,1092.891091235902,33641710,1.553284275520106,0.015413442977860316,1.028192454223533,1043.742919921875,1015.6894836425781,979.1006062825521,1.0525560264139142,1,1.5545793661638347,1.281659212273016,0,9,3,1,0,19485936.42857143,1.7264610363129658,1
2021-09-07,1105.52734375,1113.272195169168,1092.4379602260194,1100.5904921516135,17349882,0.6307533772739848,0.006287724536241004,1.0190713209369238,1057.556928362165,1024.6394696916852,984.5967651367188,1.0453596530847058,1,1.4679542311977138,1.234536400365731,1,9,3,0,0,20467257.285714287,0.8476896419389739,0
2021-09-08,1101.2020263671875,1111.4606486919852,1090.0149514607642,1110.554838373318,14301651,-0.391244722011197,-0.003920120863426022,1.0196746817119167,1067.9805472237724,1033.008749825614,990.2786214192708,1.031106820465761,1,1.5680038839586954,1.27484655738573,2,9,3,0,0,20506484.285714287,0.6974209133431593,0
2021-09-09,1098.597900390625,1104.1460938907833,1094.295151259694,1099.6395643758528,8963249,-0.23648031098829625,-0.0023676036728150257,1.0090020892624347,1078.8150111607142,1041.9813929966517,996.1401407877604,1.018337610271687,1,1.5232334073412968,1.1904368427311172,3,9,3,0,0,18003310.85714286,0.4978667019152096,0
2021-09-13,1074.1175537109375,1101.949327153265,1072.5323557228828,1101.949327153265,16311160,-2.2283263668156583,-0.022535286552337986,1.027427584140858,1085.5731898716517,1048.749280657087,1000.9456034342448,0.9894473847847434,1,1.9659000230808814,1.4524783970192783,0,9,3,1,0,18741264.285714287,0.8703340261005412,0
2021-09-14,1072.71337890625,1084.2853708994928,1071.6036685532943,1075.6799942004575,8908356,-0.13072822428386033,-0.00130813748171014,1.0118343215111603,1090.3643798828125,1054.7261744907923,1005.9752563476562,0.98381183272104,1,1.969274266213877,1.4644650760293818,1,9,3,0,0,18591490.85714286,0.47916307887580767,1
2021-09-15,1077.1746826171875,1085.0780298856923,1072.7360805602518,1072.7360805602518,9071075,0.41588963078713626,0.004150272002081686,1.0115051125333594,1089.7043980189733,1060.4102957589287,1010.5919982910157,0.9885017299879085,1,1.1657365651917537,1.462926677359358,2,9,3,0,0,15506726.142857144,0.5849767975800879,1
2021-09-16,1099.775390625,1103.647816826433,1072.056826477489,1078.646803599393,13448882,2.0981469739801195,0.02076438988933078,1.0294676453418463,1089.8726109095983,1066.8077654157366,1015.731864420573,1.0090861809135079,1,1.3013449206302583,1.5100388951666883,3,9,3,0,0,12622036.42857143,1.065508095790067,0
2021-09-17,1082.72265625,1112.2982358053355,1075.9515432268888,1107.8369923894184,34882133,-1.550565189980202,-0.015627121802931968,1.0337809753675702,1086.6147984095983,1072.0858633858818,1020.0617492675781,0.996418103116859,1,1.389612403687975,1.608538042466893,4,9,3,0,1,15126643.714285715,2.3060061213087906,1
2021-09-20,1084.444091796875,1095.3140549772365,1073.415512979037,1074.3666078022443,11779819,0.15899136652752777,0.0015886510906230659,1.020400806335866,1084.2208077566963,1076.1006774902344,1023.9885477701823,1.0002059396375547,1,1.398402370360687,1.5582720184171939,0,9,3,1,0,14766382.0,0.7977457849864645,1
2021-09-21,1089.1318359375,1094.5215333838828,1079.7563812162018,1089.2676895218028,9915736,0.4322716289465456,0.004313400188996503,1.0136745217944902,1082.8685128348213,1080.841761997768,1028.7540018717448,1.0057840107348601,1,1.4190186686389041,1.5353827792583459,1,9,3,0,0,14902451.57142857,0.6653761599206098,1
2021-09-22,1100.81689453125,1106.0253328041451,1086.2102417475817,1090.6262009705367,10995912,1.0728782511156387,0.010671637491705204,1.018242408601012,1086.6827043805804,1086.1279471261162,1034.0886189778646,1.0130067314899671,1,1.1157283731942116,1.5438150573972491,2,9,3,0,0,14143130.42857143,0.7774737039677203,1
2021-09-23,1127.72021484375,1130.9358947742098,1107.6106545484265,1108.4711801776828,15748397,2.443941444408515,0.024145550241570345,1.021059060898338,1094.5408238002233,1092.452601841518,1040.1554545084634,1.030313525381656,1,1.3317351907275197,1.6203964303299316,3,9,3,0,0,15120279.142857144,1.0415414193883834,0
2021-09-24,1124.459228515625,1134.7631343059459,1119.613065939266,1133.9026086017536,15192163,-0.28916625641731697,-0.0028958514976360076,1.0135315215832803,1101.2957589285713,1095.5000784737724,1045.6719909667968,1.021032923625883,1,1.384580965425174,1.2791198498565803,4,9,3,0,1,15994720.285714285,0.9498236123309333,1
2021-09-27,1143.3685302734375,1145.8370159244848,1121.1077134942575,1126.4068411721403,15373834,1.681635160998618,0.016676522205566778,1.0220579183717784,1107.5233503069196,1098.6979806082588,1051.9214986165364,1.0323651686048736,1,1.3180103476433542,1.2893342523029145,0,9,3,1,0,16269713.42857143,0.9449357585488773,1
2021-09-28,1154.057373046875,1161.6890123387186,1138.0919448330371,1147.6938200602945,18035258,0.934855428536352,0.009305126996852044,1.0207338850018337,1117.7140241350446,1102.1644112723213,1057.9966349283854,1.032515785010352,1,0.9314121191370613,1.2979869484214215,1,9,3,0,0,13863017.0,1.3009619767471972,0
2021-09-29,1144.90869140625,1163.9991145771864,1141.3758992926414,1163.9991145771864,9719875,-0.7927406257516645,-0.00795899519883905,1.019821003140653,1126.3518240792412,1105.2863159179688,1063.3463521321614,1.0164751962311407,1,1.112719601923757,1.3190592624881434,2,9,3,0,0,13568739.285714285,0.7163432648627478,0
2021-09-30,1141.0133056640625,1147.965677369511,1132.4532137255203,1143.6176447212324,13590654,-0.34023549401157593,-0.0034081561118528255,1.0136981055428844,1133.763462611607,1108.3159877232142,1068.705877685547,1.006394493464938,1,1.1890370766548828,1.3225104199981903,3,9,3,0,0,14093727.57142857,0.9643051443360929,1
2021-10-01,1143.0289306640625,1150.320936930379,1130.0302358504632,1133.1779894261922,8958928,0.17665219064442184,0.0017649634417260232,1.0179558921842875,1139.7937534877233,1113.2382289341517,1074.005771891276,1.0028383882315899,1,1.1870559286763156,1.1110563434794558,4,10,4,0,1,13802729.857142856,0.6490692850417406,1
2021-10-04,1157.7259521484375,1166.1954743424071,1149.0751720923313,1156.2992503109058,10918552,1.285796106301218,0.012775999308013642,1.0148992012584361,1144.080287388393,1119.310555594308,1080.1639404296875,1.011927191570789,1,0.9314663450249583,1.1184946234682798,0,10,4,1,0,13112752.0,0.8326667048991699,1
2021-10-05,1181.75341796875,1183.0216242133338,1153.7403880823629,1157.2505376163047,13533634,2.075401849265268,0.020541588013769197,1.0253793976820378,1152.265171595982,1126.7804652622767,1086.9101501464843,1.025591545331466,1,1.0673803741992152,1.1886910713698204,1,10,4,0,0,12875819.285714285,1.0510891539939178,0
2021-10-06,1159.4019775390625,1186.6222902143543,1155.4389825506435,1186.6222902143543,10258881,-1.8913793765966913,-0.019094947401961715,1.0269882772994843,1154.5556640625,1131.03950718471,1092.5889872233072,1.0041975572312467,1,1.3470687297585093,1.2936973192659864,2,10,4,0,0,12145111.714285715,0.8446921890337961,1
2021-10-07,1165.0860595703125,1177.0204479976474,1162.9573276219362,1175.3219190109808,6336665,0.49025981854153855,0.004890619585818618,1.012092550639384,1156.1311907087054,1136.922607421875,1098.1719563802083,1.0077455473337051,1,1.3171754581006234,1.167582141088414,3,10,4,0,0,10473884.142857144,0.6049966672890309,1
2021-10-08,1209.857177734375,1215.8130517029124,1169.2077239223584,1170.9061333611987,15772493,3.8427305688108815,0.03770736254656075,1.0398606054570068,1165.4095458984375,1145.8806849888392,1104.826835123698,1.0381390662127037,1,1.8325209704518999,1.456534253301824,4,10,4,0,1,11338543.857142856,1.391051020194619,0
2021-10-11,1201.4326171875,1231.9366542030143,1198.1263679197398,1223.5124154081877,14768666,-0.6963268641883125,-0.006987625330940462,1.028219299056057,1174.0408761160713,1153.9021693638392,1111.2469462076822,1.0233311647223435,1,1.8741012131226473,1.5084315516712659,0,10,4,1,0,11506831.285714285,1.2834694133679772,1
2021-10-12,1208.2943115234375,1215.1787568517786,1196.269354160262,1197.9678831315707,6682011,0.5711260238631111,0.005695012824660807,1.0158069774384468,1183.364501953125,1161.5791277204241,1117.248866780599,1.0210668898121975,1,1.8596969254426097,1.5052030237552554,1,10,4,0,0,11181557.42857143,0.5975921550003346,1
2021-10-13,1220.59130859375,1231.7104576573965,1208.9739099022918,1213.3672280920266,9959762,1.0177153821744112,0.010125715295926555,1.018806483389656,1192.3452671595983,1168.2127772739955,1123.8433553059897,1.023689481739999,1,1.8510319490874036,1.4224827949513763,2,10,4,0,0,11044587.42857143,0.9017776412575561,1
2021-10-14,1223.0595703125,1230.7818997818822,1217.0810544912147,1223.0369280495506,8623469,0.20221852321673506,0.0020201433678326513,1.0112571346338104,1198.2461460658483,1175.255658830915,1130.3849975585938,1.0207081193860883,1,1.7647194797322439,1.4054491387546302,3,10,4,0,0,10343135.285714285,0.8337383938031391,1
2021-10-18,1226.320556640625,1243.2596035729455,1205.8033136478314,1208.6567177514992,13594479,0.26662530650831684,0.002662704917819334,1.0310633496368493,1207.805943080357,1181.1808035714287,1136.6231811523437,1.0153291293740854,1,1.4337297078685842,1.373059485798019,0,10,4,1,0,10819649.285714285,1.2564620757115905,1
2021-10-19,1237.3037109375,1246.1356302424738,1226.5016753447112,1233.6577079515857,8833409,0.8956185425907037,0.008916316668382426,1.0160080946422225,1218.1227504185267,1187.1269705636162,1141.8068196614583,1.0157463281203665,1,1.426667932456245,1.3721657574322124,1,10,4,0,0,11176327.0,0.7903678015147553,0
2021-10-20,1223.0595703125,1242.2406818392346,1219.0286485058555,1242.2406818392346,12710570,-1.1512242708952458,-0.011579021586201823,1.0190414174119942,1220.0088065011162,1192.7091761997767,1145.9555419921876,1.002500608024407,1,0.8074199726038522,1.4013287015901936,2,10,4,0,0,10738909.42857143,1.1835997020500857,0
2021-10-21,1187.7772216796875,1235.5600608138357,1179.0358711096487,1235.2883536749923,20831669,-2.884761256869739,-0.02927188435217722,1.0479410262988769,1218.0580357142858,1196.0494559151787,1148.6972045898438,0.975140089267716,1,1.3997470732389021,1.657705253684184,3,10,4,0,0,11605052.714285715,1.7950516480081478,1
2021-10-22,1189.9964599609375,1206.9809106504802,1182.7950231580921,1186.6448064236538,11027475,0.18683960600891503,0.0018666527792587416,1.0204480801988929,1215.444056919643,1199.4042794363838,1151.6570190429688,0.9790631277401624,1,1.3738331099616825,1.6576491631729617,4,10,4,0,1,12225833.285714285,0.9019814635363504,0
2021-10-25,1178.40185546875,1213.8201056097269,1163.9990998346134,1213.8201056097269,17198417,-0.9743394104355652,-0.009791171565078772,1.0428015844532803,1209.4169921875,1200.8811296735491,1154.3171508789062,0.9743552993557233,1,1.2803816020573442,1.6643806832329968,0,10,4,1,0,13259926.857142856,1.29702201115352,1
2021-10-26,1205.2371826171875,1208.7926167498356,1179.013250231775,1185.3315195274101,9750178,2.277264502249343,0.022517218889998053,1.0252578726424038,1206.8709368024554,1202.5585414341517,1158.6878051757812,0.9986462892299018,1,1.6541331530528993,1.6832112673470419,1,10,4,0,0,13420885.285714285,0.7264929095533266,0
2021-10-27,1189.9964599609375,1212.3706072222662,1186.6221641632774,1201.1382490708493,9896298,-1.2645413596645394,-0.01272604732491929,1.0216989399293286,1201.6817801339287,1204.743861607143,1162.5972412109375,0.9902758614084264,0,1.6834752382779723,1.6321892847534896,2,10,4,0,0,12892573.714285715,0.7675967746482094,0
2021-10-28,1176.9522705078125,1194.774603252533,1173.283745409445,1186.6447146030193,9886181,-1.096153635074948,-0.011022056660419614,1.018316846139881,1193.0601457868304,1205.5914481026787,1165.9231608072917,0.9864986896629636,0,1.5905069120731925,1.6651133038902584,3,10,4,0,0,13042969.714285715,0.7579700955045426,0
2021-10-29,1148.7130126953125,1175.8427530223264,1133.0646952081202,1175.8427530223264,14233025,-2.3993545464945476,-0.02428607933778239,1.0377542941679503,1182.439208984375,1201.2240077427455,1167.5544148763022,0.9714774374591056,0,1.7145194995900996,1.3954509000532769,4,10,4,0,1,13260463.285714285,1.0733429664809278,1
2021-11-01,1149.4151611328125,1157.6582624374937,1129.6225892164332,1148.7131311991511,15481114,0.06112479180961916,0.0006110611821782558,1.0248186195006135,1176.9589146205358,1197.5084751674108,1169.777498372396,0.9765975233752288,0,1.4866176389389487,1.39611925901035,0,11,4,1,0,12496098.285714285,1.238875819158547,0
2021-11-02,1132.6572265625,1154.034998237925,1130.143575828135,1152.6762227813829,10569130,-1.4579531519139377,-0.014686857339617047,1.0211401656575212,1168.7675955636162,1192.1058262416295,1171.3846028645833,0.9691038927343784,0,1.497571232333221,1.4032990442888706,1,11,4,0,0,12430620.42857143,0.8502495962073746,0
2021-11-03,1124.8670654296875,1141.353269066621,1114.6310849978502,1135.034999269857,11989430,-0.6877774626004807,-0.006901535528670268,1.0239740165409277,1161.1197684151787,1185.2683803013392,1172.5757771809897,0.9687778091703901,0,1.4925204431979933,1.3384754372760999,2,11,4,0,0,11686479.42857143,1.0259231681602852,1
2021-11-04,1131.77392578125,1134.514118637374,1127.7656464746356,1129.1016597099565,1705656,0.6140156969502986,0.0061213830165157725,1.0059839313104046,1150.6250174386162,1178.7479771205358,1173.6076782226562,0.9836166506275604,0,0.9992578882678719,1.3611619464209899,3,11,4,0,0,10537262.0,0.1618689940517755,1
2021-11-08,1133.1781005859375,1141.3532756603024,1112.5476437566415,1141.081448693073,20337183,0.12406848865318398,0.0012399158730412292,1.0258915940052649,1142.5081089564733,1172.0949445452009,1173.7896077473958,0.9918337486645434,0,1.0491220889632822,1.3551520682195655,0,11,4,1,0,12028817.0,1.6907051624444864,1
2021-11-09,1142.1231689453125,1145.38413396809,1126.4295651226153,1134.5594552172417,15682497,0.7893788588704487,0.007862795633943513,1.0168271230020596,1137.5325230189733,1165.2963344029017,1174.3784057617188,1.004035617297478,0,1.1637678983220068,1.346680576843057,1,11,4,0,0,12856862.142857144,1.219776398451366,1
2021-11-10,1154.8953857421875,1158.56403111527,1133.9479393972968,1139.8585280650227,10253470,1.118287164130427,0.011120805621133368,1.0217083085234555,1138.4157191685267,1160.4274640764509,1174.7626342773438,1.0144759654106825,0,0.8966150802552596,1.4055636209509057,2,11,4,0,0,12288354.285714285,0.8344054672902846,1
2021-11-11,1157.0015869140625,1164.2255472479787,1148.3960890914113,1150.4342522284085,10722478,0.18237159814449289,0.0018220550305496318,1.0137839707979948,1139.4994942801338,1158.229204450335,1174.8607747395833,1.0153594562540682,0,0.897356815610735,1.2144455543904054,3,11,4,0,0,11608549.142857144,0.923670810886617,1
2021-11-12,1174.46142578125,1177.0204805624614,1158.1110771767962,1160.783343266853,8712341,1.5090591979010304,0.014977861692213395,1.0163277977029301,1145.4715227399554,1157.1195591517858,1175.8458658854167,1.025308270407239,0,0.724230397825388,1.2940148094031454,4,11,4,0,1,11343293.57142857,0.768060964404959,0
2021-11-15,1167.53173828125,1178.5829582987624,1163.9989466772256,1177.5864592461573,4803269,-0.5900310855582513,-0.0059177864646020525,1.0125292309440388,1151.5664760044642,1156.3431222098213,1176.7298136393229,1.0138639519380415,0,0.6974803582703446,1.2776946589879843,0,11,4,1,0,10316699.142857144,0.4655819592573449,0
2021-11-16,1140.4019775390625,1166.2635115241296,1130.030145313062,1164.9273785910239,11337581,-2.3236850744739357,-0.023511082884938004,1.032064070468695,1152.7990548270088,1151.7120361328125,1176.6422485351563,0.9892461073453893,1,1.2815124587894924,1.2211264240047919,1,11,4,0,0,11692688.42857143,0.9696299588635481,0
2021-11-17,1115.98974609375,1131.819202659116,1114.6309708056715,1131.819202659116,10202029,-2.1406689856845906,-0.021639136300946323,1.015420558286677,1150.3435756138392,1146.4258422851562,1175.2510416666667,0.9701360269676322,1,1.5390345958939562,1.2900505316493711,2,11,4,0,0,10244809.285714285,0.9958241989166221,1
2021-11-18,1120.2017822265625,1127.3126501781812,1109.6714536653499,1114.177982402732,8505625,0.3774260603697899,0.0037671559530696305,1.0158976753475641,1147.211948939732,1142.3722359793526,1173.1993204752605,0.9764558181789051,1,1.501974488566328,1.2933690953263728,3,11,4,0,0,9219541.857142856,0.922564822829049,0
2021-11-22,1070.5848388671875,1109.1961291306902,1064.8101030658254,1103.353466536403,24124307,-4.429286236338081,-0.04530375424713226,1.0416844524080562,1135.1675851004463,1136.7916521344866,1170.238749186198,0.9431073023217588,0,2.0226817238057753,1.6151912026221948,0,11,4,1,0,11201090.0,2.153746376468719,1
2021-11-23,1080.5941162109375,1087.5691305828452,1045.7874503355001,1056.6800550508478,25326999,0.9349354652117947,0.009305919950320598,1.0399523633927152,1124.252232142857,1131.8758632114955,1167.4223510742188,0.9611669742040841,0,2.117455469967758,1.6545119551131606,1,11,4,0,0,13287450.142857144,1.9060842168890384,0
2021-11-24,1064.9913330078125,1091.4869745646124,1061.4358986030797,1077.944744457766,16820296,-1.4439078437550212,-0.014544336377687699,1.0283117200021987,1108.6136474609375,1127.0425851004463,1162.5934895833334,0.960651472627066,0,1.818544589648833,1.6538429449761352,2,11,4,0,0,14445729.42857143,1.1643784471507574,1
2021-11-25,1129.1016845703125,1133.2006528139436,1067.5954770563671,1074.7742721480843,42401936,6.019800309682877,0.058455686054258875,1.0614513429173256,1103.1236397879463,1127.3450578962054,1160.1824584960937,1.0235495313901168,0,3.35781768704812,2.3830397718940963,3,11,4,0,0,19816967.57142857,2.1396783260186423,0
2021-11-26,1092.7098388671875,1122.149452357917,1087.6824179851199,1117.7108501017365,15763138,-3.2230795685132763,-0.03276164542794792,1.0316885092586545,1096.3104771205358,1124.5547659737724,1156.3296427408854,0.9967156765090803,0,3.458094730133494,2.529694205705898,4,11,4,0,1,20449190.0,0.7708441263443686,1
2021-11-29,1105.7989501953125,1132.2947064909179,1086.5951994258771,1104.7120019443607,24325354,1.1978579182278182,0.011907403825322942,1.042057527116986,1094.8546491350446,1122.599112374442,1152.5032307942708,1.009996122379271,0,3.433542782486287,2.5570944603957346,0,11,4,1,0,22466807.85714286,1.0827240858903886,0
2021-11-30,1089.4486083984375,1121.3793456985663,1081.9528225027632,1117.8012696969345,32172299,-1.4785998660956534,-0.014896401164953157,1.0364401500470253,1090.4613385881696,1118.8366437639509,1148.0495320638022,0.9990712828104082,0,3.4637817466551457,2.565215135234745,1,11,4,0,0,25847761.285714287,1.2446841583058568,1
2021-12-01,1117.3486328125,1120.519028933976,1098.3713010103995,1101.9493776790864,10104610,2.5609307496456735,0.025286882315141614,1.0201641538732873,1097.141880580357,1116.1547328404017,1144.4171346028645,1.018417629105047,0,3.0763570187995755,2.654277392353597,2,12,4,0,0,23844947.42857143,0.42376314857765135,1
2021-12-02,1124.5272216796875,1130.5736640269113,1114.9027029403865,1118.571348380323,12720411,0.6424663400820707,0.006404113222602324,1.0140559001652745,1103.4180385044642,1113.8351353236608,1140.6579182942708,1.0191307214841565,0,3.07386788683563,2.6622568839801515,3,12,4,0,0,22044006.285714287,0.5770462426443562,0
2021-12-03,1090.7396240234375,1131.6154976946157,1087.0030516324528,1131.5702131686844,19222481,-3.0046046911858637,-0.030506679654647408,1.04104169348482,1107.0963657924108,1107.8550066266741,1136.2472534179688,0.9852255483132529,0,3.296292938591261,2.7159797346350847,4,12,4,0,1,22387175.57142857,0.8586380599316207,0
2021-12-06,1070.06396484375,1098.326063585159,1067.5955985919252,1094.2498569399281,10332254,-1.895563223734431,-0.0191375933623664,1.0287847430560457,1098.6624058314733,1100.89302280971,1132.3234781901042,0.9739697646557044,0,2.22626609692917,2.741860841666206,0,12,4,1,0,17805792.42857143,0.5802748763610609,1
2021-12-07,1078.782470703125,1088.814549469748,1068.8862454989733,1076.2008936152106,11235122,0.8147649248844813,0.00811463635181522,1.018643989530871,1096.6727818080358,1096.4916294642858,1128.6163452148437,0.9836867373735529,1,1.986779691766715,2.717059063799467,1,12,4,0,0,17158933.0,0.6547681024222194,1
2021-12-08,1095.20068359375,1101.4056210006474,1089.8562718344901,1097.9182338918165,8744178,1.5219206222292447,0.015104555897765791,1.0105971305250343,1095.1587437220983,1095.0066964285713,1125.8429728190104,1.0000382957008673,1,2.0272228842152784,2.7089366819774314,2,12,4,0,0,14933050.714285715,0.5855587158513348,1
2021-12-09,1112.5701904296875,1120.9265028973477,1098.3259314492311,1102.8551026436394,13213547,1.5859656678574918,0.015735206424643336,1.0205772902204862,1098.4618268694196,1094.4615827287946,1122.7540730794271,1.0128437449669747,1,2.0157512255963064,2.744357348534255,3,12,4,0,0,12224657.57142857,1.0808930166586146,1
2021-12-10,1113.7025146484375,1116.8955527047663,1100.7489847314073,1105.2328712872275,8364414,0.10177553097237002,0.001017237747926209,1.0146687103030114,1097.940952845982,1097.5414167131696,1120.2109415690104,1.014355564169093,1,1.7574379091523278,2.433135181385019,4,12,4,0,1,11976058.142857144,0.6984279718939717,0
2021-12-13,1091.3736572265625,1120.5642045309762,1088.8146024741634,1120.2924973928066,12901733,-2.0049211641515963,-0.02025292453911359,1.0291597871526215,1093.2047293526787,1098.3113839285713,1117.3583211263021,0.9983250418911008,0,1.8690812550341604,2.5009327906973766,0,12,4,1,0,12001961.285714285,1.074968723266646,0
2021-12-14,1078.0125732421875,1089.7205393231307,1074.9553887174345,1077.944646457222,12991523,-1.2242446842934296,-0.012318002889131503,1.0137355938308408,1091.3865792410713,1099.2414725167412,1115.001639811198,0.9877458581099798,0,1.5515809843211958,2.4911741392243423,1,12,4,0,0,11111824.42857143,1.169162011469095,0
2021-12-15,1074.8648681640625,1089.2676234327396,1069.38448219365,1079.7563157042177,9366969,-0.29199149956647963,-0.0029241862639756357,1.0185930706590234,1092.0724225725446,1095.3674142020088,1112.5166300455728,0.9842432112991673,0,1.3585095821808066,1.8215528883455996,2,12,4,0,0,10973926.57142857,0.8535658534828906,1
2021-12-16,1088.769287109375,1094.0231302341062,1072.8039773873268,1089.5845283011158,9761279,1.2935969308460304,0.01285301429390846,1.0197791519178143,1093.4991106305804,1095.085946219308,1111.0536987304688,0.9956745977429484,0,1.413107373341829,1.6639525327055897,3,12,4,0,0,10763377.57142857,0.906897387480985,0
2021-12-17,1060.03173828125,1090.6263454753455,1050.7694958949853,1086.1198166210095,21049821,-2.639452560645028,-0.02674911448819621,1.0379311064282584,1088.4749755859375,1091.816859654018,1108.8925211588542,0.9738687264818594,0,1.5982033740341768,1.7623112074836664,4,12,4,0,1,12521326.57142857,1.681117482234824,0
2021-12-20,1031.4527587890625,1049.7958677716224,1017.7519129116022,1049.7958677716224,14325846,-2.6960494162680315,-0.027330595526520955,1.0314850352561347,1076.8867710658483,1087.6742989676338,1105.5484822591145,0.9578098519756004,0,1.5038791421721251,1.853320852998047,0,12,4,1,0,12680226.42857143,1.1297784058272506,1
2021-12-21,1046.8065185546875,1062.5454064146618,1038.1784989493156,1046.8518030785813,12836561,1.4885567598510674,0.014775864855719089,1.023470826538988,1067.3302001953125,1082.6355765206474,1102.6694295247396,0.9807710100989653,0,1.753898295175296,1.7414764876898055,1,12,4,0,0,13319104.57142857,0.9637705696474749,1
2021-12-22,1071.6490478515625,1074.276029474332,1051.6754577350616,1052.988828746117,17658543,2.3731729652557654,0.023454509532663394,1.0214900629020516,1064.5123988560267,1078.8585641043526,1100.320292154948,1.0067041483060273,0,2.0383594109156356,1.8808839566231303,2,12,4,0,0,13998648.857142856,1.2614462424342954,0
2021-12-23,1071.2640380859375,1077.944583084397,1068.0030733980013,1075.2270326442374,9072401,-0.0359268518361322,-0.0003593330707570235,1.0093085028817055,1063.5483224051338,1077.4674508231026,1097.5325805664063,1.007254692164203,0,1.991908897528867,1.715891300885161,3,12,4,0,0,13438774.285714285,0.6750914039566959,1
2021-12-24,1074.68359375,1083.3795393185057,1058.7181649806878,1073.4153876003008,7886494,0.31920754757830405,0.0031869916186922334,1.0232936159532766,1063.522426060268,1077.7974243164062,1094.7886474609375,1.0104945297026577,0,1.9940829959214292,1.6394870122436287,4,12,4,0,1,13227277.857142856,0.5962295557087143,0
2021-12-27,1073.528564453125,1077.038713611814,1063.4964862774043,1069.5882123719496,4017223,-0.10747621938143048,-0.0010753401648589944,1.012733683194208,1061.345179966518,1077.4221452985491,1091.42421875,1.0114791914228993,0,1.9129908705507839,1.6245656445570849,0,12,4,1,0,12406698.42857143,0.32379468422870045,1
2021-12-28,1086.2783203125,1089.1996512774408,1074.7968966086662,1075.9517717574063,6374613,1.1876494283941108,0.011806522196235921,1.0134004431108985,1065.094691685268,1076.7848336356026,1088.715771484375,1.0198889627303596,0,1.6190476394051097,1.6024255632106,1,12,4,0,0,10310240.142857144,0.6182797792945961,1
2021-12-29,1088.1353759765625,1095.6085205634522,1078.8957755234705,1082.926817028114,15425312,0.17095578815642387,0.0017080982508011011,1.0154906019831922,1073.1922084263392,1075.0394897460938,1086.9735514322917,1.0139240365639022,0,0.9347426957056522,1.53473823986967,2,12,4,0,0,10467306.714285715,1.4736658073607063,0
2021-12-30,1068.4786376953125,1089.2449463146104,1062.3642685656102,1087.0030029803643,29333171,-1.8064607322970994,-0.018229764363285078,1.025302693759923,1076.2882254464287,1071.8092128208705,1085.3898478190104,0.9927439624754076,1,1.279260811701353,1.5944701006711006,3,12,4,0,0,12823965.285714285,2.287371366536428,1
2021-12-31,1072.5775146484375,1079.710904759357,1068.8862272626782,1074.7741732718725,9477290,0.38361805360622725,0.0038288411596367517,1.0101270623763203,1076.420863560268,1070.4666312081474,1083.802372233073,0.9964295109450791,1,0.9095014566840044,1.5222982792777067,4,12,4,0,1,11655214.857142856,0.813137305160177,1
2022-01-03,1088.74658203125,1090.6036067166367,1070.4940456132024,1071.150790940942,5421611,1.5074963964830435,0.014962465889507134,1.0187853086954026,1078.9183698381696,1071.2333461216517,1084.407763671875,1.0091093195443086,1,1.068090627781321,1.5438543501360444,0,1,1,1,0,11133673.42857143,0.4869561726219638,1
2022-01-04,1113.3175048828125,1114.6309956772857,1088.81462402871,1094.2044407783767,10847728,2.256808265310095,0.022317191219980437,1.0237105298540652,1084.4375,1073.9799630301338,1085.4985432942708,1.0266313225822719,1,1.3155268017544572,1.6434395746982102,1,1,1,0,0,11556706.857142856,0.9386521726382064,1
2022-01-05,1118.5260009765625,1121.8776545605729,1101.9265882823174,1115.0838981501056,11643813,0.4678356417559648,0.004667446920619115,1.0181056219991524,1090.8657052176338,1076.1054425920759,1087.2830322265625,1.025356279537095,1,1.2879679582628807,1.6182696061583275,2,1,1,0,0,12646219.714285715,0.9207346751097996,0
2022-01-06,1094.476318359375,1111.4607728835983,1091.0793795343916,1110.1925664155585,14447422,-2.150122804136001,-0.021735747171177947,1.0186800279901764,1092.0368477957588,1078.5657697405134,1086.1288533528646,1.0022338720241355,1,1.6098069760646514,1.5562022118391325,3,1,1,0,0,13799478.142857144,1.0469542290248304,1
2022-01-07,1103.30810546875,1113.2949007403674,1092.2342419850618,1101.020877531252,13112115,0.8069418187699018,0.008037034527638105,1.0192821813725867,1094.204380580357,1083.6982945033483,1086.48212890625,1.0083199492251753,1,1.6310617368586249,1.3099576537819717,4,1,1,0,1,13469021.42857143,0.9735016808411683,1
2022-01-10,1104.2138671875,1112.8193642531028,1094.2723568788356,1110.5547786779957,9246731,0.08209508425256473,0.000820614046698666,1.0169491692426265,1099.3094133649554,1087.798819405692,1086.4292928059897,1.0044613952749957,1,1.3787068272273526,1.2811138934938402,0,1,1,1,0,10599530.0,0.8723717938436893,1
2022-01-11,1112.16259765625,1120.9491128479206,1102.8550708538112,1103.3080358803265,16205164,0.7198542515134188,0.007172756680962678,1.0164065455854514,1104.9644252232142,1090.6926443917412,1087.18642578125,1.0065143929240814,1,1.3806759694571826,1.1541188668165552,1,1,1,0,0,11560654.857142856,1.401751388675659,1
2022-01-12,1141.851318359375,1143.595131948247,1116.4426269818646,1119.2960312179016,14800442,2.6694586534100617,0.02634450262367694,1.0243205555844683,1112.550816127232,1095.7345929827009,1088.0031819661458,1.0263363271208927,1,1.5744226228389613,1.31407192030534,2,1,1,0,0,12900487.857142856,1.1472776970837704,1
2022-01-13,1148.28271484375,1150.8644117443653,1136.0992618786104,1141.9192812349345,11856712,0.5632429004518436,0.005616626187335086,1.0129963554780765,1117.5458461216517,1100.9916730608259,1088.7950317382813,1.0275038995749195,1,1.4162949205013167,1.313609886511456,3,1,1,0,0,13044628.42857143,0.9089344372608149,1
2022-01-14,1149.958740234375,1162.7762991758036,1144.0028659760437,1148.1471193848429,19930176,0.14595929808567387,0.0014585288103998219,1.016410302594603,1122.0362374441963,1106.450971330915,1090.7690022786458,1.0248855623894833,1,1.4208873756092102,1.306584931488615,4,1,1,0,1,14228394.57142857,1.4007325914352229,1
2022-01-17,1155.9595947265625,1161.734329339856,1149.0526273304495,1149.5055923237667,8036453,0.5218321564271378,0.005204753306183666,1.0110366589899973,1130.8195626395088,1111.4282052176338,1093.6321899414063,1.0222316918787404,1,0.8733806095674131,1.2916772419650953,0,1,1,1,0,13312541.857142856,0.6036753225822185,0
2022-01-18,1142.1683349609375,1160.5340832716051,1139.4281422634044,1157.0919805047831,6215029,-1.1930572511824944,-0.012002312966122532,1.0185232751635176,1136.3710239955358,1115.2877022879463,1095.7450520833333,1.0051016004834565,1,1.1493318826186802,1.3639920883406431,1,1,1,0,0,12327243.857142856,0.5041701999266271,0
2022-01-19,1142.07763671875,1151.317115479589,1136.3708293662874,1145.8821350202898,9755485,-0.007940882215984324,-7.94119752072826e-05,1.013152648525514,1141.7801339285713,1120.5447736467634,1097.3076171875,1.0002605604891328,1,1.155294005809311,1.222026039085822,2,1,1,0,0,12399923.0,0.7867375466767011,0
2022-01-20,1122.08154296875,1136.8014098425185,1111.913489734347,1132.3175229917704,16494486,-1.7508524032963102,-0.017663611136878487,1.0223829644463776,1143.1971261160713,1124.080775669643,1097.6246622721353,0.9815293594910792,1,1.4199317718918338,1.3607684134329598,3,1,1,0,0,12441254.714285715,1.3257895910659354,1
2022-01-21,1122.2626953125,1133.3139167394952,1110.5548482538704,1110.5548482538704,13338594,0.016144311871557626,0.00016143008817772755,1.0204934213932872,1140.3987513950892,1126.4747837611608,1097.910001627604,0.9840967415472853,1,0.8836401478534902,1.3193613045263737,4,1,1,0,1,12232419.285714285,1.0904297578793403,0
2022-01-24,1076.9935302734375,1134.4461715764583,1066.666981959244,1120.9717499530957,21868937,-4.03374051620392,-0.04117352000855806,1.0635429714836755,1130.2145821707588,1123.8802141462054,1097.4306640625,0.9529106660479448,1,1.6010875991149125,1.6126851120127979,0,1,1,1,0,13662737.142857144,1.6006263438532917,0
2022-01-25,1074.887451171875,1081.8623458947789,1043.9757327083191,1064.1532222498897,24510205,-0.19555169482102785,-0.001957431467801812,1.0362907029344186,1119.4901123046875,1120.763174874442,1097.3264933268229,0.9601580570988794,0,1.5687724847656452,1.6004789913367858,1,1,1,0,0,14317027.0,1.711961917792011,0
2022-01-27,1058.9674072265625,1067.119939925388,1046.7160258148951,1058.0163123551283,20020431,-1.4810893854938945,-0.014921670302917037,1.0194932661842144,1105.6340855189733,1118.2268240792412,1096.7965779622396,0.9577919323367224,0,1.4325304032034387,1.5492502598291567,3,1,1,0,0,16029023.857142856,1.2490112422584294,0
2022-01-28,1057.9482421875,1076.087568078922,1054.5740661673967,1071.1508364816766,14667727,-0.09624139818729116,-0.0009628773995661342,1.0204001810794676,1093.6026436941963,1114.9868338448662,1095.7692097981771,0.9673972976269922,0,1.4964599968677348,1.521573479038101,4,1,1,0,1,17236552.14285714,0.8509664159301332,1
2022-01-31,1080.93408203125,1089.9018567259823,1067.1653084734821,1068.9770491049403,12143683,2.172680942899685,0.021494146291528505,1.0213055541367095,1084.8678501674108,1113.3239920479912,1096.4659545898437,0.9963739656073745,0,1.9227147522592278,1.6572815966220806,0,1,1,1,0,17577723.285714287,0.6908564210855098,0
2022-02-01,1077.3558349609375,1096.333045361315,1063.0436492942567,1090.6263567842825,13200509,-0.3310328659068995,-0.00331581991891671,1.0313151732660826,1078.4784633091517,1110.8377947126116,1097.9960571289062,0.998959062803378,0,1.8759427872747276,1.6390765945893127,1,2,1,0,0,17107155.14285714,0.7716367151502506,1
2022-02-02,1079.552490234375,1090.1733881906252,1075.725349000261,1090.1733881906252,10017691,0.20389319871434441,0.002036856186451397,1.013430973997026,1072.3770054408483,1106.3878784179688,1099.0875895182292,1.006691196059894,0,1.886931790019099,1.42370177362124,2,2,1,0,0,16632740.42857143,0.6022874608679509,0
2022-02-03,1065.6026611328125,1087.659819731054,1063.0890104902376,1083.3797131393435,9572839,-1.2921862741971823,-0.013006076260643462,1.0231126547244485,1070.7497384207588,1100.4821602957588,1098.8860432942708,0.9951930156008838,0,1.1995888729706776,1.414428108693385,3,2,1,0,0,14876155.0,0.6435022356247296,0
2022-02-04,1055.887451171875,1063.655064440526,1051.2677111603737,1060.280768575064,11061241,-0.9117103696615669,-0.009158918835871393,1.0117832528752162,1068.0354527064733,1093.7627825055804,1098.3734903971354,0.9886258442977577,0,1.23458324067754,1.4041613267116217,4,2,1,0,1,12954874.42857143,0.8538284999200687,0
2022-02-07,1049.4561767578125,1067.4370085401163,1043.9757907846413,1060.7338205814565,10714467,-0.60908711500689,-0.006109496172672935,1.022472951923379,1066.6767054966517,1086.1553955078125,1097.532576497396,0.9838559062459125,0,1.1288891365965412,1.3667854931638488,0,2,1,1,0,11625451.0,0.9216388250227884,1
2022-02-08,1067.0972900390625,1068.8863882514995,1046.2404110052712,1055.5932232086295,12060849,1.6809766498064205,0.0166700459788274,1.0216450989734465,1067.9837123325892,1080.793178013393,1097.3182006835937,0.999170003921136,0,1.3197289988860068,1.4936303743216106,1,2,1,0,0,11253039.857142856,1.071785859919832,1
2022-02-09,1079.5299072265625,1081.2056742872649,1067.9805561051007,1073.9363098694528,11486225,1.1650875045371878,0.011583526211181406,1.0123832949079108,1067.7831159319196,1076.325483049665,1097.0932535807292,1.011001102301932,0,1.095821684564449,1.5534868830319248,2,2,1,0,0,11159117.285714285,1.0293130456388762,0
2022-02-10,1078.4202880859375,1085.0554293647551,1071.1962083846827,1085.0554293647551,12464491,-0.10278725334027516,-0.0010284011566444656,1.01293807882402,1067.9351806640625,1073.206821986607,1096.7694173177083,1.0098181121960559,0,1.0881655085037685,1.5041067055194448,3,2,1,0,0,11053971.857142856,1.1276029250920965,0
2022-02-11,1076.3140869140625,1079.9827320410225,1061.6847909262883,1074.8873849313381,15943370,-0.19530429788309212,-0.0019549526541265544,1.0172348151458115,1067.4725516183037,1069.9247785295759,1097.0305989583333,1.008282681631818,0,1.0873312643163837,1.502045823734698,4,2,1,0,1,11900497.42857143,1.3397229902106613,0
2022-02-14,1059.171142578125,1066.599001885618,1047.5990308751595,1059.9410992209632,10719633,-1.5927455140059221,-0.016055660196238088,1.0181366825001603,1066.5537632533483,1068.6517508370537,1096.583719889323,0.993078060450789,0,1.1492871607217414,1.129123773269625,0,2,1,1,0,12064325.142857144,0.8885397958912532,1
2022-02-15,1095.1328125,1097.8277206759533,1057.8803043046898,1064.9004831978962,11212671,3.3952652669842154,0.0333889845831244,1.0377617545280982,1072.1602434430804,1070.0978480747767,1096.7965942382812,1.021426432473514,1,1.666720409660693,1.4664365066571117,1,2,1,0,0,12085958.0,0.9277436674858542,0
2022-02-16,1092.8682861328125,1101.9492706042658,1085.16871921443,1100.5904953127101,10392840,-0.20678098047468563,-0.002069950675225589,1.0154635413762974,1078.3619733537946,1072.5193394252233,1096.1149536132812,1.01345217388731,1,1.6271824819539145,1.3956989313976105,2,2,1,0,0,12040011.285714285,0.8631918819155355,1
2022-02-17,1106.7049560546875,1111.8682307103675,1091.5322435754686,1096.106699582626,12853252,1.2660876061137305,0.012581397313813811,1.0186306792626534,1084.0202113560267,1076.001961844308,1095.7209187825522,1.0209264960754596,1,1.5879880511706517,1.4181915908307268,3,2,1,0,0,12153211.714285715,1.0576012581835805,0
2022-02-18,1098.05419921875,1112.5475227496659,1096.1292475949579,1107.112541400613,6775458,-0.7816678500091601,-0.007847388871560996,1.0149784117071337,1086.666538783482,1077.2248273577009,1095.8401814778647,1.0104794433516067,1,1.6287231161435867,1.340860881799737,4,2,1,0,1,11480245.0,0.5901840945032096,0
2022-02-21,1086.9576416015625,1103.987376793005,1080.028031731223,1092.4379072087868,11107193,-1.0105655645306522,-0.010157064422839571,1.0221840029683087,1087.8861607142858,1077.9106706891741,1095.295166015625,0.9991464923939158,1,1.6966434816870657,1.370439142723223,0,2,1,1,0,11286345.285714285,0.9841266343374194,0
2022-02-22,1082.020751953125,1085.1459827725935,1063.0661857019404,1065.67040495113,13494914,-0.454193379712875,-0.004552279717313098,1.0207699175908542,1088.7013985770088,1078.0869750976562,1094.5553955078126,0.9938636556978655,1,1.7075731971424797,1.376839718771269,1,2,1,0,0,10936565.857142856,1.2339260949255149,0
2022-02-23,1075.2498779296875,1089.9697459260428,1072.5098045121515,1087.5013796836981,7310110,-0.6257619376722312,-0.006277280340319899,1.0162795168309284,1090.9983607700892,1078.7760620117188,1093.324971516927,0.9855650719499839,1,1.5835600315212173,1.3387907984841254,2,2,1,0,0,10449491.142857144,0.6995661224132336,0
2022-02-24,1021.66943359375,1059.7825863000533,1016.0759568434702,1043.975653416375,24846650,-4.983069092656178,-0.051115090189558475,1.0430151202399884,1080.5035923549108,1076.3319178989955,1089.3189086914062,0.9455493168394431,1,1.9195911202522433,1.8954978298075071,3,2,1,0,0,12397202.42857143,2.0042142687560487,1
2022-02-25,1034.4420166015625,1045.3119804850721,1030.954508957098,1032.698202879161,14570089,1.2501678711170472,0.012424177983523903,1.013926387055136,1072.156982421875,1075.259477887835,1085.52421875,0.9648232801365347,0,2.087856036669204,1.9308066055526367,4,2,1,0,1,12993952.285714285,1.121297714477414,1
2022-02-28,1068.682373046875,1072.2151647642706,1015.8948766365417,1015.8948766365417,21297446,3.3100314851674195,0.032564295637202485,1.0554390906214588,1066.7251848493304,1075.3726981026787,1082.8150065104167,1.0018347632786238,0,2.5175803238454892,2.088124332458406,0,2,1,1,0,14200265.714285715,1.4997920763253323,1
2022-03-02,1086.346435546875,1087.4561461649769,1054.936581459969,1057.3143787554548,21471786,1.6528823666885017,0.016393709480493224,1.030826084976599,1065.0526471819196,1075.8595929827009,1080.4945678710938,1.019993179136541,0,2.6329817116613543,2.1124318900693835,2,3,1,0,0,16299741.142857144,1.3173084045822006,0
2022-03-03,1077.1746826171875,1093.7288113845136,1073.4381104672327,1087.002981514595,10186748,-0.8442751436902651,-0.008478593341586814,1.018902534500521,1063.6550816127233,1075.7706211635045,1078.3281127929688,1.0127105123062692,0,2.624374453838865,2.126234876328816,3,3,1,0,0,16168249.0,0.6300464571024358,0
2022-03-04,1053.2833251953125,1070.833834303542,1050.928170459011,1065.7158442994964,10805667,-2.2179649974530258,-0.02242931700111225,1.018941031750854,1059.5497349330358,1074.1255667550224,1075.368302408854,0.9940857804677575,0,2.745993182717409,2.2085916674348898,4,3,1,0,1,15784070.857142856,0.6845931634366713,0
2022-03-07,1014.3324584960938,1047.1916548725635,1006.3837060047663,1032.0641066685334,17983310,-3.698042660268641,-0.03768154195203087,1.0405490953642327,1050.8472464425224,1070.9228036063057,1071.7766662597655,0.9652520496484682,0,3.028222463306844,2.3806967593516495,0,3,1,1,0,17308813.714285713,1.0389683716543552,0
2022-03-08,1012.4978637695312,1017.253576830557,987.3609426052086,1001.6278421876578,21289374,-0.1808672010045531,-0.0018103096321776075,1.0302752852938206,1049.5370221819196,1065.020307268415,1068.1178385416667,0.9647090501530033,0,2.3984690868634835,2.134962569621174,1,3,1,0,0,16800631.42857143,1.2671770159658964,1
2022-03-09,1066.214111328125,1072.0567736389658,1011.8865764630572,1012.724579802494,20414228,5.305319594315794,0.05169375034036125,1.0594633811491276,1054.075892857143,1063.1164376395088,1067.758524576823,1.0115155071406488,0,3.1515549433788412,2.6473936174727988,2,3,1,0,0,17635508.42857143,1.1575639048164184,1
2022-03-10,1083.4927978515625,1089.267532756051,1068.8862634347242,1087.0029472759036,17980493,1.6205644194592805,0.01607573437835879,1.0190677624164,1056.1916678292412,1061.4584263392858,1068.0453694661458,1.0258486512002434,0,2.956967883304185,2.6635598959674214,3,3,1,0,0,17161658.0,1.0477130473058023,1
2022-03-11,1086.617919921875,1091.9850941858494,1076.1555181267943,1076.1555181267943,12257423,0.2884303501148544,0.002880151878915028,1.0147093759149317,1056.2304513113838,1060.6415492466517,1068.9670532226562,1.0287697335110562,0,2.8921035881634594,2.6584109788576313,4,3,1,0,1,15845320.42857143,0.7735673794199879,1
2022-03-14,1095.5404052734375,1098.0541754406872,1075.2270625884603,1081.0697243173254,8340678,0.821124443834309,0.008177715588074667,1.021230039353059,1058.8541259765625,1061.254603794643,1070.220125325521,1.0346471514790008,0,2.8757845941343576,2.6521396271947832,0,3,1,1,0,15581596.142857144,0.535290346606981,0
2022-03-15,1070.4488525390625,1099.6620420875429,1060.2128731362302,1099.6620420875429,15925769,-2.290335674850108,-0.023169713457350773,1.0372087247296078,1061.3063441685267,1060.4280395507812,1069.8706176757812,1.008614391519254,1,2.886359503111463,2.7254485813039024,1,3,1,0,0,16313039.285714285,0.9762600776635518,1
2022-03-16,1088.520263671875,1090.5810688907009,1076.6311594559988,1078.8504605069668,11149828,1.6882087443923943,0.016741168794951227,1.012956999537103,1071.9046020507812,1061.3759242466517,1070.242765299479,1.0155010637973794,1,2.31460897596291,2.7573195922723994,2,3,1,0,0,15336827.57142857,0.7269970238676572,1
2022-03-17,1124.006591796875,1131.1173411560007,1093.8421832317183,1101.8362205198277,21422098,3.2600521376878078,0.03208039837988123,1.0340772722936633,1087.8344203404017,1068.6857212611608,1071.7245686848958,1.0332515415766623,1,2.377613482774395,2.4455924715551802,3,3,1,0,0,15355788.142857144,1.3950503745367602,0
2022-03-21,1117.5296630859375,1125.0480919172617,1104.6668219311773,1106.9314074851866,11999466,-0.5762358297724313,-0.0057790247404827235,1.0184501512867508,1095.1652134486608,1074.6205531529017,1073.45546875,1.0204210737910961,1,1.7856696813849302,2.4633146274835145,0,3,1,1,0,14153679.285714285,0.8477983538959658,1
2022-03-22,1146.4033203125,1148.1243719419283,1111.2795389519592,1114.2233926126817,22557065,2.5837038765334386,0.025508902520766874,1.033155323839326,1104.1524309430804,1080.1720493861608,1076.4726643880208,1.038265449756183,1,1.9028201789863965,2.408462351847461,1,3,1,0,0,14807475.285714285,1.523356586099606,1
2022-03-23,1150.049072265625,1161.6664689349448,1142.7119015169374,1142.7119015169374,15462187,0.31801652075913456,0.003175119177526702,1.0165873545141566,1113.2140241350446,1084.7222377232142,1079.8257609049479,1.033088918511605,1,1.9014620887958904,2.3868930522902647,2,3,1,0,0,15265298.714285715,1.0128977682912965,1
2022-03-24,1167.9168701171875,1170.407998403581,1136.8241292691566,1136.8241292691566,13168266,1.5536552554546557,0.01541709602817368,1.0295418334901236,1123.5535191127233,1091.203822544643,1083.1864135742187,1.0394848578637341,1,1.9209994456305821,2.374102245545817,3,3,1,0,0,15954954.142857144,0.8253402599652903,1
2022-03-25,1175.70703125,1184.833300668766,1167.169460657995,1169.660588741769,14222488,0.667013323647847,0.006647986325135191,1.0151339120891778,1138.5904017857142,1099.9483729771205,1086.3923177083334,1.03259875492194,1,1.3271365424644872,2.2310843578273003,4,3,1,0,1,15711628.285714285,0.9052204991975098,1
2022-03-28,1187.5281982421875,1191.0608703717303,1171.472198621402,1182.1157391354113,9891424,1.0054517560909249,0.010004307179498436,1.0167214141089993,1152.7343924386162,1112.3194972446986,1090.029248046875,1.03018371450683,1,1.3237665249971824,1.8151560270153155,0,3,1,1,0,15531856.285714285,0.6368475099204866,1
2022-03-29,1187.800048828125,1194.7975869454756,1180.9383643013425,1194.7975869454756,8684065,0.022892137326913087,0.0002288951747697492,1.0117357713688406,1161.8477434430804,1124.8410818917412,1093.7454467773437,1.022337096690601,1,1.0440009971752877,1.8044716303389328,1,3,1,0,0,13712137.285714285,0.633312285244352,1
2022-03-30,1210.6270751953125,1217.4434746814534,1185.331593767139,1195.6581430818142,15811550,1.9217903206611542,0.019035571622035445,1.027091052902976,1175.1473737444196,1135.15629359654,1098.7939778645834,1.030191703818256,1,0.9156756310235772,1.3845831240163715,2,3,1,0,0,14256720.714285715,1.1090593914879945,0
2022-03-31,1193.3255615234375,1209.1551399202813,1190.5402036058347,1207.003765404827,13223718,-1.4291365215901575,-0.014394470296258562,1.0156357057561491,1181.850551060268,1143.0014910016741,1102.067069498698,1.0097093583049694,1,1.106994459366434,1.5009515108346863,3,3,1,0,0,12923385.42857143,1.0232394656252057,1
2022-04-01,1202.882080078125,1207.094259791017,1187.55087204633,1193.8916640782966,7922880,0.8008307927710234,0.007976411606987872,1.0164568846730844,1189.3981236049108,1151.3060738699776,1105.7341959635417,1.0113367897641758,1,1.102987887316849,1.4963187934795859,4,4,2,0,1,11846341.57142857,0.6688039469593452,1
2022-04-04,1206.4375,1211.555489970758,1196.45070474843,1202.7009276541294,7929162,0.29557510089801564,0.002951391365534292,1.0126246615613836,1194.9010707310267,1159.227294921875,1109.058614095052,1.0096547149814799,1,1.0311572416747619,1.5006880225700832,0,4,2,1,0,11097898.142857144,0.7144742092540637,0
2022-04-05,1189.385009765625,1209.2455069018179,1186.9619284827404,1200.7305793203723,13149870,-1.4134582383567351,-0.01423542698518048,1.0187736252396586,1196.8550676618304,1167.7227347237724,1112.1029744466146,0.9937585944212954,1,1.242756084149048,1.3796271479504678,1,4,2,0,0,10944667.0,1.201486532207878,0
2022-04-06,1186.214599609375,1193.2121362457021,1171.7439190700502,1171.7439190700502,12257215,-0.2665587787149537,-0.002669146792242267,1.0183215946985158,1196.6674107142858,1174.7009015764509,1115.4115397135417,0.9912650657891054,1,1.1925591402780844,1.377830944988302,2,4,2,0,0,11282637.142857144,1.0863785518228641,0
2022-04-07,1165.2899169921875,1180.3041331292436,1162.6402930619627,1175.3672812713683,15496499,-1.7639879515964574,-0.017797316383050172,1.0151928676243973,1193.4516775948662,1177.6497105189733,1118.1871785481771,0.9764030994037125,1,1.3634166093340154,1.2900707440223995,3,4,2,0,0,12255842.0,1.2644173284871003,1
2022-04-08,1184.6748046875,1188.9096265891387,1159.4698932414146,1159.4698932414146,15152495,1.6635248801730063,0.016498398655738218,1.0253906837248032,1189.7442103794642,1182.445792061942,1121.8346761067708,0.9957390793350889,1,1.296216335401726,1.3162442861143984,4,4,2,0,1,12161691.285714285,1.245920048784568,0
2022-04-11,1182.206298828125,1195.0464967892808,1169.886872844364,1177.5864392090166,9254209,-0.20836991295903884,-0.0020858730510121236,1.0215060315052051,1188.1557442801338,1185.0031476702009,1127.1859049479167,0.9949927057284789,1,1.1976518286517206,1.167196599722,0,4,2,1,0,11594618.57142857,0.7981469112579691,0
2022-04-12,1159.945556640625,1178.7642727503164,1157.3865016457235,1171.6986884850992,13217742,-1.8829828778248126,-0.019009367363864042,1.018470727863333,1182.0219552176338,1185.7100394112724,1131.3693562825522,0.9813231907583779,0,1.2778370361210092,1.2951048175883604,1,4,2,0,0,12351027.42857143,1.07017347961058,0
2022-04-13,1155.68798828125,1174.2349955581562,1152.9025109003892,1166.0371790472568,10354235,-0.3670489821699485,-0.003677242598528346,1.018503285799167,1174.7720249720983,1184.8365478515625,1134.2695434570312,0.9837551147923347,0,1.2318535886686366,1.2256034624019185,2,4,2,0,0,12697466.42857143,0.8154567730694081,0
2022-04-18,1152.1552734375,1159.3793533809223,1142.1684779905993,1147.2411835351893,9974224,-0.30568067502405594,-0.00306148832687901,1.015068596027621,1169.4534912109375,1183.1542794363838,1136.4631713867188,0.9852082892535335,0,1.1808672940504232,1.2081668897702447,0,4,2,1,0,12243802.714285715,0.8146344916487722,1
2022-04-19,1196.065673828125,1208.385101413979,1155.4163428280708,1158.564096562945,26141820,3.811153010619539,0.03740322608746418,1.0458438717045135,1170.8607875279017,1183.7640991210938,1140.4262044270833,1.0215268002555962,0,2.0038735226270243,1.585991037720186,1,4,2,0,0,14227317.714285715,1.837438407223512,1
2022-04-20,1231.234619140625,1238.2775602010167,1199.8247720277507,1203.4481327307994,25072240,2.940385806737389,0.028979856109204217,1.032048669997269,1180.281459263393,1186.8665684291295,1146.3579142252604,1.04317034676545,0,2.049119236055397,1.762231462695972,2,4,2,0,0,15595280.714285715,1.6076812248100878,1
2022-04-21,1260.06298828125,1263.1880996959114,1237.3717275306717,1245.9319403276972,21708633,2.3414196362303796,0.02314428905569083,1.020863877516225,1191.0511997767858,1190.397705078125,1154.5489318847656,1.0579419159456769,1,2.11140214538337,1.795717243320272,3,4,2,0,0,16531871.857142856,1.3131382330803902,0
2022-04-22,1249.5098876953125,1269.075915209395,1242.8972695502077,1249.5551722154648,15054154,-0.8375057980499978,-0.008410325830159559,1.02106259809281,1200.6659981863838,1194.4108712332588,1162.4493326822917,1.0406806635506525,1,2.1789600974359273,1.7584408704196473,4,4,2,0,1,17360435.42857143,0.8671530194008958,0
2022-04-25,1220.6138916015625,1249.3288344946673,1206.41491600151,1242.0822318802027,17063215,-2.312586429151664,-0.023397462558179982,1.0355714422326519,1209.3329031808037,1195.6774291992188,1167.5959920247396,1.0093282737872156,1,2.2716688682000883,1.8882223684496147,0,4,2,1,0,17909788.714285713,0.9527312282801838,1
2022-04-26,1257.1416015625,1265.9055943331985,1226.3658564890222,1227.4075203143414,12227666,2.992568756776115,0.0294866516462879,1.032241388354838,1223.8262765066963,1199.2991507393974,1173.3842854817708,1.0272222665057489,1,2.349199541807659,2.0389648633739457,1,4,2,0,0,18177421.714285713,0.6726842889049675,1
2022-04-27,1258.364501953125,1280.8518611647926,1247.8114113086813,1248.1738072854712,19338945,0.09727626459143934,0.0009722898189391861,1.0264787207078505,1238.9990234375,1204.2262573242188,1179.1091715494792,1.0156299384820313,1,2.3098235212588842,1.9796435450834884,2,4,2,0,0,19515239.0,0.9909663417393966,1
2022-04-28,1277.16064453125,1291.269050141953,1261.874601680994,1272.6767577965609,25614076,1.493696186514426,0.014826504028256157,1.023294270620711,1250.584019252232,1210.722403390067,1185.1631795247397,1.021251371255255,1,2.038445223780736,1.9884581822348497,3,4,2,0,0,19439847.0,1.3176068721116991,0
2022-04-29,1263.754150390625,1293.6014412995023,1257.888846605604,1293.6014412995023,18214862,-1.0497108721624904,-0.01055259198484154,1.0283908985998789,1255.2296665736608,1217.7555629185267,1191.606689453125,1.0067911745905695,1,1.9480222074744173,1.9329837679597746,4,4,2,0,1,18460221.57142857,0.9867087417949348,0
2022-05-02,1259.315673828125,1270.6612443033114,1249.1702630612974,1250.9593611931234,9467006,-0.35121360916029465,-0.0035183181205616617,1.0172042049650996,1255.1229073660713,1223.0870535714287,1197.2998697916667,1.0033405226192966,1,1.7545475903736363,1.9225474867585535,0,5,2,1,0,16711417.714285715,0.5664992738412106,0
2022-05-04,1220.0023193359375,1263.6410258882418,1212.1442565160846,1261.3764403153348,19247660,-3.1218030005678354,-0.031715697574649655,1.0424840270416063,1250.9075404575892,1225.7867693219866,1200.4997273763022,0.9752937606321036,1,2.1130806217783564,2.144654239781594,2,5,2,0,0,17310490.0,1.111907288586285,0
2022-05-05,1196.1109619140625,1236.4659436174286,1192.0800401164388,1233.5219702392728,17210669,-1.9583042624770841,-0.019777331093397608,1.0372339960466532,1247.4071219308037,1228.3700125558037,1203.1191040039062,0.9588777720481969,1,2.061049866020089,2.15049314823674,3,5,2,0,0,17331554.85714286,0.9930251002786956,0
2022-05-06,1186.9393310546875,1204.3087009820067,1174.6651887519583,1183.112189870724,19649948,-0.7667876268517948,-0.007697425582325753,1.0252357118555149,1237.3782261439733,1230.602251325335,1204.470304361979,0.9592372857194458,1,1.4755219969990365,2.161809988152085,4,5,2,0,1,18391880.85714286,1.068403397816083,0
2022-05-09,1140.583251953125,1176.2732081933118,1135.4652620079833,1166.2410086662385,18083752,-3.905513777218217,-0.03983824707117745,1.0359394052383097,1220.5523332868304,1229.775678362165,1204.1547770182292,0.9344812351320027,0,1.8050016096849482,2.4260971059209795,0,5,2,1,0,18212567.57142857,0.9929271053670294,0
2022-05-10,1120.8133544921875,1144.3424996019623,1113.2722828322585,1130.0303130323607,19511677,-1.7333147253463244,-0.01748512497889014,1.027908910738942,1198.217006138393,1224.4005126953125,1202.5846598307292,0.9354009739056689,0,1.2863102302086422,2.189212087337052,1,5,2,0,0,17340796.285714287,1.125189217295294,0
2022-05-11,1109.3319091796875,1125.478478168712,1096.9445548183617,1119.9075231154202,16643899,-1.0243851276827365,-0.010296680614918473,1.02601218377448,1176.1566859654017,1215.6931762695312,1200.3721557617187,0.943183780202836,0,1.288939566744287,1.9629192153594357,2,5,2,0,0,17116373.0,0.9723963715911075,0
2022-05-12,1086.731201171875,1102.7870793042052,1073.4153958980505,1099.4581878859078,20490321,-2.0373260537078552,-0.02058365796906539,1.027362830380853,1151.5017613002233,1203.3123343331474,1197.012255859375,0.9437512279137009,0,1.1100677592406127,1.7769478886960697,3,5,2,0,0,18691132.285714287,1.0962589471190485,1
2022-05-13,1099.050537109375,1122.3304948076038,1093.9551898739935,1098.7788299822744,19308778,1.1336138986545619,0.011272366466524044,1.0259382698635753,1134.222935267857,1192.5652378627233,1194.0539388020834,0.9689898722157511,0,1.5293379240402425,1.8696244730844385,4,5,2,0,1,18699863.42857143,1.0325625143603034,1
2022-05-16,1099.322265625,1123.6891694506164,1094.5439104656627,1102.6058723181322,13437911,0.02472393274468576,0.0002472087688410951,1.0266277658724117,1120.3959786551338,1183.9015502929688,1190.3437784830728,0.981190834819463,0,1.6056347200154564,1.8374768125317191,0,5,2,1,0,18160898.0,0.7399364833170694,1
2022-05-17,1145.497314453125,1150.366239393939,1101.496331090796,1102.9003909379085,16551828,4.20031962164189,0.04114501071266932,1.0443668371139718,1114.4756905691963,1175.926958356585,1188.7495035807292,1.0278351732087445,0,2.6073742530579977,2.0425508950036706,1,5,2,0,0,17718309.42857143,0.9341651959926586,1
2022-05-18,1149.6641845703125,1163.9990123371506,1136.0313867118257,1150.2530031709177,17276788,0.3637607932041931,0.0036310078371707914,1.0246187085607517,1115.7729666573662,1168.1626499720983,1186.9755737304688,1.030374654096951,0,2.126902114857305,2.051201251464789,2,5,2,0,0,17603028.85714286,0.981466777121684,0
2022-05-19,1123.16845703125,1137.956250241304,1116.918234266966,1125.0481241931686,14699118,-2.30464929626083,-0.023316215546196412,1.0188357708996891,1116.109409877232,1157.1632080078125,1184.1999389648438,1.006324691012859,0,2.219386487341355,2.0001537926685806,3,5,2,0,0,16915520.42857143,0.8689722590605147,1
2022-05-20,1188.6602783203125,1197.6959774442455,1133.2005197063886,1137.95611299257,21793091,5.83098829735389,0.05667318561077894,1.056914426543475,1127.4420340401787,1151.79936000279,1184.17578125,1.0542983518724762,0,3.030235974940747,2.6867458857018214,4,5,2,0,1,17651119.285714287,1.2346577374069396,0
2022-05-23,1180.7117919921875,1201.8403770570499,1174.4161648907582,1191.8534622113486,15252755,-0.6686928530460268,-0.0067093862082922145,1.0233513578798896,1140.8678327287946,1146.1847970145088,1183.9923543294271,1.0349242551331224,0,2.837337225493147,2.687609724076068,0,5,2,1,0,16902895.57142857,0.9023752726593277,1
2022-05-24,1184.7652587890625,1194.7973375363194,1176.5448004718992,1180.7569797022973,13527818,0.34330704786438293,0.0034271909449145317,1.0155136778957328,1153.11279296875,1143.6678641183037,1184.641532389323,1.027449583434784,1,2.857266857288925,2.5775764438321125,1,5,2,0,0,16077044.142857144,0.8414368885097739,0
2022-05-25,1183.021728515625,1203.2671466893,1178.2660145793059,1193.4388469280666,12714544,-0.14716250839592604,-0.001472708987683582,1.0212185803550657,1165.069859095982,1142.732918875558,1184.5864298502604,1.0154084060105824,1,2.8688913766783526,2.5263309376153984,2,5,2,0,0,15973706.0,0.7959670723875849,0
2022-05-26,1171.7440185546875,1193.3934954511844,1154.0348942869591,1188.637781781663,17882023,-0.953296941983306,-0.009578699030860302,1.034105208914453,1168.8193882533483,1141.6475394112724,1184.237687174479,1.0025022089218676,1,2.5843145234626625,2.530892771867541,3,5,2,0,0,16163733.857142856,1.1063052112861795,0
2022-05-27,1166.3089599609375,1179.9191164627784,1150.4568600156867,1174.4388502012214,16521973,-0.46384351084240993,-0.00464922603014193,1.0256091796842257,1171.1972133091517,1143.4850899832588,1184.4498006184897,0.9958262764864316,1,2.6025553103114842,2.2840243230560686,4,5,2,0,1,16055903.142857144,1.0290279439901953,1
2022-05-30,1206.9356689453125,1211.1024440039564,1174.959644745959,1184.3802630005096,13853398,3.4833573589056366,0.03424061532319339,1.030760885635193,1183.1639578683037,1149.636683872768,1186.158056640625,1.020091645725786,1,2.5810114243576017,2.3711846012196887,0,5,2,1,0,15935086.0,0.8693644954285155,0
2022-05-31,1192.374267578125,1213.2764285050255,1184.6973432373502,1196.337262181718,70620653,-1.2064770096580246,-0.01213814016112395,1.0241235328422185,1183.6945277622767,1155.5682809012276,1187.498689778646,1.0073327531827463,1,1.5957517053761612,2.3809979739601776,1,5,2,0,0,22910452.0,3.0824644140587014,1
2022-06-01,1192.7593994140625,1202.587698682473,1184.9238588339676,1193.121675611818,9776989,0.03229957626642577,0.00032294361076250146,1.0149071518113304,1185.4156145368304,1163.1417236328125,1187.3884806315104,1.006195114006577,1,1.5644321350143688,2.27015324590914,2,6,2,0,0,22128199.714285713,0.441833909953736,1
2022-06-02,1233.8843994140625,1237.575687367432,1192.9858825014019,1192.9858825014019,22126569,3.447887312412079,0.033897795688611065,1.037376640847196,1192.4326346261162,1172.772713797433,1187.476806640625,1.03476235351521,1,2.0046859064446747,2.3861879072807177,3,6,2,0,0,23356592.714285713,0.9473371938564743,1
2022-06-03,1258.88525390625,1276.0282006397301,1241.9008029974498,1242.806733024834,23939791,2.026190987102172,0.02005936871863459,1.0274799706706932,1203.2702811104912,1184.1700701032366,1187.437548828125,1.0462198507424552,1,2.037894122464265,2.392507882318574,4,6,2,0,1,24960199.42857143,0.9591185787000007,0
2022-06-06,1253.472900390625,1274.5109147154305,1246.3393903599856,1259.1117816339226,11093152,-0.4299322355894475,-0.004308591017771092,1.0226034133024617,1214.945835658482,1191.882611955915,1187.569649251302,1.0317109319620505,1,1.9665141774434787,2.2304521370425814,0,6,2,1,0,23990360.714285713,0.4624003837255469,1
2022-06-07,1255.8282470703125,1264.1392757142605,1246.452912224144,1254.5373984290559,12358255,0.18790567222901622,0.0018772935036537339,1.0141893555036565,1227.7343052455358,1199.4657592773438,1188.7434611002604,1.0228827537886205,1,1.9008605472591222,2.232791997258316,1,6,2,0,0,23395543.85714286,0.5282311484384202,0
2022-06-08,1233.77099609375,1259.564603425916,1230.2608467946977,1255.8280315270272,12479250,-1.7563907348014607,-0.017719983001114784,1.02381914104441,1231.5679234095983,1207.3659406389509,1187.9644409179687,1.0017888357128144,1,1.825667733492334,2.1810878512818124,2,6,2,0,0,23199237.0,0.5379163978539466,1
2022-06-09,1267.60400390625,1269.5288357275542,1227.4075206691546,1227.4075206691546,17278305,2.7422437323959548,0.027053177749647776,1.034317302402902,1242.3150285993304,1213.0047781808037,1188.2724243164062,1.0203563304997059,1,1.8814293094974788,1.731441147489693,3,6,2,0,0,15578901.57142857,1.1090836488554563,0
2022-06-10,1229.33251953125,1263.5957731905057,1223.5577842447772,1255.4432409626409,18093057,-3.0191987605799997,-0.030657152441323002,1.0327225975440477,1247.539760044643,1216.4776872907366,1186.678153483073,0.9854054827777663,1,2.3969502529041664,1.9508395631715,4,6,2,0,1,16766911.285714285,1.0790930238544063,0
2022-06-13,1206.0751953125,1210.5590824670344,1184.9692504760867,1200.232652493234,17620803,-1.891866020726285,-0.019099907672868042,1.0215953553061958,1243.5670166015625,1217.9998256138392,1184.7555216471353,0.9698513865448758,1,2.120151660005674,2.037123990818706,0,6,2,1,0,16123230.42857143,1.0928829106588203,0
2022-06-14,1190.3134765625,1210.1286894158018,1183.6782159302647,1200.2551062805883,14714312,-1.3068603691759106,-0.013154749250882239,1.0223460000611309,1233.7710484095983,1218.5206647600446,1182.455448404948,0.964776631853116,1,1.868454762506576,2.0732441550605047,1,6,2,0,0,14805304.857142856,0.9938540369130625,0
2022-06-15,1175.9107666015625,1194.4804162045639,1170.5210697144335,1185.5352852287417,11195535,-1.2099930181863505,-0.012173730258428038,1.0204689578940904,1222.6907435825892,1218.8182896205358,1180.9857299804687,0.9617401397478831,1,1.8672178803711745,2.084037312673156,2,6,2,0,0,14819931.0,0.7554377277465057,0
2022-06-16,1159.4697265625,1204.3312302745605,1156.7521762440374,1188.0035257051024,17111475,-1.3981537125115295,-0.014080199529574695,1.0411315880857142,1208.9252406529017,1218.3297729492188,1179.76435546875,0.9590913379691763,0,1.8094675977454417,2.116308081057927,3,6,2,0,0,15498962.42857143,1.1040400335738603,1
2022-06-17,1173.057373046875,1188.8415454022556,1157.7035234680366,1159.4698594973618,24457187,1.1718845411047063,0.011650711525870628,1.02689636966893,1200.2518659319196,1215.9098946707588,1179.3016235351563,0.9773426781020417,0,1.9692634733538819,1.9010735556821363,4,6,2,0,1,17210096.285714287,1.4210953032436755,0
2022-06-20,1151.79296875,1185.331550638825,1141.8513382748356,1179.851164692969,12066797,-1.8127335274014111,-0.018293648357271132,1.038078698081382,1183.7074323381696,1213.01123046875,1179.6752807617188,0.9730385543620951,0,1.2700136549965257,1.932736689240051,0,6,2,1,0,16465595.142857144,0.7328491254222679,1
2022-06-21,1170.3851318359375,1174.597191210546,1145.1122963870148,1159.4697654774316,11720049,1.6141931397718912,0.016013035657273942,1.025748474552723,1175.286376953125,1211.4130684988838,1181.3276733398438,0.9958297439557721,0,1.4510526024570045,1.9944902518992031,1,6,2,0,0,15555165.42857143,0.7534506176625315,0
2022-06-22,1134.8311767578125,1158.6999555030718,1132.7477291666964,1158.6093864513275,10617206,-3.037799619203374,-0.030848970228250238,1.0229108614991151,1165.1086600167412,1204.3378383091517,1182.1776489257813,0.9740131677860041,0,1.6589280074153632,1.8508812686978693,2,6,2,0,0,14554651.57142857,0.729471670819111,0
2022-06-23,1116.419921875,1143.6177098347453,1107.3842221697334,1139.1111811125647,19446323,-1.6223783114077905,-0.016356829658057504,1.0327198879482122,1154.5524379185267,1194.1617431640625,1183.1672729492188,0.966972036270372,0,1.6774594887175032,1.7069562009947006,3,6,2,0,0,15230653.142857144,1.276788514425589,1
2022-06-24,1132.3175048828125,1137.2768791745684,1117.8014186070498,1123.2365200121847,14240234,1.423978800119663,0.014139354531371906,1.0174230057712648,1148.3248291015625,1185.5077863420759,1184.276171875,0.9860602820621113,0,1.879410854542529,1.8100667889560609,4,6,2,0,1,15665610.142857144,0.9090124080799333,0
2022-06-27,1128.9656982421875,1152.6533352328772,1123.9382780429507,1152.6533352328772,15474529,-0.2960129668729161,-0.002964519517712168,1.0255486068504815,1143.9671107700892,1176.4461757114955,1185.264286295573,0.986886500156632,0,1.8396200779288778,1.7962050491360988,0,6,2,1,0,15431760.714285715,1.0027714456247818,1
2022-06-28,1144.840576171875,1147.67133814574,1124.187598454475,1124.187598454475,13572847,1.4061435129875788,0.013963490246771026,1.0208895203287693,1139.9361397879463,1170.094002859933,1185.2423950195312,1.004302378188344,0,1.8740582841382951,1.8567697923179651,1,6,2,0,0,13876855.0,0.9780924424158067,1
2022-06-29,1168.5960693359375,1176.2278290145132,1132.7476201425022,1135.5557396776305,19205146,2.075004472980524,0.02053769503807639,1.0383847276293912,1142.3365827287946,1163.022007533482,1185.8734578450521,1.0229875213699404,0,1.9371425111834903,1.7733687555820665,2,6,2,0,0,14896619.142857144,1.2892285031807889,1
2022-06-30,1175.616455078125,1184.7880089664673,1162.1874370508547,1168.5282289340553,23112959,0.6007538384222855,0.0059895650731526745,1.0194465808139894,1143.0839146205358,1159.1851457868304,1187.6217244466145,1.0284603256519351,0,1.8518594252626939,1.6473651128487983,3,6,2,0,0,16524177.714285715,1.3987358039618552,0
2022-07-01,1090.943359375,1173.9631898181497,1071.150907551117,1166.2183382001654,81997149,-7.202442202758896,-0.07474986338230491,1.095983004394856,1136.8142264229912,1150.9614432198662,1184.3644938151042,0.9596496366936533,0,3.198947016649378,2.4543709100768547,4,7,3,0,1,26721312.42857143,3.0686048531181265,1
2022-07-04,1093.2078857421875,1106.0254419629423,1071.648979247077,1077.4689986763794,41857728,0.20757506315312035,0.002073599237845834,1.0320780996217789,1133.4982212611608,1144.0253295898438,1181.4476969401042,0.9644548753908541,0,3.168128100610146,2.45824027194502,0,7,3,1,0,29922941.714285713,1.3988507012335762,1
2022-07-05,1102.0625,1116.3973279805082,1094.7478514073186,1097.42011751126,17647327,0.8099661897152277,0.00806703569148321,1.0197757653009858,1129.1760777064733,1138.750453404018,1178.690938313802,0.9759881755894572,0,3.1220596420857087,2.477442991437658,1,7,3,0,0,30409669.285714287,0.5803195961848319,0
2022-07-06,1092.3701171875,1106.0029160314311,1081.568080443144,1096.1066896148457,23943726,-0.8794766914308361,-0.00883366913544737,1.0225920457806739,1123.9481375558037,1133.9576241629463,1175.6692179361978,0.9719043794698794,0,3.128387136587436,2.4657479134839972,2,7,3,0,0,31619554.57142857,0.7572442535808379,0
2022-07-07,1081.6134033203125,1102.0626023112773,1075.6801717525568,1098.7337103035795,23301033,-0.9847133034801892,-0.009895936697706892,1.024526277653456,1114.9156842912946,1127.4259120396205,1172.664864095052,0.9701302246975286,0,3.023775858541483,2.4273410215451086,3,7,3,0,0,33009295.42857143,0.705893073374466,1
2022-07-08,1083.1080322265625,1095.155633472675,1079.0996326989614,1095.155633472675,19010108,0.13818513173577962,0.0013808974394699817,1.014879071669736,1102.7031075613838,1122.5198451450892,1169.8914998372395,0.9822299627157526,0,2.8006963473576203,2.4051621354641357,4,7,3,0,1,32981432.85714286,0.576388178231709,1
2022-07-11,1097.82763671875,1100.046817658232,1073.4153285810387,1076.359301395055,13847467,1.3590153571226171,0.013498635663505948,1.0248100510288014,1091.5904192243304,1117.337166922433,1166.2545654296875,1.0057138807601955,0,2.888223121474411,2.38955441619117,0,7,3,1,0,31657791.14285714,0.4374110290106063,0
2022-07-12,1096.2650146484375,1104.9837222205626,1088.8145132177926,1088.8145132177926,10778989,-0.1423376510162333,-0.001424390472788444,1.0148502879108259,1092.3506556919642,1114.5824410574776,1163.0509236653645,1.0035834271129664,0,0.8457395863810708,2.26860761459068,1,7,3,0,0,21483768.285714287,0.5017271112148203,0
2022-07-13,1076.8348388671875,1102.402142980226,1074.7741536418605,1099.3676009909502,14224132,-1.7723976886629966,-0.017882927523811095,1.02570585573234,1090.0116489955358,1111.7549351283483,1159.1867716471354,0.9879113125621264,0,1.089144705502123,2.2760735365065576,2,7,3,0,0,17536111.714285713,0.8111337468506418,1
2022-07-14,1085.712158203125,1102.3796184650857,1076.5632467388843,1081.5680252499114,16970315,0.8243900564432138,0.008210105226071655,1.023980357683958,1087.6758858816963,1108.425981794085,1154.247696940104,0.9981945653994347,0,1.0914078388575992,2.2479718141073,3,7,3,0,0,17439395.714285713,0.9731022380608372,1
2022-07-15,1087.8182373046875,1093.796752824721,1079.3487135847495,1093.796752824721,9603210,0.19398134999686345,0.0019379344913198016,1.0133858863758556,1087.0256173270088,1105.4868774414062,1148.5454630533854,1.0007291640280085,0,1.0562139810076168,2.2514388773117378,4,7,3,0,1,15390750.57142857,0.62395982284499,1
2022-07-18,1097.08056640625,1098.3260107043704,1083.5155743058108,1096.5143900160117,15160908,0.8514592589026648,0.008478547904894133,1.0136688726491527,1089.2352120535713,1102.075448172433,1143.3323852539063,1.0072026264537368,0,1.0139520883733695,2.2249583565026585,0,7,3,1,0,14227875.57142857,1.0655777753950195,1
2022-07-19,1103.806396484375,1108.2902834767385,1087.1389350761635,1087.1389350761635,16439888,0.6130661944142357,0.006111945891779426,1.0194559754214794,1092.1921212332588,1097.4476143973213,1138.264990234375,1.0106339123175525,0,1.0243765675402081,2.138553768814618,1,7,3,0,0,13860701.285714285,1.1860790923287545,1
2022-07-20,1133.653564453125,1151.5438277746334,1126.0672081991272,1150.4115948025603,23924246,2.704022015437957,0.02668109293944358,1.0226244218728737,1097.3101109095983,1094.4502650669642,1134.9277425130208,1.0331204945458858,1,1.3392704183775652,2.2821483350754472,2,7,3,0,0,15300241.142857144,1.5636515644832787,0
2022-07-21,1126.0897216796875,1132.2947793542016,1117.484344754926,1129.5772288514759,16523230,-0.6672093671831969,-0.006694451593739947,1.0132533709924354,1101.5707833426338,1096.9607195172991,1130.2105997721353,1.0222581596278841,1,1.3927270425783473,1.1193368815883897,3,7,3,0,0,16120847.0,1.0249604130601822,1
2022-07-22,1133.6988525390625,1139.6773678755283,1130.030207237111,1132.2947927493988,10969995,0.675712664176098,0.006734399583831116,1.0085370820856234,1109.6942138671875,1099.8529314313616,1127.022810872396,1.0216317597874292,1,1.0145206560494435,1.125509217321619,4,7,3,0,1,15655970.285714285,0.7006908418834871,0
2022-07-25,1096.242431640625,1117.5522733397709,1088.361726850526,1117.5522733397709,23110452,-3.3039127467183294,-0.033597247085002876,1.0268206293634705,1111.1985386439733,1099.437212262835,1123.36171875,0.9865405627498398,1,1.8305333720115147,1.4599090038741969,0,7,3,1,0,16533132.714285715,1.3978265583044072,1
2022-07-26,1096.74072265625,1106.886133119494,1092.143624721455,1096.5595845623452,11303288,0.045454454347226836,0.00045444126939519515,1.0134986901578984,1112.473179408482,1099.7493983677455,1120.242626953125,0.9858581249027529,1,1.8308324603626036,1.4391874342151587,1,7,3,0,0,16776001.0,0.673777260742891,0
2022-07-27,1095.6990966796875,1099.2317688342157,1087.908840568981,1096.0387306174957,8655086,-0.09497467861316888,-0.0009501980813773389,1.010407975230087,1112.2758265904017,1100.7555193219866,1117.5689046223958,0.9850965655151124,1,1.803522301983612,1.4098891215664477,2,7,3,0,0,15846597.857142856,0.5461794435642044,1
2022-07-28,1112.864501953125,1117.7785909046106,1096.5141555258897,1103.3079113548908,12496073,1.5666167221871419,0.015544719594486212,1.0193927595659014,1113.5698416573662,1102.8809814453125,1116.0153971354166,0.9993665958991926,1,1.891748973976619,1.4633998246699995,3,7,3,0,0,15283195.714285715,0.8176348215131147,1
2022-07-29,1136.5748291015625,1140.0396942059215,1115.989778235377,1120.8359411287292,15130683,2.130567297889807,0.02108188025103242,1.0215503013016596,1113.9871651785713,1105.648638044085,1114.7993123372396,1.0202764130764204,1,1.7703370904795188,1.5235442241561794,4,7,3,0,1,14026972.42857143,1.0786848749471005,1
2022-08-01,1166.195556640625,1172.038217949441,1135.7368060332587,1140.9680065399384,15700044,2.606139673397223,0.025727585829502242,1.0319628735489965,1119.7165701729912,1110.6436767578125,1115.2793986002605,1.041509599577019,1,1.9702463962122714,1.6404609244707435,0,8,3,1,0,13909374.42857143,1.1287383254095407,1
2022-08-02,1170.6341552734375,1181.119198519279,1160.1717542868648,1165.1312476689257,13917913,0.3806050029549368,0.0037988253470019697,1.0180554682140923,1124.9930419921875,1117.3436279296875,1115.2876993815105,1.0405701293942464,1,1.9694650124522866,1.5114102591111196,1,8,3,0,0,14330505.57142857,0.9712087916666962,1
2022-08-03,1180.462646484375,1182.1157712823,1162.8442104812696,1177.5865998850716,14250977,0.8395869167717729,0.008360819900902686,1.0165727795927664,1137.0245012555804,1124.1115199497767,1116.808748372396,1.0382033502187746,1,1.0540663240979087,1.5115823028936488,2,8,3,0,0,13064866.285714285,1.0907862880757273,0
2022-08-04,1164.859619140625,1185.6259288355277,1148.1469933470867,1182.1157790494954,14467127,-1.3217722212743088,-0.013305853763380535,1.0326429766446386,1146.7557721819196,1129.6144757952009,1118.4234049479167,1.0157870118449541,1,1.3579346808541366,1.5956252636245594,3,8,3,0,0,13516843.285714285,1.0703036718114542,0
2022-08-05,1147.6939697265625,1167.9846710602349,1144.5009315875282,1166.7165845896059,13942438,-1.473623871237506,-0.0148458956991866,1.020518759596056,1154.1836111886162,1133.2297188895088,1118.9359537760417,0.9943772885014626,1,1.6000206611738585,1.6754381170895714,4,8,3,0,1,14272179.285714285,0.976896220323946,1
2022-08-08,1162.7081298828125,1170.1359894573532,1146.3351396535795,1146.3351396535795,10165178,1.3082024086810362,0.01299719344639299,1.0207625579819233,1161.3041294642858,1137.4369855608259,1120.060701497396,1.0012089859864481,1,1.5788736608990752,1.694481396474677,0,8,3,1,0,13939194.285714285,0.7292514754900775,1
2022-08-10,1169.6605224609375,1173.0120563323646,1158.1336946618562,1167.1241099957583,10724688,0.5979482210058729,0.005961676052121458,1.0128468429328037,1166.0306570870537,1140.0089111328125,1120.8880330403647,1.0031130102384715,1,1.4374144339658848,1.5610342154002674,2,8,3,0,0,13309766.42857143,0.8057758231562827,1
2022-08-11,1173.5556640625,1182.0704726435374,1168.618812190309,1178.990645714219,8198226,0.3330147104022352,0.0033246144438007588,1.0115107341358098,1167.0821010044642,1143.3993355887276,1121.0533528645833,1.005546793196866,1,1.0712354329133236,1.5393060493249529,3,8,3,0,0,12238078.142857144,0.6698948890749618,1
2022-08-12,1192.532958984375,1196.3148161235515,1169.5248244491684,1173.1933504665235,12650587,1.6170766758673683,0.016041412551226198,1.0229067319601368,1170.2105015345983,1147.601771763393,1121.617236328125,1.0190755914602572,1,1.2180843851999335,1.576783706961251,4,8,3,0,1,12057031.57142857,1.0492289851822212,1
2022-08-16,1200.8211669921875,1203.5387175050762,1189.9512045412775,1198.511296976361,6607378,0.695008716142409,0.006926046630562674,1.0114185463336176,1173.118861607143,1155.0716814313616,1125.2798299153646,1.0236142357706985,1,1.2080304499410697,1.1687557435958027,1,8,3,0,0,10965088.857142856,0.6025831697383679,1
2022-08-17,1207.09423828125,1212.4160085847718,1202.746205068067,1207.0263114935751,6595965,0.5223984604447951,0.005210386932335695,1.008039770548399,1179.152378627232,1162.9540754045759,1129.0760416666667,1.0236965638712003,1,0.9891765392351424,1.1563730138554267,2,8,3,0,0,9840637.142857144,0.6702782456304368,1
2022-08-18,1209.2833251953125,1212.7820913718717,1199.6955520359063,1208.6925853891362,7410035,0.1813517822087718,0.0018118753840694756,1.010908216933669,1187.9508579799108,1171.0672345842634,1132.6500691731771,1.0179573650476395,1,0.5225884440313884,1.1441764808069406,3,8,3,0,0,8907436.714285715,0.831893084136743,0
2022-08-19,1187.72216796875,1209.464997552082,1183.6779742626552,1204.148579928399,9460724,-1.7829698613499145,-0.017990562663191313,1.0217855057288618,1191.5242919921875,1176.4142107282366,1135.8284708658855,0.996809025171379,1,1.031366882082449,1.292557052915854,4,8,3,0,1,8806800.42857143,1.0742521165015937,0
2022-08-22,1184.427734375,1195.651309470641,1175.0672431781986,1189.1535324408326,9471680,-0.2773740932514701,-0.002777594880112904,1.017517351804284,1193.6338936941963,1179.832275390625,1139.255615234375,0.9922872839253047,1,1.0435037960834344,1.212895208190502,0,8,3,1,0,8627799.285714285,1.0978094976876656,1
2022-08-23,1202.6944580078125,1205.6026043151621,1177.498175517267,1178.7023711633794,9678484,1.542240451035326,0.015304688001496022,1.0238679170653908,1197.7965785435267,1182.4393397739955,1143.2418294270833,1.0040890745156756,1,1.1652573580678318,1.083882422512916,1,8,3,0,0,8839264.714285715,1.0949422053576434,0
2022-08-24,1199.490966796875,1213.2365143204822,1197.4917062121833,1199.6500999587201,10369622,-0.2663595221220061,-0.002667148902753432,1.0131481562892002,1198.7905796595983,1184.5005405970983,1146.6306070963542,1.0005842447789968,1,1.0360411956707625,1.090547463447516,2,8,3,0,0,8513412.57142857,1.2180335339087123,0
2022-08-25,1195.9920654296875,1210.010084840808,1191.6979945608696,1203.6713213411974,7871946,-0.29169885093265346,-0.0029212512118292917,1.0153663850770231,1198.1007080078125,1185.6097848074776,1149.9548421223958,0.9982400122426843,1,1.006349412486483,1.0797434595668167,3,8,3,0,0,8694065.142857144,0.9054390403857764,0
2022-08-26,1189.6077880859375,1204.1485194816453,1184.6095168359632,1196.4237108559755,10742038,-0.5338059948964857,-0.00535235829730094,1.0164940449726168,1195.6026436941963,1187.3775111607142,1153.7139404296875,0.9949859130540764,1,0.9846093157521545,1.0188147492898425,4,8,3,0,1,9286361.285714285,1.1567542624606972,0
2022-08-29,1180.3609619140625,1206.4205794013706,1171.4547933496005,1174.6128173581192,19838975,-0.7773004064434597,-0.007803371326116565,1.029848173613077,1191.4708775111608,1189.7108677455358,1156.8689005533854,0.990675461896051,1,0.9887242557755042,0.9477008718549351,0,8,3,1,0,11061924.142857144,1.7934470299916434,1
2022-08-30,1198.673095703125,1201.9902529871206,1170.795945790086,1187.790382333822,23139054,1.5514011713304798,0.015394899789794152,1.0266436754493404,1193.0352957589287,1192.279793875558,1160.5640625,1.0047255935882518,1,0.9814381108097772,0.971413517908564,1,8,3,0,0,13015971.285714285,1.777743165843976,0
2022-09-01,1163.4346923828125,1183.6780172121637,1159.0270403092493,1173.5450568236956,19909939,-2.939784287027991,-0.029838619543142594,1.021268681441925,1190.0362897600446,1191.8350917271205,1162.7758666992188,0.9776463981761464,0,1.530388707460544,1.2779319619048184,3,9,3,0,0,14507151.142857144,1.3724223869965686,0
2022-09-02,1149.8482666015625,1170.2278880627014,1147.6671567250864,1163.4346809089884,12999345,-1.167785855983361,-0.011746580289114971,1.01965790447641,1182.4868338448662,1190.1417061941963,1164.310595703125,0.9723983673144342,0,1.3329433172267848,1.3076951020095922,4,9,3,0,1,14981559.857142856,0.8676896881203072,1
2022-09-05,1167.7060546875,1173.0224725362493,1150.0754462865928,1150.0754462865928,11327815,1.5530560513620673,0.01541119564124176,1.019952626867871,1177.9461321149554,1188.3683558872767,1165.4456787109375,0.9913068372582796,0,1.5721005845902942,1.3011825430700246,0,9,3,1,0,15118444.57142857,0.7492711929775996,1
2022-09-06,1179.9974365234375,1184.1552111927028,1168.7057123414318,1169.1601553219334,10899618,1.0526092407071586,0.010471078811768895,1.013219323468796,1175.6611851283483,1186.8809465680804,1167.2426025390625,1.003688351244339,0,1.6630611899424264,1.3222226821241794,1,9,3,0,0,15550969.142857144,0.7008963814326905,0
2022-09-07,1173.135986328125,1179.1112920563703,1167.7968526449285,1170.0688269822717,7488501,-0.5814800933405473,-0.005831772712008782,1.009688705176603,1173.308070591518,1184.455357142857,1168.5571736653646,0.9998533341176916,0,1.6648471447638071,1.314067269993965,2,9,3,0,0,15086178.142857144,0.49638158379732394,1
2022-09-08,1174.79443359375,1180.5198614611618,1168.2512248209334,1176.0894937430355,7057077,0.14136871470593615,0.0014126888321437,1.010501710915911,1172.5128522600446,1181.9918648856026,1171.1755737304688,1.0019458902555376,0,1.646672271497266,1.3132282654969967,3,9,3,0,0,13260192.714285715,0.5322001838176258,0
2022-09-09,1167.478759765625,1185.972579330713,1165.0703685493695,1185.972579330713,8314850,-0.6227194834202643,-0.006246664682397299,1.0179407281702382,1168.0565185546875,1180.545907156808,1173.5335083007812,0.9995053674373758,0,1.490649351143738,1.240113728190795,4,9,3,0,1,11142449.285714285,0.7462318011768252,1
2022-09-12,1180.542724609375,1186.8816091364133,1168.046804859231,1168.046804859231,7435419,1.1189895091858082,0.01112775137383472,1.016125042420241,1170.500523158482,1180.2684064592634,1176.3616292317708,1.0085794079132873,0,1.045851795178035,1.2815579607849357,0,9,3,1,0,9360375.0,0.7943505468530908,1
2022-09-13,1190.403076171875,1194.9243089400052,1181.8832020191865,1189.607891122723,8888657,0.8352388572605562,0.008317700394090645,1.0110341757108814,1176.2940673828125,1179.3904506138392,1178.9462483723958,1.0119944571517343,0,0.862993870315004,1.2282616519243799,1,9,3,0,0,8773133.857142856,1.013167830873011,0
2022-09-14,1176.135009765625,1185.9726599528265,1169.046493026583,1170.0688394223355,8678219,-1.1985911908203084,-0.012058322133707096,1.014478608872452,1177.4982038225446,1177.72216796875,1180.2649210611978,0.9988422962748527,0,0.9274404320566118,1.2646714858316905,2,9,3,0,0,8394620.142857144,1.0337834055998552,0
2022-09-15,1164.479736328125,1183.0417041001508,1161.7760353689525,1173.7039298739198,10365600,-0.9909809112665258,-0.009959238096629368,1.0183044477453391,1175.2813895089287,1175.4712873186384,1180.2077270507812,0.9908093046676107,0,0.9012545151214721,1.2850707502982572,3,9,3,0,0,8318331.857142857,1.2461152281510837,0
2022-09-16,1135.625732421875,1160.0722649582217,1131.899684568862,1155.8690579820689,20217708,-2.47784508446951,-0.025090603894217214,1.0248896441738038,1169.9227818080358,1171.6154261997767,1179.0407796223958,0.9706843477881874,0,1.2555236214653314,1.4234898623128778,4,9,3,0,1,10136790.0,1.9944881959673624,1
2022-09-19,1137.1025390625,1146.3040180403946,1127.5147655140897,1135.6257495827476,7580254,0.13004342878666364,0.0012995894555513953,1.0166643072897923,1164.5382254464287,1168.5255388532366,1177.5954427083334,0.9764407163419551,0,1.254631975435461,1.42180552383295,0,9,3,1,0,10211529.57142857,0.742323071874485,1
2022-09-20,1137.2841796875,1153.119972213298,1133.5808482063046,1146.1903481529216,8411448,0.015973988163797692,0.00015972712458160642,1.0172366391315721,1160.2247140066963,1164.140616280692,1176.6762613932292,0.9802275076179218,0,1.2638451194833107,1.327694365559458,1,9,3,0,0,10225329.285714285,0.8226090099368788,1
2022-09-21,1140.4195556640625,1150.9842421176709,1133.7172134827065,1134.512398474311,9207309,0.2756897556971172,0.0027531042850766794,1.0152304546756603,1154.4928327287946,1162.4966779436384,1176.4337809244792,0.9878099918286474,0,1.1319275085606415,1.1083096308884275,2,9,3,0,0,10478456.42857143,0.8786894389229493,0
2022-09-22,1129.673095703125,1137.3523524884633,1123.3116153435435,1129.6276634257686,10308170,-0.9423251212734463,-0.009467930951574529,1.0124994141902697,1145.8171212332588,1161.0555943080358,1175.3326131184897,0.9859104692791134,0,0.974202835285692,1.0937198628276095,3,9,3,0,0,10681244.0,0.9650720459152511,0
2022-09-23,1108.498291015625,1134.1488981287762,1106.9533532004177,1129.1733426023927,9528051,-1.8744187825700531,-0.01892208666810628,1.0245679231647213,1136.1547328404017,1156.8264683314733,1173.2938720703125,0.9756578562537558,0,1.057057752752369,1.0736452608602731,4,9,3,0,1,10802648.57142857,0.8820106418346613,0
2022-09-26,1080.257568359375,1098.6379294477279,1079.257938059937,1087.845960638479,12479523,-2.547655949056571,-0.025806706440348978,1.017956774469158,1124.1229945591517,1149.70219203404,1170.183935546875,0.9609780901092771,0,1.2422104427570957,1.1371171267224864,0,9,3,1,0,11104637.57142857,1.1238118236392434,1
2022-09-27,1088.845703125,1102.3639690673094,1072.4192906698377,1087.8232365030442,16154822,0.7950080626297318,0.007918645234666196,1.0279225473263989,1117.4401332310267,1143.6814575195312,1166.727693684896,0.974410772214394,0,1.2355545204048264,1.1987974435712072,1,9,3,0,0,10524225.285714285,1.5350129402806263,0
2022-09-28,1059.855224609375,1080.5529923156532,1057.4242371952328,1072.5328732525227,16997059,-2.662496479751175,-0.026985828919595743,1.0218727302693273,1106.4048025948662,1135.4715140206474,1162.028828938802,0.9579271728789338,0,1.402866059133253,1.308225763930699,2,9,3,0,0,11869483.142857144,1.4319965575104714,0
2022-09-29,1056.6063232421875,1075.7817488504493,1051.0171916607421,1072.3738473223364,14671827,-0.3065419966566618,-0.003070127990193908,1.0235624663290008,1094.87939453125,1127.5520542689733,1157.0125651041667,0.9650435733102382,0,1.369155979931477,1.3128430399514992,3,9,3,0,0,12763823.0,1.1494853070275262,1
2022-09-30,1080.4393310546875,1091.458340177691,1050.108360317172,1050.108360317172,18613024,2.255618510721069,0.022305556185300196,1.039376869495668,1086.310791015625,1120.40181187221,1152.7177652994792,0.9945950459026113,0,1.8169484487183074,1.4609210355311673,4,9,3,0,1,14107496.57142857,1.3193711517673745,0
2022-10-03,1076.690673828125,1098.2516553264609,1073.7370949613044,1086.687337582096,11852723,-0.34695675349981636,-0.0034756004428677678,1.0228310640287974,1078.7418736049108,1112.279497419085,1149.0167154947917,0.9980985258596377,0,1.82063215706576,1.4033074976704476,0,10,4,1,0,14328147.0,0.8272334866469474,1
2022-10-04,1096.5477294921875,1098.7288394831442,1086.0739063841288,1089.5500767240444,8948850,1.8442674527366032,0.0182746708860449,1.0116519999464377,1077.0346505301338,1106.594691685268,1146.087381998698,1.0181174105702626,0,1.9485417789791322,1.5491112229877346,1,10,4,0,0,14245404.0,0.6281920821620783,1
2022-10-06,1100.5916748046875,1113.269322563035,1098.7968595905177,1103.7271026820092,13352162,0.36878880907196265,0.003681104504390766,1.013171190694803,1079.9395228794642,1102.031258719308,1142.683955891927,1.0191234337550292,0,1.6339363554667694,1.557755799110801,3,10,4,0,0,14370066.714285715,0.9291649277262028,1
2022-10-07,1105.2493896484375,1110.4976589700225,1097.2065545320427,1097.2065545320427,7714340,0.4232009881936172,0.00422308011316382,1.0121135846145655,1082.2829066685267,1099.8615199497767,1139.542569986979,1.0212204062712271,0,1.6203242836341738,1.447868918234163,4,10,4,0,1,13164283.57142857,0.5860053042873529,0
2022-10-10,1093.1851806640625,1098.547030597458,1085.0969133921378,1092.8216022630288,6329527,-1.0915372672779755,-0.010975382438589145,1.012395314224306,1087.0443289620537,1096.72456577846,1136.115673828125,1.0056491272144092,0,1.2107425379975136,1.4642236102789952,0,10,4,1,0,11640350.42857143,0.5437574271358767,0
2022-10-11,1071.4195556640625,1096.911150105876,1068.329679997323,1096.911150105876,9215177,-1.9910281793957707,-0.020111162318051705,1.026753417642225,1089.1605050223213,1092.0199497767858,1132.1760660807292,0.9837113545005974,0,1.5151881358999757,1.5307102676223385,1,10,4,0,0,10860829.0,0.8484782331072518,1
2022-10-12,1079.3033447265625,1082.2342073300697,1064.6944639855953,1068.7386577474495,7417103,0.7358265042692436,0.007331325083991774,1.0164739687654765,1088.9982212611608,1087.654506138393,1128.807478841146,0.9910974358402801,1,1.2605172112267617,1.5514646958648455,2,10,4,0,0,9261411.714285715,0.800860951744444,1
2022-10-13,1082.7340087890625,1087.8231445652352,1072.419200033899,1077.5538882747444,7328492,0.31785911525819,0.003173550111172585,1.0143637343781697,1089.8615548270088,1084.30171421596,1124.9428426106772,0.9934601362839359,1,1.2557764882192668,1.552976431039601,3,10,4,0,0,8615093.0,0.8506573289458396,0
2022-10-14,1077.2357177734375,1097.9789154976827,1076.508681223135,1097.3654596284905,9106089,-0.5078154903229049,-0.005091092550008048,1.0199443206070138,1087.1026960100446,1082.0686732700892,1122.0695434570312,0.9909236006194985,1,0.9946729737502572,1.4873865356230696,4,10,4,0,1,8637555.714285715,1.0542437352895304,1
2022-10-17,1094.525634765625,1096.9111900194368,1064.9218171343564,1070.1019383497958,16729355,1.6050263379610463,0.01592281976292477,1.0300391750552749,1086.236118861607,1083.0878208705358,1120.2254557291667,1.0076314125079042,1,1.2092885532488635,1.3929401135101322,0,10,4,1,0,9120011.857142856,1.8343567159835932,1
2022-10-18,1113.8372802734375,1119.1764135169963,1099.7055601937943,1100.5461774083603,12415820,1.764384943980568,0.01749000371287345,1.0177055150287415,1087.4629603794642,1084.8729335239955,1118.4298299153645,1.024253074224036,1,1.393203910403332,1.4528025187809415,1,10,4,0,0,9791651.857142856,1.2680005561005372,1
2022-10-19,1133.21728515625,1148.6440655761994,1109.4977929604431,1115.314085328947,19247142,1.7399314267928734,0.017249679401905655,1.0352828756074435,1093.1818324497767,1090.113080705915,1116.8704915364583,1.0366228668626476,1,1.3942162905633098,1.2550677855893504,2,10,4,0,0,11637025.42857143,1.65395720050109,1
2022-10-20,1136.261962890625,1144.6228248019718,1129.1734452455337,1129.1734452455337,8717053,0.26867554653962067,0.002683152589851678,1.013682025220739,1102.445033482143,1095.802769252232,1115.641357421875,1.0306744811590915,1,0.8827849561782393,1.2363853282220272,3,10,4,0,0,11565864.857142856,0.7536879522344163,0
2022-10-21,1123.0843505859375,1143.6231056125362,1120.9942254138175,1139.4880471639096,8243452,-1.159733647262462,-0.011665110084409515,1.0201864377939727,1108.699462890625,1098.848842075893,1113.9176879882812,1.0129745599928477,1,1.1672189716704386,1.205762277325379,4,10,4,0,1,11683914.714285715,0.7055385289590378,1
2022-10-24,1126.8331298828125,1137.1252236758137,1115.6778227953112,1117.8133802746593,3370033,0.33379320929181056,0.003332373563484277,1.019223650808767,1114.9993373325892,1102.4304460797991,1112.562833658854,1.010613273168873,1,1.1666482349998801,1.1920242364736386,0,10,4,1,0,11118420.57142857,0.30310357288157475,0
2022-10-25,1109.4298095703125,1135.5348605120162,1107.8167232856267,1135.5348605120162,12233241,-1.5444452111831208,-0.015564960058716949,1.025020508035103,1119.5984933035713,1103.350594656808,1110.192403157552,0.990917562149218,1,1.374661043247771,1.2053597602203032,1,10,4,0,0,11565156.57142857,1.0577670024997254,1
2022-10-27,1113.7919921875,1121.6530982836084,1105.453847178534,1116.904583955269,12513059,0.3931914015251614,0.003924204244169965,1.0146539370652334,1122.350830078125,1104.2934744698662,1107.6387003580728,0.9923741866970159,1,1.274638132329506,1.2058111555595128,3,10,4,0,0,10962828.57142857,1.141407887432597,1
2022-10-28,1147.871826171875,1151.8931840194223,1117.5635667319068,1120.0854189154575,17609592,3.0598023889040427,0.030139239472772687,1.0307182681231328,1127.2129080636162,1107.33793422154,1106.6965942382812,1.0183274321651867,1,1.5860412897567864,1.443915851609646,4,10,4,0,1,11704796.0,1.5044766265042124,1
2022-10-31,1158.5272216796875,1163.6846262416873,1150.62068370947,1154.6194450652783,12419943,0.92827398189117,0.009239919975968775,1.0113538220867893,1130.82861328125,1112.0052228655134,1106.4981770833333,1.024494081661116,1,1.502788511892759,1.3964299684039838,0,10,4,1,0,10729481.857142856,1.1575529149836594,0
2022-11-01,1149.5528564453125,1181.428644108962,1139.6243422706675,1181.428644108962,13963166,-0.7746356810989341,-0.00777651568144914,1.0366825279942693,1132.7273123604912,1117.586172921317,1106.9624145507812,1.014854011112135,1,1.5600280385902263,1.2663561006909363,1,11,4,0,0,11478926.57142857,1.216417398709979,1
2022-11-02,1156.7322998046875,1158.7998289194838,1142.8051438822936,1150.666129478395,8981896,0.6245422573760928,0.006226000745269169,1.0139959862123598,1137.5341622488838,1123.1168125697545,1107.6167399088542,1.0168769767035826,1,1.4469600359690513,1.265188003403319,2,11,4,0,0,11584418.57142857,0.7753428404385053,1
2022-11-03,1161.0491943359375,1163.0485752218901,1147.3719146666933,1149.5530246719463,6693449,0.37319737090240057,0.003725027172638097,1.0136631029178982,1142.4221714564733,1128.7107543945312,1108.4089070638022,1.0163048506452887,1,1.4465931580560416,1.2646497712927065,3,11,4,0,0,12059192.285714285,0.5550495291404615,1
2022-11-04,1178.1343994140625,1181.428720196316,1159.2088516372303,1160.4810755593053,12575815,1.4715315390143147,0.014608095704459992,1.0191681322375195,1152.2371128627233,1135.9178030831474,1109.6660685221354,1.022475657364479,1,1.1831932416386974,1.2530051353360179,4,11,4,0,1,12108131.42857143,1.0386255777109408,1
2022-11-07,1184.427734375,1186.1090891689403,1169.6145286927685,1177.3392175630618,11789748,0.5341780160283527,0.00532756345850035,1.014102561204166,1162.3279331752233,1142.3393816266741,1111.4912231445312,1.0190133959350052,1,1.1749351533485792,1.2224564417041395,0,11,4,1,0,12004801.285714285,0.9820860603523526,0
2022-11-09,1183.246337890625,1191.4027533204435,1176.9074538352093,1186.1090519678319,11254205,-0.09974407471963209,-0.0009979385222466776,1.0123164310311725,1167.3814348493304,1147.2971714564733,1113.9828247070313,1.0135901621935097,1,0.7206995333813058,1.1835309196453225,2,11,4,0,0,11096888.857142856,1.0141765989442961,0
2022-11-10,1168.9329833984375,1179.8611290593667,1164.616195791804,1176.8848340514855,5966242,-1.2096681843701274,-0.012170442139597991,1.0130900921030022,1168.8679722377233,1149.8482927594866,1116.938671875,1.0000556189084295,1,0.9067000622917197,1.1966303511730392,3,11,4,0,0,10174931.57142857,0.5863667935372988,1
2022-11-11,1195.8785400390625,1197.7869359415272,1175.9759587388326,1181.4286729917058,12310132,2.305141271853439,0.022789742518519746,1.0185471284855905,1175.4859270368304,1154.1066196986608,1120.5064331054687,1.0173482408705972,1,1.1167085291322123,1.319371160519235,4,11,4,0,1,9938783.857142856,1.2385954033151543,0
2022-11-14,1190.0850830078125,1200.5134736804264,1183.7689145270133,1195.4015009715274,9043112,-0.4844519604023323,-0.0048562923266335534,1.0141451249039628,1180.2506103515625,1158.8923863002233,1124.8474283854166,1.0083325291848997,1,1.1845065372987345,1.2704241548090496,0,11,4,1,0,9947529.0,0.909081240175324,0
2022-11-15,1184.745849609375,1193.4247362453084,1176.8847439241665,1191.5617725862496,7086433,-0.44864299827565013,-0.00449652421243609,1.0140540459943355,1183.6358468191963,1163.029009137835,1129.1187459309897,1.0009377907851993,1,1.2289899930697494,1.2916453489489266,1,11,4,0,0,10003669.57142857,0.7083833536684903,0
2022-11-16,1177.9527587890625,1188.6764594316192,1172.954366703904,1185.9727580356148,9716161,-0.5733795836931788,-0.005750297151291606,1.0134038400589236,1183.609898158482,1167.9235055106026,1132.3691935221354,0.9952204359069476,1,1.1428712658156113,1.2042618562201262,2,11,4,0,0,9595147.57142857,1.0126119403240623,1
2022-11-17,1180.9970703125,1187.3358341262497,1172.3407797375921,1174.5900378958909,6661451,0.25844088404420873,0.002581074998686178,1.012790695886237,1183.1198032924108,1172.723868233817,1135.846073404948,0.9982058173872134,1,1.126155585133429,1.2051656105824358,3,11,4,0,0,8862533.714285715,0.7516418232928422,0
2022-11-18,1180.3609619140625,1185.518366679259,1168.2967693410817,1184.495900066872,5303197,-0.05386197937554682,-0.0005387649015041907,1.0147407728841793,1182.7076067243304,1175.0445207868304,1138.6398478190104,0.9980158707047068,1,1.1258565191564887,0.93982950478334,4,11,4,0,1,8012389.714285715,0.6618745703974744,0
2022-11-21,1159.117919921875,1175.9759375856167,1155.5736016352212,1175.9759375856167,6390268,-1.7997072656266044,-0.018160989630348602,1.017655591925538,1181.305454799107,1175.086713518415,1140.59072265625,0.9812177834385728,1,1.244751121529637,1.0539070570068845,0,11,4,1,0,8072964.857142857,0.7915639561277134,1
2022-11-22,1165.5477294921875,1167.1153835532073,1152.5747701476932,1156.4371149495696,6611488,0.5547157420140447,0.005531828603862519,1.0126157658332664,1176.9724818638392,1176.229204450335,1142.6006673177083,0.9902931015400125,1,0.7587736770866695,1.0376540212902168,1,11,4,0,0,7258872.857142857,0.9108146857117329,0
2022-11-23,1161.912353515625,1171.3865449235016,1159.7312438376161,1170.0687686238546,6413408,-0.31190279767834284,-0.003123902282579611,1.010050001798104,1172.9478062220983,1176.5992082868304,1144.8915730794272,0.9905916932979167,0,0.757003106891399,1.0316645694652256,2,11,4,0,0,6883200.857142857,0.9317479081472188,1
2022-11-24,1171.9320068359375,1178.7024981272687,1157.8911489931052,1165.9794167577484,9389439,0.8623415776582322,0.008586446508965775,1.0179734935812066,1171.1172572544642,1177.3765520368304,1148.2419881184896,1.000695702822605,0,0.8779234589167489,1.0520139517014941,3,11,4,0,0,7212201.714285715,1.3018824725051268,1
2022-11-25,1189.4261474609375,1192.7431844497548,1173.295044904841,1176.430472976704,7349922,1.4927607167442902,0.014817286962404436,1.0165756598302955,1172.756312779018,1178.18310546875,1151.9127482096353,1.0142142357284933,0,1.0441858874891867,1.0541997705775112,4,11,4,0,1,6874167.571428572,1.0692090240204253,1
2022-11-28,1230.2991943359375,1236.4335137804842,1136.8981171457083,1185.4730378039467,31527484,3.4363669373043138,0.03378642544285261,1.0875499705150968,1179.7994733537946,1181.4596383231026,1156.8315877278646,1.042803647672929,0,1.6294435086554573,1.3851843591741209,0,11,4,1,0,10426458.0,3.023796192340678,1
2022-11-29,1232.4119873046875,1241.2500078770877,1224.1419904117938,1228.6632233258865,11058913,0.17173001319328307,0.0017158272580644932,1.0139755172188307,1187.2353341238838,1184.971470424107,1162.004130045573,1.038051978308194,1,1.6165997998148869,1.3813452416865266,1,11,4,0,0,11248703.142857144,0.9831278201187432,1
2022-11-30,1241.1136474609375,1247.5206802015884,1226.0504438987869,1232.54834119291,26164986,0.7060674714208792,0.007035864864893114,1.0175117071321529,1198.949009486607,1190.127232142857,1166.8903971354166,1.0351679993400098,1,1.2171234570385863,1.313514657399967,2,11,4,0,0,14073662.857142856,1.8591454311213935,0
2022-12-01,1237.4556884765625,1251.8600031393141,1234.1386516701657,1245.8619813701127,9485801,-0.2947319926630776,-0.002951671827071167,1.0143592873014438,1209.2215750558037,1193.0970284598213,1171.0110107421874,1.0233489990611984,1,1.3065202832521838,1.2086532541961452,3,12,4,0,0,14484279.0,0.6549032230047488,0
2022-12-02,1236.93310546875,1248.6792715763747,1227.1408877532265,1240.5001400003844,11589592,-0.042230442082002995,-0.00042239361644464036,1.0175516797118405,1219.9388253348213,1196.44331577846,1174.4682047526042,1.0139304363309074,1,1.2694461602997207,1.1936360311977905,4,12,4,0,1,15223733.857142856,0.7612844594338631,0
2022-12-05,1218.8936767578125,1234.4794719283639,1216.871700030192,1232.3210781772725,14828536,-1.4583997009362304,-0.014691388908103396,1.0144697028435579,1226.6476353236608,1198.8824462890625,1177.2225952148438,0.9936787400533306,1,1.553576870515971,1.2693345034974388,0,12,4,1,0,16000747.714285715,0.9267401914449819,1
2022-12-06,1222.4151611328125,1225.5050364637573,1209.146773966004,1211.0098577338963,8594245,0.2889082486970507,0.002884917108980754,1.0135287649522464,1231.3603515625,1202.0583321707588,1180.533622233073,0.9927355218004732,1,1.5005283125109574,1.249127470614467,1,12,4,0,0,16178508.142857144,0.5312136894275004,0
2022-12-07,1204.375732421875,1224.5963402295367,1200.5815364526634,1220.0523915216042,8462111,-1.4757203022760623,-0.014867173791663304,1.0200026429257187,1227.6569998604912,1203.728236607143,1183.1183756510416,0.9810360162152281,1,0.8536385012091463,1.3337138888174653,2,12,4,0,0,12883454.857142856,0.6568200140281805,0
2022-12-08,1203.8077392578125,1210.9645247591304,1199.6500849785011,1208.6925503476532,7757008,-0.04716079449063049,-0.00047171918690960417,1.009431449988879,1223.5706787109375,1205.4030064174108,1186.264306640625,0.9838481423288553,1,0.8373044191574578,1.3336369504312922,3,12,4,0,0,12411754.142857144,0.6249727404134967,0
2022-12-09,1185.5638427734375,1208.6925984914808,1182.2694016212881,1202.3309977712286,12655763,-1.5155157995265012,-0.015271171025129194,1.0223495565680356,1215.6349923270088,1207.292000906808,1188.6567016601562,0.9752630109009875,1,0.7984360656159949,1.3035201425357255,4,12,4,0,1,10481865.142857144,1.2073960910119377,1
2022-12-12,1187.38134765625,1191.8798642806923,1174.6128344148897,1174.8401159938364,9479842,0.15330299535458725,0.0015318560627133658,1.0147001883172884,1208.4815150669642,1208.8515450613838,1189.9736857096354,0.9825399336707727,0,0.8480119516365354,1.298791529889871,0,12,4,1,0,10481013.857142856,0.9044775752814644,1
2022-12-13,1192.7886962890625,1196.4237590933476,1184.473147579326,1187.381293975718,8333348,0.4554011770090405,0.004543673633271422,1.0100893899861256,1202.1751708984375,1211.0569981166295,1191.1157348632812,0.9921920907729611,0,0.9190087831042939,1.2944182824334058,1,12,4,0,0,10015836.142857144,0.8320172056671453,0
2022-12-14,1188.471923828125,1199.127475241392,1186.4271108317469,1198.5367354613884,7268947,-0.3619058827743382,-0.0036256234644663292,1.010704715269648,1197.8292061941963,1212.2384207589287,1192.413037109375,0.992188133067984,0,0.8192800409615255,1.2872162028268532,2,12,4,0,0,8935894.857142856,0.8134548488100897,0
2022-12-15,1171.591064453125,1188.244637773301,1168.2513114103942,1182.564761948623,8688551,-1.4203835224500638,-0.0143056751875903,1.0171138916495368,1190.5686209542412,1210.9644862583705,1192.908329264323,0.9840600901391928,0,0.8486971273422557,1.2815541210636163,3,12,4,0,0,8949367.142857144,0.9708564707767843,0
2022-12-16,1165.7974853515625,1189.9714223850988,1162.412300039899,1168.2513090093973,15837349,-0.49450523116330025,-0.004957319540918581,1.0237085605032343,1185.0574428013392,1206.357221330915,1193.0666056315104,0.9837476591816103,0,0.7562828733658433,0.779279757468538,4,12,4,0,1,10002972.57142857,1.5832642633886773,1
2022-12-19,1181.110595703125,1183.246273075343,1166.2972711057284,1172.7951677670053,7729933,1.3135309128707418,0.01304978903032749,1.0145323172655165,1181.8149937220983,1202.692836216518,1193.1658121744792,0.9994039692991584,0,1.0121303340075651,0.8930323985900294,0,12,4,1,0,9999104.714285715,0.7730625111822511,1
2022-12-20,1191.334716796875,1193.2431129001116,1165.9794185762812,1174.1131186326063,7467588,0.865636218229282,0.008619110699697678,1.0233826548646294,1182.639404296875,1199.137198311942,1193.396044921875,1.0073524630317638,0,0.9184468783434251,0.9077510163461749,1,12,4,0,0,9257936.857142856,0.8066147042511386,0
2022-12-21,1174.3856201171875,1196.4237592798247,1170.5687080191292,1190.9710448813423,8527550,-1.4226981251128423,-0.014329154989184146,1.0220875981764865,1180.7828717912946,1194.6321934291295,1193.1006876627605,0.9945821947227247,0,1.0752628512106277,0.9570983521380703,2,12,4,0,0,9121895.142857144,0.9348441158828116,0
2022-12-22,1171.3411865234375,1183.541675654874,1166.3200787009303,1180.5199485444361,7451122,-0.25923627994067777,-0.002595728790353569,1.0147657553603344,1177.7189418247767,1189.947056361607,1193.1809611002604,0.9945846542202528,0,1.0413579090890726,0.9531535685767601,3,12,4,0,0,8995862.857142856,0.8282831917656117,0
2022-12-23,1136.9888916015625,1177.112082738486,1132.4676588679463,1164.7524600759673,10257115,-2.932731753745743,-0.02976596076097003,1.0394222506231814,1170.364222935268,1184.096714564732,1191.2179728190104,0.9714829531870001,0,1.4563199611445277,1.143422050579469,4,12,4,0,1,9422744.0,1.0885486223545922,1
2022-12-26,1146.917236328125,1155.073650986399,1132.5356390815007,1142.6914342154514,5990242,0.8732138721757821,0.00869423409756247,1.0199004880086395,1166.839390345982,1178.7040056501116,1189.7790445963542,0.9829263957124811,0,1.5038603325362274,1.1839656760147081,0,12,4,1,0,9037271.285714285,0.6628374661574127,1
2022-12-27,1156.3006591796875,1158.1636228081527,1142.9186909584178,1149.6210331376262,5763271,0.8181429796629169,0.008148143330550566,1.0133385970238626,1165.482700892857,1175.2700718470983,1188.8308715820312,0.9921216833968145,0,1.5556152089410857,1.189475621335679,1,12,4,0,0,7598117.285714285,0.7585130346481885,0
2022-12-28,1156.1871337890625,1158.6181211536698,1145.7587436629801,1153.2562711921107,7459393,-0.009817982003534897,-9.818463998936412e-05,1.0112234600537093,1161.9222063337054,1171.8686000279017,1188.105350748698,0.9950641510133977,0,1.4296168590485194,1.190089099556683,2,12,4,0,0,7559468.714285715,0.9867615413108869,0
2022-12-29,1155.66455078125,1158.209118855438,1147.5762834083114,1148.2578877514563,6930648,-0.04519882573852385,-0.00045209043486748695,1.009265471586383,1156.8264683314733,1169.7329363141741,1187.2609334309896,0.9989955990962939,0,1.3452995263685723,1.1364574619373267,3,12,4,0,0,7482763.0,0.9262150892658233,1
2022-12-30,1157.4365234375,1170.9775038842033,1154.6647942823151,1156.4823255378853,7289476,0.15332932511014086,0.0015321189572091555,1.014127658245636,1154.4051688058037,1167.5940202985491,1186.4967854817708,1.0026259018181911,0,1.2809311962999657,1.136458049248099,4,12,4,0,1,7305895.285714285,0.997752597721132,1
2023-01-02,1170.477783203125,1171.88642405352,1157.8910002870925,1158.708901395193,5316175,1.1267364992849416,0.011204361053117614,1.0120869958942227,1154.2818254743304,1166.0003836495537,1186.8754475911458,1.014031198769104,0,1.3740404052876078,1.178543804907746,0,1,1,1,0,7000902.857142857,0.7593556300493487,0
2023-01-03,1161.912353515625,1169.1600029724839,1157.7092673063357,1165.5475363123066,7658932,-0.7317891727991466,-0.0073447988469498285,1.0098908560115363,1157.842320033482,1164.103271484375,1186.754268391927,1.0035151880456616,0,0.65584135150885,1.1882897557778112,1,1,1,0,0,6629733.857142857,1.1552397373762278,0
2023-01-04,1144.418212890625,1163.7300547153022,1142.3506838068283,1161.8896870062515,9264891,-1.505633413059737,-0.01517083145633233,1.018715243236191,1157.485316685268,1162.162353515625,1186.1711303710938,0.9887107822394986,0,0.8908423252017016,1.195471281941351,2,1,1,0,0,7097540.857142857,1.3053663496245964,0
2023-01-05,1142.37353515625,1152.5293324862785,1137.806869836127,1146.6676067944138,13637099,-0.17866525640224395,-0.0017882505313399615,1.012939333590306,1155.4957275390625,1160.48921421596,1185.1858479817708,0.9886436686263136,0,0.8090014044383558,1.19166325833885,3,1,1,0,0,8222373.428571428,1.6585355941890536,1
2023-01-06,1152.75634765625,1157.7774553339088,1144.3046224842542,1148.0988183662998,6349597,0.9088806927394222,0.009047752292643166,1.011773816678644,1155.005615234375,1158.46391078404,1183.9635213216145,0.9980525916511076,0,0.9078293815532309,1.158179428199974,4,1,1,0,1,8063831.142857143,0.7874169098424645,1
2023-01-09,1179.974609375,1182.3375684218504,1155.687212453628,1156.5732620005954,10722753,2.3611461150562674,0.023337022144448678,1.0230601807141582,1158.478480747768,1157.6524745396205,1182.28603515625,1.018555483752583,1,1.283090065004775,1.3186169191131822,0,1,1,1,0,8605560.42857143,1.246026111721818,0
2023-01-10,1162.52587890625,1184.155127696438,1156.891435377878,1184.155127696438,8047142,-1.4787377906370525,-0.014897801110931952,1.0235663360319154,1159.205531529018,1156.8053501674108,1179.9564982096354,1.0028643301700368,1,1.4523344823462438,1.3231480339793404,1,1,1,0,0,8713798.42857143,0.9234941645671366,0
2023-01-11,1147.871826171875,1162.3442913861395,1145.5770152034006,1159.8451553432185,11509553,-1.2605356147565638,-0.012685477668305157,1.0146365333453917,1155.976109095982,1155.1289672851562,1176.8484375,0.9929892297424339,1,1.4435647725013439,1.3610152181001751,2,1,1,0,0,9598566.714285715,1.1990907958028911,0
2023-01-12,1123.0843505859375,1150.7570549852321,1120.0853394706564,1147.2810049505638,17688773,-2.159428868343527,-0.02183085722171006,1.0273833737785292,1150.4292515345983,1154.13578578404,1173.0360595703125,0.9762306974442936,0,1.610936879415944,1.2499321467348627,3,1,1,0,0,11031401.142857144,1.603492862867517,0
2023-01-13,1121.266845703125,1123.675117069892,1106.2717897707075,1117.0863548772086,20618583,-0.16183155627307322,-0.0016196264498379196,1.0157315114243233,1147.1219133649554,1152.3036150251116,1169.180517578125,0.9774609242831153,0,1.54617732106196,1.2194139827215176,4,1,1,0,1,12653357.142857144,1.6294950634219036,0
2023-01-16,1110.5885009765625,1126.7421991055548,1102.8182596793808,1123.584175159578,13623855,-0.9523464256063208,-0.00956910242858297,1.0216934560306694,1142.5811941964287,1149.0384608677455,1165.5703450520834,0.9719996326017194,0,1.565153213657002,1.2024697762038832,0,1,1,1,0,12651465.142857144,1.0768598613807079,1
2023-01-17,1126.3560791015625,1128.2644751675343,1113.5421334042796,1116.9046027544262,10751000,1.4197498093249994,0.014097657498643636,1.013221180700407,1138.8097272600446,1146.90767124721,1162.3683756510416,0.989064329307719,0,1.64574821084316,1.2851264091243706,1,1,1,0,0,13280237.0,0.8095488054919502,0
2023-01-18,1124.492919921875,1131.9450149571076,1117.9724269094495,1123.947732620178,13448286,-0.16541475775349035,-0.001655517190208407,1.0124981508589477,1130.8837716238838,1144.6811261858259,1159.705615234375,0.99434879882233,0,1.1676280427463954,1.28456597996688,2,1,1,0,0,13669598.857142856,0.9838098499117834,0
2023-01-19,1123.2889404296875,1127.4238787769261,1116.2911675478767,1123.6751148013898,11940054,-0.10706865920251385,-0.0010712601863773826,1.0099729457266102,1125.2784946986608,1142.2420131138392,1157.0216552734375,0.9982319449999744,0,1.1255404096606645,1.2811324660603636,3,1,1,0,0,14225729.142857144,0.8393280850560269,0
2023-01-20,1109.9296875,1124.6293134044963,1107.475983857866,1124.6293134044963,14930286,-1.189298002397965,-0.011964267286650876,1.0154886695482797,1119.858189174107,1137.9171491350446,1154.5005167643228,0.9911341437959842,0,1.1176416499967001,1.244808884331078,4,1,1,0,1,14714405.285714285,1.0146713856315557,0
2023-01-23,1104.3177490234375,1120.6305800710875,1101.9094778576764,1112.8150268033937,10954118,-0.5056120707252032,-0.005068946135093869,1.0169896916122443,1117.17724609375,1133.8032488141741,1151.7317301432292,0.9884892955748282,0,0.8429333827969192,1.2412357966855194,0,1,1,1,0,13752311.714285715,0.7965292110577316,0
2023-01-24,1097.7972412109375,1110.3839043654414,1084.8014472016187,1108.7253859560433,16488755,-0.590455764952269,-0.005922058473795627,1.0235826171045548,1113.8244454520088,1130.473179408482,1148.5653483072917,0.9856106549766313,0,0.8520475072104963,1.1993891424889782,1,1,1,0,0,13162336.285714285,1.25272251385159,0
2023-01-25,1082.620361328125,1097.2292417944516,1081.4617181061994,1096.2068953996695,12385018,-1.3824847898207038,-0.013921301106977587,1.0145798260116534,1109.8289969308037,1126.2050955636162,1145.036962890625,0.9754839388068582,0,0.9198614090924359,1.2334637406574533,2,1,1,0,0,12985359.57142857,0.9537678130415818,0
2023-01-27,1062.0816650390625,1084.8014072954272,1050.403647808396,1083.4610350495245,25830975,-1.8971282106560627,-0.019153545743886797,1.0327471820559648,1100.646937779018,1119.7283325195312,1141.386649576823,0.9649612683084589,0,0.6708081709223844,1.2366007471269405,4,1,1,0,1,15139641.714285715,1.7061813936868784,1
2023-01-30,1072.26025390625,1077.781116815708,1045.564464693845,1059.5144571522903,21772103,0.9583621676411358,0.009537990086468289,1.0308126884661257,1093.1851283482142,1112.0344499860491,1138.2687418619792,0.9808588006739706,0,0.9385160462455893,1.0177331309207411,0,1,1,1,0,16328758.42857143,1.3333593668642938,0
2023-01-31,1069.5791015625,1084.9377325667872,1063.740093440895,1082.3703285922786,22691594,-0.25004678985186546,-0.0025035992894251904,1.0199274609057218,1085.5122942243304,1105.3953944614955,1134.551025390625,0.9853219601964843,0,0.9256038803073351,0.9959845494961388,1,1,1,0,0,17864692.714285713,1.2701922368837835,0
2023-02-01,1063.240478515625,1081.438989315294,1047.3819702702858,1081.438989315294,19347800,-0.5926277951406433,-0.005943908024903791,1.0325163312064838,1078.8424072265625,1099.350298200335,1130.2812174479166,0.9855382689756828,0,0.8994743176769121,0.977152923337468,2,2,1,0,0,18495766.14285714,1.0460664268007034,0
2023-02-02,1057.35595703125,1066.920892525141,1050.1083077780725,1053.2890475640809,13662663,-0.5534516041554638,-0.005549888220077393,1.016010334003206,1072.133579799107,1094.6554129464287,1126.3802286783855,0.9862166216539677,0,0.8987431039142387,0.8597742697044738,3,2,1,0,0,18882701.14285714,0.7235544796602497,1
2023-02-03,1058.28759765625,1067.3754956611733,1041.9293331709027,1067.3754956611733,24699575,0.08811040584817409,0.0008807161141636223,1.0244221577031816,1066.4893450055804,1090.1568952287946,1122.6117757161458,0.9923095834123993,0,0.9376359607948788,0.8682439200127636,4,2,1,0,1,20055675.42857143,1.2315503951970046,0
2023-02-06,1050.3128662109375,1054.6523697762398,1047.7455820077842,1051.9259524136774,14837879,-0.7535504963843365,-0.0075640403239882695,1.006592046663867,1061.873988560268,1085.8514927455358,1119.7225748697917,0.989112528912206,0,0.8686383900070769,0.8602551437512862,0,2,1,1,0,20406084.14285714,0.7271301488381732,0
2023-02-07,1047.791015625,1057.560517598404,1041.9292904027159,1050.5628652677376,15135435,-0.2401047028049108,-0.002403934163822948,1.015002195772466,1059.8324672154017,1080.23970249721,1116.418367513021,0.9886383443016806,0,0.579362758062067,0.6881715660534911,1,2,1,0,0,18878149.85714286,0.8017435561500885,1
2023-02-08,1068.7159423828125,1072.3284093286718,1048.290888887822,1051.017186057536,21160332,1.9970515537710565,0.019773720542805667,1.0229302006682062,1059.326136997768,1076.2556326729912,1113.498876953125,1.0088639419505463,0,0.9423596807520774,0.9608364305689052,2,2,1,0,0,18790754.0,1.1261034017049023,1
2023-02-09,1070.578857421875,1077.3039157739506,1060.559478401166,1069.3974980927496,13172763,0.1743133947182285,0.0017416164524118828,1.0157883058082018,1059.468959263393,1072.4906267438616,1110.6452677408854,1.0104862894390094,0,0.9405069774820517,0.9694040766987445,3,2,1,0,0,17430921.0,0.7557123917892806,0
2023-02-10,1061.763671875,1070.0563840638993,1054.7886158361225,1070.0563840638993,10790445,-0.8234036648270271,-0.00826812357231372,1.0144747184398404,1059.2579868861608,1069.0501970563616,1107.5152384440105,1.0023655096490753,0,0.969053932733351,0.9494240525733528,4,2,1,0,1,16208441.714285715,0.6657299443221351,0
2023-02-13,1055.72021484375,1067.8298390073717,1051.267130813873,1063.3767549774948,10352493,-0.569190413209153,-0.005708164750359136,1.0157549948134268,1059.0243094308037,1065.5789446149554,1104.1246948242188,0.9968800578441589,0,0.9705262752305276,0.9505716276614451,0,2,1,1,0,15735560.285714285,0.6579043143064078,1
2023-02-14,1080.598388671875,1082.3250555378218,1055.8565481440585,1058.7192622894795,14321920,2.356512026418578,0.02329174917014298,1.0250682798153674,1062.2115652901787,1064.3504551478795,1101.1287150065104,1.0173099446311087,0,1.3256435398527495,1.1831429282057029,1,2,1,0,0,14253038.142857144,1.0048327841722207,1
2023-02-15,1105.0675048828125,1107.4531801088635,1078.2809718116707,1079.6440602664363,33503591,2.2644042844642387,0.0223914722108169,1.0270543662179064,1070.033656529018,1065.953822544643,1099.23388671875,1.0327408844946406,1,1.4116099396539143,1.2781918302746864,2,2,1,0,0,16919568.42857143,1.9801681787239778,0
2023-02-16,1104.2042236328125,1119.5401413378127,1101.9322491792432,1113.019527781497,17264487,-0.07812022760469439,-0.0007815075735547549,1.0159791059492853,1078.0926862444196,1068.9625767299108,1097.8934204101563,1.0242201229277916,1,1.3941405795578212,1.1384413350131746,3,2,1,0,0,17223718.714285713,1.002366985108766,1
2023-02-17,1108.8162841796875,1112.1334412904273,1095.3661670147737,1099.6375221146495,11809520,0.41768184255819296,0.004168119732995959,1.0153074604461718,1083.8213065011162,1071.573721749442,1096.7748453776042,1.023061899160538,1,1.2840700847523534,1.1228751758284292,4,2,1,0,1,15887888.42857143,0.7433033063577387,0
2023-02-20,1097.093017578125,1113.1558521216361,1095.1390690194628,1110.9974583087273,8836937,-1.0572776364152547,-0.010629065269061383,1.0164515937855314,1087.6090436662946,1073.5390014648438,1094.9194010416666,1.0087200211942522,1,1.4189547109019542,1.1700170204318818,0,2,1,1,0,15268484.714285715,0.578769744697184,1
2023-02-21,1106.0445556640625,1111.8152960708703,1096.161352929149,1101.4551746278107,13311592,0.8159324635661491,0.008126217313412865,1.0142806924362833,1093.9348842075892,1076.596435546875,1092.4550659179688,1.0110698284068755,1,1.3234114579997518,1.1582397962063053,1,2,1,0,0,15628648.57142857,0.8517429987091472,0
2023-02-22,1080.9617919921875,1104.181409716533,1079.2124090771258,1102.34116225432,11024335,-2.2677896241544704,-0.022938994724938457,1.0231363172155878,1097.5408238002233,1078.2825666155134,1089.7362630208333,0.9848943825609775,1,1.6797444102605992,1.3317293154003496,2,2,1,0,0,15724626.0,0.7010872627431648,0
2023-02-23,1075.78173828125,1088.1640768500556,1072.9872927091903,1080.5529686414243,9851910,-0.4792078452089177,-0.00480359727416719,1.0141444211352637,1096.8527308872767,1079.5321480887276,1087.3332600911458,0.9807895882348929,1,1.4400852336905292,1.3428678216668883,3,2,1,0,0,15086053.142857144,0.6530475470759312,1
2023-02-24,1083.14306640625,1088.8003468562933,1076.009116649248,1077.8266482510571,9434053,0.6842771040862727,0.006819465538842295,1.0118876596946298,1093.720668247768,1081.877162388393,1086.001883951823,0.9903287903862472,1,1.0995122157694752,1.3253331837876103,4,2,1,0,1,11647547.714285715,0.8099604510251661,0
2023-02-27,1075.940673828125,1085.846592046861,1068.6022799971277,1082.370422196558,11199715,-0.6649530243517776,-0.006671736866900637,1.0161372592708482,1089.6830182756696,1083.8878522600446,1084.4910115559896,0.9873886770583149,1,1.1038602570556169,1.3416448567915116,0,2,1,1,0,10781151.714285715,1.0388236152135455,0
2023-02-28,1055.356689453125,1075.55458156191,1051.3126158801917,1070.6016220746747,21994038,-1.9131151815056424,-0.019316520316681865,1.023058760368268,1082.045933314732,1082.9336199079241,1082.649951171875,0.9753344631314795,0,1.1776718741763026,1.3452844691418822,1,2,1,0,0,12236082.857142856,1.797473771368008,1
2023-03-01,1065.0579833984375,1065.7850199744744,1055.6746563210354,1065.1034156724897,11551145,0.9192431376295662,0.009150438129508586,1.0095771586377502,1077.4694998604912,1082.539271763393,1080.6066813151042,0.9884808651533424,0,1.306878420018867,1.3706699633805743,2,3,1,0,0,12623826.857142856,0.9150272045646833,0
2023-03-02,1056.947021484375,1068.5796069332716,1054.9249246750653,1061.9226969308686,9333535,-0.7615512057082219,-0.0076446581382081736,1.0129437478808383,1070.45556640625,1082.1952253069196,1078.3551513671875,0.9873805645504501,0,1.1900084336347425,1.3680067929930557,3,3,1,0,0,12055533.0,0.7742117250228588,1
2023-03-03,1083.9154052734375,1087.5733043694927,1063.9902277008234,1067.443561368033,14643807,2.5515360033077306,0.02519527650986574,1.0221647493131867,1070.8775111607142,1084.2091674804688,1077.0427001953126,1.0121749630343733,0,1.4559762879935019,1.5182986421834042,4,3,1,0,1,12572600.42857143,1.1647397118198175,1
2023-03-06,1094.5029296875,1101.7278641326047,1090.5497203643376,1090.5497203643376,10171916,0.9767851220263468,0.00972045415657786,1.0102500083760808,1073.551967075893,1085.202348981585,1076.528474934896,1.019515555142312,0,1.4720142133040746,1.4082839162351009,0,3,1,1,0,12618315.57142857,0.8061231265314119,1
2023-03-08,1098.433349609375,1099.1831022898903,1083.7336057675889,1094.5027369272827,15782657,0.35910547292890005,0.003584622287156222,1.0142558064454952,1075.736293247768,1084.728480747768,1076.3323282877604,1.0210990895297232,0,1.4613395635291575,1.268183265972205,2,3,1,0,0,13525259.0,1.166902386120665,0
2023-03-09,1072.032958984375,1098.2288726400263,1070.147279158801,1097.8199821583767,16235128,-2.4034585834806,-0.024328129503078985,1.0262408679890296,1075.1780482700892,1082.4305332728795,1075.4735188802083,0.9970748200349007,0,1.7533047884623145,1.4176575092204309,3,3,1,0,0,14244603.714285715,1.1397388320264759,0
2023-03-10,1055.4249267578125,1065.103564973256,1051.9487563495386,1063.9676377715205,13334091,-1.549209106620808,-0.015613347482922216,1.012505180071097,1075.1877964564733,1078.6168648856026,1074.5670043945313,0.981619146195861,0,1.6928187081741215,1.4486833249493951,4,3,1,0,1,13007468.42857143,1.025110387407217,0
2023-03-13,1038.06689453125,1065.1034247048499,1033.750107312473,1058.287501818403,12771592,-1.6446486894984624,-0.016583231748630314,1.030329687194799,1071.3319266183037,1074.4007132393974,1073.766512044271,0.9689498359373496,0,1.7408005388406789,1.479172611487874,0,3,1,1,0,13181818.0,0.9688794064673022,0
2023-03-14,1034.181884765625,1047.3592882483779,1031.0465769110588,1036.0221323528851,16027522,-0.3742542784180847,-0.0037495636200865633,1.0158215076822144,1068.0797642299108,1069.2676653180804,1072.4972330729167,0.9682627828000034,0,1.731785068222689,1.438542721539433,1,3,1,0,0,14138101.857142856,1.1336402978241786,0
2023-03-15,1016.5057983398438,1044.3375136051593,1012.120862693993,1037.8851690827282,21728555,-1.7091854620705504,-0.017239606355383134,1.031830833745897,1058.4498203822545,1064.6636657714844,1070.7281229654948,0.9603722148799998,0,1.2433109660502348,1.3918027464896081,2,3,1,0,0,15150208.714285715,1.434208294405298,0
2023-03-16,1011.439208984375,1024.2077207730244,1000.6700777539616,1019.20944966423,18363159,-0.4984319188088726,-0.0049967823377645515,1.0235218815295186,1046.5835745675224,1060.0677708217077,1069.0014139811199,0.9664199148188715,0,0.9647160236446215,1.3918653734684328,3,3,1,0,0,16320386.285714285,1.1251669340739694,0
2023-03-17,1010.1671142578125,1023.2763697645565,1005.4413760837782,1020.0047649704466,34014213,-0.12577075470900922,-0.0012584991250123906,1.0177384719835643,1033.974112374442,1054.8552028111048,1067.4284525553385,0.9769752474150841,0,0.8518581347497719,1.3583905164877597,4,3,1,0,1,18924894.285714287,1.7973264466621666,0
2023-03-20,1000.2384033203125,1008.7583365239902,990.5824830291841,1006.4863623490892,19524589,-0.982878060210346,-0.009877401920671823,1.0183486522386553,1023.7177472795759,1049.4478977748327,1065.4934794108074,0.9770646313188793,0,0.6615556172607902,1.3642136696097742,0,3,1,1,0,19394817.285714287,1.0066910511387648,1
2023-03-21,1031.341796875,1033.2957451749278,1007.3951430408976,1008.2811925498517,21400360,3.1095980169766557,0.030622294949898474,1.0257104695341763,1020.2773001534598,1047.7325483049665,1064.8611104329427,1.0108445975617373,0,1.6308769120625872,1.606146126566528,1,3,1,0,0,20547141.42857143,1.0415249281460701,1
2023-03-22,1034.477294921875,1041.2250703817986,1031.4782836063534,1038.2942074878824,10920094,0.3040212329584291,0.003035600229557604,1.009449337839055,1019.7645002092634,1045.5482134137835,1064.4173197428386,1.0144276396262004,0,1.5298561162136126,1.5828182716720198,2,3,1,0,0,20282641.714285713,0.538396041000351,0
2023-03-23,1021.390625,1031.4327203269945,1019.2322313496287,1030.569386905087,16249370,-1.2650514405793012,-0.012731213475351612,1.011970273900395,1017.9371773856027,1043.0084708077568,1062.8398091634115,1.0033925940530701,0,1.5978742267415809,1.6022503479403991,3,3,1,0,0,20314334.285714287,0.7998967513017198,0
2023-03-24,1001.1699829101562,1022.3902814688943,998.7617116838695,1020.231887763167,12375945,-1.9797168286955547,-0.019995757597330435,1.023657865042892,1015.7463466099331,1037.0980834960938,1060.5261800130208,0.9856496026311828,0,1.6440024259477755,1.446774794941951,4,3,1,0,1,18978247.14285714,0.6521121211480242,1
2023-03-27,1016.7329711914062,1024.207782359069,999.7613722312702,1007.6224178329715,14054323,1.5544801129586672,0.015425218376424478,1.0244522451124902,1016.5025983537946,1031.5430864606585,1059.0251566569011,1.000226632807417,0,1.761910055539492,1.501072140999482,0,3,1,1,0,18362699.14285714,0.7653734829864026,1
2023-03-28,1021.4814453125,1025.3437895017669,1016.4830539075199,1020.1182367301237,12576424,0.467032569577186,0.004659453562513259,1.0087170519569264,1018.1189313616071,1026.0465218680245,1057.8838643391928,1.0033026730446863,0,1.764178323716167,1.5061732736838644,1,3,1,0,0,15300157.857142856,0.8219800159858295,0
2023-03-29,1015.43798828125,1020.0273690208079,1004.7142290356181,1017.391816410892,18804065,-0.5916364960893761,-0.005933935986747541,1.0152412890577733,1020.290300641741,1022.0040239606585,1055.7118509928384,0.995244184564492,0,1.727285516923858,1.4051347156210874,2,3,1,0,0,15197225.857142856,1.2373353648068532,1
2023-03-31,1059.218994140625,1064.8535577563764,1024.5259234682055,1024.6622202928697,28171201,4.311539095900829,0.0422118036086777,1.0393622390262753,1024.2727573939733,1022.2750287737165,1054.1835673014323,1.0341180964683316,1,2.0842848126003917,1.836143994313893,4,3,1,0,1,16164488.857142856,1.7427832855693144,1
2023-04-03,1059.4007568359375,1067.3754434349298,1051.9259454677697,1065.5579119993613,10293043,0.017160067589228056,0.0001715859541804436,1.014686868437578,1027.833251953125,1023.7988760811942,1052.690118408203,1.0307126713626231,1,2.0893026237518706,1.7713567296632267,0,4,2,1,0,16074910.142857144,0.6403172962415404,0
2023-04-05,1056.856201171875,1066.9210129823457,1048.995215362799,1066.9210129823457,16262928,-0.24018820523238338,-0.002404771198206064,1.0170885408789467,1032.8997628348213,1025.418470110212,1050.958115641276,1.0231933815836152,1,1.9900716311086357,1.7686078622939951,2,4,2,0,0,16076847.0,1.011574471039004,1
2023-04-06,1063.9447021484375,1069.6474143387793,1053.3572991214214,1053.3572991214214,18435046,0.6707157481502746,0.0066847645735033795,1.0154649473933917,1041.8675798688616,1028.8069632393974,1049.8531717936198,1.0211899503412465,1,1.6638125560466634,1.6866338867090378,3,4,2,0,0,16942432.85714286,1.0880991033249314,0
2023-04-10,1056.4017333984375,1068.0116029231133,1054.9022279148219,1067.829873819937,12961408,-0.7089624803590211,-0.007114875610125196,1.01242709955614,1047.5345458984375,1032.0185721261162,1048.1984110514322,1.0084648163010175,1,1.7304359124595516,1.6955927951272307,0,4,2,1,0,16786302.14285714,0.7721419458373863,1
2023-04-11,1061.6273193359375,1063.7402807994256,1056.0383079017138,1060.559540630498,10542367,0.49465897037950235,0.004934395525477916,1.0072932703672608,1053.2696707589287,1035.694301060268,1047.5539286295573,1.0079349560791842,1,1.730217880329133,1.6910261948013665,1,4,2,0,0,16495722.57142857,0.6390970116252994,1
2023-04-12,1066.3076171875,1075.9179854968688,1058.7646577412916,1061.6272515959452,18179087,0.44086072073674654,0.004398917766135524,1.0162012659094337,1060.5367606026787,1040.41353062221,1047.238124593099,1.005441448895691,1,1.657696119624396,1.6456999825310703,2,4,2,0,0,16406440.0,1.1080458039647845,1
2023-04-13,1070.3291015625,1075.0093475188144,1064.1947822733791,1069.1930541875877,12378208,0.377141109205148,0.003764317151754576,1.0101622047256544,1062.1239188058037,1043.1983380998884,1046.8109924316407,1.0077252593707915,1,0.4888485263014596,1.460186157412911,3,4,2,0,0,14150298.142857144,0.8747665861901526,1
2023-04-17,1075.7589111328125,1101.8866740573628,1067.3980510351955,1101.8866740573628,17929479,0.5073028064345619,0.005060203611727101,1.0323109293564094,1064.4607979910713,1046.1470249720983,1046.8049336751303,1.010613930699058,1,0.5015545940223123,1.4615054941547136,0,4,2,1,0,15241217.57142857,1.176381015228789,0
2023-04-18,1063.4449462890625,1080.0985197030036,1056.9243329412964,1080.0985197030036,10405576,-1.1446770011677598,-0.011512788566532471,1.0219260603994387,1065.4020472935267,1049.1509050641741,1047.0745422363282,0.9981630399439949,1,0.7122073456197242,1.4519783942362021,1,4,2,0,0,14404453.0,0.7223860565895838,1
2023-04-19,1068.7386474609375,1071.4195123263064,1059.741614492453,1062.8542061722762,12273475,0.49778798520296874,0.004965531171330426,1.0110195708785545,1066.0868966238838,1053.9772382463727,1047.1972310384115,1.0024873683800555,1,0.6914443703390921,1.2955341567318504,2,4,2,0,0,13524228.57142857,0.9075175663570988,0
2023-04-20,1066.034912109375,1071.9193532094926,1059.6961482625013,1069.692811176778,7007330,-0.25298377278542006,-0.0025330431746335715,1.0115346318536995,1067.4630650111608,1057.4988054547991,1047.5001607259114,0.9986621055579372,1,0.6244701982731515,1.269508540072805,3,4,2,0,0,12673646.0,0.5529056121655915,1
2023-04-21,1067.37548828125,1072.8282030082607,1061.6500596936005,1068.1252410633845,7647317,0.12575349612353737,0.0012567449264075912,1.0105290281035602,1068.2842320033483,1060.7769513811384,1046.9488301595052,0.9991493427546018,1,0.6039373615856909,1.270284667091306,4,4,2,0,1,12260067.42857143,0.6237581517845765,1
2023-04-24,1071.465087890625,1081.8706418346944,1066.9210188410907,1079.1897769115358,12936186,0.38314535552623763,0.0038241322320038723,1.014011930339363,1069.0210135323662,1064.7788870675224,1046.1809020996093,1.0022862734476874,1,0.5985395345230364,1.2427861920231484,0,4,2,1,0,11511081.57142857,1.123802825974985,1
2023-04-25,1079.666748046875,1081.7342770992536,1068.0569991057368,1075.1000833366595,9236126,0.7654621927436267,0.007625473958966235,1.0128057566262554,1070.3549630301338,1066.2394409179688,1045.5553487141926,1.0086997167653429,1,0.6476756598036387,0.551417356269808,1,4,2,0,0,11062212.714285715,0.8349257276595747,0
2023-04-26,1073.328125,1084.2336751201349,1069.6702254865136,1081.0073822687018,8617834,-0.5870906979715373,-0.005888208504426594,1.013614896709869,1070.0077078683037,1067.2342529296875,1045.5985209147136,1.0031031712269731,1,0.6719181686102964,0.5842793202858308,2,4,2,0,0,9731977.714285715,0.8855172353456743,1
2023-04-27,1080.1212158203125,1083.2792397187284,1074.191342363561,1079.189733985385,9167125,0.632899731413672,0.00630905331673978,1.0084602221194328,1072.3900320870537,1068.89603969029,1046.4217305501302,1.0072093021213677,1,0.49256135135007756,0.5922993251016717,3,4,2,0,0,9555056.142857144,0.9594004329166459,1
2023-04-28,1099.8648681640625,1101.4099263842236,1082.2570938243377,1082.3706745336378,15565210,1.827910798766741,0.018114053425717765,1.0176971189832593,1076.836635044643,1071.4617658342634,1048.4816630045573,1.0213850758508647,1,0.7854588152992406,0.7333991347447596,4,4,2,0,1,10025304.0,1.552592320392479,1
2023-05-02,1109.20263671875,1111.361030519598,1103.3181951274973,1106.9988106394346,12981805,0.8489923466938665,0.008454086757789265,1.007289678922744,1083.003452845982,1075.2332589285713,1050.982354736328,1.0241912283879797,1,0.7386315615897873,0.6955634452395061,1,5,2,0,0,10878800.42857143,1.1933121749255888,0
2023-05-03,1099.68310546875,1110.9975466381402,1096.4796487993453,1110.9975466381402,7061872,-0.8582319348032552,-0.008619359530109035,1.0132404626521725,1087.6188267299108,1077.9515293666295,1053.754931640625,1.011092377625636,1,0.9110087241674106,0.7646512211232812,2,5,2,0,0,10795165.42857143,0.6541698732387585,1
2023-05-04,1112.360595703125,1114.564421653396,1097.1838117593734,1100.1601065895743,8635233,1.1528312266806173,0.01146236761140512,1.0158411104025973,1093.4610421316963,1081.2410278320312,1057.1189778645833,1.0172841581393555,1,0.9499650041511595,0.8008131092626055,3,5,2,0,0,10180743.57142857,0.8481927611097169,0
2023-05-05,1109.5206298828125,1118.4267984938415,1106.9079133744922,1109.1798878043744,8746585,-0.25530981871192404,-0.0025563629002350588,1.0104063626071957,1097.7258823939733,1084.0404227120537,1060.43076171875,1.0107447111141414,1,0.9872724088691163,0.8141846852563264,4,5,2,0,1,10110809.142857144,0.8650727035213686,1
2023-05-08,1123.2205810546875,1128.5597141757223,1110.6110827431748,1113.2692311404737,9153782,1.2347630862277859,0.012272020636839893,1.0161610411704292,1104.8533761160713,1087.4305419921875,1064.530167643229,1.016624110796659,1,0.9234299313002298,0.8534305198447261,0,5,2,1,0,10187373.142857144,0.8985419373215122,1
2023-05-09,1126.69677734375,1129.9912183396398,1119.290114376559,1124.6292481933926,6464721,0.30948473947995936,0.0030900682126218312,1.0095606168817468,1111.5070277622767,1091.948529924665,1067.7086669921875,1.0136659051198749,1,0.9327540917116744,0.7439421124882154,1,5,2,0,0,9801315.42857143,0.6595768748707899,1
2023-05-10,1134.4443359375,1135.9211253467272,1127.446563252221,1131.4453248412979,10872255,0.6876347522725146,0.006852813269969247,1.0075165975672147,1116.4469517299108,1096.6417933872767,1071.0409016927083,1.0161202322955898,1,0.7696362897277531,0.7472684436181455,2,5,2,0,0,9130893.285714285,1.1907109917723118,0
2023-05-11,1127.0377197265625,1140.3059886325332,1125.3336486663607,1135.5121619830659,10557860,-0.6528849390231795,-0.006550255550010045,1.0133048007441317,1118.9948207310267,1100.9991367885045,1074.5624715169272,1.0071876105648832,1,0.8442120676908113,0.7821966591750075,3,5,2,0,0,8784615.42857143,1.201857962462557,1
2023-05-12,1128.8778076171875,1130.2637323324755,1116.2228762779578,1122.2663301444138,6955341,0.16326764032985608,0.0016313450361104868,1.012578900104016,1123.165492466518,1105.3921595982142,1078.8193990071616,1.0050859069202038,1,0.7005811863179222,0.7812445299048827,4,5,2,0,1,8769396.714285715,0.793137912060639,1
2023-05-15,1131.1044921875,1138.0567125858797,1123.7886933664054,1131.3999221918086,6833343,0.197247616640861,0.0019705333895962385,1.0126963541310718,1125.8431919642858,1109.6521170479912,1082.6317830403646,1.0046732087210428,1,0.6116980500541667,0.783199522822828,0,5,2,1,0,8511983.857142856,0.8027908786816812,0
2023-05-16,1114.99609375,1135.8073202110538,1113.3374551908087,1133.2627523170945,8717229,-1.4241300029095627,-0.014343680525680972,1.0201824387704572,1126.6254010881696,1112.1756417410713,1085.7489379882813,0.9896777515162207,1,0.8732396141594138,0.9107919854696974,1,5,2,0,0,8507790.142857144,1.0246173040973154,0
2023-05-17,1108.4073486328125,1120.0852459817609,1103.7271032383842,1119.1764803056624,8798967,-0.5909209148014072,-0.005926737611407296,1.0148208218275887,1124.5092250279017,1114.6813005719866,1088.8479166666666,0.9856809743871245,1,0.7294413366014093,0.9110581684298957,2,5,2,0,0,8457102.285714285,1.0404233864905703,0
2023-05-18,1106.021728515625,1116.4501175173966,1102.8863008214023,1113.0648123295457,10525531,-0.21522954716333142,-0.002154614988319718,1.0122984723682689,1121.5556466238838,1116.5313371930804,1090.4080078125,0.9861496679589469,1,0.6960939325271113,0.9106785490927927,3,5,2,0,0,9037218.0,1.1646870751596343,1
2023-05-19,1109.6114501953125,1111.4291017814717,1099.1149119209986,1106.0218196807168,8050447,0.3245615874567953,0.0032403602321592058,1.0112037328644288,1118.008091517857,1117.2275216238838,1092.081697591146,0.9924896417241981,1,0.6232431102101739,0.7797881577665645,4,5,2,0,1,8634102.57142857,0.9324011306791783,1
2023-05-22,1115.541259765625,1120.539651102296,1105.2492875108546,1106.4533629289124,7434906,0.5344041438350988,0.005329812718969759,1.0138343120997408,1116.3657400948662,1117.6802804129463,1094.0378662109374,0.9992614603802056,0,0.675054212577722,0.7597608122889533,0,5,2,1,0,8187966.285714285,0.9080284090778237,0
2023-05-23,1115.3367919921875,1121.4483940779485,1113.9281511842048,1118.1086413363598,6092034,-0.018329019356977394,-0.00018330699327014828,1.0067511022912465,1114.4313092912946,1118.7984008789062,1095.7509358723958,1.0008125065164122,0,0.6646694206369806,0.7149270996831033,1,5,2,0,0,8064636.714285715,0.7554009208137743,0
2023-05-24,1108.8389892578125,1119.630957590089,1105.749113749558,1111.4063935962217,8112254,-0.5825866035288563,-0.005842902593513988,1.0125542436958943,1111.250523158482,1118.5468575613838,1097.4988444010417,0.9978298917747049,0,0.658110717489414,0.6678708995953246,2,5,2,0,0,8247338.285714285,0.9836208627517713,0
2023-05-25,1108.7027587890625,1112.8151011277312,1097.8427615845399,1105.9537453747698,11487863,-0.012285865672989615,-0.00012286620447287292,1.0136379635291135,1110.3514753069196,1118.4884381975446,1099.068025716146,0.9985151399763743,0,0.4245530057588633,0.6644499674047053,3,5,2,0,0,8643143.142857144,1.3291302492767099,1
2023-05-26,1138.94287109375,1140.0787982471202,1113.6102893364032,1116.904610291511,12626260,2.7275220580957216,0.02690988003118504,1.0237681971549397,1114.7136928013392,1119.6114589146205,1101.4892008463542,1.0217357860129281,0,1.090093701788992,0.9407274682054235,4,5,2,0,1,9189899.285714285,1.3739280058952923,1
2023-05-29,1145.349609375,1149.6209640491697,1139.260723455887,1145.5313384612555,10010304,0.5625162107645965,0.0056093999653885635,1.0090938275848353,1120.3319614955358,1120.94380405971,1103.989884440104,1.0223305669563048,0,1.0567747706360018,0.947398224396724,0,5,2,1,0,9116295.42857143,1.0980670907863137,0
2023-05-30,1145.054443359375,1153.1199946776444,1142.509755067562,1145.349753161613,11342504,-0.025770822568849105,-0.000257741438159492,1.0092867825093141,1125.3952462332588,1121.701668875558,1106.299735514323,1.0174687046101503,1,1.0748910185902172,0.9336911526200804,1,5,2,0,0,9586589.285714285,1.1831636530942593,0
2023-05-31,1122.311767578125,1140.4649655887667,1118.267694287889,1135.9891655098565,27107927,-1.9861654538038565,-0.020061548442166136,1.0198496937846468,1126.3624616350446,1121.3641008649554,1108.261962890625,0.9964037384102453,1,1.4129199292510053,1.0710460312745846,2,5,2,0,0,12397020.857142856,2.1866484950197598,0
2023-06-01,1119.2901611328125,1129.1279320638168,1116.9046059479208,1126.969538270473,14592692,-0.26923057679711926,-0.0026959365413776384,1.01094393026119,1126.9272286551338,1120.6792689732142,1109.9470133463542,0.9932231049812903,1,1.4194410043099501,1.0714444247033976,3,6,2,0,0,13611400.57142857,1.072093347295299,0
2023-06-02,1115.63232421875,1128.196393125224,1113.723928040502,1122.811826505655,15800644,-0.32679970226491273,-0.003273348587364937,1.0129946611726166,1127.897705078125,1119.5741141183037,1111.6002604166667,0.9891254492281059,1,1.4033688585096675,1.0710854478542478,4,6,2,0,1,14709742.0,1.0741618717717822,1
2023-06-05,1125.6517333984375,1128.6053121788445,1117.1090229973545,1121.085068396339,10908682,0.8980924057308881,0.008940835402179258,1.0102911076222838,1130.3189871651787,1120.3352312360491,1113.5428019205729,0.9958708525471677,1,1.4335543743154118,1.0280385710573636,0,6,2,1,0,14627001.857142856,0.7457907031489796,1
2023-06-06,1126.60595703125,1130.4001532166621,1118.722254852153,1128.4690410109154,7493309,0.08477076919088944,0.0008473485906710248,1.0104386037855773,1128.5565708705358,1121.6351318359375,1115.3808308919272,0.998271585235837,1,0.9213832218660231,1.0101855745293877,1,6,2,0,0,13893723.142857144,0.5393305252273117,1
2023-06-07,1135.1485595703125,1135.989176828128,1123.5386905370437,1130.0820196952836,10312545,0.758260018575907,0.00755399677412907,1.0110814931394423,1127.0992780412946,1123.715619768415,1117.230224609375,1.0071415905287475,1,0.949225074951303,1.01872196388124,2,6,2,0,0,13936900.42857143,0.7399453739985616,1
2023-06-08,1135.830078125,1143.6457515710592,1131.899585359948,1138.7155083681228,12071109,0.0600378293168502,0.0006001981382248533,1.0103773924498576,1125.7815115792412,1125.58837890625,1119.313623046875,1.0089258585634993,1,0.9512544504355769,1.018500087263175,3,6,2,0,0,14040986.857142856,0.8597051704994119,0
2023-06-09,1127.7874755859375,1139.8743850627466,1125.9925399615922,1139.170064535181,5877018,-0.7080814898245191,-0.007106002839247765,1.0123285409170009,1126.563755580357,1126.4631086077009,1120.902498372396,1.0010862412353663,1,0.5827645894028551,1.0384069229945727,4,6,2,0,1,11007999.857142856,0.5338860897773838,1
2023-06-12,1128.7869873046875,1131.0816777652867,1120.0852643496842,1124.8564945620458,6391969,0.08862589276679156,0.0008858664321091564,1.0098174788702243,1127.920445033482,1127.423836844308,1121.8665690104167,1.0007682654171408,1,0.5633148506887697,1.0379974782061274,0,6,2,1,0,9836468.0,0.6498235952173077,1
2023-06-13,1145.46337890625,1146.6448585440896,1129.741286337972,1133.7173319025067,11248016,1.477372771755836,0.01466565928444552,1.0149623390864204,1132.1820242745537,1130.0398646763392,1123.0752604166667,1.0117307591420261,1,0.7157843657588433,1.0803636002763375,1,6,2,0,0,9186092.57142857,1.2244614249789527,1
2023-06-14,1159.5496826171875,1160.9810398065779,1143.7140091659376,1145.5315407318087,13277380,1.2297471896821177,0.012222472234111348,1.0150973324644614,1137.0245884486608,1133.6717878069196,1125.0708129882812,1.0198105602969059,1,0.7650825540624369,1.1088697815964534,2,6,2,0,0,9524478.0,1.394027053241133,1
2023-06-15,1159.86767578125,1164.4116242878063,1152.1201510303479,1159.5268135380984,11813494,0.027423849864272043,0.0002742009021391003,1.0106685689391564,1141.7762625558037,1135.1664167131696,1126.6543823242187,1.0158449722758727,1,0.7696543299057063,0.8677311824603875,3,6,2,0,0,10141647.285714285,1.1648496212879251,1
2023-06-16,1171.159423828125,1173.4313981302719,1163.3437504987226,1163.3437504987226,24171579,0.9735376097337323,0.009688292660136896,1.0086712526948503,1146.9206717354912,1137.009974888393,1128.7090087890624,1.0211337651242751,1,0.7895121853958184,0.8900251454312358,4,6,2,0,1,12121509.285714285,1.9941063798455556,0
2023-06-19,1159.5269775390625,1174.1585755296505,1155.369322961202,1174.1585755296505,6798554,-0.9932419150110228,-0.009982074698609943,1.016262551025928,1150.305943080357,1138.0437273297991,1129.9192220052084,1.0080161582352716,1,0.9584680536996678,0.9418582619635777,0,6,2,1,0,11368287.142857144,0.5980279979356106,1
2023-06-20,1161.9351806640625,1165.070488566,1151.893084884151,1157.5957972211602,6921096,0.20768840843281566,0.002074730342111367,1.0114397801799238,1155.1841866629463,1140.8739711216517,1131.0938354492187,1.0058440845010337,1,0.8549524415204038,0.7272090793057062,1,6,2,0,0,11517441.142857144,0.6009230621762115,1
2023-06-21,1165.2069091796875,1167.728761153971,1157.800246036839,1161.889751966922,6961603,0.28157582024113115,0.0028118013811783936,1.00857532648755,1160.3870326450892,1144.1537388392858,1132.1192545572917,1.0041536801075857,1,0.8451600821705908,0.7116562591571427,2,6,2,0,0,11598817.42857143,0.6001993774685552,0
2023-06-22,1152.1201171875,1169.2962804989265,1150.5297472760415,1161.4352954861522,7619166,-1.1231303118002134,-0.011294850463889429,1.0163112107855674,1161.3379952566963,1146.760009765625,1132.9553344726562,0.9920627086112352,1,0.8924804978439765,0.79202743915639,3,6,2,0,0,11080410.285714285,0.6876248986757478,0
2023-06-23,1142.6915283203125,1151.1659695700039,1141.441900396204,1149.1211566554268,6628570,-0.8183685647468852,-0.00821735582612221,1.0085191100575726,1158.9296875,1147.9771379743304,1133.415791829427,0.9859886588851513,1,0.7842763270687498,0.813716349040701,4,6,2,0,1,10130580.285714285,0.6543129626392012,0
2023-06-26,1133.9671630859375,1142.9869124040958,1130.8545713330911,1139.1700001634836,12641159,-0.7634925977966556,-0.007664221231967707,1.0107284715281317,1155.2296142578125,1148.502938406808,1133.5112141927084,0.9815946103619104,1,0.8017600404365344,0.8466883753971204,0,6,2,1,0,10248818.142857144,1.23342602276636,1
2023-06-27,1134.3760986328125,1140.3058517527372,1129.9230146151945,1134.4215309070003,9689466,0.03606237995130712,0.0003605587903794412,1.0091889774818674,1149.974853515625,1148.447762625558,1134.1572143554688,0.9864355687125461,1,0.6036179950545724,0.8218436906511244,1,6,2,0,0,8179944.857142857,1.1845392810367181,1
2023-06-28,1149.3939208984375,1153.1881169201986,1135.0122016455275,1141.896393407388,11354006,1.323883876231613,0.013151971180456619,1.0160138501139635,1148.5272739955358,1149.4166085379463,1135.5234334309896,1.0007545723314752,0,0.8451661737896594,0.8952824818055485,2,6,2,0,0,8830723.714285715,1.2857390138514129,1
2023-06-30,1158.8226318359375,1161.7307784588775,1151.1888070463274,1157.0732487107562,11151555,0.8203202371324547,0.008169738986804715,1.009157465176888,1148.0826241629463,1151.6334054129463,1137.2834635416666,1.0093547340992306,0,0.9139477618460641,0.8837824543796037,4,6,2,0,1,9435075.0,1.1819254218964874,1
2023-07-03,1188.5628662109375,1191.425580555085,1161.1400387375704,1162.3669506539804,12154387,2.5664181521793505,0.02534038471318228,1.0260825919416592,1151.419189453125,1155.903111049107,1139.915177408854,1.032259039190978,0,1.3498126176163923,1.085366020099112,0,7,3,1,0,10176901.285714285,1.1943111816424503,0
2023-07-04,1176.3167724609375,1192.788615416969,1169.2735683249591,1192.788615416969,8061643,-1.030327810008047,-0.010356724300881305,1.0201108172877766,1154.8758544921875,1158.106924874442,1141.9410278320313,1.0185655608655684,0,1.3339635483638133,1.0962623194866319,1,7,3,0,0,10240112.285714285,0.787261191583474,0
2023-07-05,1174.3856201171875,1185.5183304828597,1170.432411192628,1185.5183304828597,10248062,-0.1641694132873628,-0.0016430431893808583,1.012889184497941,1159.4035818917412,1159.1666346958705,1143.9093221028645,1.0129221941862565,1,1.263188443175945,1.0577338307102524,2,7,3,0,0,10757182.57142857,0.9526715691541007,1
2023-07-06,1199.03662109375,1201.6266214253383,1170.546016490242,1170.546016490242,19117987,2.099055076483536,0.02077328425707239,1.026552228188592,1168.69921875,1161.9644165039062,1146.915909830729,1.0259582635609168,1,1.2874776717449483,1.1846887954376053,3,7,3,0,0,11682443.714285715,1.6364715694390066,0
2023-07-07,1196.6964111328125,1210.9417123971473,1194.15172307179,1197.3325831480681,13375267,-0.19517418565604405,-0.0019536489865854515,1.014060180964415,1177.6021205357142,1163.7884870256696,1149.849031575521,1.0162145518117884,1,1.313272652003312,1.1704171494380624,4,7,3,0,1,12208986.714285715,1.0955263784790283,1
2023-07-10,1242.794921875,1252.3145466417043,1215.5085119378625,1221.8245601360636,33240016,3.8521474881461293,0.03779804286982918,1.0302803594893486,1190.9451206752233,1169.7361973353795,1153.3107666015626,1.0435366838485216,1,1.7609713923783072,1.478785324836895,0,7,3,1,0,15335559.57142857,2.167512430516649,1
2023-07-11,1256.2677001953125,1258.6759714064597,1243.9536302912918,1250.9058502676546,20069348,1.0840709181516583,0.010782369940858705,1.0118351205034228,1204.8658447265625,1176.4742344447545,1157.008036295573,1.04266189110906,1,1.7559189297975968,1.483699416608048,1,7,3,0,0,16609530.0,1.2083031849787442,1
2023-07-12,1257.653564453125,1273.2166423107678,1254.8817149747802,1256.9946762890331,18733835,0.11031599854052221,0.0011025519515598433,1.014610880943752,1214.7359444754463,1183.0775669642858,1160.7613403320313,1.0353308224498219,1,1.674620851525853,1.4869557198642427,2,7,3,0,0,17549451.14285714,1.0674883702915643,0
2023-07-13,1246.4073486328125,1271.8535100977601,1243.794632147719,1264.992154591986,14682934,-0.8942220765861486,-0.008982442381892131,1.0225590923331052,1224.7488839285713,1189.8123692103795,1164.897859700521,1.0176840044424196,1,1.6501368071595988,1.468200432929841,3,7,3,0,0,18495349.85714286,0.7938716549516628,0
2023-07-14,1245.3623046875,1254.5410670168455,1238.2736675009803,1249.5881074417618,15124144,-0.08384449485626666,-0.0008387966401249691,1.0131371601793773,1234.8884102957588,1197.14599609375,1169.1002644856771,1.0084816525156575,1,1.6422364659505182,1.4271943717623443,4,7,3,0,1,19191933.0,0.7880469361788622,1
2023-07-17,1270.8084716796875,1279.1466167196916,1239.5914489485467,1248.225023984058,22220040,2.0432742260151127,0.02022679444237043,1.0319098423958124,1245.1415318080358,1206.920375279018,1174.272802734375,1.020613672595421,1,1.635304259902995,1.4141031695294826,0,7,3,1,0,19635083.42857143,1.1316498898938798,1
2023-07-18,1281.600341796875,1289.3250310279557,1269.127138140066,1280.0326878114854,25867313,0.8492129504710899,0.008456274221747098,1.0159147907888015,1257.2706647600446,1217.4363926478795,1179.4710896809895,1.019351184847277,1,1.5709385229843678,1.3957299240131067,1,7,3,0,0,21419661.42857143,1.20764341146382,1
2023-07-19,1291.3243408203125,1297.7540895736324,1270.944719940005,1285.9397747939042,39122156,0.7587387976039306,0.007558748522426604,1.0210940485553872,1264.2034388950892,1227.5742797851562,1184.9617024739584,1.0214529569298807,1,0.9424272053626374,1.390201585800814,2,7,3,0,0,22259967.14285714,1.757511848464415,0
2023-07-20,1289.760498046875,1295.224991076979,1270.1421687973038,1270.1421687973038,38717624,-0.12110379429881579,-0.0012117718420173859,1.019748043089874,1268.9881243024554,1236.9269845145088,1190.1154337565104,1.0163692420335595,1,0.9392117533953273,1.413999238924607,3,7,3,0,0,24924006.57142857,1.5534269696583867,0
2023-07-21,1249.834716796875,1287.3235564344566,1242.3763715855305,1284.4190157057792,30249238,-3.0955965321050605,-0.03144522469876361,1.0361783963997675,1267.8711460658483,1241.3035452706474,1193.9155883789062,0.9857742410773054,1,1.6244824074716873,1.652371294853389,4,7,3,0,1,26569064.14285714,1.138513492133378,0
2023-07-24,1224.554931640625,1238.1179088392782,1215.6443158350814,1221.4042392370138,23727866,-2.0226502605910968,-0.020433859139115846,1.018486980699415,1264.7493722098213,1244.7491280691963,1197.1411702473958,0.9682194421658681,1,1.7686148238177197,1.736318225655675,0,7,3,1,0,27861197.285714287,0.8516455971605486,0
2023-07-25,1223.767333984375,1233.3179681079685,1220.9119513502328,1227.8041962368873,12026020,-0.06431705396791054,-0.0006433774625798939,1.0101612706338206,1261.6643763950892,1248.2763933454241,1200.3071818033854,0.969962659547386,1,1.7689154419671356,1.73446263392868,1,7,3,0,0,27418608.14285714,0.43860796789325407,1
2023-07-26,1243.65625,1253.8961800235134,1223.3733833366434,1223.3733833366434,12911012,1.6252203718226443,0.01612155035795177,1.0249496981891348,1257.7854875837054,1251.4635096958705,1203.5802775065104,0.9887665760790032,1,1.6841615897372513,1.7011393813151325,2,7,3,0,0,26088747.0,0.49488816001780384,0
2023-07-27,1232.0872802734375,1249.2932542715916,1226.0074074454076,1247.521034743089,17226898,-0.9302385387089496,-0.009345922785489468,1.0189932350202549,1250.712193080357,1253.9914289202009,1205.9981974283853,0.9851085542221759,0,1.6154237125225104,1.7278912671560986,3,7,3,0,0,24854402.0,0.6931125520541592,1
2023-07-28,1244.46875,1251.853298343,1231.0288479774965,1236.6903350404634,20827852,1.0049182330504003,0.00999902504432335,1.0169162976153783,1244.0185372488838,1254.1109880719866,1208.818233235677,1.0003619019633838,0,1.6509529879564613,1.4052119917425572,4,7,3,0,1,22240930.0,0.936464976959147,1
2023-07-31,1255.00390625,1257.2930680054526,1239.594792375287,1244.4686660676819,8551174,0.8465585214574523,0.008429953104606966,1.0142774685236073,1239.0533098493304,1254.020717075893,1211.6130493164062,1.0128732123742192,0,1.7281229734668875,1.3927405711788328,0,7,3,1,0,17931437.14285714,0.47688168727771485,0
2023-08-01,1237.25634765625,1259.803857697837,1233.3672005487501,1257.8346449464532,9536632,-1.414143693526848,-0.014242379836358756,1.0214345388277917,1237.2563999720983,1252.5637730189733,1214.2040283203125,0.9999999577162435,0,1.3661421146110762,1.4423217540865252,1,8,3,0,0,14972493.42857143,0.6369434754134949,0
2023-08-02,1224.0382080078125,1236.665738028631,1212.838309305523,1235.2872649193357,12748214,-1.0683428437022635,-0.010740905996753274,1.0196460060176957,1237.182582310268,1250.9659772600446,1216.2741292317708,0.9893755582317445,0,1.1817009255951687,1.450360369849841,2,8,3,0,0,13403971.714285715,0.9510773576471503,0
2023-08-03,1218.8934326171875,1231.201012494138,1210.1058926997707,1218.5981228148664,10168350,-0.42031166649596496,-0.004211974589114898,1.0174324577060803,1236.4863106863838,1249.0753435407366,1218.0636800130208,0.985771878008556,0,1.1925384684736418,1.4525111016088097,3,8,3,0,0,13138590.285714285,0.773930062425049,1
2023-08-04,1235.4593505859375,1238.6346817533063,1216.77647074002,1230.1670919099247,22885610,1.3590948581271745,0.013499420013798806,1.0179640316351553,1235.3153250558037,1246.5504063197545,1220.8416544596355,1.0001165900942153,0,1.132951413955825,1.3831303920546953,4,8,3,0,1,14563532.857142856,1.5714325792024757,1
2023-08-07,1242.49951171875,1244.7393951840495,1233.2195480808575,1241.0963994857652,5982870,0.5698415839803683,0.005682241285396221,1.0093412783807387,1236.8027866908483,1243.7574898856026,1224.1685872395833,1.0046060092111724,0,1.0882839120306202,1.3688892517419913,0,8,3,1,0,12957243.142857144,0.46173942512594884,0
2023-08-08,1235.016357421875,1247.7178038434138,1230.536470478926,1244.5424722858313,9844072,-0.6022661760666237,-0.006040871137432058,1.0139624739100994,1235.4524448939733,1239.7354910714287,1227.5368937174478,0.999647022049371,0,1.0402744882553392,1.3427002981951526,1,8,3,0,0,11388131.714285715,0.8644150109057146,1
2023-08-09,1243.1639404296875,1245.034716513302,1221.453442754676,1233.1456430382627,11486586,0.6597145826327866,0.006575479896464124,1.0193059128847717,1233.761021205357,1236.4071655273438,1231.163155110677,1.0076213456761212,0,1.0138748696650068,1.367123486782977,2,8,3,0,0,11807476.285714285,0.972823126809704,1
2023-08-10,1248.7025146484375,1255.3732475116944,1234.9180240875248,1243.041027453777,15470598,0.44552243180699946,0.004445329185346052,1.0165640334218005,1235.3961879185267,1236.3262939453125,1234.4734415690104,1.0107708983239863,0,0.8523703247832599,1.1029528741076304,3,8,3,0,0,12655185.714285715,1.2224710367178673,1
2023-08-11,1253.969970703125,1259.7300139419374,1236.837916549459,1246.733138146324,22179330,0.42183434348015414,0.004209471166233892,1.0185085669562453,1239.672154017857,1238.4273681640625,1237.64501953125,1.0115335467033988,1,0.6679523804364715,0.9396625744861764,4,8,3,0,1,14002488.0,1.5839563654687652,1
2023-08-14,1268.7884521484375,1271.2746074053628,1243.0656093412765,1249.9578543039606,9575812,1.1817253835036734,0.011747975344493795,1.0226930886448018,1246.800013950893,1241.6431623186384,1240.3192057291667,1.017635898260754,1,0.6345980045706907,0.9737669746835699,0,8,3,1,0,13917839.714285715,0.6880243052498357,0
2023-08-16,1267.754638671875,1271.5208305674453,1255.865563518659,1255.865563518659,10203112,-0.08148036615654997,-0.0008151357944966244,1.012465718866376,1251.4136265345983,1243.3644757952009,1243.3671346028646,1.0130580423536926,1,0.568666913757387,0.8936162689658297,2,8,3,0,0,12106054.285714285,0.8428106928316151,0
2023-08-17,1249.4654541015625,1269.2068594315797,1246.930140835009,1263.791524524126,13673744,-1.4426438691222288,-0.014531511533479518,1.0178652499182135,1252.4087611607142,1244.6057739257812,1245.8697957356771,0.9976498830490264,1,0.8765710524372766,0.9496014130279022,3,8,3,0,0,13204750.57142857,1.0355170229103912,1
2023-08-18,1258.7208251953125,1268.960755625946,1234.9671961841154,1246.142454602955,18639978,0.7407464578846668,0.007380164048681979,1.0275258804823852,1255.7951136997767,1245.623779296875,1247.859269205729,1.0023297681792345,1,0.848046078337277,0.9328045532738666,4,8,3,0,1,14461308.57142857,1.288955139013304,0
2023-08-21,1244.986328125,1262.5000997685252,1242.8371963360953,1254.8424457661688,9221746,-1.0911472024133229,-0.010971438750812293,1.0158209808093903,1256.055454799107,1244.908238002232,1249.4689331054688,0.9911873901492052,1,0.9657229037553037,0.9546805083000395,0,8,3,1,0,14137760.0,0.6522777299940019,0
2023-08-22,1244.6898193359375,1253.8543258928648,1234.6114071159911,1243.4547138866417,7713044,-0.02381622852911658,-0.0002381906504319939,1.0155862149547317,1255.482212611607,1245.439200265067,1249.5320963541667,0.9914037863959699,1,0.9477816636588228,0.8708277293380456,1,8,3,0,0,13029538.0,0.5919660390107462,1
2023-08-23,1246.0733642578125,1256.275409297995,1243.4796423923776,1247.0614487779783,9517952,0.11115579965241817,0.0011109406733523528,1.0102902906242994,1254.3541259765625,1247.01313999721,1249.19228515625,0.993398386032092,1,0.9295336453797863,0.8095958816968803,2,8,3,0,0,11220769.714285715,0.8482441260586808,0
2023-08-24,1225.1258544921875,1254.8177179260883,1220.7782590700385,1254.8177179260883,14140020,-1.6810815772554277,-0.016953721373156386,1.0278834084758195,1248.1166120256696,1247.4583129882812,1248.108028157552,0.9815796398253457,1,0.9080854556419597,0.9358608451336226,3,8,3,0,0,11872799.42857143,1.1909592244919587,0
2023-08-25,1219.4691162109375,1237.5757146480018,1206.747529523438,1213.3676467766436,22222400,-0.46172711648426734,-0.0046279636875609,1.0255465077577066,1241.2186802455358,1246.316153390067,1247.210087076823,0.9824772504791051,0,0.8903944316873204,0.8621368677251618,4,8,3,0,1,13589840.57142857,1.6352215379715798,0
2023-08-28,1207.315673828125,1227.2008731617648,1201.0660879981488,1221.272366528133,12580826,-0.9966174806111505,-0.010016169574661763,1.0217596562127365,1235.1972830636162,1243.803022112165,1245.9418660481772,0.9774274040124689,0,0.8297447622548678,0.8715750703178364,0,8,3,1,0,13433709.42857143,0.9365116959610964,0
2023-08-29,1195.755126953125,1212.107851949824,1189.7277154191993,1211.4162410930335,16876644,-0.9575413560518165,-0.0096215526027841,1.0188111416087664,1226.202183314732,1240.9986485072545,1243.440087890625,0.9751696279978062,0,0.637186550350919,0.8891385736402249,1,8,3,0,0,13181804.57142857,1.2802984529584027,0
2023-08-30,1194.6187744140625,1206.9451032694478,1193.1119215700844,1201.5106390304122,12168946,-0.09503221131553774,-0.0009507739555012838,1.0115942028985507,1219.0068184988838,1237.5311366489955,1240.540702311198,0.9799935129855522,0,0.6537612032885982,0.8534150977715906,2,8,3,0,0,13602833.142857144,0.8945890809805251,0
2023-08-31,1189.15966796875,1198.0524282609965,1185.651919829385,1197.0643437840804,21638600,-0.4569747740646446,-0.004580220956669999,1.0104588102327672,1211.073939732143,1233.278076171875,1237.1352132161458,0.9819050917995645,0,0.6107217313926531,0.8280459543221611,3,8,3,0,0,15592198.285714285,1.3877837879874504,1
2023-09-01,1191.950927734375,1198.3734766692594,1186.5164632510111,1188.9373425267036,18112842,0.2347253981791031,0.0023445034843999715,1.0099931301296574,1203.3421630859375,1228.84814453125,1233.874894205729,0.990533668892354,0,0.6375285171525764,0.8161380802860617,4,9,3,0,1,16820039.714285713,1.076860834318737,0
2023-09-04,1190.9874267578125,1197.3852486913688,1188.3196473047951,1191.9507848594153,9347626,-0.08083394661170251,-0.0008086663486298281,1.0076289249337376,1198.4652448381696,1223.2909284319196,1231.9133178710938,0.9937605048518809,0,0.4603588800389178,0.6933681956805762,0,9,3,1,0,16135412.0,0.5793236640006465,1
2023-09-05,1197.36083984375,1202.4741047382813,1191.852196412095,1195.5822395056102,8675876,0.5351368908475873,0.0053371012123807566,1.0089121019856002,1195.306919642857,1218.2627999441963,1231.0068481445312,1.001718320346967,0,0.5779673993066986,0.7367204146425266,1,9,3,0,0,14200194.285714285,0.6109688237665963,1
2023-09-06,1199.8802490234375,1203.5608392350891,1194.2234900414205,1196.1256007292052,8200370,0.21041352747233066,0.002101924682476435,1.0078187619583205,1194.2447160993304,1214.7209995814733,1230.2106119791667,1.0047189096574058,0,0.4956212090039547,0.688457418202325,2,9,3,0,0,13574414.857142856,0.6041048609682771,1
2023-09-07,1201.5106201171875,1204.5983838407617,1191.1357340059783,1196.421961377583,13652572,0.1358778173969455,0.00135785587028264,1.0113023641642471,1195.066929408482,1210.634556361607,1228.8057576497397,1.005391907808791,0,0.3149669727956622,0.6360063944836402,3,9,3,0,0,13113833.142857144,1.0410817227330895,1
2023-09-08,1209.51416015625,1213.3677136631895,1197.039593881822,1205.463038004146,23109288,0.6661231207662377,0.006639143241504385,1.0136404174639018,1197.1948416573662,1208.100830078125,1228.0533203125,1.0102901533403112,0,0.37462008889065807,0.6474958610364907,4,9,3,0,1,14676739.142857144,1.5745519338501561,1
2023-09-11,1222.556884765625,1223.668479723262,1211.391482722607,1211.391482722607,13271074,1.0783441020392859,0.01072571434428471,1.0101346238402324,1201.9658726283483,1206.5199061802455,1227.3229248046875,1.017131112127377,0,0.39017013053603017,0.7325452702259697,0,9,3,1,0,13481378.285714285,0.9844003868701513,0
2023-09-12,1204.8948974609375,1226.7068128830886,1203.462102676104,1226.7068128830886,16255666,-1.4446761148519838,-0.0145521316755187,1.0193148667958019,1203.8150111607142,1203.5785871233259,1225.6526245117188,1.0008970533597035,1,0.8037722578623816,0.807997660263552,1,9,3,0,0,13216067.42857143,1.2299926652051845,1
2023-09-13,1210.922119140625,1216.652936105206,1198.6698488550378,1205.462928884613,12803338,0.5002280026572103,0.004989810191621938,1.0150025357418855,1206.6628243582588,1202.5640345982142,1224.7748168945313,1.0035298135455788,1,0.8050958789840331,0.7127499473941212,2,9,3,0,0,13709740.57142857,0.9338862346295935,1
2023-09-14,1212.0338134765625,1218.2093412827492,1207.9332388900991,1215.3438722575231,9209636,0.09180560156307749,0.0009176348599501507,1.008507177434816,1208.7589634486608,1202.0329415457588,1224.3746704101563,1.0027092663855484,1,0.7954074272928073,0.7053134076106403,3,9,3,0,0,13785992.0,0.6680430396303726,1
2023-09-15,1214.28173828125,1219.2962186489121,1210.156437431325,1219.2962186489121,25468592,0.18546716928957707,0.0018529539129688156,1.0075525617472953,1210.8163190569196,1202.530517578125,1224.220947265625,1.0028620519642728,1,0.7952879853856663,0.6508097173196011,4,9,3,0,1,16252880.857142856,1.567020162385981,0
2023-09-18,1203.709228515625,1210.8975674516837,1201.535490839137,1205.487828880595,7516300,-0.8706801257334029,-0.008744926914399624,1.00779176036324,1211.130405970982,1203.098667689732,1223.1626098632812,0.9938725199047352,1,0.888695206583417,0.6408749428108503,0,9,3,1,0,15376270.57142857,0.48882464477221277,0
2023-09-20,1176.8826904296875,1199.3370070481767,1163.4694916701224,1197.089090701199,57081884,-2.22865601180271,-0.02253865813769104,1.030828066945329,1206.4687674386162,1201.8318045479912,1220.9753824869792,0.9754771297795457,1,1.1715830048918767,0.8850192924451928,2,9,3,0,0,20229498.57142857,2.821715219408376,0
2023-09-21,1168.31103515625,1180.8103271156433,1165.9396084396587,1173.3255153106452,12226182,-0.7283355718578854,-0.0073100088488482606,1.0127542786679025,1198.7193603515625,1200.3426164899554,1218.7518717447917,0.9746326569828702,0,0.9788915466578783,0.8962653161993355,3,9,3,0,0,20080228.285714287,0.6088666834877616,0
2023-09-22,1163.4447021484375,1177.0308632017375,1160.9992172819989,1173.8443150051187,19176786,-0.41652717995269706,-0.004173970708057742,1.0138084898603723,1192.7979038783483,1198.3064575195312,1216.0945638020833,0.9753913033930813,0,0.9133415703292085,0.8931935413128176,4,9,3,0,1,20497531.14285714,0.9355656477039974,0
2023-09-25,1156.2811279296875,1166.2854832156668,1153.638074334712,1161.1968240581607,14254884,-0.6157210742823938,-0.006176244535157568,1.0109630647274261,1184.9920479910713,1195.827436174665,1213.0138509114583,0.9757712128869913,0,0.8011246536890979,0.9005407641092781,0,9,3,1,0,20704894.85714286,0.6884789369061824,1
2023-09-26,1157.2939453125,1161.0980464311394,1153.8851021083722,1155.342502590839,10087782,0.08759265877027467,0.0008755431878796222,1.006251007409306,1177.1720668247767,1192.9655151367188,1209.7913167317708,0.9831136653064708,0,0.8004717162750875,0.8798672943651625,1,9,3,0,0,20830344.285714287,0.48428301816011404,1
2023-09-27,1170.336669921875,1171.769464855697,1155.3178333556975,1157.7880446735417,11722778,1.1270018876538002,0.011206985364252482,1.014239918250214,1170.8941999162946,1190.855259486607,1206.509590657552,0.9995238425517357,0,1.0155076548040727,0.9474054565393155,2,9,3,0,0,18866656.57142857,0.6213489897172787,0
2023-09-28,1153.14404296875,1177.3026603074284,1148.6482103293206,1177.3026603074284,14518346,-1.4690325779737057,-0.01479929714891793,1.0249462365591397,1163.6706019810267,1187.4005039760045,1202.6892374674478,0.9909540045143734,0,1.0734030092017937,1.0025539522322358,3,9,3,0,0,19866948.85714286,0.7307788480454134,1
2023-09-29,1158.529052734375,1170.435518964013,1153.1440405649926,1156.9481416896208,12342014,0.46698500490549577,0.00465898012678282,1.0149950724200494,1161.0486537388392,1183.7587105887276,1199.6580240885417,0.9978298919719251,0,0.8558302045673164,0.9892950982249559,4,9,3,0,1,13475538.857142856,0.915882780706612,0
2023-10-03,1145.263916015625,1153.885049186791,1144.2017734963838,1151.0936382938999,8859056,-1.1449981929621433,-0.011516037681566794,1.0084629091780009,1157.7562081473213,1178.237784249442,1195.8761271158853,0.989209911340759,0,0.9097738522184886,0.9270616615751133,1,10,4,0,0,12994520.857142856,0.6817531863924274,0
2023-10-04,1143.2877197265625,1145.683872665596,1133.8763122199225,1140.7434506187415,10286386,-0.17255378969222024,-0.0017270283522439257,1.010413446615316,1154.8766392299108,1173.8372715541295,1192.486173502604,0.9899652316882296,0,0.908374013203461,0.8846451352286041,2,10,4,0,0,11724463.714285715,0.8773438385473031,0
2023-10-05,1143.26318359375,1150.8219332922222,1140.743519950406,1145.8074528562056,10953682,-0.002146103066547056,-2.1461260956684037e-05,1.0088349512099393,1153.0169328962054,1169.0044904436384,1189.1052856445312,0.991540671238925,0,0.8962538494367224,0.8563437919073359,3,10,4,0,0,11252863.42857143,0.9734128623820496,1
2023-10-06,1145.18994140625,1148.5494528467332,1142.2504141267464,1144.7206253894863,5431026,0.16853143179538232,0.0016838957693552123,1.005514586505799,1151.2877894810267,1164.2299281529017,1185.7425048828125,0.9947034545745287,0,0.9004650232239994,0.8600152048352783,4,10,4,0,1,10587612.57142857,0.512960401918749,0
2023-10-09,1135.4324951171875,1142.200849187487,1133.826857954507,1140.2988590719287,7576878,-0.8520373726895181,-0.008556879621602242,1.0073855996391612,1146.301478794643,1158.5978393554688,1182.7527262369792,0.9905182154271629,0,0.7281349370284084,0.8502434761335261,0,10,4,1,0,9995341.142857144,0.758040960454319,1
2023-10-10,1140.447021484375,1145.1404226117538,1138.1497733893898,1139.5331157395624,10236032,0.44164020219183975,0.004406678337131165,1.0061421171323928,1144.4876185825892,1154.079110281808,1180.1186564127604,0.9964695143638003,0,0.6241172869487469,0.8752425192982072,1,10,4,0,0,9383582.0,1.090844839422728,1
2023-10-11,1158.5537109375,1160.8509589721596,1142.7196339530417,1143.4359710357805,9814118,1.587683523392247,0.01575211664446401,1.0158668184919477,1144.4911411830358,1152.7698974609375,1178.4932576497397,1.0122871809561829,0,0.8954382895096958,0.8495486671063016,2,10,4,0,0,9022454.0,1.0877437557453882,1
2023-10-12,1160.7027587890625,1165.6185754357678,1155.1447837404767,1157.9609209243824,12554450,0.18549401993832593,0.0018532219223509087,1.0090670813241054,1146.6966901506696,1152.2264491489955,1177.324845377604,1.0122142749331147,0,0.7384024779970901,0.8332280355625786,3,10,4,0,0,9550367.42857143,1.314551517928136,0
2023-10-13,1160.6534423828125,1164.7045645712087,1150.6984190160554,1156.058825491677,10150316,-0.0042488402716811535,-4.2489305374562665e-05,1.0121718647768108,1149.1775076729912,1152.0270734514509,1176.1926676432292,1.0099862159093762,0,0.7271394109018231,0.8262842287920674,4,10,4,0,1,9530928.857142856,1.064987070215402,0
2023-10-16,1158.059814453125,1163.247258320988,1154.082750031272,1158.5291304894404,5929036,-0.2234627352987295,-0.0022371278585172085,1.0079409455599848,1151.2913120814733,1152.1541224888392,1175.156005859375,1.0058790527650336,0,0.7429389380158983,0.8108162255813183,0,10,4,1,0,8813122.285714285,0.6727509057273298,1
2023-10-17,1163.593017578125,1165.7914814830851,1156.7011522648252,1163.963549268257,7928180,0.4777994241699002,0.004766615856722975,1.0078588399436286,1153.9203229631696,1152.6040562220983,1174.2107421875,1.0083824631757214,1,0.7508646275997247,0.8201918890890177,1,10,4,0,0,9169858.57142857,0.8645913062064675,0
2023-10-18,1148.1541748046875,1169.3979912920374,1146.6720480730119,1163.5929949263082,8918320,-1.3268249757609873,-0.013357059424105706,1.019819043515726,1155.7377057756696,1151.0195922851562,1172.7829671223958,0.9934383632782038,1,0.8759633766792884,0.8325670519434244,2,10,4,0,0,9361493.142857144,0.9526599938605642,0
2023-10-19,1139.33544921875,1147.0672825471008,1136.7911799610206,1142.2256445327594,12032556,-0.7680785193711182,-0.007710434341035911,1.009039569242992,1155.5789097377233,1150.0332641601562,1170.848787434896,0.9859434432542041,1,0.9294325258950747,0.7643472155099893,3,10,4,0,0,9618139.42857143,1.2510274039339,0
2023-10-20,1135.8525390625,1143.559525479833,1134.4691966955595,1136.2971288231192,8913312,-0.30569663733699404,-0.003061648439454371,1.0080128476037529,1152.3358851841517,1148.4135131835938,1168.714530436198,0.9856957104837384,1,0.6062039954797103,0.7493045992293335,4,10,4,0,1,9489452.857142856,0.9392861879587519,0
2023-10-23,1118.1163330078125,1139.3848747937852,1114.1887214650121,1131.356688684127,7853962,-1.561488436635139,-0.01573808082167686,1.022613900897905,1146.2521100725446,1146.474400111607,1165.9347208658853,0.9754541109957464,0,0.7293753378656102,0.7989617874101124,0,10,4,1,0,8817954.57142857,0.8906784375424155,0
2023-10-25,1115.5225830078125,1127.0090643806484,1108.1366760976812,1111.6196977984057,11620688,-0.23197496749042257,-0.0023224444624763566,1.0170307406027086,1139.8048444475446,1144.491176060268,1162.801668294271,0.9786961236758899,0,0.7067291215283242,0.799144267226644,2,10,4,0,0,9028007.714285715,1.2871818863880329,0
2023-10-26,1099.9849853515625,1115.5473150342816,1096.9219477593886,1112.089019549233,15222534,-1.3928537075740377,-0.01402644939506579,1.0169796650645362,1131.5084402901787,1141.3998761858259,1158.715938313802,0.9721403271808279,0,0.750026632599726,0.8604266857937632,3,10,4,0,0,10355650.285714285,1.4699737418711045,1
2023-10-27,1119.40087890625,1123.204979852311,1104.6536704890175,1106.654565590137,11771084,1.7651053253678883,0.017497082602388376,1.0167937787732884,1125.195277622768,1139.5578002929688,1155.8661376953125,0.9948503172455897,0,1.1478203783366916,1.0151707761348092,4,10,4,0,1,10904636.57142857,1.0794567909618944,1
2023-10-30,1142.47265625,1148.6481841216216,1121.4511352518443,1123.4520304054054,16813304,2.061082653990143,0.020401297606266054,1.0242516575309093,1124.3836321149554,1140.0606689453125,1153.5844889322916,1.0160879468700725,0,1.4406166158430789,1.1513416314579838,0,10,4,1,0,12032491.42857143,1.397325242225099,0
2023-10-31,1130.3192138671875,1150.1303563093797,1127.8490026208185,1150.1303563093797,12808438,-1.0637840928906295,-0.010694827260050225,1.0197556176729201,1123.0955984933037,1139.3372541155134,1150.8606689453125,1.0064318793374087,0,1.4688316388049403,1.18187564637786,1,10,4,0,0,12143331.714285715,1.0547713182315392,1
2023-11-01,1135.0125732421875,1144.9428703315039,1124.0448598372486,1130.9367248364767,10309190,0.4152242408533846,0.004143645639055294,1.0185917940119231,1122.9756033761162,1137.6557442801338,1148.2183634440105,1.0107188168913763,0,1.477599149025086,1.0946748142617886,2,11,4,0,0,12342742.857142856,0.8352430346577283,1
2023-11-02,1146.2767333984375,1148.302354744411,1140.2247162104195,1143.1889695269997,10562104,0.9924260243279637,0.009875338183149122,1.007084251392864,1126.9985177176338,1136.6253138950892,1146.3039469401042,1.0171058039364997,0,1.3367258685587005,1.1337338193207316,3,11,4,0,0,12729620.285714285,0.8297265560900694,0
2023-11-03,1146.0296630859375,1153.5638066087804,1144.078220526126,1149.7349795725816,8850156,-0.021554159244552284,-0.0002155648248729894,1.0082910293304004,1131.3566720145088,1135.5807582310267,1145.2755126953125,1.0129693768856303,0,1.32339989327214,1.1336503836250083,4,11,4,0,1,12333830.0,0.7175513202306177,1
2023-11-06,1155.564697265625,1156.0587394619763,1148.9445800808262,1152.2546386732256,10647304,0.8320058796743801,0.008285637898362393,1.006191908212535,1139.296630859375,1135.4025355747767,1144.850634765625,1.0142790437236515,1,1.0647127903872087,1.158526397751061,0,11,4,1,0,11680225.714285715,0.911566630683996,0
2023-11-07,1148.0552978515625,1155.614167696399,1145.9556184844287,1153.1192304428853,6960204,-0.6498467313714062,-0.006519674277529036,1.0084283798221994,1143.3901192801338,1134.2926984514509,1144.3376546223958,1.0040801284642602,1,1.057648557700213,1.1612608172510153,1,11,4,0,0,10992957.142857144,0.6331511994042939,1
2023-11-08,1154.033203125,1156.552866758098,1147.042553778562,1152.1064866637696,7884494,0.5206983744271199,0.005193474279830027,1.0082911596855821,1145.0416259765625,1134.7126290457588,1144.2627237955728,1.007852620327902,1,0.7664794167336434,1.1138728559941211,2,11,4,0,0,9717412.857142856,0.8113778961449029,0
2023-11-09,1141.50927734375,1154.0331752710283,1138.3720609954937,1154.0085696526105,14513610,-1.0852309749265876,-0.010911625595699779,1.013757465429922,1146.6402064732142,1134.8679024832588,1143.7365681966146,0.9955252492451441,1,0.7721452855461726,1.1346518043728748,3,11,4,0,0,9961008.857142856,1.4570421739553576,1
2023-11-10,1143.6583251953125,1144.3747829309668,1135.3337858785344,1139.039102652828,7734954,0.1882637219176475,0.0018808672788158628,1.007963294288328,1147.8753138950892,1135.4254586356026,1142.8472900390625,0.9963262658855628,1,0.7635455287323522,1.1314345146977036,4,11,4,0,1,9593260.857142856,0.8062903860516608,0
2023-11-13,1143.51025390625,1148.4506764659145,1142.0774589944763,1147.6107081381433,3854810,-0.012947161385568062,-0.00012947999602858792,1.0055803723479924,1147.4801025390625,1137.2393101283483,1142.5261637369792,0.9965403769320023,1,0.6572666784063852,1.0326439818069786,0,11,4,1,0,8635076.0,0.44641297887824033,1
2023-11-15,1164.185791015625,1166.9030232858888,1149.6362714370953,1156.0588204395372,12220648,1.808076231826261,0.017919249282379146,1.0150193172204016,1150.0738351004463,1140.7152535574776,1142.7147216796875,1.0122704781940772,1,0.9575974905987978,1.1130521912185691,2,11,4,0,0,9116574.857142856,1.3404867717863465,1
2023-11-16,1166.285400390625,1172.9302438744137,1159.4923201233041,1161.542667627995,13134910,0.18035002584666504,0.0018018759045973479,1.0115894892254917,1151.6053641183037,1145.4509974888392,1143.415437825521,1.0127474538845698,1,0.9201154482753222,1.0016170253736532,3,11,4,0,0,9471947.142857144,1.3867169866868525,0
2023-11-17,1163.7412109375,1172.4857343750468,1162.012063114762,1162.4319266451018,7758634,-0.21814467130196746,-0.0021838295338623636,1.009013392883556,1153.8462088448662,1148.6181640625,1144.0972208658854,1.0085756680715188,1,0.8718982527417183,0.9353394029851844,4,11,4,0,1,9586008.57142857,0.8093706512139867,0
2023-11-20,1160.6781005859375,1165.1490860409533,1154.2801575494677,1160.2828426994563,4490186,-0.2632123295775446,-0.0026355934228365512,1.0094161962504495,1154.7954799107142,1149.9185529436384,1144.6777180989584,1.0050940801012471,1,0.8737780763588722,0.7902754343532871,0,11,4,1,0,9101107.42857143,0.49336699245014953,1
2023-11-21,1175.2769775390625,1179.7728099438689,1166.0384122376151,1168.9038812090425,8214450,1.257788610447208,0.012499441587642608,1.0117786837569935,1159.6194370814733,1153.1298217773438,1145.6806193033854,1.0135023094274758,1,0.7959512278662229,0.7669282535906466,1,11,4,0,0,8201227.428571428,1.0016122673762842,1
2023-11-22,1179.87158203125,1182.9593458443583,1171.9669066696931,1173.3502489811203,8534814,0.39093801546323803,0.00390175838583882,1.0093794791577364,1164.792759486607,1156.3340366908483,1147.1619222005208,1.0129454981771084,1,0.7897779027947135,0.766630425850535,2,11,4,0,0,8315493.142857143,1.02637496698933,1
2023-11-23,1183.4781494140625,1185.7013394254852,1179.8716170501546,1179.8716170501546,8531542,0.3056745698208463,0.0030520833497362024,1.0049409802652138,1170.5024588448662,1158.9912806919642,1148.5962931315105,1.0110855730982415,1,0.7675885134025913,0.7390103158727122,3,11,4,0,0,8983597.714285715,0.9496798800811332,0
2023-11-24,1182.6876220703125,1186.9858858764198,1181.2796741129466,1181.5514214570694,6749486,-0.06679695304399047,-0.0006681927214821142,1.0048305341135733,1173.1455775669642,1161.6097063337054,1149.4007568359375,1.0081337258442706,1,0.5200231520024258,0.7402970844708006,4,11,4,0,1,8202003.142857143,0.8229070243502536,1
2023-11-28,1182.9346923828125,1185.5531403805655,1173.4738317237427,1182.6876712625676,13792174,0.02089058073233563,0.0002088839895437106,1.010293632742606,1175.5240478515625,1163.564705984933,1150.1418212890626,1.0063041198900133,1,0.5258496937828949,0.7208481602292762,1,11,4,0,0,8295898.0,1.6625293608961924,1
2023-11-29,1186.047119140625,1191.605094048659,1184.7379555197092,1189.6536514263266,12531306,0.26311061615269526,0.0026276508612245856,1.0057963353811328,1178.7106061662946,1166.2784075055804,1150.9882771809896,1.006224185084914,1,0.49183791881691163,0.6812053267418222,2,11,4,0,0,8977708.285714285,1.3958245914428242,0
2023-11-30,1174.5606689453125,1186.0471507278282,1170.8306260067593,1183.0828973645985,28439984,-0.9684649125605738,-0.009731850338635736,1.012996350098021,1180.6938302176338,1167.7446550641741,1151.5383056640626,0.994805460047851,1,0.6625152764041252,0.7463097734202563,3,11,4,0,0,12399108.0,2.2937120960636848,1
2023-12-01,1182.8853759765625,1183.922792325671,1174.6348945757863,1174.8324632282502,14342842,0.7087507058043396,0.007062508727622798,1.0079070507719243,1181.7807442801338,1170.7000906808037,1152.1813842773438,1.0009347179684347,1,0.5322163261774238,0.672197889977233,4,12,4,0,1,13274592.57142857,1.0804732365851035,1
2023-12-04,1195.6810302734375,1210.4035134582498,1185.0097900344595,1210.4035134582498,15590990,1.0817323940885748,0.010759235226432486,1.0214291254277754,1184.0392368861608,1174.4159981863838,1153.7656127929688,1.009832269932112,1,0.6480183442877029,0.7067239496041191,0,12,4,1,0,14282617.714285715,1.0916059164984602,1
2023-12-05,1204.3514404296875,1205.8830195816831,1196.3973123183705,1204.9689932142376,12693624,0.7251440757797489,0.0072252754757847915,1.0079285594890977,1187.0211356026787,1178.7617972237724,1155.9328125,1.0145998283494841,1,0.678926046517064,0.7074614454451084,1,12,4,0,0,14877200.857142856,0.8532266332819943,1
2023-12-06,1215.887451171875,1221.7417795681863,1202.992899973077,1208.9708595498532,16422442,0.9578608332192262,0.009533024319830425,1.0155851955531314,1191.7639683314733,1182.4547729492188,1158.6006429036458,1.0202418293231132,1,0.7085378250768323,0.6037047924930219,2,12,4,0,0,16259051.714285715,1.010049189127723,0
2023-12-07,1213.886474609375,1215.813191043024,1206.4511149904754,1215.3438750518303,8142096,-0.16456922559496823,-0.0016470478949642312,1.0077600127648956,1196.1856515066963,1185.8548496791295,1161.7929809570312,1.014797722310398,1,0.7282026217243616,0.6164187790430757,3,12,4,0,0,15451897.714285715,0.5269317821378279,0
2023-12-08,1213.244140625,1223.5943006598802,1207.9331869400896,1217.2459307176134,10204894,-0.05291549068306978,-0.0005292949586966765,1.0129652152032207,1200.0709402901787,1189.3907732282366,1165.0503662109375,1.0109770180183149,1,0.7456612057021975,0.6075017550290829,4,12,4,0,1,15119553.142857144,0.6749467992591466,1
2023-12-11,1215.022705078125,1219.098553135076,1211.5890153738967,1213.367615499601,7066138,0.14659575872411068,0.0014648841203938297,1.0061980900007266,1205.8512311662946,1193.2725306919642,1168.8849568684896,1.0076058088052535,1,0.5021989825306875,0.5878465253481159,0,12,4,1,0,12066146.57142857,0.5856167881079705,0
2023-12-12,1197.5830078125,1217.7892853568703,1195.6561708810905,1215.3438006129375,9197124,-1.4353392074680338,-0.014457398435698293,1.0185112702253438,1207.950892857143,1194.8658185686384,1171.4910278320312,0.9914169647905803,1,0.8659084543399818,0.6919539440486885,1,12,4,0,0,11331044.0,0.8116748995061709,1
2023-12-13,1202.4739990234375,1204.6478570918039,1188.8137803209581,1196.570218805253,10031182,0.4084051943815892,0.004075734840972489,1.0133192237783204,1208.9213169642858,1196.4802769252233,1173.491072591146,0.9946668837331464,1,0.7823872064872609,0.6924633456030811,2,12,4,0,0,10536785.714285715,0.9520153747076568,1
2023-12-14,1217.39404296875,1222.7297228698085,1206.7721356331074,1212.3795628682321,16972354,1.240778923904351,0.012331443494718049,1.013223364018369,1210.7845458984375,1198.902840750558,1176.3935668945312,1.005458854833176,1,0.871997955872069,0.7524000543791772,3,12,4,0,0,11148032.857142856,1.522452814545244,1
2023-12-15,1232.9317626953125,1235.1055001292314,1220.3089603608373,1224.236571728094,15932152,1.2763098206618473,0.012682336323983192,1.0121252406144907,1213.219447544643,1202.491707938058,1179.657539876302,1.0162479386483327,1,0.92728156470015,0.7992919331623418,4,12,4,0,1,11077991.42857143,1.4381805675448642,1
2023-12-18,1245.4803466796875,1252.3474847954778,1230.634354917611,1232.9317234441762,14165188,1.0177841437828183,0.010126395984306256,1.0176438515559891,1217.7328578404017,1206.9592546735491,1182.9643269856772,1.0227861871843507,1,0.9564474211181421,0.8166735830470698,0,12,4,1,0,11938433.142857144,1.1865198582173357,1
2023-12-19,1263.8094482421875,1271.615218807123,1247.5553868731267,1262.2778691174958,16820604,1.4716492003557846,0.014609255254054525,1.0192855821770765,1224.9564732142858,1212.513706752232,1186.8903198242188,1.031717841309048,1,1.0154161530595498,0.8666450003393251,1,12,4,0,0,12883534.57142857,1.3055892314910653,0
2023-12-20,1248.518798828125,1283.9417239360823,1244.9864450577063,1270.207325538083,17736722,-1.2098856702907224,-0.012172643631950478,1.0312897212921626,1229.7416294642858,1217.79643031529,1189.988789876302,1.0152691987600835,1,1.222365108296234,0.8990119770604598,2,12,4,0,0,14407903.714285715,1.231041125185595,1
2023-12-21,1266.008056640625,1271.4177954317774,1244.1219597225854,1248.444829631281,13765454,1.400800518896128,0.01391079980149863,1.0219398391740295,1239.516636439732,1223.7337646484375,1193.920548502604,1.0213723797019654,1,0.955130268059987,0.9332481728858871,3,12,4,0,0,15060522.285714285,0.9140090721194492,1
2023-12-22,1267.2430419921875,1275.0735389423144,1258.6466348491601,1264.550535970751,16541784,0.0975495649561342,0.0009750201628785217,1.0130512438029304,1248.7693568638392,1228.8453369140625,1197.694209798177,1.0147935125304028,1,0.9832300095015717,0.9222744889399399,4,12,4,0,1,15990608.285714285,1.0344687146628515,1
2023-12-26,1273.66552734375,1280.5326657287192,1266.0819312708138,1268.7003790735205,7465664,0.5068077029222406,0.00505527755443622,1.0114137435350654,1256.808140345982,1233.79634312221,1202.0994181315104,1.0134128563116462,1,0.9618732492205283,0.9185563881748958,1,12,4,0,0,14632509.714285715,0.5102107666951538,1
2023-12-27,1278.01318359375,1284.4603381656593,1271.2201029702012,1275.6170305456778,9204156,0.3413499193204217,0.0034076864289879025,1.0104153758774914,1263.2483433314733,1238.233895438058,1206.5779134114584,1.0116879949538176,1,0.9248662714039331,0.9046556410692381,2,12,4,0,0,13671367.42857143,0.6732432617357996,1
2023-12-28,1287.2518310546875,1290.4383794995902,1278.0132649417642,1279.470665481518,12302636,0.7228914051542468,0.007202910694512857,1.0097222109493458,1269.2156982421875,1243.4742780412946,1211.3692993164063,1.014210455194873,1,0.9048060178434646,0.896094530113841,3,12,4,0,0,13405288.57142857,0.917744958226508,0
2023-12-29,1277.074462890625,1291.4264140714613,1274.2831724837226,1289.9937398232034,10864584,-0.7906275927161754,-0.007937696248074725,1.0134532433276384,1271.1107003348213,1248.0335867745537,1215.132255045573,1.004691772757662,1,0.8938122871188033,0.9465512354711927,4,12,4,0,1,12554428.57142857,0.8653985275543065,1
2024-01-01,1279.69287109375,1287.8940202608817,1271.2447008145452,1274.9006856426909,4030540,0.2050317565037041,0.0020482185326106445,1.0130968643846998,1275.5641392299108,1252.6528843470983,1218.9125040690103,1.003236788913125,1,0.6650198357743717,0.9456135773880378,0,1,1,1,0,10596402.57142857,0.38036871219555946,1
2024-01-02,1290.2900390625,1291.920402508132,1271.1706293129728,1277.099135940161,7448800,0.8281024461512132,0.008246924901964043,1.0163233579479205,1279.032993861607,1259.2748151506696,1223.1307983398438,1.0088012156487896,1,0.5379877550122636,0.7934978616481028,1,1,1,0,0,9694023.42857143,0.7683909632450415,0
2024-01-03,1276.25927734375,1301.3071935056118,1273.2455715878027,1289.450180352941,9037536,-1.0874114574227378,-0.010933669892535648,1.0220394419929653,1280.3210274832588,1264.5451921735491,1226.983504231771,0.9968275533617588,1,0.7478821952654807,0.9050047618453196,2,1,1,0,0,8621988.0,1.0481963092502564,1
2024-01-04,1282.854736328125,1289.3761903993159,1274.1843914947026,1278.581319191514,9612778,0.5167804929185005,0.005154497651877976,1.0119227633033492,1281.6337716238838,1269.220955984933,1230.5694295247397,1.0009526627116685,1,0.7487869565291894,0.8753145105543715,3,1,1,0,0,8928718.57142857,1.0766133934112767,1
2024-01-05,1288.3138427734375,1294.3165279752034,1283.521657474919,1285.9424160498672,8086406,0.4255436169599225,0.004246407406257107,1.0084103532164164,1283.1052943638392,1273.1768188476562,1234.184171549479,1.0040593304637409,1,0.7538720979520676,0.8368670881756637,4,1,1,0,1,8769040.0,0.9221540784396012,0
2024-01-08,1278.26025390625,1300.2944657165137,1269.1698042070248,1289.4502625359673,7734652,-0.780367992130282,-0.007834287972401772,1.0245236385283651,1281.8207833426338,1275.5182407924108,1237.343575032552,0.9972222876375129,1,0.766576775940605,0.8588372419959033,0,1,1,1,0,8116470.857142857,0.9529575274940044,0
2024-01-09,1274.8759765625,1287.8693113555237,1273.245613077726,1284.5098000629723,5403074,-0.26475651835438097,-0.0026510761826796093,1.0114853710294347,1281.5067138671875,1276.3087071010045,1240.4165201822916,0.9948258271041921,1,0.7110966009394591,0.7812568208822723,1,1,1,0,0,7336255.142857143,0.736489379770364,1
2024-01-10,1309.261474609375,1313.6584025883456,1272.183577934786,1273.1469362430112,11102740,2.6971641696151405,0.026614317805835674,1.0326012891322558,1285.7308000837054,1280.647469656808,1244.6274129231772,1.0183014006696718,1,1.2577231905633173,0.9666076474560844,2,1,1,0,0,8346569.428571428,1.3302159761582801,1
2024-01-11,1343.696044921875,1346.265040325212,1312.6701695941608,1313.6582540274271,23725852,2.630075884786409,0.025960841070860236,1.0255927738050434,1293.3602294921875,1286.1966116768974,1249.8823771158854,1.0389186355679507,1,1.5306140778593869,1.1144909563027525,3,1,1,0,0,10671862.57142857,2.223215660921314,1
2024-01-12,1354.39208984375,1356.961085397271,1329.7147038034357,1343.6961234746648,15012164,0.7960167005252261,0.007928652008496408,1.0204903965609327,1304.5220598493304,1292.4215436662946,1255.8767578125,1.038228583118157,1,1.3400790406335605,1.1140004855876209,4,1,1,0,1,11525380.857142856,1.3025308392039998,1
2024-01-15,1377.51318359375,1379.8104316098675,1349.723309451493,1358.616069177015,8610594,1.7071196681802459,0.01692712118618791,1.0222913258944912,1318.0446951729912,1299.8392333984375,1262.3643513997397,1.0451187191440072,1,1.3645580830640405,1.1612524467149792,0,1,1,1,0,11382211.714285715,0.7564956808168415,0
2024-01-16,1358.24560546875,1379.6623844587446,1354.1697570573224,1373.4126778584214,9069024,-1.3987218673823132,-0.014085961658064859,1.0188252818884531,1328.034946986607,1305.5701206752233,1267.7831705729166,1.022748391185558,1,1.6447101546212897,1.2748960495421466,1,1,1,0,0,11522585.714285715,0.7870650064903587,0
2024-01-17,1345.3509521484375,1369.7567088979374,1338.879071777444,1343.3007252899447,12197382,-0.9493609453543828,-0.009538961025418485,1.0230623047079983,1337.6193324497767,1309.7200578962054,1272.483154296875,1.005780134535362,1,1.6722610821285593,1.324079376771784,2,1,1,0,0,12160118.57142857,1.0030643968109805,1
2024-01-18,1351.650146484375,1354.6638524622786,1335.1491835446054,1335.2974203430863,10279438,0.46821941337151785,0.004671266758880081,1.0146160962072155,1348.5870710100446,1315.0468924386162,1277.0085774739584,1.0022713219933483,1,1.6206202606074973,1.2847294364325224,3,1,1,0,0,12856742.0,0.799536772224254,0
2024-01-19,1351.1561279296875,1359.6042988176375,1342.806861986315,1359.6042988176375,10422704,-0.03654929169152332,-0.0003655597257306526,1.0125091979396614,1354.572021484375,1320.15141078404,1281.5842325846354,0.9974782488487071,1,1.4180512793195625,1.28936347382394,4,1,1,0,1,12759594.0,0.8168523230441345,0
2024-01-23,1312.7442626953125,1355.4048574857818,1306.791150318716,1355.4048574857818,20055420,-2.842888726207504,-0.028840813936783682,1.0372008236780677,1350.1503383091517,1321.7552839006696,1284.9009033203124,0.9722948811310269,1,1.5264887724411846,1.543153086842222,1,1,1,0,0,12235246.57142857,1.6391512735699905,1
2024-01-24,1327.8619384765625,1333.4199132911328,1308.1497027138623,1319.314984194113,21919128,1.1516085966515988,0.011450280580293978,1.0193175219356359,1346.360316685268,1325.4411882672991,1288.6622111002605,0.9862604549618276,1,1.5750515914868186,1.522680282059869,2,1,1,0,0,13221955.714285715,1.6577825908399761,1
2024-01-25,1336.952392578125,1347.895500834099,1319.2903820615336,1326.9480369708251,11808872,0.6845933178860397,0.006822606181177971,1.021682200644764,1340.56591796875,1329.3053065708705,1293.3078572591146,0.9973044776521692,1,1.3984823101546273,1.5252249651596235,3,1,1,0,0,13678852.57142857,0.8632940473870991,1
2024-01-29,1430.795654296875,1435.1925816017736,1343.9677382154596,1348.241154971167,23893438,7.01919247384617,0.06783800130358462,1.0678772568658856,1350.930210658482,1339.4825788225446,1300.9185791015625,1.0591188523346917,1,3.0538095563375696,2.3564279247193363,0,1,1,1,0,15796626.0,1.5125659112268657,0
2024-01-30,1390.852294921875,1442.5784888178382,1387.690473107798,1442.5537625848374,14093978,-2.791688614306631,-0.028313970094040627,1.039553500419381,1357.4304024832588,1347.524867466518,1306.7005208333333,1.0246214409059018,1,3.297833413074464,2.514694198986692,1,1,1,0,0,16067568.285714285,0.8771693232840336,1
2024-01-31,1409.6259765625,1417.1601204834947,1385.788439238697,1387.2705659116798,15130226,1.3497969345249272,0.013407683301841654,1.022638146167558,1365.7126639229912,1357.149867466518,1312.5903279622396,1.032154137396199,1,3.3122485370084163,2.507338634910239,2,1,1,0,0,16760538.0,0.9027291367377348,1
2024-02-01,1409.650634765625,1426.1515960154993,1401.1531330404457,1417.9011153905622,13349362,0.0017492727528489738,1.7492574532515755e-05,1.0178413496609096,1374.0690220424108,1364.320521763393,1318.0626708984375,1.0258950694269535,1,3.3109612434108504,2.449038374817106,3,2,1,0,0,17178632.0,0.7770910978243204,1
2024-02-02,1440.33056640625,1457.3256902760372,1416.0978932450594,1416.0978932450594,19652588,2.176420943174051,0.0215307503210081,1.029113663135606,1392.2956368582588,1371.2229875837054,1323.946708170573,1.034500524368792,1,2.951647489346652,2.422345718595007,4,2,1,0,1,17121084.57142857,1.1478588238969374,0
2024-02-05,1421.878173828125,1452.9781061073709,1414.4675408489986,1443.3442832345067,8814432,-1.2811220568737403,-0.012893991949839334,1.0272261922923005,1405.726527622768,1376.043422154018,1329.7253540039062,1.0114898921575246,1,3.12009079714515,2.4675900998531497,0,2,1,1,0,15248985.142857144,0.5780340079961855,0
2024-02-06,1410.7869873046875,1424.6695010773788,1402.9069175392074,1424.6695010773788,9047984,-0.7800377506025469,-0.007830959588981404,1.0155124928575763,1416.2743268694196,1378.420122419085,1334.551318359375,0.9961255108133877,1,3.194759127222585,2.453846290197768,1,2,1,0,0,14854572.57142857,0.6091042981204979,1
2024-02-07,1424.966064453125,1432.2284612961826,1412.2197504708995,1418.8152626559165,9296568,1.005047344215071,0.010000303309623794,1.014168270071716,1415.4415283203125,1383.1858694893974,1339.8087524414063,1.0067290212574977,1,1.7125773780605829,2.417357974707232,2,2,1,0,0,12769305.42857143,0.7280402252105937,1
2024-02-08,1432.845947265625,1442.0845126481563,1410.515263064875,1432.7224367107362,14694634,0.5529874015297365,0.005514640396177434,1.0223813597838602,1421.4406215122767,1389.435511997768,1345.114766438802,1.0080237792425082,1,1.2122510141383165,2.3874622011250386,3,2,1,0,0,12855113.42857143,1.1430964091954336,1
2024-02-09,1443.3443603515625,1454.4355841797649,1433.661084495157,1436.6747903139974,12556798,0.7326965683905007,0.007300253869181053,1.0144905235339658,1426.257533482143,1395.985098702567,1350.6258056640625,1.0119801834299187,1,1.1555034238981556,2.388433950786814,4,2,1,0,1,12487480.857142856,1.005550930860286,0
2024-02-12,1435.04443359375,1443.5913882496639,1425.163589047209,1443.3443671360003,6674430,-0.5750482688546277,-0.005767080374511493,1.0129303045236897,1429.885219029018,1401.9771205357142,1355.552225748698,1.003608131964771,1,1.2035414864218743,2.4019650856092567,0,2,1,1,0,11533919.142857144,0.5786784108100339,1
2024-02-13,1447.6424560546875,1461.3768535820275,1436.6747431428453,1438.1568697691962,7715594,0.877883789938716,0.008740527949917008,1.0171939477303988,1430.9297746930804,1411.6127057756696,1361.2378255208334,1.0116795957825337,1,0.9276636133260303,2.2066134907806623,1,2,1,0,0,9828634.285714285,0.7850118109709764,1
2024-02-14,1463.7236328125,1465.9715491065435,1440.1331160740654,1440.1331160740654,7117888,1.110852800051143,0.011047281458552745,1.0179416977111921,1436.9076974051338,1421.3171125139509,1367.3721842447917,1.0186622532928122,1,0.7718869906455563,2.2060315605539915,2,2,1,0,0,9586270.857142856,0.7425085422759955,0
2024-02-15,1453.076904296875,1467.0335965408115,1449.0505085860837,1465.674980481667,10006782,-0.7273728644503485,-0.007300311189953488,1.0124102561285284,1442.9491141183037,1429.6117204938616,1372.7984130859375,1.0070188131233995,1,0.7584051056330018,2.2398039032474046,3,2,1,0,0,9723242.0,1.0291610555409398,0
2024-02-16,1443.1712646484375,1459.4005984941116,1441.1704903137313,1458.881830082394,9767498,-0.6817009904393712,-0.006840351858449994,1.0126495153091928,1445.5498570033483,1430.4956926618304,1378.3621459960937,0.998354541461585,1,0.8097265666283003,1.2924827264460184,4,2,1,0,1,9790517.714285715,0.9976487745635632,1
2024-02-19,1456.4364013671875,1461.8708655513933,1436.2053974591388,1444.6288410678121,6729828,0.9191658012939641,0.009149671810193955,1.0178703325705785,1448.919921875,1435.1802716936384,1384.1482014973958,1.0051876431393536,1,0.8484165672715748,1.0103283430731047,0,2,1,1,0,8652688.285714285,0.7777730778896824,0
2024-02-20,1453.4969482421875,1457.9186020207894,1444.3818933388152,1457.4492860314679,7117496,-0.2018250245764741,-0.002020289657282546,1.009371973398727,1450.3702915736608,1438.3139125279017,1389.6543050130208,1.0021557644187087,1,0.830690589032581,0.9748530954757726,1,2,1,0,0,7875645.142857143,0.9037349792804276,0
2024-02-21,1450.2115478515625,1470.7884795851646,1440.1825868389801,1456.4365283424868,12720292,-0.22603421318484473,-0.00226290056113569,1.0212513975838027,1452.5370221819196,1441.2111206054688,1395.3860148111978,0.9983990257770753,1,0.7928112834665055,0.9807228676309235,2,2,1,0,0,8739339.714285715,1.4555209450442628,1
2024-02-22,1464.0941162109375,1467.2559381666686,1440.6271108051608,1450.6561919754163,18493728,0.9572788452789194,0.009527259641250748,1.0184841914759086,1454.8872593470983,1442.9085170200892,1401.6932861328125,1.0063282270187526,1,0.8053784333001162,0.8358524768735955,3,2,1,0,0,10279073.142857144,1.7991629929057527,1
2024-02-23,1475.82763671875,1479.7059164315408,1465.6750448712426,1471.7517883622584,14438584,0.8014184592298523,0.007982241566336153,1.009572975680657,1456.6164027622767,1446.7620500837054,1407.2454915364583,1.0131889452295346,1,0.7514551559412745,0.7479727158642833,4,2,1,0,1,11324886.857142856,1.2749428918924048,0
2024-02-26,1469.6025390625,1476.7168189041834,1464.8350802180469,1475.7534607654734,7513106,-0.42180384086656364,-0.004226959427645675,1.008111314950464,1458.9772077287946,1450.9631609235491,1411.4423746744792,1.0072827260613932,1,0.7012131898124501,0.7147145642481144,0,2,1,1,0,10968647.42857143,0.6849619380079315,0
2024-02-27,1467.9476318359375,1482.0771665679397,1460.4382144226488,1465.3539102526265,10826044,-0.1126091703419485,-0.0011267262210765143,1.014816752897585,1462.5166887555804,1454.0332728794642,1415.227559407552,1.003713422979794,1,0.6144753380527599,0.6912831919201097,1,2,1,0,0,11119868.285714285,0.9735766397438572,0
2024-02-28,1438.2802734375,1473.5055044292124,1432.8952620082478,1465.3290823583084,8647950,-2.021009316342781,-0.020417111079371403,1.0283413892820388,1459.9229561941963,1454.4214390345983,1417.2531290690104,0.9851754624003477,1,0.9756474420160577,0.9039692559949977,2,2,1,0,0,11393885.714285715,0.7589991875341662,1
2024-02-29,1443.393798828125,1461.352161163495,1437.1935448412644,1447.5437052316252,23628976,0.3555305238528872,0.0035490000809465243,1.016809577533205,1458.4796491350446,1454.4249703543526,1420.0914021809897,0.9896564547089386,1,0.9956259798528799,0.8869026841967802,3,2,1,0,0,13752668.57142857,1.7181375292566596,1
2024-03-01,1474.345458984375,1482.1266237591103,1445.0734581651325,1446.061542580972,12132926,2.1443669898941753,0.02121698926059812,1.0256410256410258,1461.9273507254463,1457.232186453683,1424.391219075521,1.0084943401960202,1,1.3002592390611636,1.035667438222961,4,3,1,0,1,13668759.142857144,0.8876391685005496,1
2024-03-04,1489.4384765625,1494.4282305064353,1469.503825173054,1472.7150995331629,10024420,1.0237097069856427,0.010185052877913468,1.0169611027248915,1465.5479736328125,1460.2176164899554,1428.9841634114584,1.0163014130956542,1,1.3065658701910372,1.043731565293332,0,3,1,1,0,12458858.0,0.8046018342933197,0
2024-03-05,1482.32421875,1489.4384990399915,1468.3429205099196,1487.8328618357061,7107668,-0.4776469739736444,-0.004787913526466285,1.0143669290295934,1466.4760567801338,1461.5462297712054,1433.3564331054688,1.010806969467107,1,1.306492923108473,1.0242603812890074,1,3,1,0,0,11411584.285714285,0.6228467338139727,1
2024-03-06,1485.0909423828125,1491.0194491388315,1460.8828731290673,1475.654687549837,7805676,0.18664767112457348,0.0018647370079962877,1.0206290158944875,1468.688685825893,1463.8329467773438,1439.1013224283854,1.011167960041645,1,1.2884290881001157,0.9965578427643973,2,3,1,0,0,11453380.0,0.6815172464372963,0
2024-03-07,1461.3028564453125,1485.1897258668157,1457.968071396935,1485.0662153094684,8315726,-1.6017932140460212,-0.01614760581591752,1.0186709537773337,1467.7394321986608,1465.1280604771205,1443.5493530273438,0.9956146332161245,1,1.4528218051361053,1.0829576617534984,3,3,1,0,0,11094763.142857144,0.7495181188571565,0
2024-03-11,1449.12451171875,1471.257625711574,1446.0614742974403,1471.257625711574,11277130,-0.8333895107949685,-0.008368816166088514,1.0174239836009566,1469.288609095982,1464.6057826450892,1447.2884236653647,0.9862762855082375,1,1.2386226137562895,1.0816113607722817,0,3,1,1,0,11470360.285714285,0.9831539480102518,1
2024-03-12,1457.844482421875,1470.269595576354,1447.568380480176,1449.1245651727334,9432678,0.6017406118389745,0.00599937383242669,1.0156823093142222,1471.352992466518,1464.9163208007812,1448.1900512695313,0.9908189876162906,1,1.250070018452902,1.0930814684620627,1,3,1,0,0,9442317.714285715,0.9989790944789826,0
2024-03-13,1415.10986328125,1465.4279903850718,1410.7622676768488,1462.142657909758,13522134,-2.9313565099640226,-0.02975179291567604,1.0387490677633753,1462.8907645089287,1462.4090576171875,1448.9986368815105,0.967338025239555,1,1.3664829703517152,1.3501343001094661,2,3,1,0,0,9640776.0,1.402598089614363,0
2024-03-14,1414.418212890625,1431.2651015924712,1408.5144322207132,1422.5451836499767,18571102,-0.048876091430893887,-0.0004888803968584698,1.0161522444153366,1452.173583984375,1458.8607788085938,1449.158378092448,0.9740007864692323,0,1.2081712812780097,1.3119615288337352,3,3,1,0,0,10861730.57142857,1.7097737674372702,0
2024-03-15,1401.3260498046875,1416.1473166057365,1396.0645483366263,1408.9589780840722,19223818,-0.9256217833324754,-0.00929932281654955,1.0143852720084026,1440.6024169921875,1453.5392368861608,1448.8808919270834,0.9727361507073516,0,1.2044823102042843,1.287657006575029,4,3,1,0,1,12592609.142857144,1.5265953053823045,1
2024-03-18,1422.32275390625,1424.5459437848976,1399.6462653903534,1403.0798345242215,9169392,1.4983453782571932,0.014872310668829271,1.017789979518575,1431.635532924107,1450.162109375,1448.2806315104167,0.9934950070715025,0,1.4577405374062606,1.3797191787042358,0,3,1,1,0,12787425.714285715,0.7170631685278328,0
2024-03-19,1408.267333984375,1420.4701525728194,1400.3626585436627,1411.7256294896865,8275764,-0.9882018608837861,-0.009931169831667868,1.0143587762116335,1424.0590297154017,1445.8992309570312,1447.8269368489584,0.9889107857177925,0,1.4053795570120908,1.3940316296246662,1,3,1,0,0,12781716.857142856,0.6474688879823858,1
2024-03-20,1426.546875,1427.7819805194806,1407.056934025752,1410.935092987457,8488806,1.2980164045918174,0.012896643678893618,1.0147293588429516,1420.8336530412946,1445.0611310686384,1448.3522664388022,1.0040210350778758,0,1.549238460299525,1.3582126131900538,2,3,1,0,0,12383384.857142856,0.6854996511800708,1
2024-03-21,1433.685791015625,1440.5283239841642,1427.460931435626,1435.2173701383908,13006936,0.5004333289521323,0.004991853232610577,1.009154290853618,1417.3824114118304,1444.3677019391741,1448.6429239908855,1.011502456551267,0,1.5408014222091453,1.3620863845749664,3,3,1,0,0,12893993.142857144,1.0087593390109273,1
2024-03-22,1437.6876220703125,1442.6033181580033,1430.1040255590262,1432.6977472783171,19527608,0.2791288774545597,0.002787400362141478,1.0087401282533213,1420.6078055245537,1441.7492850167412,1448.8043131510417,1.0120228936370317,0,0.9765717877914236,1.215357042390977,4,3,1,0,1,13751918.0,1.4199915968085324,0
2024-03-26,1424.397705078125,1435.0937909604027,1421.8534360223084,1427.7819423573562,11415906,-0.9243953128739935,-0.009286943603182746,1.009312039203657,1422.033447265625,1437.103515625,1448.1727579752603,1.0016625894538882,0,1.0699153472835767,1.1788025106494893,1,3,1,0,0,12729747.142857144,0.8967896904696682,1
2024-03-27,1475.0618896484375,1482.126717793074,1429.7582404310522,1430.7463249095808,16326644,3.5568847372955847,0.03495088672489421,1.0366275051831375,1432.567138671875,1436.5847778320312,1449.5066731770833,1.0296633573599623,0,1.5730949568239943,1.5650519995776813,2,3,1,0,0,12315865.142857144,1.3256595302579288,0
2024-03-28,1468.145263671875,1488.0057370987279,1461.0311038405712,1475.0865810929813,21854364,-0.46890412023395944,-0.004700069243502418,1.0184627371636712,1439.1132114955358,1435.3743722098213,1450.1901000976563,1.0201735707409487,1,1.5918470639701423,1.5680768595400931,3,3,1,0,0,14128004.0,1.546882631120433,0
2024-04-01,1467.0831298828125,1476.1734586788064,1464.8352136106084,1474.691331987126,5013880,-0.07234527913171362,-0.0007237146095708152,1.0077402870731451,1447.5154680524554,1435.7872488839287,1450.3020833333333,1.0135181020598587,1,1.4866916523921156,1.5052094050230742,0,4,2,1,0,13662020.57142857,0.3669940309184971,1
2024-04-02,1469.2320556640625,1476.198098955644,1457.4244952875333,1466.3172549197961,8910166,0.1464760747007965,0.0014636890313953071,1.0128813559322034,1453.6133510044642,1437.2235020228795,1450.8405883789062,1.0107447449136358,1,1.459467677996095,1.484174510900139,1,4,2,0,0,13722214.857142856,0.6493241865661337,0
2024-04-03,1454.0650634765625,1466.7619246317818,1451.397283687729,1464.4152240453116,7008292,-1.0323074649119857,-0.010376727142757615,1.0105861028656566,1456.5246756417412,1436.9535435267858,1451.2037150065105,0.9983113144553525,1,1.5589115630554238,1.5064996959336525,2,4,2,0,0,12865265.714285715,0.5447452198533238,0
2024-04-04,1445.493408203125,1462.117879861305,1432.7223691832353,1462.117879861305,14490272,-0.5894959922180698,-0.005912403786125151,1.0205172413793102,1457.6397879464287,1439.1237967354912,1450.8389485677083,0.9916670909755998,1,1.5870028084136136,1.2680896369626533,3,4,2,0,0,12145646.285714285,1.193042482806655,0
2024-04-05,1442.7020263671875,1453.274601948929,1438.6509043996564,1443.467815909923,7442298,-0.19310927466680283,-0.0019329597101731177,1.0101648687006353,1460.2546909877233,1441.1440691266741,1450.4791178385417,0.987979723859909,1,1.5323819613092606,1.2704939808241225,4,4,2,0,1,11577988.0,0.6427971768497255,1
2024-04-08,1468.2686767578125,1473.2090987059642,1443.5912932499484,1445.5427357963142,8357118,1.7721365828398783,0.017566173225891647,1.020516752625556,1459.2842320033483,1445.9256853376116,1451.0810221354166,1.0061567476420479,1,0.895370845557705,1.299240822599512,0,4,2,1,0,10439484.285714285,0.8005297743908806,0
2024-04-09,1446.2098388671875,1472.0482715276003,1445.0735176190665,1471.2577557160955,7071414,-1.5023706655197921,-0.015137705769930891,1.0186667000534186,1456.150599888393,1447.6319056919642,1450.4848795572916,0.9931732603605923,1,1.046072281459783,1.340592966754899,1,4,2,0,0,8327634.285714285,0.849150401829091,1
2024-04-10,1461.945068359375,1469.281643980642,1448.8776750369068,1448.8776750369068,9138330,1.0880322529483566,0.01082155768966352,1.0140826028969046,1455.4165910993304,1451.466029575893,1450.022127278646,1.0044856416368824,1,1.1575495199147354,1.3224188310638325,2,4,2,0,0,8916841.42857143,1.0248393529483293,0
2024-04-12,1449.6680908203125,1468.7627741208264,1445.6415744118667,1458.2891033204971,15551012,-0.8397700983963752,-0.008433160332425606,1.0159937290945482,1452.6217389787946,1453.1175449916295,1449.357645670573,0.9979666777115985,0,1.190013744584087,1.3186969213166306,4,4,2,0,1,9865533.714285715,1.5762970813714285,0
2024-04-15,1447.3707275390625,1464.4646364315843,1429.0911655763507,1443.591352839028,12902062,-0.15847512239508532,-0.0015860082704179151,1.0247524242730641,1451.6654052734375,1454.0950404575892,1448.671748860677,0.9970415512288343,0,1.130704585546422,1.3159410228014738,0,4,2,1,0,10707500.857142856,1.2049554954173247,1
2024-04-16,1448.2847900390625,1453.6451964542034,1433.6364862387566,1436.0325186728678,9366184,0.06315330845154676,0.0006313337514162649,1.013956613414563,1452.064174107143,1454.8519810267858,1449.005232747396,0.9973972334449995,0,1.106456574017248,1.3146395928892785,1,4,2,0,0,9975488.285714285,0.9389198535186635,0
2024-04-18,1446.876708984375,1468.2934876101954,1441.9610129858208,1446.0615875622616,19005692,-0.09722404490967174,-0.0009727133814029409,1.0182615718367092,1452.6605573381696,1456.4576241629463,1449.1213297526042,0.9960184446913098,0,1.1037840074269887,1.2852346769373335,3,4,2,0,0,11627401.714285715,1.6345605378585255,1
2024-04-19,1452.6077880859375,1456.4366156882386,1425.8307211065503,1439.4168835663286,15741778,0.3961000316043073,0.003953176208347825,1.0214653072967426,1450.4232875279017,1454.853759765625,1448.3967407226562,1.001506112440982,0,0.8350578550415205,0.83301604485914,4,4,2,0,1,12682353.142857144,1.2412347947325502,1
2024-04-22,1462.2166748046875,1465.1562017707047,1450.3103301575065,1454.9048261235944,10350362,0.6614921658523842,0.006593139071554055,1.0102363413570845,1452.7099783761162,1454.4302891322545,1447.489347330729,1.006544111742936,0,0.6251646752941449,0.8497801030450082,0,4,2,1,0,13150774.285714285,0.7870534293363716,0
2024-04-23,1441.936279296875,1475.7041133303053,1438.20635702296,1461.3768889290402,14605554,-1.3869624014868687,-0.013966705955295153,1.0260725841769776,1449.8515799386162,1452.6340855189733,1446.1430826822916,0.9945406131556747,0,0.7067551072597367,0.9246807875704465,1,4,2,0,0,13931806.285714285,1.048360399252506,0
2024-04-24,1432.895263671875,1451.0513135165108,1432.2282584925008,1446.0614393265091,10462776,-0.6270052120062264,-0.006289791451203618,1.0131424966044325,1447.4554617745537,1450.0386003766741,1444.4032267252603,0.9899408316959002,0,0.6783863549905158,0.9306576810554464,2,4,2,0,0,13204915.42857143,0.7923394933194141,1
2024-04-25,1442.57861328125,1450.4832891142164,1424.3237766526493,1425.31186113177,15943926,0.6757890722983495,0.0067351585364248895,1.0183662681830992,1446.7708740234375,1449.2181396484375,1443.7790852864584,0.9971023326378358,0,0.7491389425022417,0.9214975830201294,3,4,2,0,0,13639467.42857143,1.168955172443264,0
2024-04-26,1435.2421875,1447.5437912682185,1432.7225237808307,1446.5062542977878,9413848,-0.5085633263730904,-0.005098609108865927,1.0103448275862068,1444.9076450892858,1448.4859095982142,1443.3163411458333,0.9933106744765763,0,0.7663561500879872,0.9181186392739615,4,4,2,0,1,13646276.57142857,0.6898473697733728,1
2024-04-29,1447.568359375,1450.4091019997668,1432.7223672737166,1432.7223672737166,7247974,0.8588217363141082,0.008551548422055551,1.0123448444234913,1445.0064522879463,1448.833504813058,1442.9738037109375,1.0017729381643918,0,0.8527872150376795,0.9477984700317724,0,4,2,1,0,11966602.57142857,0.605683522682139,1
2024-04-30,1449.5198974609375,1465.403306850403,1445.4440490785064,1450.5079819172845,11474262,0.1348149172575308,0.0013472412354110972,1.0138083918119285,1444.5653250558037,1447.4943062918526,1444.1208048502604,1.0034298015598169,0,0.8386700193683915,0.8065516683023647,1,4,2,0,0,11356957.42857143,1.0103288730424806,0
2024-05-02,1449.0753173828125,1459.7218309784546,1446.6791643138517,1454.460329459568,14512646,-0.03067085032111283,-0.00030675554788367926,1.0090155903163152,1442.68798828125,1447.698983328683,1445.2760416666667,1.004427380801286,0,0.7828620871619856,0.6965356814412939,3,5,2,0,0,11951569.42857143,1.2142878880246522,0
2024-05-03,1416.9130859375,1457.3750954799905,1399.275802819383,1453.4722101911175,17226958,-2.2195003295895632,-0.022445018701227115,1.041520972880074,1439.113246372768,1444.482413155692,1445.7956095377604,0.9845737224007752,0,1.0304138497792463,0.8492764260537228,4,5,2,0,1,12326055.714285715,1.397605073294794,0
2024-05-06,1402.610595703125,1422.841600588335,1401.1037428015688,1418.3952205864964,7394208,-1.0094119657954703,-0.010145410734545121,1.0155148095909732,1434.786865234375,1441.1211635044642,1445.1385375976563,0.9775741817053825,0,1.0636321116140268,0.859944764189624,0,5,2,1,0,11887688.857142856,0.6220055124976714,0
2024-05-07,1384.775634765625,1403.8209867220144,1375.4135586957902,1399.1028593353728,14517472,-1.2715546989404691,-0.012797081464717926,1.0206537356321839,1426.529296875,1436.6500854492188,1444.3554809570312,0.9707305961392858,0,1.0196903283222862,0.9030032711840015,1,5,2,0,0,11683909.714285715,1.2425183311926604,1
2024-05-08,1401.6473388671875,1415.8756594095175,1380.8481115524094,1380.8481115524094,9439002,1.218370953242398,0.012110085549008526,1.0253666913573345,1421.7300327845983,1433.318838936942,1443.525496419271,0.9858744674063916,0,1.2271054039122122,0.9885951365922244,2,5,2,0,0,11687503.142857144,0.8076149272112647,0
2024-05-09,1377.51318359375,1406.7851843569276,1373.437335386219,1396.1632769069981,11009612,-1.7218421926975425,-0.017368382840231966,1.0242805755395683,1411.7221505301338,1428.36430140904,1441.653076171875,0.9757679179833386,0,1.1972550425685775,1.0643873308997878,3,5,2,0,0,12224880.0,0.900590598844324,1
2024-05-10,1390.65478515625,1393.1990543318577,1371.535254832905,1380.106935558881,10505096,0.9540091317467692,0.00949487201631709,1.0157952917525201,1403.3128487723213,1423.9390869140625,1440.0853149414063,0.99097987050632,0,1.3256087567354524,1.1039766312726644,4,5,2,0,1,12086427.714285715,0.8691646736598078,0
2024-05-13,1385.9859619140625,1390.210046915121,1367.5088315833425,1383.2193979190515,8456620,-0.33572841312036195,-0.0033629324551345536,1.016600415885793,1394.300083705357,1418.4940359933037,1438.8049235026042,0.994037064267256,0,1.3093412955372496,1.0684074069003582,0,5,2,1,0,11221281.142857144,0.7536233957905086,1
2024-05-14,1403.1539306640625,1410.070521585227,1383.342910466477,1384.2815424166113,7188300,1.2386827299672554,0.012310738244713446,1.0193210309002394,1392.3344900948662,1415.723868233817,1436.4079915364584,1.0077707193538379,0,1.2595784414419566,1.1071165254783553,1,5,2,0,0,9787187.142857144,0.7344602586092516,0
2024-05-15,1399.3992919921875,1412.9360003572742,1396.1880176135714,1403.5739245612333,5046534,-0.26758565755491404,-0.002679443079163828,1.0119955067171607,1391.875732421875,1413.331298828125,1434.1164591471354,1.0054053385622446,0,1.2034589069422181,1.1003208372543831,2,5,2,0,0,9451805.142857144,0.5339227717589728,1
2024-05-16,1408.3660888671875,1410.4904944706304,1381.3667306256436,1401.6471872524828,14711774,0.6407604267281597,0.006387162844954332,1.0210832961293315,1395.2457972935267,1410.8875470842634,1432.1592244466146,1.0094035700369866,0,1.084943543565276,1.098304339984323,3,5,2,0,0,9479562.57142857,1.5519465048251624,1
2024-05-17,1418.5927734375,1420.0749000882806,1396.4103261437938,1406.0936018418706,10916476,0.7261382286290585,0.007235145384161105,1.0169467193857245,1397.6665736607142,1409.6983032226562,1430.4712483723958,1.0149722402833006,0,1.0258074433307653,1.1180477038126928,4,5,2,0,1,9690630.285714285,1.126498037603687,1
2024-05-21,1419.0128173828125,1424.6448506468714,1408.6132041549795,1408.6132041549795,11176128,0.02960990307985245,0.0002960552021320416,1.011381155908949,1403.5950927734375,1407.6586216517858,1429.302840169271,1.010984453200752,0,0.6183130343863055,1.086139780692984,1,5,2,0,0,9714418.285714285,1.1504680642005356,1
2024-05-22,1443.24560546875,1451.2737917888355,1419.1610465084934,1419.1610465084934,10281604,1.7077215786275746,0.01693303924451287,1.0226279782406287,1411.1080671037946,1407.210457938058,1429.2279134114583,1.0227746826158506,1,0.771998603772429,1.1925271525989662,2,5,2,0,0,9682490.857142856,1.0618759316891244,1
2024-05-23,1468.3428955078125,1474.4442444107415,1437.6628261266358,1441.1705740518107,14608260,1.7389479617303971,0.017240012894350284,1.025584175660438,1422.8733433314733,1408.586713518415,1430.082609049479,1.0319561487250004,1,0.780546602927039,1.2822185176603842,3,5,2,0,0,10561296.57142857,1.383188124791388,0
2024-05-24,1462.6119384765625,1470.7636348065282,1458.5113640783345,1465.9467233388211,7094776,-0.39030100181525196,-0.003910646638767659,1.0084005315487796,1431.3673444475446,1411.8509172712054,1429.8940511067708,1.0218284943765272,1,0.8756461161609671,1.1089472996830472,4,5,2,0,1,10547936.0,0.6726222077949657,0
2024-05-27,1448.77880859375,1467.2066075031105,1444.134859977049,1462.587264504762,6629010,-0.9457826453420637,-0.00950283571201057,1.0159761724236946,1438.4215611049108,1415.148646763393,1429.9796834309896,1.0072004256393956,1,1.0139623960850441,1.1035823951816064,0,5,2,1,0,10774004.0,0.6152782196850864,0
2024-05-28,1438.8485107421875,1460.8828419616084,1435.4396676765145,1450.5079553599196,7820162,-0.6854253936252164,-0.006877852229043061,1.0177250043021855,1442.7761928013392,1419.010995047433,1429.2097981770833,0.9972776913850195,1,1.1034471578107439,1.0518455204415573,1,5,2,0,0,9789488.0,0.7988325845028872,0
2024-05-29,1423.6072998046875,1440.6270291639403,1421.3099312467443,1429.2640587693002,7383556,-1.0592644620828318,-0.010649146034666688,1.0135910525160767,1443.4925537109375,1420.5795636858259,1428.3411051432292,0.9862242074923567,1,1.194255150284992,1.0713553288407789,2,5,2,0,0,9284785.142857144,0.7952317567283963,0
2024-05-30,1407.8720703125,1423.2368313836507,1403.178669288835,1418.3951935729253,13206858,-1.105306884443924,-0.011114607893604155,1.0142948026034218,1441.9010184151787,1422.748055594308,1427.024483235677,0.9763999416963582,1,1.2729585690033804,1.0002953944495303,3,5,2,0,0,9574889.42857143,1.3793222468544433,1
2024-05-31,1413.35595703125,1425.0647331073133,1405.3030450073677,1414.245257118902,31069832,0.3895159819125249,0.0038875933262184697,1.0140622253471614,1437.631068638393,1424.3695678710938,1425.8601888020833,0.9831145054272273,1,1.0353122224547007,0.9769524741361382,4,5,2,0,1,12544636.285714285,2.4767423536529343,1
2024-06-03,1492.32861328125,1496.4539141466187,1441.6152266357983,1465.3292536675044,21527942,5.587598499664725,0.05437073993749036,1.0380397532556547,1441.0575997488838,1431.9654715401787,1427.3752522786458,1.0355787399069272,1,2.4074576586092804,1.7450326998093573,0,6,2,1,0,13533162.285714285,1.5907547360697114,0
2024-06-04,1380.625732421875,1480.1999676014107,1343.1032493273078,1480.1999676014107,36709098,-7.485139657931561,-0.07780090202623234,1.102074593552482,1429.3452845982142,1430.3563145228795,1424.975850423177,0.9659147774150078,0,3.8098497844386134,2.747333081434919,1,6,2,0,0,17763779.714285713,2.0665139171073132,1
2024-06-05,1403.821044921875,1414.097147783154,1367.6077240917773,1405.0561505394378,17464890,1.6800579588873044,0.016661010905605133,1.0339932444606879,1422.9227469308037,1430.672154017857,1423.0293294270834,0.9865757279865471,0,3.9160342165024713,2.7861354349543457,2,6,2,0,0,19311762.57142857,0.9043654060784183,1
2024-06-06,1414.5416259765625,1426.4974232883105,1404.4137607114592,1417.9011371144834,17855722,0.7636714874355022,0.0076077027784379305,1.0157244703766388,1419.4503348214287,1431.1132638113838,1422.1161743164062,0.9965418241664061,0,3.9356087664344175,2.7883016786870303,3,6,2,0,0,20745414.0,0.8607069494973685,1
2024-06-07,1452.4345703125,1454.4601915157414,1409.5023527154926,1411.478521453965,18558696,2.678814369268001,0.026435623096488312,1.0318962495618647,1423.5685163225446,1433.5305350167412,1422.7674845377603,1.020277249502907,0,4.047723329684713,2.8713569864601145,4,6,2,0,1,22341862.57142857,0.8306691503748396,1
2024-06-10,1453.867431640625,1475.5558362929214,1450.5819785928986,1452.4346368701142,9251760,0.0986523838947706,0.0009860375441066564,1.0172164400692805,1430.1392822265625,1436.0201503208705,1423.143778483073,1.0165914954640785,0,4.000462478996332,2.8710872703170502,0,6,2,1,0,21776848.57142857,0.42484384136915,0
2024-06-11,1439.31787109375,1456.1153056542432,1437.3417023219272,1451.4959629037996,11774902,-1.000748777380378,-0.01005789928998676,1.0130613362862766,1433.8481270926338,1435.7395978655134,1423.2796346028647,1.0038147303732976,0,4.042911419619287,2.853778416279506,1,6,2,0,0,19020430.0,0.6190660253211941,1
2024-06-12,1445.8885498046875,1458.41256776401,1437.835758473946,1440.1330064471847,10081742,0.45651338338099645,0.004554745215306772,1.0143109594881012,1427.213832310268,1434.1357160295759,1423.2236409505208,1.0130847368990183,0,3.334222379330567,2.814635636019768,2,6,2,0,0,17385258.57142857,0.5799017574906031,1
2024-06-13,1447.790771484375,1454.7073627830548,1442.7021123343332,1454.4603416652449,9181160,0.13156074027589337,0.0013147427496194668,1.0083213647128422,1436.808837890625,1433.0770612444196,1423.1660034179688,1.0076432809321194,1,1.191333481175883,2.813560696346501,3,6,2,0,0,13452696.0,0.6824773264779045,1
2024-06-14,1459.9442138671875,1462.0438933040555,1439.8613252368543,1452.4841280922399,8157998,0.8394474272240382,0.008359436618320157,1.0154060447894537,1444.8264334542412,1433.8745901925224,1423.528299967448,1.01046338858627,1,1.1144256663752223,2.8095776269302917,4,6,2,0,1,12123140.0,0.6729278058324824,1
2024-06-18,1463.3778076171875,1469.6768460329972,1453.8180422457062,1469.6273935638167,7196766,0.23518664051587201,0.002349105096004218,1.0109083828419092,1451.8030308314733,1435.6266828264509,1425.0771240234376,1.0079726908815483,1,1.1167679505865105,2.8007383948991236,1,6,2,0,0,10600432.0,0.6789125197916462,0
2024-06-19,1441.2694091796875,1469.7756214798555,1438.650961260282,1469.7756214798555,8725874,-1.5107785783289307,-0.015223070988796718,1.0216346153846154,1450.2080078125,1436.8882620675224,1426.3657511393228,0.9938363334193034,1,0.8365591104897506,2.8183764650316303,2,6,2,0,0,9195743.142857144,0.94890362469268,1
2024-06-20,1456.1400146484375,1465.181011544537,1432.8212456085912,1441.6152213906755,16113776,1.0317713936087491,0.01026484964050038,1.0225846497147666,1450.5326625279017,1440.335972377232,1428.7445638020833,1.0038657193080807,1,0.9424629106686032,2.8044167489981757,3,6,2,0,0,10176031.142857144,1.5835030154473078,0
2024-06-21,1436.872314453125,1457.1280450509373,1423.4096642387256,1456.0659025463858,31170360,-1.3232038129220913,-0.013320361543512403,1.0236884585368087,1450.1832972935267,1442.0157121930804,1429.9187296549478,0.9908211721475182,1,1.0067099665835817,2.836366722461079,4,6,2,0,1,12946810.857142856,2.407570508593865,0
2024-06-24,1424.2989501953125,1432.2283517054532,1420.3713387903338,1428.3007403004744,8878386,-0.875050909627828,-0.008789019623403664,1.0083478260869565,1447.0990687779017,1437.156450544085,1431.4782552083334,0.9842442586865567,1,1.0272723729495834,2.3723028290294876,0,6,2,1,0,12774902.857142856,0.6949865763586461,1
2024-06-25,1436.822998046875,1438.576872033328,1423.8296636688654,1425.8058325289194,7045386,0.8793131420791411,0.008754696982419286,1.0103574245857911,1445.5322440011162,1441.1705409458705,1433.017195638021,0.9939750593662756,1,1.1046886661018964,1.177463896140548,1,6,2,0,0,12469792.285714285,0.5649962596467124,1
2024-06-26,1495.9844970703125,1500.875466568816,1427.905458276952,1428.8194845866847,22014882,4.117521720062789,0.040350091704236805,1.0511028288805033,1450.6808558872767,1447.7536446707588,1436.6838134765626,1.0312292266070657,1,1.945665117913354,1.5268868916765674,2,6,2,0,0,14449347.142857144,1.523590082122346,1
2024-06-27,1512.3126220703125,1519.1797603831344,1488.0551018777237,1495.7127559544517,28383030,1.0914635166324516,0.010855500436145932,1.0209163346613548,1457.6715436662946,1454.7372872488838,1440.3224365234375,1.0374851787711972,1,1.962986192676691,1.5342993955701272,3,6,2,0,0,17475956.285714287,1.6241188485463136,1
2024-06-28,1546.7474365234375,1562.1615299634889,1512.782033239127,1512.782033239127,28957336,2.276964031814055,0.02251428108287041,1.032641514533744,1472.7398332868304,1461.473920549665,1445.234041341146,1.0502516476867734,1,1.8385214288381908,1.4934013913370845,4,6,2,0,1,20366165.14285714,1.4218354705896101,0
2024-07-01,1541.5599365234375,1560.5805616644209,1537.138282854078,1543.9066370278445,7724306,-0.3353811926567474,-0.00335944856012136,1.0152505985127223,1484.9426792689733,1467.7376708984375,1449.6738362630208,1.0381275708785853,1,1.9093555064174366,1.5059460958670787,0,7,3,1,0,19167669.42857143,0.40298618612892545,1
2024-07-02,1546.525146484375,1554.7509013864856,1538.4475077589818,1550.7985635373939,7749246,0.32208997154759,0.003215723729231037,1.010597302504817,1500.6073695591517,1475.3953334263392,1453.9382486979166,1.0305994611626577,1,1.6881270329957336,1.4497477591890418,1,7,3,0,0,15821796.0,0.489782955108257,0
2024-07-03,1533.927001953125,1556.2329594590622,1524.391963189475,1547.661278880494,9049620,-0.8146097436494082,-0.008179458185013592,1.0208876699946425,1516.268519810268,1481.683794294085,1457.7687215169271,1.0116460125051379,1,1.6766470567810605,1.4934513292854295,2,7,3,0,0,15846258.0,0.571088770610702,1
2024-07-04,1535.5079345703125,1548.822348177101,1532.321386398175,1538.447461634288,6837176,0.10306439714371507,0.0010301132225833216,1.0107686037181225,1530.3663678850446,1487.9493059430804,1460.844132486979,1.0033596966015226,1,1.7170662418531668,1.4939135672124626,3,7,3,0,0,15816513.714285715,0.4322808504774702,1
2024-07-05,1569.6956787109375,1579.4530127748421,1529.5547474353805,1535.3102911811948,12269710,2.226477856019149,0.022020537052408206,1.0326227390180878,1540.8965366908483,1495.7886962890625,1464.22255859375,1.018689860957139,1,1.2134847134429507,1.5672575623597957,4,7,3,0,1,14424346.285714285,0.8506250305535015,1
2024-07-08,1581.824462890625,1589.6303543798022,1563.6684106310508,1570.0662334946016,9500806,0.7726837975146728,0.007697138851373114,1.0166032283905215,1550.8267996651787,1504.2491716657366,1468.196309407552,1.019987830512175,1,1.2020861591812224,1.5660539651188259,0,7,3,1,0,11726885.714285715,0.810172984667711,0
2024-07-09,1571.325927734375,1581.4290665009253,1561.6673786971023,1578.563597646217,6960002,-0.663697862976842,-0.006659101311944593,1.0126542233470421,1554.3380126953125,1513.5389229910713,1472.2812133789062,1.0109293569997715,1,1.0419999973942193,1.494247475826931,1,7,3,0,0,8584409.42857143,0.8107723726264819,0
2024-07-10,1565.3480224609375,1578.4648673124634,1544.5241914718106,1575.9946562525065,7134578,-0.3804370034202087,-0.0038116250562517094,1.0219748424971642,1557.7363106863838,1521.3394949776787,1476.4978637695312,1.0048863929808503,1,1.0462058019435756,1.5125387443681853,2,7,3,0,0,8500162.57142857,0.8393460642719136,0
2024-07-11,1561.815673828125,1585.1344421846698,1551.786592769845,1568.5840280306456,11940946,-0.22565899609079398,-0.0022591398968626053,1.021489971346705,1559.9206717354912,1530.2640206473213,1481.1048095703125,1.00121480670586,1,1.0580335298055157,1.435678425499446,3,7,3,0,0,9098976.857142856,1.3123394187585111,1
2024-07-12,1577.69921875,1586.0238790122883,1555.739064587694,1565.619909710512,12924784,1.0169922858401792,0.010118557156193225,1.019466512806645,1566.1738455636162,1541.221182686942,1486.765714518229,1.0073589360587465,1,1.0062637225159892,1.3731502318139184,4,7,3,0,1,9652571.714285715,1.338999013171945,1
2024-07-15,1578.1932373046875,1586.7154660951303,1566.607970695329,1585.332123675554,5329688,0.031312594239540914,0.00031307692869888165,1.0128350524036187,1572.2717459542412,1551.319056919643,1492.2602905273438,1.0037662009545636,1,1.010234088314031,1.385272820766016,0,7,3,1,0,9437216.285714285,0.5647521301453997,0
2024-07-16,1557.4681396484375,1580.9351457176842,1550.4280378276635,1574.5125966882063,9386838,-1.3132167320425991,-0.013219156641213883,1.0196765713375286,1570.5249546595983,1555.7107456752233,1494.4316080729166,0.9916863371241428,1,0.807261570488676,1.0745676955098924,1,7,3,0,0,9025377.42857143,1.040049357967491,1
2024-07-18,1567.7689208984375,1574.9078068261192,1539.2625884242743,1557.2210712967385,12298374,0.6613799016347954,0.0065920238061454505,1.023157334343021,1568.5170200892858,1559.671909877232,1500.6697143554688,0.9995230531889251,1,0.787867125367491,1.055985268317483,3,7,3,0,0,9425030.0,1.3048631144940652,0
2024-07-19,1536.61962890625,1571.029623251694,1534.2976544625544,1567.1020115011324,13140390,-1.986854795816262,-0.020068581576210096,1.023940575469371,1563.5589773995537,1558.948495047433,1505.0963338216145,0.9827704941849343,1,1.0528724305622479,1.0451763920743864,4,7,3,0,1,10307942.57142857,1.2747830043623227,0
2024-07-22,1482.793701171875,1519.1798633102128,1481.4103587992008,1518.9328421942273,19674376,-3.502879093942579,-0.035657013258618094,1.0254956395347654,1551.7655029296875,1554.7509068080358,1507.3714029947917,0.9555526903855024,0,1.6033467778600181,1.397168950904388,0,7,3,1,0,12099342.285714285,1.6260698751559057,0
2024-07-23,1470.1708984375,1487.808182000688,1445.5675711552426,1483.1147807956386,18052044,-0.8512851601945037,-0.008549292883340904,1.0292207792207793,1538.6733921595983,1549.2970319475446,1507.9626139322916,0.9554795097704576,0,1.5859494924644644,1.3942325991635494,1,7,3,0,0,12972356.285714285,1.3915778754766153,1
2024-07-24,1477.8779296875,1491.5135439533938,1458.8079713194404,1467.3054738461674,11913362,0.5242268948590256,0.005228576090308873,1.0224193816300389,1524.4132080078125,1545.2935267857142,1508.7629638671874,0.9694733172896558,0,1.497794658662902,1.405921190083007,2,7,3,0,0,12827867.42857143,0.9287094730543787,0
2024-07-25,1474.6171875,1482.595920809754,1459.474721651074,1463.3530011800513,12519876,-0.2206367739850834,-0.0022088053553300227,1.0158421374592383,1509.6166294642858,1540.9441877092634,1509.939607747396,0.976815675396537,0,1.473972587555309,1.4022137987775094,3,7,3,0,0,13855037.142857144,0.903633521217554,1
2024-07-26,1491.044189453125,1494.4037007697482,1472.59166375446,1474.6172851615388,9859940,1.1139841643223125,0.011078250594870767,1.014812006309799,1500.1274937220983,1535.3262241908483,1511.4447957356772,0.9939449784721724,0,1.650721596664728,1.2750366411182672,4,7,3,0,1,13922623.142857144,0.7081955676620134,1
2024-07-29,1501.9871826171875,1509.2990318372968,1493.7614276294273,1493.9342700426573,7538550,0.7339147452146255,0.007312346958117198,1.0104016638269522,1490.7301025390625,1529.6235613141741,1513.2513427734375,1.007551387108204,0,1.6602246164207635,1.2724294548848818,0,7,3,1,0,13242648.285714285,0.5692630233283722,0
2024-07-30,1495.1199951171875,1506.8287716127938,1492.0075050067665,1498.9488223237445,8228208,-0.4572067977327232,-0.004582551847638634,1.009933774834437,1484.8015834263392,1524.1802804129463,1514.4238688151042,1.0069493539110037,0,1.543603040685203,1.2698528898917074,1,7,3,0,0,12540908.0,0.6561094300348906,0
2024-07-31,1487.4869384765625,1492.4519658681731,1483.2628537354879,1486.0788700242824,10057346,-0.5105313731040506,-0.005118390371073494,1.0061952014166222,1485.4720458984375,1518.6187744140625,1515.2275065104166,1.0013563988522627,0,0.7395564285555695,1.2705930982430265,2,7,3,0,0,11167046.57142857,0.9006272102179825,1
2024-08-01,1497.244384765625,1499.9121644798522,1486.37545603751,1493.9836579008804,10764222,0.6559685357006018,0.006538264247145683,1.0091071931976254,1489.3396868024554,1514.0065394810267,1517.0933390299479,1.0053075185152291,0,0.6480163857734508,1.29908757501788,3,8,3,0,0,10125929.142857144,1.0630354852515544,0
2024-08-02,1481.4595947265625,1491.3404387261814,1475.481756476256,1487.0670219426547,10268248,-1.0542560853573302,-0.010598527349242335,1.0107481384844765,1489.851353236607,1507.13228062221,1517.937325032552,0.9943673853825659,0,0.7989528459777625,1.2556129513760956,4,8,3,0,1,9890912.857142856,1.038149678225569,0
2024-08-05,1430.0792236328125,1466.2184833782828,1416.1719837774867,1462.3649300475706,17046704,-3.468226286875775,-0.03529797056185053,1.0353392809447497,1483.4887869698662,1496.5527082170759,1517.710888671875,0.963997325894086,0,1.5570042043574255,1.482216141875386,0,8,3,1,0,10537602.57142857,1.61770230794432,1
2024-08-06,1438.700439453125,1459.8948030686215,1434.0316438440889,1437.8111393077952,10236186,0.6028488266833332,0.006010389633283543,1.0180352779072597,1476.0111083984375,1488.069301060268,1518.190938313802,0.9747219592501598,0,1.482935869236193,1.5085815803620275,1,8,3,0,0,10591352.0,0.9664664152414159,1
2024-08-07,1447.3707275390625,1454.954323788822,1444.0853950542364,1451.4960282823629,8174568,0.6026472118986215,0.006008385564918799,1.007526513855628,1468.2087576729912,1479.4694301060267,1518.542529296875,0.9858071748822997,0,1.4654641261537722,1.505018457820261,2,8,3,0,0,10682211.714285715,0.7652505135306249,0
2024-08-08,1431.85791015625,1447.5437511456266,1428.6960880928925,1440.157843842289,12387192,-1.0717929475600685,-0.0107757802131281,1.0131922129624453,1459.1713169642858,1471.9864501953125,1516.4049763997396,0.9812815626989848,0,1.4795302216377644,1.4573267485879005,3,8,3,0,0,11276352.285714285,1.0985105543122315,1
2024-08-09,1456.7330322265625,1458.9067698886504,1438.6510375603623,1442.6033755756382,6249776,1.737261909430532,0.017223440418374134,1.0140796703296704,1454.7779017857142,1470.1249738420759,1514.5523234049479,1.001343937406836,0,1.7269860907064591,1.2879221783710226,4,8,3,0,1,10732413.714285715,0.582327160169109,0
2024-08-12,1443.220947265625,1455.4484931603017,1440.380204279993,1452.4842396100769,8184584,-0.9275608270023716,-0.009318894603727389,1.0104613273880982,1447.060267857143,1468.1999773297991,1511.1014404296875,0.9973468136215202,0,1.6864102138554236,1.29141577815861,0,8,3,1,0,10363894.0,0.7897209292183035,1
2024-08-13,1446.1851806640625,1452.5582774619256,1440.6272053348387,1443.3444377180147,6265064,0.2053901312930373,0.0020517949413219063,1.0082818595143175,1442.0210658482142,1465.9362095424108,1507.9222819010417,1.0028876934702746,0,1.6860229035579917,1.2818765335777271,1,8,3,0,0,9792010.57142857,0.6398138517415817,0
2024-08-14,1444.4312744140625,1454.4603560192809,1436.3783617708266,1446.1110904012166,6267466,-0.12127812353841527,-0.0012135172496896762,1.0125886011163256,1444.0713588169642,1463.780072893415,1504.5191528320313,1.0002492367118154,0,0.9712418973927114,1.281712606655305,2,8,3,0,0,8252119.428571428,0.7594977331884055,1
2024-08-16,1460.5863037109375,1462.760161748311,1440.676499654279,1451.1501701128775,9416902,1.1184353027407612,0.011122270623221289,1.0153286751740112,1447.1979108537946,1461.6045096261162,1502.074462890625,1.0092512522003603,0,1.0294008196913718,1.2820480805461214,4,8,3,0,1,8135078.857142857,1.1575673899868422,1
2024-08-19,1475.65625,1485.47150978375,1467.8238660907393,1469.8067419652286,13797742,1.0317737644652603,0.010264873106945148,1.0120229981952886,1451.2386997767858,1459.7237287248884,1500.0794067382812,1.0168253163500738,0,1.0680095619596959,1.3000048931595964,0,8,3,1,0,8938389.42857143,1.5436496821111556,1
2024-08-20,1483.1416015625,1491.0484162933285,1477.2674041310693,1484.4057091952604,8411808,0.5072557760318563,0.0050597356814136235,1.009328718770699,1458.56494140625,1458.868129185268,1497.1942708333333,1.016849890915762,0,0.8856683919533097,1.3062050321281198,1,8,3,0,0,8370477.428571428,1.004937659981914,1
2024-08-21,1485.8433837890625,1494.964564922092,1477.2426107826689,1480.464784262564,7769996,0.1821661683359288,0.001820004469997808,1.0119966442953021,1462.7235630580358,1458.750732421875,1493.9949015299478,1.0158060082676807,1,0.7016600661348883,1.3005023803141567,2,8,3,0,0,8587651.714285715,0.9047870428972417,0
2024-08-22,1485.2979736328125,1493.6012664349316,1477.8869991875908,1490.1312336221058,10445782,-0.03670710938989963,-0.0003671384809840563,1.0106329288071274,1468.7345668247767,1457.89741734096,1491.127303059896,1.0112773316446442,1,0.4955598782106771,1.286731927858893,3,8,3,0,0,8910680.0,1.1722766388199328,1
2024-08-23,1487.1322021484375,1498.3849993365056,1485.5955458508122,1490.8749048344312,9249654,0.12349229233368231,0.0012341610332094125,1.0086089740383335,1474.5841413225446,1458.3026035853795,1488.520109049479,1.0085095590507562,1,0.5021851378184816,1.2540696878531312,4,8,3,0,1,9337050.0,0.9906398701945476,1
2024-08-26,1499.6490478515625,1509.9600269352031,1490.131267553257,1494.0722092753902,8816114,0.8416767308946804,0.00838154383018779,1.0133067198935461,1482.4723946707588,1463.2718767438616,1486.4478881835937,1.0115864910824315,1,0.4659407019905536,0.7595014704453578,0,8,3,1,0,9701142.57142857,0.9087706870698795,0
2024-08-27,1487.6031494140625,1500.516654009415,1486.6117113802566,1497.5671500638725,6251156,-0.8032478302011592,-0.008064912457039093,1.0093534461774476,1486.3319440569196,1466.764927455357,1483.444685872396,1.0008552634303702,1,0.6107702594217921,0.8134829784646201,1,8,3,0,0,9248893.142857144,0.6758815247884796,0
2024-08-28,1485.4715576171875,1494.567928369235,1480.2168879705305,1492.1141436005682,9610286,-0.14329035251872124,-0.0014339311131837385,1.0096952281218603,1487.734130859375,1469.4864153180804,1480.3539632161458,0.9984791817333111,1,0.5191119313581857,0.8124799716687763,2,8,3,0,0,8650685.142857144,1.1109277289944135,1
2024-08-29,1507.90283203125,1523.8401488737275,1481.2083164719252,1490.2303777286736,38335358,1.5100440192906905,0.014987563453023699,1.0287817938420347,1491.271449497768,1474.9181954520088,1478.701786295573,1.0111524850415954,1,0.7420450273358189,0.7972031218825354,3,8,3,0,0,12925478.0,2.965875459306031,0
2024-08-30,1496.6995849609375,1526.5418444404818,1490.4534771750382,1520.865886117465,41620730,-0.742968766443719,-0.007457425267049782,1.024213011555278,1492.8223353794642,1477.77294921875,1476.3328084309896,1.0025972612343637,1,0.830948195824175,0.7446173630900871,4,8,3,0,1,17761297.14285714,2.343338420906839,1
2024-09-02,1503.267822265625,1513.7275412609433,1493.7252318027681,1497.9388431759776,11240852,0.43884807416840754,0.004378879439910537,1.0133908894569816,1495.3894566127233,1482.06201171875,1475.2210815429687,1.005268437341231,1,0.8366613652610061,0.672018116566854,0,9,3,1,0,17874878.57142857,0.6288631251441069,0
2024-09-03,1496.203857421875,1509.9600595401412,1494.5927706873033,1508.2250430567562,10923800,-0.4699072739482779,-0.0047101480913315985,1.0102819237147596,1496.6854073660713,1485.634774344308,1475.668086751302,0.9996782557364251,1,0.8720557043491873,0.7023921977976767,1,9,3,0,0,18114042.285714287,0.6030570000719883,1
2024-09-04,1501.5823974609375,1504.50709100704,1486.6612078847159,1487.850885016148,11983304,0.35947909186186955,0.0035883451007041557,1.0120040013337779,1496.9616001674108,1489.716997419085,1476.71513671875,1.003086784118584,1,0.8203079387480104,0.6947947625662387,2,9,3,0,0,18566498.0,0.6454261864569183,0
2024-09-05,1480.192138671875,1512.7113538076746,1474.3179410781217,1506.0439573959175,16264168,-1.4245144871990911,-0.014347580922800073,1.026041474270792,1495.9028843470983,1491.1174142020088,1476.7922770182292,0.9894974828649519,1,0.9480477141032156,0.7852016658910014,3,9,3,0,0,19996928.285714287,0.8133333163783483,0
2024-09-06,1452.2830810546875,1484.182646260627,1449.110527949692,1479.721175380084,19394228,-1.885502353919355,-0.01903504597209021,1.02420251432481,1491.1616734095983,1489.4479021344866,1476.0478068033854,0.9739273124784562,1,1.1732174602608338,0.8974481791014747,4,9,3,0,1,21394634.285714287,0.9064996270092821,0
2024-09-09,1449.9283447265625,1457.339440034618,1443.1370191466497,1453.943716732093,9010298,-0.16214031264586426,-0.0016227190230995291,1.009841353038235,1482.879603794643,1487.0755266462054,1474.6772786458334,0.9777788709320978,0,0.8705562693433285,0.8796754531787977,0,9,3,1,0,17205340.0,0.5236919468025625,0
2024-09-10,1449.0113525390625,1459.4462610127246,1445.0951000796938,1447.9951044503912,10768260,-0.06324396587149561,-0.0006326397330369852,1.00993094567426,1476.0669991629463,1484.4446672712054,1472.9114176432292,0.9816704481305885,0,0.8839333199675428,0.874806330122528,1,9,3,0,0,12797844.285714285,0.8414120190554414,0
2024-09-11,1439.0721435546875,1456.1744477064742,1435.1560121734635,1450.5232999620255,9760202,-0.6859303736274303,-0.006882936893484744,1.0146454011652568,1466.8961879185267,1481.142822265625,1471.0431559244792,0.9810320289922353,0,0.791053809198483,0.8840378346119061,2,9,3,0,0,12586322.857142856,0.7754609595495155,1
2024-09-12,1467.1298828125,1473.2767495080643,1433.4953029575859,1444.5250498204912,22349376,1.949710400793836,0.019309470427983578,1.0277513616322296,1462.7427629743304,1479.7140851702009,1470.3645874023437,1.0029992422107417,0,1.2578698630590213,1.0567851104790638,3,9,3,0,0,14218548.0,1.5718465767390595,0
2024-09-13,1460.016357421875,1470.451266381587,1456.918113729867,1463.7590600068495,8711328,-0.48485996188615266,-0.004860392211809669,1.009288890380444,1456.8047572544642,1476.8831787109375,1469.123653157552,1.0022045508510444,0,1.2272024308507947,1.0256913171325037,4,9,3,0,1,13751122.857142856,0.6334993942312868,0
2024-09-16,1458.752197265625,1468.2204780575375,1452.2087310287416,1464.8991851443227,5481774,-0.08658534199453838,-0.0008662284875357988,1.0110257889838283,1453.741908482143,1474.8223964146205,1468.3667399088542,1.0034464775035021,0,1.1410810520493995,1.0102976683416331,0,9,3,1,0,12210780.857142856,0.44892902952994723,1
2024-09-17,1459.6942138671875,1464.8248328952707,1454.0677548146177,1461.3796100548857,5935328,0.06457687627332565,0.0006455603438079229,1.00739792079498,1454.8006417410713,1472.981157575335,1469.35390625,1.0033637406980105,0,0.8668483716846476,1.0116939095460966,1,9,3,0,0,10288080.857142856,0.5769130397025596,0
2024-09-18,1450.919921875,1469.3111455549956,1448.0448484372855,1457.413889315684,8574714,-0.6011048005007624,-0.0060291870804983,1.0146862144088014,1454.9422956194196,1468.9109497070312,1469.7612223307292,0.9972353723192113,0,0.9021022022001742,0.9013230055490931,2,9,3,0,0,10225854.57142857,0.8385327544123382,1
2024-09-19,1457.0916748046875,1463.8581906691413,1443.0876132109174,1453.6959512825117,16955902,0.42536826716885745,0.004244661337101431,1.0143931506778086,1456.0966273716517,1466.0818132672991,1470.08525390625,1.000683366346938,0,0.9140241225840657,0.9083238331091394,3,9,3,0,0,11109803.42857143,1.5262108019295801,1
2024-09-20,1473.2025146484375,1482.1997658201985,1458.7770437683578,1461.3795684407844,30897320,1.1056847089535138,0.010996167032775136,1.0160564098207459,1460.9723946707588,1463.934291294643,1471.4634073893228,1.0083712190745635,0,0.9136580429179036,0.9597278369162026,4,9,3,0,1,14129391.714285715,2.1867409882026867,1
2024-09-23,1480.5887451171875,1488.6441789861601,1476.2015834923338,1478.2340798324108,8832314,0.5013723772059109,0.005001196912389834,1.0084287915911796,1462.8950892857142,1462.8189261300224,1472.2585978190104,1.0120949587985237,1,0.5973339472069846,0.9690994996841578,0,9,3,1,0,12198382.857142856,0.7240561395257545,0
2024-09-24,1476.6229248046875,1487.6526722077606,1475.1357678514642,1475.7554165819738,17137444,-0.2678542792911798,-0.0026821365073716346,1.008485255817861,1465.2674560546875,1461.0361066545759,1473.3719970703125,1.0077497583823878,1,0.5647210099068569,0.9621647979169158,1,9,3,0,0,13402113.714285715,1.2787120274716581,1
2024-09-25,1481.15869140625,1483.6869066134093,1467.5264194610884,1471.1948125268714,7069002,0.30717162285438526,0.0030670081470458316,1.0110120587527518,1468.4683837890625,1461.1051461356026,1474.5377807617188,1.008641866421695,1,0.5552403087457726,0.8894830888878832,2,9,3,0,0,13628860.57142857,0.5186788699577275,1
2024-09-26,1485.12451171875,1491.122760061236,1475.309372285805,1477.8870868947113,18818998,0.267751209611089,0.002673933946201842,1.0107186926840506,1472.101283482143,1463.450962611607,1475.8942220052083,1.0088466930792979,1,0.5510981913759465,0.7035540932776594,3,9,3,0,0,15469384.857142856,1.21653176088062,1
2024-09-27,1513.10791015625,1520.345334807694,1479.2254687210307,1486.1655345930462,20597478,1.8842459481807738,0.018667139228251462,1.0277982410093414,1480.9852818080358,1467.9637887137276,1477.6449422200521,1.0216900388834371,1,0.6945570034333418,0.8318760737511355,4,9,3,0,1,17186922.57142857,1.1984389825692887,0
2024-09-30,1463.9324951171875,1511.9181178232873,1461.7761901136828,1506.3908994638518,27008814,-3.2499608725186313,-0.03303944965986988,1.0343020553000695,1481.9625418526787,1469.029584612165,1477.254150390625,0.9878336690528285,1,1.621797743847136,1.2647311903643177,0,9,3,1,0,18623052.85714286,1.4502892843178925,0
2024-10-01,1452.2830810546875,1475.2100841908111,1450.3002051077794,1467.9726595996829,16431642,-0.7957616967555259,-0.00798944777885037,1.0171756709371633,1478.9740513392858,1469.9732230050224,1476.2255330403646,0.9819530503186122,1,1.5797415963396977,1.2701811732769224,1,10,4,0,0,16556527.42857143,0.9924570276520718,0
2024-10-03,1394.928466796875,1436.9902726871705,1390.070396353704,1424.2750076222521,37757294,-3.949272356471989,-0.0402937211278013,1.0337535972685572,1466.7368687220983,1464.8159790039062,1473.1950358072916,0.9510420693332767,1,2.072381605425852,1.5477738890159785,3,10,4,0,0,20688667.42857143,1.8250230050030427,0
2024-10-04,1374.653564453125,1405.2145916660443,1369.9442340651563,1391.9046094477658,37072876,-1.453472549048096,-0.014641389428729272,1.0257458345557813,1452.1698172433037,1458.7186366489955,1469.5068888346354,0.9466203939306974,0,2.0673102939457224,1.5757336711131074,4,10,4,0,1,23536586.285714287,1.5751169498399888,0
2024-10-07,1358.9888916015625,1384.5432314460647,1349.7189700751067,1381.5689173076198,22181340,-1.1395360443265057,-0.011460785062699005,1.0258011201909834,1434.7169886997767,1451.5926862444196,1465.2354451497397,0.9472173970931763,0,1.9857338010449952,1.58382173652942,0,10,4,1,0,25695491.714285713,0.8632385885679713,1
2024-10-08,1385.3858642578125,1389.004637160655,1353.4119887771337,1361.2195630224157,17020808,1.942397970975418,0.019237742003769924,1.0262984580295322,1420.4686104910713,1446.284946986607,1461.4266723632813,0.9753019912061764,0,2.2728761958086254,1.7092162318878954,1,10,4,0,0,25438607.42857143,0.6690935440468743,0
2024-10-09,1362.8306884765625,1388.979866453412,1360.7486928237201,1385.5594536683957,14310610,-1.6280789607546198,-0.0164147779436737,1.020746794598133,1399.0004359654017,1439.9928588867188,1457.2675903320312,0.9741460069925713,0,1.8951050911808471,1.7421365926239356,2,10,4,0,0,24540483.42857143,0.5831429540356475,0
2024-10-10,1359.31103515625,1374.132983939481,1357.699948504806,1368.209166456891,22358646,-0.25826049780599547,-0.002585945655302342,1.0121035840450405,1384.0545131138392,1433.0085274832588,1453.0622395833334,0.9821224686432896,0,1.7585996121011105,1.725756287428504,3,10,4,0,0,23876173.714285713,0.9364417543428352,1
2024-10-11,1360.35205078125,1371.4314188021033,1357.1050671377104,1358.2700551936466,7980122,0.07658406340240731,0.0007655475277246413,1.01055655307117,1370.9215087890625,1424.9477800641741,1448.1438802083333,0.9922902529867311,0,1.809001809395138,1.6741197449776697,4,10,4,0,1,22668813.714285713,0.3520308605726019,1
2024-10-14,1360.7734375,1368.2587216327886,1356.5350159311083,1367.6390728953818,12221432,0.03097629900348231,0.00030971502338509834,1.008642390770601,1366.0422188895088,1416.3895438058037,1443.6130086263022,0.9961430318062996,0,1.2291640435324,1.6559202115851803,0,10,4,1,0,19020833.42857143,0.6425287328178815,0
2024-10-15,1332.5174560546875,1359.9554295521655,1329.2208521541709,1346.8933067731043,33762794,-2.0764648005787145,-0.020983264940504304,1.0231222504132291,1360.0227748325892,1406.0962960379463,1437.9213297526042,0.9797758395764458,0,1.3401689868756883,1.699005192992711,1,10,4,0,0,18547964.57142857,1.8202964465442462,1
2024-10-16,1342.4813232421875,1352.3213935222657,1326.1722170162907,1328.5268821992931,20034438,0.7477475917652132,0.0074496581795144715,1.0197177833847304,1357.66455078125,1396.1907697405134,1432.797245279948,0.9888166575975446,0,1.3646724042458573,1.723345745259119,2,10,4,0,0,18241264.285714287,1.0983031486304402,1
2024-10-17,1344.811279296875,1356.7332239102464,1340.4737382347967,1354.0067695283685,15543660,0.17355593812362624,0.0017340550383860868,1.0121296562638078,1351.8681815011162,1386.1683959960938,1427.5715413411458,0.9947798888228843,0,1.0324245957933376,1.719516199486158,3,10,4,0,0,18030243.14285714,0.8620882079539661,1
2024-10-18,1347.66162109375,1356.70849216764,1329.840427555484,1340.5976258716714,12082452,0.21195106263276475,0.002117267632487116,1.0202039763985407,1349.701171875,1374.3508039202009,1423.153857421875,0.9984888871523934,0,0.898930107751541,1.5790979131736,4,10,4,0,1,17711934.85714286,0.6821644330476632,1
2024-10-21,1357.476806640625,1362.2357572594483,1346.1000802528206,1355.4196212833501,14067408,0.7283123146972992,0.007256729281289826,1.011986981683856,1349.4391392299108,1366.746826171875,1419.9936482747396,1.005956302271847,0,0.9558150986411053,1.4600936710749275,0,10,4,1,0,16527472.285714285,0.8511530230886746,0
2024-10-22,1331.8482666015625,1364.2187428070656,1328.7500227270916,1357.4769157261562,15831960,-1.8879541745163153,-0.01906003566567306,1.026693297816228,1345.3671700613838,1358.1443394252233,1416.0576456705728,0.9899515137869728,0,1.1852150516663031,1.504029121120267,1,10,4,0,0,17649163.42857143,0.8970374184631527,0
2024-10-23,1327.0645751953125,1345.8522769141389,1323.56973203491,1326.0483270387208,17214742,-0.3591769067250006,-0.00359823495706466,1.0168351877048223,1340.5516183035713,1353.29691859654,1411.9927530924479,0.9899391840462464,0,1.1764178917140315,1.155884473383128,2,10,4,0,0,18362493.42857143,0.9374947943188605,1
2024-10-24,1328.3287353515625,1332.1952468902052,1311.7964576126847,1323.8424540123256,22155934,0.09525988259191376,0.0009521453915953883,1.0155502701346244,1339.9532296316963,1349.988002232143,1408.3013061523438,0.9913247014723574,0,0.8995391555595479,1.1154949031940509,3,10,4,0,0,16704370.57142857,1.326355513083257,0
2024-10-25,1316.4808349609375,1332.8395608533488,1310.6809472586556,1331.996862815434,18597496,-0.8919403815719762,-0.008959419821584842,1.016906184255626,1336.2388741629463,1346.9517124720983,1403.2796712239583,0.9852136922641277,0,0.8728660209570348,1.101996278207315,4,10,4,0,1,16499093.142857144,1.1271829208413982,1
2024-10-28,1322.9251708984375,1341.4155124030337,1310.7800563182918,1325.552505604476,10824350,0.48951232455207716,0.0048831810860980335,1.0233719272253734,1333.1122872488838,1342.490234375,1398.7099650065104,0.9923583958771626,0,0.9074540089860916,0.9389306142674937,0,10,4,1,0,15824906.0,0.6840072225389522,1
2024-10-29,1328.52685546875,1331.6994085045892,1308.995576227512,1316.728719636798,12008361,0.4234317022260736,0.0042253775281552095,1.0173444683002741,1330.3787493024554,1340.0399605887276,1394.369120279948,0.998607995027975,0,0.9279317168429717,0.8780047338040932,1,10,4,0,0,15814321.57142857,0.7593345655557728,1
2024-10-30,1332.3935546875,1338.4413022928309,1314.0023313459362,1323.569732267355,11984423,0.29105164135998507,0.002906289061235514,1.01859887944176,1326.7954275948662,1338.1172834123884,1390.1257649739584,1.0042192842816633,0,0.8677632660211797,0.8863913468162383,2,10,4,0,0,15516752.285714285,0.7723538263244446,0
2024-10-31,1320.64501953125,1331.5012170832633,1314.7955112005386,1328.5269031210519,9331650,-0.8817616322833066,-0.00885672154793472,1.0127059346798886,1325.1949637276787,1335.2810668945312,1385.7832682291667,0.996566585052791,0,0.5937867292136224,0.9052591471493461,3,10,4,0,0,14588136.57142857,0.6396738853046109,1
2024-11-01,1327.1884765625,1330.4601492824747,1321.5868277686543,1321.6364480777281,2127335,0.49547432765637556,0.0049425089314794795,1.0067141419143848,1325.2126639229912,1332.8821411132812,1381.4531616210938,1.001490940053093,0,0.6233237639224058,0.9230112663404793,4,11,4,0,1,12432792.714285715,0.17110676972484368,0
2024-11-04,1291.0009765625,1328.52687951389,1274.0969107675833,1326.3952636738204,19796890,-2.726628556460031,-0.027644909035671465,1.0427204306723539,1319.880126953125,1329.9166782924108,1375.379777018229,0.9781198687661954,0,1.1997220879282393,1.035568566094127,0,11,4,1,0,12095786.42857143,1.636676549880032,1
2024-11-05,1294.1240234375,1298.337634786513,1275.1379622128013,1281.9292880644173,16267479,0.24190894752966763,0.0024161681886392837,1.0181938529486272,1316.6862967354912,1326.4625854492188,1369.164286295573,0.982864351703264,0,1.19879522095455,1.0076236463047281,1,11,4,0,0,11762926.857142856,1.382944839967429,1
2024-11-06,1314.002197265625,1316.9270116872763,1289.0675098622075,1298.783649697479,21625209,1.5360331365554813,0.015243555765416613,1.0216121356033918,1315.411586216518,1324.2619367327009,1363.7435953776042,0.9989285566847205,0,1.35919238725705,1.1127156597176804,2,11,4,0,0,13305906.714285715,1.6252337750709145,0
2024-11-07,1294.470947265625,1312.6638089321268,1291.447013193,1312.6638089321268,9611974,-1.4863940136967457,-0.014975515508730249,1.0164287001498187,1310.5464564732142,1320.462602887835,1357.5206705729167,0.9877337357037692,0,1.429152126088492,1.1606379039039054,3,11,4,0,0,12963565.714285715,0.7414606607353179,0
2024-11-08,1272.758544921875,1290.5053095001092,1264.083462337208,1286.5395574614042,19814406,-1.67731862886642,-0.016915449223281573,1.020901979932598,1302.0271693638392,1314.4112984793526,1350.441805013021,0.9775207268092073,0,1.4723572852401552,1.177679114304627,4,11,4,0,1,14082134.714285715,1.4070598245235606,0
2024-11-11,1261.802978515625,1274.9891511168566,1256.151830843746,1267.9994654475693,9056552,-0.8607733532774997,-0.00864499404417909,1.0149960536700868,1293.6211635044642,1309.4080636160713,1342.0649739583334,0.9754037844413099,0,1.4718105157320849,1.1115260926661477,0,11,4,1,0,14042835.0,0.6449233363491061,1
2024-11-12,1263.33984375,1278.2610337323058,1256.6476373969983,1264.6287615317467,10671091,0.12179914460044294,0.0012172502961715537,1.0171992495685402,1284.4999302455358,1304.8562970842634,1335.3785522460937,0.9835265958391364,0,1.4299587009180816,1.1196023210345254,1,11,4,0,0,15263371.57142857,0.6991306573427828,0
2024-11-13,1241.3299560546875,1264.5295076822267,1238.8017408266169,1259.374078659472,14633633,-1.7421984911027644,-0.017575533720394963,1.020768268244798,1277.4040701729912,1298.642098563058,1328.3467814127605,0.9717598252889406,0,1.2312274002846986,1.1705588696332785,2,11,4,0,0,14525763.42857143,1.0074260862060025,1
2024-11-14,1256.746826171875,1261.7040163358736,1240.38809863068,1242.866693712679,12612633,1.2419639147505102,0.012343148105486947,1.017184877643316,1272.0644705636162,1294.3753836495537,1323.7407267252604,0.98795843705551,0,1.3869335904959335,1.2485993587714848,3,11,4,0,0,14003642.57142857,0.9006680180293499,0
2024-11-18,1249.9554443359375,1262.0014401044657,1233.24973843027,1256.7467703539512,13620611,-0.5403937924891689,-0.005418592014476392,1.0233137707458928,1262.9149344308037,1289.1632603236608,1319.584122721354,0.9897384299278186,0,1.092197845712011,1.2271471893672035,0,11,4,1,0,12860128.57142857,1.0591349008952367,0
2024-11-19,1231.0189208984375,1270.5276979121372,1224.5745744010292,1249.9553610165642,14183746,-1.5149758756049403,-0.015265688715444268,1.0375257860743883,1253.8503592354912,1282.1984078543526,1315.31845703125,0.9817909384729333,0,1.0956487052649289,1.2367245728581897,1,11,4,0,0,13513238.857142856,1.049618537046929,0
2024-11-21,1212.528564453125,1233.299140266532,1206.8277964681656,1231.0189056876295,19433843,-1.5020367381370248,-0.015134315568369864,1.0219346487343397,1245.2460763113838,1273.6366228376116,1309.5565470377603,0.9737260670957717,0,1.0716031042245109,1.237346890022514,3,11,4,0,0,13458872.714285715,1.4439428481534151,1
2024-11-22,1254.565673828125,1257.9860865301255,1211.9833389629089,1218.8739057022901,20471957,3.4668964185565088,0.034081534190569675,1.0379565841281126,1244.2121756417412,1268.9166695731026,1305.9477132161458,1.0083213284591461,0,1.8896124729371948,1.654109872700263,4,11,4,0,1,15089644.857142856,1.356689119844286,1
2024-11-25,1275.9805908203125,1293.2811339485756,1271.4694999174592,1278.9549045518283,28923341,1.7069586263143144,0.016925537796608565,1.0171546655523647,1246.0179966517858,1265.2589634486608,1303.1700317382813,1.0240466784982563,0,2.007324489906957,1.7317959183526268,0,11,4,1,0,17697109.14285714,1.6343539934415763,1
2024-11-26,1284.6060791015625,1286.7376948587628,1273.2045428922675,1283.8625006531302,9247557,0.6759889878657832,0.006737144270738832,1.010629204900379,1252.2002999441963,1264.8021850585938,1300.645166015625,1.0258790699529543,0,1.8253417541067445,1.5932456213361896,1,11,4,0,0,16927669.714285713,0.5462982889012621,0
2024-11-27,1282.1275634765625,1292.6864023015983,1274.9892583407009,1282.4250432843673,9572746,-0.19293973968529388,-0.0019312610815885737,1.013880229849096,1255.8261195591517,1263.9452950613838,1298.0236368815104,1.0209435394819177,0,1.809275100376053,1.591906263157363,2,11,4,0,0,16493400.142857144,0.5803985786487879,0
2024-11-28,1259.91943359375,1285.4984608667178,1258.184417128475,1278.905374093644,15027412,-1.732131069906484,-0.01747307971341869,1.021709093966194,1257.249546595982,1260.082240513393,1295.6037027994792,1.00212359352604,0,1.9519687163935011,1.5802587781800561,3,11,4,0,0,16694371.714285715,0.9001484007415946,1
2024-11-29,1281.1361083984375,1288.3736540571424,1264.3312830599236,1269.0406134614407,13202307,1.6839707555085237,0.016699491620670012,1.0190158792393649,1264.409144810268,1259.1297520228795,1293.5588623046874,1.0132290751429827,1,1.8757275585729942,1.6219650492655477,4,11,4,0,1,16554166.142857144,0.7975217166523717,1
2024-12-02,1297.9410400390625,1300.1221551586505,1266.115905470633,1276.9721028104004,11024152,1.3117210209329766,0.013031924604047547,1.0268587177059252,1276.6109270368304,1260.928501674107,1291.9965209960938,1.0167083898081164,1,1.6402275900059857,1.589351702858075,0,12,4,1,0,15352781.714285715,0.7180556725913755,1
2024-12-03,1311.969970703125,1315.4400037478053,1295.8094826849822,1305.7238628126408,16869482,1.080860395911376,0.01075060852487341,1.0151492339924444,1284.8115408761162,1264.5118582589287,1290.8067993164063,1.0211380649713726,1,1.2379761091570376,1.5788858352672799,1,12,4,0,0,14838142.42857143,1.1368998566503274,0
2024-12-04,1297.74267578125,1317.0262168141671,1292.884726573221,1314.6467414933138,19608540,-1.0844222992581254,-0.0109034501495981,1.0186725774887393,1287.92041015625,1266.969203404018,1288.8156616210938,1.0076264538922932,1,1.2884767769885592,1.6211394342988605,2,12,4,0,0,13507456.57142857,1.4516826240608944,1
2024-12-05,1310.7305908203125,1318.5628538088617,1294.966703202915,1303.0964459866593,16858723,1.0008081942164404,0.009958332744087922,1.0182214342249767,1291.6524832589287,1271.9263916015625,1288.1117390950521,1.014770309977842,1,1.3120501408312963,1.5310557344407376,3,12,4,0,0,14594766.0,1.1551211578178096,0
2024-12-06,1300.320556640625,1312.564791729292,1298.7837793313574,1312.564791729292,9037514,-0.7942161610169252,-0.007973868568466288,1.0106107056595897,1294.2514822823662,1275.0388009207588,1287.2202718098958,1.004689254322936,1,1.3678453277865406,1.5416144288900777,4,12,4,0,1,14518304.285714285,0.6224910170048391,0
2024-12-09,1284.0609130859375,1303.7409326166044,1282.0284168341586,1291.8436769577456,14650002,-1.2504334774722237,-0.01258317186178298,1.016936064362803,1297.7002650669642,1277.4749058314733,1285.744677734375,0.9894895975995482,1,1.2618980135628621,1.5809623743909538,0,12,4,1,0,14464388.57142857,1.012832442080412,0
2024-12-10,1273.8489990234375,1283.812998621138,1269.238788448007,1278.2113501165884,16043729,-0.7952826815636138,-0.00798461921463146,1.0114826384962217,1296.6592494419642,1280.5341971261162,1284.3236165364583,0.982408446607431,1,1.1440442079352589,1.5317017216690085,1,12,4,0,0,14870306.0,1.0789104810620576,0
2024-12-11,1267.2559814453125,1278.9549980546296,1265.1244866020038,1273.9978081396894,11724373,-0.5175666490439101,-0.0051891066468175385,1.0109321348207978,1292.275669642857,1284.4432983398438,1282.4679768880208,0.9806390472363693,1,0.9699427304995286,1.4660013234076386,2,12,4,0,0,14970337.57142857,0.7831735887089406,0
2024-12-12,1252.0870361328125,1267.25596445406,1249.8066803924569,1259.1262215126183,20906813,-1.1969914156727657,-0.012042130439526576,1.013961586488019,1283.7209647042412,1284.2662527901787,1279.9199829101562,0.9753576287673101,0,0.7780258601672374,1.2037481149598424,3,12,4,0,0,15547099.142857144,1.3447404437248531,1
2024-12-13,1261.9517822265625,1264.281637225772,1228.9864700814942,1249.211828655226,28630222,0.7878642465797059,0.007847768022022271,1.0287189224645716,1278.6079799107142,1283.264195033482,1277.571923828125,0.9869731786866254,0,0.9180620224445684,1.1255834536921094,4,12,4,0,1,16835910.85714286,1.7005448795099345,0
2024-12-16,1257.4407958984375,1270.032009408355,1255.7057794921418,1264.0833817296273,9486781,-0.3574610687712587,-0.003581014874702006,1.0114089065688678,1270.995152064732,1281.3238176618304,1275.4651163736978,0.9893356350382018,0,0.6887527385379838,1.1064054169021846,0,12,4,1,0,15782776.285714285,0.6010844244549624,0
2024-12-17,1234.6378173828125,1253.0785403896136,1232.1592223274588,1250.2529662315405,17462791,-1.813443510820112,-0.018300879294755525,1.0169777717709565,1261.6119035993304,1277.9316929408483,1272.3800944010416,0.9786193470911603,0,0.8321368236830726,1.1929759219608813,1,12,4,0,0,16986387.285714287,1.028046205839565,1
2024-12-18,1242.5196533203125,1249.162239402372,1230.027558928225,1230.027558928225,12670179,0.6383925574390714,0.0063636346329751835,1.015556302243195,1255.6774379185267,1276.6888514927455,1270.7640502929687,0.9895213657577338,0,0.9367203226640225,1.1351882716450126,2,12,4,0,0,16703555.42857143,0.7585318619248966,0
2024-12-19,1219.914794921875,1234.2411461229626,1218.4772582835096,1228.3916379278016,14244653,-1.819275722362368,-0.018360280346918553,1.0129373673019222,1247.9725516183037,1272.3159005301338,1268.290409342448,0.9775173286783873,0,1.0677079006992156,1.0988160822700752,3,12,4,0,0,16446544.57142857,0.866118286314454,0
2024-12-20,1194.9803466796875,1228.8874800507767,1191.2128336272758,1213.5201900622435,20312896,-2.0439499828989516,-0.02065127712316786,1.0316271327507283,1237.6474609375,1264.9615652901787,1264.3230143229166,0.9655256318099721,0,1.1938129077020918,1.0757249502772113,4,12,4,0,1,17673476.42857143,1.1493435421206444,1
2024-12-23,1211.834716796875,1216.6926661807136,1202.8125341694108,1204.5971709809228,10052824,1.4104307375446101,0.014005767112688049,1.0115397301050637,1231.8971296037946,1257.809047154018,1261.5684733072917,0.9837142141784418,0,1.4411177056503386,1.1177283738930788,0,12,4,1,0,16122906.57142857,0.6235118931852291,1
2024-12-24,1212.2808837890625,1222.988463211123,1210.545867189896,1211.8347850736238,6734917,0.03681747898482968,0.0003681070301414572,1.0102785002687347,1224.8012869698662,1251.70463344029,1259.5525512695312,0.9897776044865376,0,1.3586048429821045,1.1174069564118734,1,12,4,0,0,12995005.857142856,0.5182696394321419,0
2024-12-26,1206.1339111328125,1217.1883476811242,1203.8535553911518,1213.767935093776,10016178,-0.5070584497742225,-0.0050834835335586675,1.0110767561637841,1217.4717320033483,1244.23344203404,1257.696915690104,0.9906874052411226,0,1.355987263323678,1.0332375944544474,3,12,4,0,0,13070634.0,0.7663115652997399,1
2024-12-27,1210.595458984375,1217.3867853075249,1206.5800865394056,1207.86900439277,7000397,0.3699048513918557,0.00369222385860747,1.008956470348449,1214.037109375,1237.824506487165,1255.93876953125,0.9971651192833827,0,1.2751406963444667,1.0617533814304116,4,12,4,0,1,11576006.285714285,0.6047333447493932,0
2024-12-30,1200.3338623046875,1212.7268365212021,1197.7561478726802,1205.9851311625014,8818766,-0.8476487007721301,-0.008512616737381793,1.0124989453613835,1208.0105678013392,1231.844002859933,1254.5722330729166,0.9936451669370543,0,1.220548107935017,1.04530542215104,0,12,4,1,0,11025804.42857143,0.7998297137529233,1
2024-12-31,1205.043212890625,1208.6619856280877,1195.8229125326573,1197.6570485426987,6405475,0.3923367267915978,0.003915690934057071,1.0107366006796428,1205.8860560825892,1226.9293038504463,1252.848779296875,0.9993010590115767,0,1.0979343656937166,1.065344460394572,1,12,4,0,0,9905921.857142856,0.6466308832611282,1
2025-01-01,1210.7935791015625,1215.800389087432,1201.2261788160188,1204.4483521073844,5892590,0.4771917014613658,0.00476056751022377,1.0121327777636167,1208.1450892857142,1222.896275111607,1251.5433837890625,1.0021921951587902,0,0.7338603184067582,1.0891287306037751,2,1,1,0,0,7845878.142857143,0.7510427631819124,1
2025-01-02,1231.167724609375,1233.7949384205442,1209.554328364606,1210.7936258321927,15486276,1.6827100720942623,0.016687093489283423,1.020040943583504,1210.906947544643,1221.4020385742188,1251.5483439127604,1.0167319025675878,0,0.8123313692759994,1.1788877653688687,3,1,1,0,0,8622085.57142857,1.7961171774167535,1
2025-01-03,1240.4376220703125,1251.2443199889096,1224.9215938636924,1233.2496968938563,15521102,0.7529353861090327,0.007501149760270407,1.0214893151178674,1214.9293387276787,1219.8653128487724,1252.4786458333333,1.0209956929423953,0,0.8289903985441582,1.1768679897624015,4,1,1,0,1,9877254.857142856,1.5713983515142091,0
2025-01-06,1207.571533203125,1251.1948069805778,1204.597219081935,1243.2136823453243,14816766,-2.649555953674909,-0.02685289284155837,1.0386831275720165,1215.1347133091517,1216.30322265625,1250.9121744791667,0.9937758505100804,0,1.3934985764825325,1.3584274612932368,0,1,1,1,0,10563053.142857144,1.4026972883327076,1
2025-01-07,1230.2257080078125,1233.8444805890147,1210.7935491517349,1211.5371275851955,10070505,1.8760110007393527,0.018586309457331328,1.0190378710337769,1217.9390345982142,1215.988071986607,1249.38701171875,1.0100880857420351,1,1.5616777559773896,1.3954316325539313,1,1,1,0,0,11001640.0,0.9153639820972146,1
2025-01-08,1254.664794921875,1260.167324257905,1234.6872949225542,1238.3060678446636,19346579,1.9865530979382928,0.0196707862323746,1.0206368279969618,1225.7005964006696,1216.8555821010045,1248.3889689127604,1.0236307289123137,1,1.5994655815790622,1.4875754557520768,2,1,1,0,0,12505613.285714285,1.5470316055671138,0
2025-01-09,1244.0068359375,1258.878406002503,1237.3642497185242,1256.1519514905858,12794704,-0.8494666485831082,-0.008530951799065154,1.0173870841095278,1231.2668282645088,1218.5764421735491,1247.1182779947917,1.0103470729337753,1,1.6980461901982593,1.413051492663046,3,1,1,0,0,13418360.285714285,0.9535221686975975,0
2025-01-10,1231.266845703125,1245.9896754309787,1225.4173374439545,1243.114481097643,8120332,-1.024109342998425,-0.010293894228590426,1.0167880258899675,1234.1915806361608,1221.1683349609375,1246.163191731771,0.9976302423554629,1,1.7890708485401032,1.3141237832430903,4,1,1,0,1,13736609.142857144,0.5911453048966212,0
2025-01-13,1229.234375,1234.5881643828388,1215.899582365329,1219.4687349455062,13764861,-0.16507150421680716,-0.001652078973424508,1.0153701689584878,1233.9153878348213,1222.411167689732,1244.4331339518228,0.9962063745367216,1,1.6757961264388999,1.271277974846555,0,1,1,1,0,13490692.714285715,1.0203227730051223,0
2025-01-14,1228.143798828125,1242.6187691440975,1216.742262047884,1233.4479678208604,13095266,-0.08871995398558319,-0.0008875933343009875,1.0212670406078121,1232.1591273716517,1223.544233049665,1242.1065592447917,0.9967412256628801,1,1.6417487865410731,1.2722716408131063,1,1,1,0,0,13144144.714285715,0.9962813316995368,1
2025-01-15,1241.478515625,1246.2374660533972,1231.2171573529768,1234.2905907014622,9578856,1.0857618472363662,0.010799097748975453,1.0121995609066339,1237.0029820033483,1226.06884765625,1239.7568440755208,1.0036180459439181,1,1.2458847653924383,1.28492428100694,2,1,1,0,0,12395871.857142856,0.7727456455174945,1
2025-01-16,1255.6065673828125,1264.0834104275011,1240.586378973141,1248.1212833322295,14117603,1.1380021144143493,0.011315755804553483,1.0189402623248283,1240.6288190569196,1229.283926827567,1238.3523071289062,1.0120727070787203,1,1.1259087352558652,1.3082700590533038,3,1,1,0,0,12974028.714285715,1.0881433447465008,1
2025-01-17,1291.19921875,1314.6467509950228,1273.997794139219,1310.9288585996749,29366277,2.8346977701285025,0.02795263703034306,1.031906614785992,1245.8480224609375,1235.7743094308037,1237.701261393229,1.036401868824642,1,1.3593884585463067,1.4309029007435212,4,1,1,0,1,14405414.142857144,2.0385583301373624,1
2025-01-20,1294.272705078125,1304.7324245206253,1289.1172758229052,1304.7324245206253,14040244,0.23803347179069956,0.002377506208865318,1.0121130551816957,1253.0288609095983,1242.1478445870537,1237.499666341146,1.03291531859736,1,1.2478651327202144,1.4326553719865465,0,1,1,1,0,14583348.42857143,0.9627585920180451,0
2025-01-21,1262.7945556640625,1301.7581181984158,1259.324522599558,1299.2795231523412,14562976,-2.4321110451110406,-0.024621753313337536,1.0336955207631982,1257.5328194754463,1245.8622000558037,1236.7907877604166,1.0041841740486828,1,1.6094918334881516,1.6360669072821026,1,1,1,0,0,15503726.142857144,0.939321029397145,1
2025-01-22,1266.16552734375,1271.9159165250771,1257.8374234010246,1267.355325635656,10273590,0.26694537639297966,0.002665897100390792,1.0111926174735573,1262.8086983816963,1248.3620431082588,1236.5346720377604,1.002658224453439,1,1.5936278335556515,1.5879566214385887,2,1,1,0,0,15004973.142857144,0.6846789995682574,0
2025-01-23,1252.8306884765625,1266.4133410521551,1250.7981921087953,1259.1262957502838,8720682,-1.053167108029096,-0.010587521607179465,1.012484147356364,1266.3353969029017,1249.2472621372767,1236.053828938802,0.9893355990368997,1,1.6854632562197795,1.6137965023354273,3,1,1,0,0,14380032.57142857,0.6064438280429884,0
2025-01-24,1235.6292724609375,1262.1006196074513,1232.8531975505623,1255.1605533566642,14235970,-1.3730040438697966,-0.01382516919535025,1.0237233614796943,1265.499790736607,1251.2513863699776,1235.5052368164063,0.976396267708363,1,1.7486781237690008,1.477856216589314,4,1,1,0,1,15045334.57142857,0.9462049469497625,0
2025-01-27,1218.82421875,1229.8291557820492,1209.5542981292017,1228.4907387555406,9536019,-1.3600401095603454,-0.013693733757798334,1.0167622550589142,1260.2451695033483,1250.4369942801338,1234.0676513671874,0.9671326248608658,1,1.719438152918776,1.4439053867975256,0,1,1,1,0,14390822.57142857,0.6626458600728452,1
2025-01-28,1223.8310546875,1234.0924134746083,1208.0671667554209,1227.4002071753887,10568025,0.4107922914950768,0.004099508435763076,1.0215428805908904,1250.6211460658483,1248.234584263393,1232.9473266601562,0.9785785715661186,1,1.0831376569553774,1.329230437628826,1,1,1,0,0,11705358.0,0.9028365471607105,1
2025-01-29,1224.921630859375,1232.1095562529247,1217.53546627882,1225.4173498520336,5928156,0.08911166028169326,0.0008907197941347305,1.011970156416591,1240.7138497488838,1246.8713553292412,1232.6234537760417,0.9872716671191305,0,1.0615725043967565,1.3158937050130466,2,1,1,0,0,10546488.285714285,0.5620976233415976,1
2025-01-30,1242.3214111328125,1246.237542749693,1221.8481926097397,1224.971246456504,9269259,1.420481101409754,0.014104868021738333,1.0199610314010124,1237.7891148158483,1247.6609671456474,1232.616845703125,1.0036616062160464,0,1.0602299204090817,1.3460197508841731,3,1,1,0,0,9790243.0,0.9467853862258577,1
2025-01-31,1254.2681884765625,1256.1519448799122,1238.306060895825,1245.09738698474,6584612,0.96164947627011,0.009570550590031075,1.0144115292233786,1236.0894949776787,1249.4490966796875,1233.7619588216146,1.0147066159632818,0,1.1435651006306429,1.3642974087350932,4,1,1,0,1,9263246.142857144,0.7108320235101786,0
2025-02-01,1253.7724609375,1259.6715896071485,1230.374548522757,1254.2681799336815,7118453,-0.03952324898430781,-0.0003953106147892814,1.023811481730963,1236.2240339006696,1251.2797154017858,1235.7216959635416,1.0141951835230543,0,1.0687942502473904,1.3636908432942652,5,2,1,0,0,9034356.285714285,0.7879314004093643,0
2025-02-03,1235.232666015625,1245.2461659154887,1226.9541826685895,1240.2889757645512,9252345,-1.4787208604033264,-0.0148976292674954,1.0149084485022208,1236.1673758370537,1250.8335832868304,1236.5016276041667,0.999243864674235,0,1.0921776435159793,1.4009588776897086,0,2,1,1,0,8322409.857142857,1.1117386861281542,1
2025-02-04,1274.196044921875,1277.7653184740125,1235.9265630557768,1237.3642207434832,16691069,3.1543352097326283,0.03105608085475968,1.0338521370677487,1244.07763671875,1252.1614031110491,1238.5654663085938,1.024209428185336,0,1.4341679990438287,1.616926062843679,1,2,1,0,0,9344559.857142856,1.7861803290008968,0
2025-02-05,1267.2559814453125,1279.4507170461238,1265.7688244708304,1271.6679530846961,10112028,-0.5446621423933262,-0.005461508346629045,1.010809155914401,1250.2811976841517,1250.451171875,1240.6028686523437,1.0135767728032723,0,1.5039896832926585,1.4203130521985214,2,2,1,0,0,9279417.42857143,1.0897265995239047,1
2025-02-06,1270.577392578125,1276.9721191435924,1259.4732145791813,1262.7945076095025,9956001,0.26209472919784815,0.0026175185992667314,1.013893828278244,1256.8034493582588,1248.7586495535713,1242.6022664388022,1.0109595046281097,1,1.4973480621729467,1.4207996678460741,3,2,1,0,0,9854823.857142856,1.0102667631937237,0
2025-02-07,1255.8544921875,1272.7089385364054,1251.1947819010975,1265.2236540965398,8764283,-1.158756678390982,-0.011655225812753585,1.017194889993562,1258.7367466517858,1248.262930733817,1244.4529541015625,0.9977102007453484,1,1.5588351746429683,1.296936899586586,4,2,1,0,1,9782684.42857143,0.8958975487753573,0
2025-02-10,1242.916259765625,1255.6562137259161,1234.8856362555493,1253.673337746878,6970972,-1.0302333990412138,-0.010355770362975752,1.016819838906984,1257.1150425502233,1246.6022687639509,1245.7153889973958,0.9887052637952736,1,1.5709732444309752,1.3200968981570018,0,2,1,1,0,9837878.714285715,0.7085848689999968,0
2025-02-11,1224.2772216796875,1253.7230036544372,1219.567891058193,1253.7230036544372,8859714,-1.499621389573924,-0.015109794056764578,1.0280059132801607,1252.9014369419642,1244.562735421317,1246.16484375,0.9771536575677161,1,1.6533781753187122,1.3493314230381555,1,2,1,0,0,10086630.285714285,0.8783621238252413,0
2025-02-12,1206.1339111328125,1216.3952699200001,1183.1324776076385,1209.0089844264594,21131654,-1.4819609664862288,-0.014930517181575044,1.0281141739762067,1248.7444719587054,1242.4559238978795,1245.3303833007812,0.965877277711543,1,1.6537544487572167,1.3571812356312944,2,2,1,0,0,11783674.42857143,1.7932992062953537,0
2025-02-13,1205.6876220703125,1217.4857574427408,1201.622750831109,1206.6295607029597,8511216,-0.03700161801112323,-0.00037008465298924044,1.0132013201320131,1238.957554408482,1241.5175955636162,1244.172049967448,0.9731468344336834,0,0.6964121934200832,1.312825459000147,3,2,1,0,0,10615124.0,0.8018009021844681,1
2025-02-14,1206.827880859375,1213.5200872227356,1195.1288642881832,1208.56289732395,10298145,0.09457331801288049,0.0009452862562630963,1.0153884852789545,1230.3249686104912,1240.3030831473213,1244.1472615559896,0.9809017224305759,0,0.7709912094774474,1.3066333804761683,4,2,1,0,1,10641712.142857144,0.9677150501493549,1
2025-02-17,1214.4124755859375,1216.9901902768092,1194.1871154284454,1200.7305822668588,8166683,0.6284736081139775,0.006265069483906232,1.0190950601909505,1222.3014090401787,1239.5524291992188,1243.6201538085938,0.9935458362430949,0,0.8545432673328677,1.3202651185452243,0,2,1,1,0,10386095.285714285,0.7863092697823589,1
2025-02-18,1214.908203125,1219.3696743222742,1205.6877809072391,1214.362863790828,6673250,0.040820359558924046,0.0004081203031675876,1.0113477913865396,1216.451939174107,1237.5943429129463,1242.2949340820312,0.9987309518778398,0,0.8536056231805736,1.251480329181667,1,2,1,0,0,10087376.285714285,0.6615446684040763,1
2025-02-19,1216.9404296875,1222.1950990873443,1207.125291073852,1209.0585466128707,6217338,0.16727408352932294,0.001671343362531663,1.0124840462915712,1212.7411063058037,1234.9280744280134,1241.3927205403645,1.003462670935999,0,0.8423700451253842,1.2145662626611464,2,2,1,0,0,9979714.285714285,0.6229975951215323,1
2025-02-20,1222.4429931640625,1228.738599945727,1211.5371757067999,1213.4704313005311,7795582,0.4521637495415787,0.004511445603740273,1.0141980160277722,1212.4790736607142,1232.6902553013392,1241.0985921223958,1.0082178073995662,0,0.6871402815415043,1.2268833374810377,3,2,1,0,0,9827695.42857143,0.7932258439080645,0
2025-02-21,1217.634521484375,1229.3830367840985,1211.6858938870325,1218.1797397323817,6904025,-0.3933493591583903,-0.003941250124364096,1.014605388233327,1214.1220179966517,1231.4332449776787,1240.7119303385416,1.0028930399380442,0,0.332762013875105,1.1710970231891111,4,2,1,0,1,7795177.0,0.8856790551388378,0
2025-02-24,1204.151123046875,1212.7765856074127,1200.1357505642943,1206.13399913207,7172498,-1.1073436404433479,-0.011135203305847666,1.0105328376703842,1213.9025181361608,1226.4300362723213,1239.9121744791667,0.9919669043077214,0,0.5797969850023472,0.7332130778017076,0,2,1,1,0,7603931.571428572,0.9432617761777784,0
2025-02-25,1193.69140625,1210.5458530159883,1191.2128111373545,1200.631472565407,11552182,-0.8686382129851511,-0.00872432865224079,1.0162297128589264,1212.02587890625,1221.1754237583705,1238.3192708333333,0.984872870311321,0,0.6579932206570773,0.7431568533388184,1,2,1,0,0,7783079.714285715,1.4842687501704706,1
2025-02-27,1196.7647705078125,1204.597154814102,1190.370043898487,1202.416039651657,11509215,0.25746723497552804,0.0025713635590520673,1.0119518388324196,1209.5047781808037,1215.9030936104912,1236.3578776041666,0.9894667570539463,0,0.5964941450816924,0.7428293348478812,3,2,1,0,0,8260584.285714285,1.3932688780748648,0
2025-02-28,1189.82470703125,1206.9270123506615,1183.0830013175257,1191.7084634163882,23007298,-0.5799020532345489,-0.005815900140341695,1.0201541320487084,1205.921421595982,1211.1866803850446,1232.9787272135416,0.9866519374509254,0,0.5995787600223885,0.7143504726553115,4,2,1,0,1,10594019.714285715,2.1717250505939076,0
2025-03-03,1161.2216796875,1196.1202465389174,1146.1022512006402,1193.6912720117396,17944938,-2.4039698599903736,-0.024333368191269807,1.0436418262732483,1197.9616001674108,1205.351353236607,1228.5436930338542,0.9693313037122588,0,0.9522928742010922,0.8842812787362588,0,3,1,1,0,12269391.142857144,1.4625777099336328,0
2025-03-04,1151.9517822265625,1163.948157257321,1149.6219272411693,1152.2491409974891,11377373,-0.7982883563999676,-0.008014917374346425,1.012461688209559,1187.8914271763392,1200.1852504185267,1224.8489339192708,0.9697450085693382,0,0.815637616137051,0.8409264021895536,1,3,1,0,0,12781075.57142857,0.8901733611084754,1
2025-03-05,1165.534423828125,1172.8710888254677,1147.093702257875,1151.0594540375048,8664095,1.1790981021192692,0.011722009039956212,1.0224719101123596,1180.4485560825892,1197.2852870396205,1221.4945638020833,0.9873657075714015,0,1.1196667712038044,0.8846336311399888,2,3,1,0,0,13032514.142857144,0.6648061076341601,1
2025-03-06,1199.2432861328125,1203.5560168880775,1175.0026773522586,1186.7511925218207,14468014,2.892137856724375,0.028511048264477364,1.024300659127144,1179.7474365234375,1196.8249773297991,1219.7083170572917,1.016525443502405,0,1.698693441543098,1.2194998008647138,3,3,1,0,0,14074730.714285715,1.0279425087199079,1
2025-03-07,1239.0992431640625,1244.0564330934674,1201.622838887705,1205.5885908312287,16474965,3.323425487731768,0.03269393584919259,1.0353135716403672,1186.2342703683037,1199.1300746372767,1219.8239827473958,1.0445653730602011,0,2.060715071269645,1.5147376068103577,4,3,1,0,1,14777985.42857143,1.1148315905189397,0
2025-03-10,1227.796875,1247.2290360950196,1224.8225609234617,1234.340341763354,11931051,-0.91214390020945,-0.009163294040024108,1.018293649942784,1190.6674281529017,1200.0861031668526,1220.1230712890624,1.0311837260087795,0,2.1347449012241797,1.5369547566627373,0,3,1,1,0,14838247.714285715,0.8040741218057188,1
2025-03-11,1236.62060546875,1238.801720552263,1219.2208210077197,1229.3830600118497,10089838,0.7186637014978459,0.007160936200672365,1.0160601748322828,1197.3525565011162,1201.6369890485491,1220.5493896484375,1.032795728170809,0,2.0928539707472407,1.5459639331004302,1,3,1,0,0,12992896.285714285,0.7765657308520039,1
2025-03-12,1246.2872314453125,1252.186239348891,1233.3489166666827,1247.2290491693625,11977555,0.7816969840073407,0.007786575622369879,1.0152733118971062,1209.5047781808037,1203.733189174107,1221.2615763346355,1.0304111682136823,1,1.6341481874797354,1.555562133146182,2,3,1,0,0,12140413.0,0.9865854645966328,0
2025-03-13,1237.2154541015625,1253.326320946517,1233.2000819547634,1249.2614495168184,9505270,-0.7279042194173413,-0.007305663686450899,1.01632033543158,1221.685302734375,1204.788364955357,1221.091377766927,1.0127120718669758,1,1.6212152854097004,1.5716563459962105,3,3,1,0,0,11872969.714285715,0.8005806658938187,0
2025-03-17,1228.242919921875,1246.6341428999226,1222.5421515247892,1231.514713672869,16640917,-0.7252200212939597,-0.007278625254208839,1.0197064709344257,1230.6436593191963,1205.546107700893,1220.2238688151042,0.9980492002058098,1,1.7480946754466042,1.5820926700740818,0,3,1,1,0,13012515.714285715,1.2788393394008253,0
2025-03-18,1228.242919921875,1228.242919921875,1228.242919921875,1228.242919921875,0,0.0,0.0,1.0,1234.7864641462054,1207.2669503348213,1219.3728841145833,0.9947006673507269,1,1.4830715200720712,1.5457792514888997,1,3,1,0,0,10945656.57142857,0.0,1
2025-03-19,1236.471923828125,1242.5196714129374,1228.1934407470596,1230.4241762433128,16162399,0.6699817904729732,0.006677473869872399,1.0116644741704237,1234.4111328125,1210.3227015904017,1219.4141927083333,1.001669452713805,1,0.7592507726613086,1.5221010357626863,2,3,1,0,0,10901004.285714285,1.4826522929800832,1
2025-03-20,1258.283447265625,1262.1004590128364,1239.3470073959113,1241.1315230182402,15971477,1.7640128350000284,0.017486347132419804,1.0183592258513088,1238.766357421875,1214.7168927873884,1218.8837727864584,1.0157552630702444,1,0.9004102875029703,1.5740852437618513,3,3,1,0,0,11478208.0,1.3914608447590426,1
2025-03-21,1265.421875,1270.0320859338292,1259.225387461291,1264.0834578966683,21780769,0.5673147612239138,0.0056571159152010615,1.008582020804334,1242.880824497768,1220.116690499442,1218.822635904948,1.0181361318462216,1,0.8919849633967866,1.5505092935461526,4,3,1,0,1,13148341.0,1.6565412320839565,1
2025-03-24,1290.951416015625,1294.8180484818179,1273.2542716407156,1279.946478246575,20299319,2.0174727116697655,0.019973913720624136,1.0169359548374537,1249.2614222935267,1229.383100237165,1219.5017700195312,1.033371713060313,1,1.0948496080825052,1.3629801096610412,0,3,1,1,0,14337164.42857143,1.415853120826811,0
2025-03-25,1274.4439697265625,1296.50346593687,1271.6183955406093,1296.50346593687,13713899,-1.2787039143588252,-0.012869497010783177,1.0195696055385242,1254.5797816685267,1238.1325422014509,1220.1214192708333,1.0158333398547341,1,1.2121059806878383,1.4106578912230168,1,3,1,0,0,14938397.142857144,0.918030152020517,0
2025-03-26,1262.150146484375,1282.7224842048433,1257.8869148358597,1279.9464094999762,12074747,-0.9646421132837424,-0.009693249245642322,1.0197438808497539,1259.4236711774554,1245.0336652483259,1220.762548828125,1.00216485950623,1,1.252852885410866,1.4735240077253933,2,3,1,0,0,14286087.142857144,0.8452102300129967,1
2025-03-27,1267.2559814453125,1273.9978081396894,1260.4151561828103,1267.2064821612498,15028056,0.4045346724523613,0.004037186309864146,1.0107763318222978,1264.9969656808037,1249.8917149135045,1222.195174153646,1.0017857874965677,1,1.2407876182181827,1.3147538063452795,3,3,1,0,0,16432952.285714285,0.9145073714517136,0
2025-03-28,1264.1824951171875,1284.6557128160619,1258.1347478785124,1269.0405652360093,18147129,-0.2425308203808707,-0.002428254027734958,1.0210795902285263,1268.9556187220983,1251.6833757672991,1224.130126953125,0.9962385417310988,1,1.2621007724132407,1.0171323133161425,4,3,1,0,1,16716485.142857144,1.0855828151023819,0
2025-04-01,1241.8751220703125,1266.9585500115554,1238.603449529153,1253.7723771839194,12099648,-1.7645690501992828,-0.017803231732313754,1.0228927995422437,1266.611572265625,1252.68896484375,1225.336376953125,0.9804703740776143,1,1.295288191194356,1.1070207396673357,1,4,2,0,0,16163366.714285715,0.748584636720884,0
2025-04-02,1240.4376220703125,1244.7999732789833,1233.2496968938563,1236.868469635997,10142590,-0.11575237916060521,-0.0011581942396931306,1.0093657240818452,1263.0423932756696,1252.9616088867188,1226.4567016601563,0.9821029196441046,1,1.2546848005041564,1.0927756638805073,2,4,2,0,0,14500769.714285715,0.6994518359951494,0
2025-04-03,1238.008544921875,1241.0820994494682,1222.4926375090713,1222.4926375090713,7434366,-0.1958242079422967,-0.0019601619422239622,1.0152061954158467,1255.4791259765625,1252.3702741350446,1227.2432373046875,0.986084530843077,1,0.7620469927347794,1.0719129630342188,3,4,2,0,0,12662919.285714285,0.5870973218937836,0
2025-04-04,1194.38525390625,1234.7863505024063,1182.9342181609516,1230.473619610667,17908652,-3.5236663910407695,-0.03587245529680762,1.0438334875645636,1244.0421665736608,1249.3109741210938,1226.5591389973958,0.9600842206143416,0,1.3465244427869807,1.4149929776828571,4,4,2,0,1,13262169.714285715,1.3503561171223135,0
2025-04-07,1155.71923828125,1161.2217676393545,1105.3046397460778,1122.506064991245,22156106,-3.2373152212439305,-0.032908753847858796,1.050589788446127,1228.8377511160713,1244.1307111467634,1224.5184326171875,0.9404978299467015,0,1.6089978465159418,1.624724023280335,0,4,2,1,0,14702363.857142856,1.5069757635766774,1
2025-04-08,1172.0780029296875,1186.3547349162204,1153.3399207865864,1161.9653833278503,19555040,1.4154618272830488,0.014055377048341235,1.028625397885402,1215.2408970424108,1240.118931361607,1222.839599609375,0.9644820263885368,0,1.8135059444451747,1.6954658448285749,1,4,2,0,0,15349075.857142856,1.274020676033069,1
2025-04-09,1175.2010498046875,1179.613021672609,1157.9996241138485,1159.4867811653644,10223104,0.26645384242292014,0.0026609948350128023,1.0186644253665453,1202.529261997768,1235.742440359933,1221.4251505533855,0.9772743890259437,0,1.8629076511072622,1.6807014818073645,2,4,2,0,0,14217072.285714285,0.7190723796398266,1
2025-04-11,1208.5133056640625,1212.1816988912137,1184.917153801556,1184.917153801556,11224242,2.834600587270697,0.027951691990333864,1.0230096635888721,1197.7632882254463,1232.1874302455358,1221.570556640625,1.0089750767487147,0,2.313883278592013,1.8040709587936319,4,4,2,0,1,14092014.285714285,0.7964966379134687,1
2025-04-15,1229.4822998046875,1240.288998738938,1226.5079856590305,1240.288998738938,13378535,1.735106601006997,0.01720225514944161,1.011235975012835,1196.1982421875,1229.620317731585,1222.7635864257813,1.0278248675205546,0,2.4489394510100695,1.8716279052404643,1,4,2,0,0,14554292.142857144,0.9192157796946399,0
2025-04-16,1228.689208984375,1230.2754856402491,1218.477348782242,1223.5336585713449,8248464,-0.06450607873236258,-0.0006452689285472714,1.009682688701434,1194.866908482143,1225.1730172293526,1223.827734375,1.0283063329163555,0,2.448592626961617,1.7623245097032971,2,4,2,0,0,14670591.857142856,0.5622448010496568,1
2025-04-17,1263.5877685546875,1269.238916912585,1217.0893007676923,1229.5813957339365,15398401,2.8403081361119353,0.028007192672241346,1.0428478141349191,1204.7529820033483,1224.3975742885045,1226.286503092448,1.0488355600112353,0,2.1166982076973486,1.9291229953337363,3,4,2,0,0,14311984.57142857,1.0759095583948766,1
2025-04-21,1284.407958984375,1289.761748514388,1256.151975324742,1259.126289394177,10429964,1.6477043342625786,0.016342769810214163,1.0267561360805546,1223.1370849609375,1225.9874180385045,1230.3927124023437,1.050093219130376,0,1.1274423076526237,1.9593005824729472,0,4,2,1,0,12636821.42857143,0.8253629331517023,0
2025-04-22,1280.1446533203125,1292.7359881039044,1275.286704106908,1288.8693558313819,13051707,-0.33192768965972785,-0.0033247979167371684,1.013682636179616,1238.5751778738838,1226.9080374581474,1234.6658081054688,1.0335623353261334,1,1.330839808308791,1.9616196009506648,1,4,2,0,0,11707773.857142856,1.1147898105357763,1
2025-04-23,1288.869384765625,1294.8180126953125,1274.3944143417477,1285.8950708007812,10480888,0.6815426227561927,0.00679230619934806,1.0160261204252956,1254.813511439732,1228.67138671875,1238.776973470052,1.0271401869803094,1,1.2869145825085353,1.9651042920089719,2,4,2,0,0,11744600.142857144,0.8924005817579315,1
2025-04-24,1290.4556884765625,1293.3308829080645,1279.2525115884996,1281.3345072026398,10468940,0.12307715038371025,0.001230014725473625,1.0110051543319492,1266.519566127232,1232.1414271763392,1241.8173868815104,1.0188991334911015,1,1.1622414107923136,1.8863530469778704,3,4,2,0,0,11636699.857142856,0.8996485368292746,0
2025-04-25,1289.2659912109375,1313.85358083958,1277.071255478384,1292.3394247863746,14431012,-0.09219202768825374,-0.0009223455067531163,1.028802093229651,1275.060093470982,1235.6291678292412,1243.4896118164063,1.0111413554644972,1,1.1610224794779387,1.8859726395637182,4,4,2,0,1,11787053.714285715,1.224310362012676,1
2025-04-28,1357.080322265625,1362.830589793996,1308.8963407951755,1328.5268607294433,31104496,5.259917776237399,0.051262512788057255,1.0412058979140049,1293.4016810825892,1244.1342947823662,1247.7990600585938,1.0492334609691678,1,2.016280579234114,2.2962733213022193,0,4,2,1,0,15052201.142857144,2.0664416921348607,1
2025-04-29,1387.7156982421875,1398.8198762816546,1358.2700385179512,1359.2614765022709,32538970,2.25744751242265,0.022323442589696704,1.0298540324190237,1311.134242466518,1257.943612234933,1252.8355631510417,1.0584085544372663,1,1.9604087423573906,1.9796867243296603,1,4,2,0,0,17500853.85714286,1.8592789966484655,1
2025-04-30,1392.9703369140625,1400.3070020394923,1357.2785702742715,1389.9960230274132,25480745,0.37865383223170124,0.003779387431813223,1.0317019900760136,1326.6431535993304,1274.8901192801338,1257.725,1.049996250412011,1,1.9882438843197692,1.5629457288358635,2,4,2,0,0,19650965.42857143,1.2966663186406298,1
2025-05-02,1407.6436767578125,1414.4845019236116,1397.0352178747166,1401.8932881277126,13007841,1.0533849468939094,0.010478755043143157,1.0124902248888472,1344.8572998046875,1291.7162388392858,1263.4059407552083,1.0466862744190357,1,1.8783012836416555,1.5648394872808353,4,5,2,0,1,19644698.85714286,0.6621552763212921,1
2025-05-05,1419.0452880859375,1427.1750314493302,1414.6829365878357,1418.747808269532,12685649,0.8099785134819015,0.00806715793897903,1.008830314226893,1363.453857421875,1309.1336844308037,1269.7660196940103,1.0407725060598523,1,1.8709512865636877,1.5430725414646893,0,5,2,1,0,19959664.714285713,0.6355642332468897,0
2025-05-06,1408.7342529296875,1419.7391903256466,1398.5223933042987,1418.7477523435755,14084117,-0.7266177649733696,-0.007292704897796054,1.0151708668541366,1380.350795200893,1323.4351806640625,1275.7823974609375,1.0205624960172996,1,1.9911981543070276,1.5756551629640312,1,5,2,0,0,20476118.57142857,0.6878313851753294,0
2025-05-07,1393.9617919921875,1412.2042749259901,1390.6899982666434,1408.7342420156256,13440169,-1.04863361608325,-0.0105417052029552,1.0154702174360657,1395.307338169643,1335.1837158203125,1281.0320597330729,0.9990356632258378,1,2.128882817739059,1.6641713682406714,2,5,2,0,0,20334569.57142857,0.6609517330961524,1
2025-05-08,1394.9532470703125,1408.6351396947061,1386.030305191398,1392.0780527042998,16106175,0.07112498232164643,0.0007109970049318225,1.0163090478026646,1400.7177559988838,1347.0597185407366,1285.5877197265625,0.9958846035156736,1,1.1196371291278593,1.6584252252782092,3,5,2,0,0,18191952.285714287,0.8853461545547149,0
2025-05-09,1365.408447265625,1382.8578539346386,1362.731612914777,1373.6374315703338,13668904,-2.1179777793082,-0.021407287423813114,1.0147690424358857,1397.531005859375,1354.3326241629463,1288.92060546875,0.9770147793078858,1,1.1306996685048603,1.7446963665599973,4,5,2,0,1,15496228.57142857,0.8820793999645997,1
2025-05-12,1424.20068359375,1426.679278587822,1388.0131966802994,1388.0131966802994,10674081,4.305835110795075,0.042157119907199184,1.0278571428571428,1401.9924839564733,1364.3178187779017,1293.3622477213542,1.0158404555597933,1,2.0671000880409363,1.9974481876334749,0,5,2,1,0,13380990.857142856,0.7977048272402121,0
2025-05-13,1403.5787353515625,1435.3047515134413,1400.307062549957,1421.2263802516663,11407896,-1.4479664614505894,-0.01458551801524663,1.0249928675641709,1401.4117780412946,1373.1345389229912,1297.6667399088542,1.001546267374245,1,2.137287347041643,2.0654412891284397,1,5,2,0,0,13152427.285714285,0.8673605070898863,1
2025-05-14,1412.2042236328125,1417.6571322938998,1403.380401776207,1407.8418724989147,5570160,0.6145354061017017,0.006126548378474156,1.0101731009636612,1400.4344831194196,1381.9441702706474,1302.6685424804687,1.0084043492610781,1,2.1258528127552307,2.0655128610024884,2,5,2,0,0,12135928.857142856,0.4589809371469383,1
2025-05-15,1441.7491455078125,1448.8875719918406,1400.6044669576877,1412.7992032271827,20177211,2.092113971943621,0.020705297922747206,1.0344730480112139,1405.1508963448662,1392.7508457728795,1308.484981282552,1.0260457786122097,1,2.24020329196977,2.091958490085965,3,5,2,0,0,13006370.857142856,1.5513328984402326,1
2025-05-16,1443.9302978515625,1448.4908883531898,1434.9082364412498,1440.757623701411,9036695,0.15128514905287105,0.001511708283568839,1.0094658679677153,1412.2892543247767,1403.79829624721,1314.4765747070312,1.022404081479692,1,2.159558798233705,2.084836714440564,4,5,2,0,1,12377303.142857144,0.7301020986316404,0
2025-05-19,1428.4638671875,1442.1456384779733,1425.886031660542,1439.667043567546,6195791,-1.0711341598050206,-0.010769120984368483,1.011403160179987,1417.0764857700892,1408.8971208844866,1320.696199544271,1.00803582695201,1,2.2411098025715264,1.7020828367616074,0,5,2,1,0,10961534.0,0.5652302861989936,0
2025-05-20,1412.402587890625,1432.6279478297215,1409.6266340324114,1425.8861208416395,11270560,-1.1243742082533759,-0.011307430800235224,1.0163173093087152,1423.7899344308037,1410.6604701450892,1326.4283650716145,0.9920020880434648,1,2.0838864655705827,1.6544699940312448,1,5,2,0,0,10618913.42857143,1.061366596103443,1
2025-05-21,1416.963134765625,1423.9032007341596,1405.9581972205492,1411.7085860045363,6136364,0.3228928433082867,0.003223726638144457,1.012763539875571,1422.7559988839287,1412.3742414202009,1332.3935180664062,0.9959284205282931,1,1.2489540102970598,1.6539146309152615,2,5,2,0,0,9970668.142857144,0.6154416045223621,0
2025-05-22,1397.332763671875,1411.6094953044076,1384.9397884743898,1409.031659643212,12134466,-1.3853833322909237,-0.013950693300255943,1.0192569431912966,1421.8637172154017,1411.6377476283483,1339.1584350585938,0.9827473243416265,1,1.2375856773015976,1.6779568362809936,3,5,2,0,0,10074463.857142856,1.2044775952416158,1
2025-05-23,1414.5838623046875,1421.5239286750705,1394.5567410207764,1394.5567410207764,6474883,1.2345734016484755,0.012270146925169765,1.0193374617619035,1422.2036655970983,1411.3190743582588,1347.787255859375,0.994642255904177,1,1.3135308292036754,1.6982085835487895,4,5,2,0,1,10203710.0,0.6345616447351012,1
2025-05-26,1422.5152587890625,1428.6621258406371,1412.898237790455,1419.7391840414937,4842944,0.5606876125006099,0.005591216103663253,1.0111571291042407,1419.4559674944196,1412.303431919643,1356.135164388021,1.0021552562141418,1,1.0042261221496889,1.6912159236596538,0,5,2,1,0,8013100.428571428,0.6043782981593553,0
2025-05-27,1409.9239501953125,1424.696400543767,1401.794207036506,1413.8897021801247,12640414,-0.8851440092437768,-0.008890846798027239,1.0163377715447104,1414.5979178292412,1413.4435860770088,1363.9592610677084,0.996695903779428,1,1.0222204170934135,1.683349434468825,1,5,2,0,0,8527917.42857143,1.482239257811093,0
2025-05-28,1400.802734375,1410.4196342901241,1398.6214982222443,1407.9410393609537,5944611,-0.6469296318463824,-0.006490312906617755,1.0084355460593708,1410.6463274274554,1413.8614065987724,1370.3689086914062,0.9930219269982387,0,0.9831629481884273,1.6950106370092433,2,5,2,0,0,8492034.57142857,0.7000219970842593,1
2025-05-29,1405.660888671875,1407.842003929875,1396.5395861721686,1400.0096192804465,13771917,0.3468121654575773,0.0034621215893058986,1.0080931595993536,1409.6832275390625,1416.736580984933,1376.2415283203125,0.9971466363587163,0,0.926922836539969,1.577192528287224,3,5,2,0,0,8849371.285714285,1.556259372033839,1
2025-05-30,1408.7342529296875,1418.3511529457182,1397.6300749154059,1405.8590585766528,13788484,0.21864194149390226,0.0021840326783150767,1.0148258673036687,1408.5076729910713,1415.6318359375,1382.2430297851563,1.0001608652497682,0,0.9204735818896922,1.0540609681615898,4,5,2,0,1,9942531.285714285,1.3868182662710542,0
2025-06-02,1401.5958251953125,1405.3633379328091,1383.650821945961,1400.0095486308933,8098668,-0.5067263552035794,-0.005080145668467682,1.0156921931765355,1409.1166817801338,1415.490199497768,1386.8432983398438,0.9946627155280567,0,0.7583524171701412,0.9875195279900476,0,6,2,1,0,9365988.714285715,0.8646890624208524,0
2025-06-03,1393.4661865234375,1414.2863856817387,1391.384190812638,1410.1223942601396,11252626,-0.5800273178426574,-0.005817160093707354,1.016460007969276,1406.0998709542412,1414.1517682756696,1390.4785725911458,0.9910150874117997,0,0.5714533023264077,0.981405863904573,1,6,2,0,0,10048523.42857143,1.1198288066886415,1
2025-06-04,1411.31201171875,1413.4931269376204,1394.0609660849138,1402.5873087929724,8126827,1.2806787396711927,0.012725474001345745,1.0139392475117355,1404.4994070870537,1411.9776872907366,1394.8508178710938,1.0048505571432214,0,0.7657380258156279,0.8588759138068964,2,6,2,0,0,10517649.57142857,0.7726847091461105,1
2025-06-05,1430.0501708984375,1442.244785474372,1411.4110884077945,1415.7734397380668,13716817,1.3277120171936607,0.013189751696772082,1.0218460073892157,1407.3745814732142,1410.9862496512276,1399.5568440755208,1.016111978803459,0,0.8452284112873415,0.9438473619006076,3,6,2,0,0,10671421.42857143,1.285378624751422,1
2025-06-06,1431.1407470703125,1439.0722510374496,1424.6964000970136,1428.6621520805822,8182161,0.07626139236709406,0.0007623232814284793,1.0100904662491301,1411.7085832868304,1411.177455357143,1404.2463460286458,1.0137649965534947,1,0.7639234675743892,0.8984713605769131,4,6,2,0,1,10991071.42857143,0.7444370690495532,1
2025-06-09,1436.3953857421875,1445.0208477095387,1432.9253528317358,1444.5251287223314,7885125,0.3671643535153146,0.0036649195058283237,1.0084411200164054,1416.0992257254463,1412.8912266322545,1409.1506591796874,1.0143324419984368,1,0.7641298422289674,0.839178949142177,0,6,2,1,0,10150101.142857144,0.7768518647273718,0
2025-06-10,1426.1834716796875,1441.4516401070769,1423.704876838395,1437.5850079496329,7913181,-0.7109403277025583,-0.007134795505135529,1.0124651980599322,1418.5919712611608,1413.5498221261162,1411.4540974934896,1.0053514333735991,1,0.8580533296987705,0.8653764624506393,1,6,2,0,0,9310772.142857144,0.8498952480617497,1
2025-06-11,1436.4945068359375,1456.0257865422643,1430.7441181682645,1433.4210733170682,8195700,0.7229809741173154,0.007203799955355094,1.0176702934179223,1423.5774972098213,1416.3470894949776,1413.080057779948,1.009073625883686,1,0.819228056301307,0.7751548832627612,2,6,2,0,0,9324633.857142856,0.8789299532358507,0
2025-06-12,1429.257080078125,1444.5252503749707,1422.1187744712338,1441.0552171722854,8828114,-0.5038255784043266,-0.005050990586852596,1.0157556993873933,1428.6904820033483,1417.3951764787946,1414.2896158854167,1.00039658560193,1,0.8051199585489457,0.7349433202042219,3,6,2,0,0,8978275.0,0.983275072327368,0
2025-06-13,1415.67431640625,1423.2092208521976,1402.1907840779525,1411.8076840776937,9757276,-0.95033733687242,-0.009548818572424508,1.0149897125362055,1429.3136683872767,1416.906537737165,1414.557303873698,0.9904574116356025,1,0.8239234503647613,0.7685112954477876,4,6,2,0,1,9211196.285714285,1.059284342375011,1
2025-06-16,1425.4896240234375,1430.0502146798779,1412.204330439343,1414.6829254727506,8458093,0.6933309097606699,0.006909384232085239,1.012636899530667,1428.6621616908483,1418.0183715820312,1414.7721150716145,0.9977793646724317,1,0.682291598621198,0.7492165435577168,0,6,2,1,0,8459950.0,0.9997804951565907,0
2025-06-17,1418.946044921875,1435.6022520574631,1413.59237643736,1435.6022520574631,10366599,-0.4590408089462872,-0.004600976366883102,1.015570171420685,1426.9200613839287,1419.3143223353795,1415.1125081380208,0.9944117286750318,1,0.6964666112838203,0.7367522365415481,1,6,2,0,0,8772012.57142857,1.1817811380896985,0
2025-06-18,1417.85546875,1430.4468040463896,1413.4931173168031,1417.7563491543892,6681735,-0.07685818469123085,-0.000768877357365692,1.0119941770652334,1424.2715018136162,1420.1853637695312,1415.9089640299478,0.9954952176916787,1,0.664163218698022,0.7342873096689817,2,6,2,0,0,8600099.714285715,0.7769369218941614,1
2025-06-19,1421.0281982421875,1427.5716651338516,1413.4931722804179,1417.8555238832446,10007230,0.22376959867316248,0.0022351960737360226,1.0099600713533838,1423.5350341796875,1421.0635027204241,1416.7781290690104,0.9982390065033105,1,0.633717989606424,0.7343715366128116,3,6,2,0,0,8899249.57142857,1.1245026807798097,1
2025-06-20,1453.6463623046875,1458.4053131642288,1415.8725983169522,1418.7477927518771,29010635,2.2953917524542122,0.022694439546797302,1.030039930780379,1425.9852992466517,1424.7813982282366,1419.719392903646,1.0193978599026576,1,1.0770123975304366,0.9240460329097356,4,6,2,0,1,11872811.714285715,2.4434511131928045,0
2025-06-23,1444.326904296875,1451.266970188698,1429.6535737155343,1440.5593915455418,5989078,-0.6411090241396078,-0.006431729541337971,1.0151179256783114,1428.1381312779017,1428.414306640625,1420.3902669270833,1.011335579286359,0,1.0925635615725733,0.9284750601932394,0,6,2,1,0,11467235.142857144,0.5222774213128919,0
2025-06-24,1438.3782958984375,1462.3710470398119,1430.744150698803,1452.4566670598808,16402744,-0.411860249971141,-0.004127107302955088,1.0221052075072694,1431.381556919643,1430.34761265346,1421.5502522786458,1.0048881019494562,1,1.0181916665599064,0.8949903228839674,1,6,2,0,0,12416587.714285715,1.321034762322669,1
2025-06-25,1454.737060546875,1459.7933702625824,1447.9952335758323,1451.4652666586912,7525851,1.137306138106009,0.011308874328862201,1.0081479112728944,1435.5597621372767,1432.1109619140625,1422.9680135091146,1.0133587600568066,1,1.0644973123230657,0.8768066930193342,2,6,2,0,0,12283410.285714285,0.6126841670958945,1
2025-06-26,1482.497314453125,1485.9673475108061,1452.5558137403293,1456.5215658062507,14657893,1.9082660818315889,0.018902870497499565,1.0230018932521718,1444.6385149274554,1435.779288155692,1424.3262858072917,1.0262064171309808,1,1.156908764082331,0.9972654509469735,3,6,2,0,0,12896452.285714285,1.1365833544964072,1
2025-06-27,1502.4251708984375,1508.9686374999123,1484.083567880206,1486.5621628826696,11117052,1.34420860335005,0.013352542735040345,1.016767970590262,1456.7199009486608,1440.4957013811384,1426.2761149088542,1.0313754689010646,1,1.1359629023337185,1.0389056197906676,4,6,2,0,1,13530069.0,0.8216552332438216,0
2025-06-30,1487.7518310546875,1511.7447031481738,1483.191240482831,1500.838885203447,8409527,-0.9766436377643628,-0.00981444082805585,1.0192513695375167,1466.2518484933037,1444.8934413364955,1428.2523803710938,1.0146632262277977,1,1.3196481728876188,1.0614972165146457,0,6,2,1,0,13301825.714285715,0.6322084787931367,1
2025-07-01,1515.3138427734375,1518.2881567329412,1487.256099345396,1487.7518183386467,10368523,1.8525947099128137,0.018356432157106604,1.0208653085377855,1475.061488560268,1450.52339390346,1431.682755533854,1.0272885940859713,1,1.2364662447259238,1.1358340675969523,1,7,3,0,0,10638666.857142856,0.9746073581614711,0
2025-07-02,1505.7960205078125,1516.900077238324,1495.7824003020085,1515.3138007089854,6361002,-0.6281089763032099,-0.006300898799123411,1.0141181477546812,1483.8427908761162,1455.9904610770088,1434.6438517252604,1.014794848731067,1,1.2342960981010052,1.1438001892065228,2,7,3,0,0,10691798.857142856,0.5949421687586662,0
2025-07-03,1504.8046875,1518.7839394915495,1500.0457365549344,1507.7790015843786,11283291,-0.0658344818495471,-0.000658561622605288,1.0124917544045358,1493.332275390625,1462.3569161551338,1438.226249186198,1.0076824242658078,1,1.1930872901679381,1.0877592755013674,3,7,3,0,0,9960448.42857143,1.1328095397426097,1
2025-07-04,1514.223388671875,1516.900223008299,1504.2097675037892,1510.9515946827762,6603501,0.6259085481400639,0.006239578759713593,1.0084366261798507,1501.830322265625,1468.6950422014509,1441.5475667317708,1.0082519750883403,1,1.1740016562884668,1.0867122244210476,4,7,3,0,1,9828684.142857144,0.6718601293947369,1
2025-07-07,1528.3016357421875,1531.5734294639212,1511.9429091838053,1513.5291857359532,7251074,0.9297338276263556,0.009254384061402419,1.0129836385758197,1508.3737967354912,1476.5061558314733,1445.073779296875,1.013211472547339,1,1.0401139548356886,1.0616538815732866,0,7,3,1,0,8770567.142857144,0.8267508682041574,0
2025-07-08,1524.4349365234375,1531.672481820406,1517.0982716385254,1522.8486600409224,7171261,-0.2530062867381666,-0.0025332688851975455,1.0096066355451976,1511.5180489676338,1484.1189749581474,1448.8908121744792,1.0085456389783938,1,0.9823520000672482,1.070494393901632,1,7,3,0,0,8206882.714285715,0.873810586755065,0
2025-07-09,1505.9942626953125,1537.7202774459709,1497.1704406377573,1523.5426661942138,8870660,-1.209672737504952,-0.012170488228469705,1.0270843156581027,1514.1241106305804,1490.187979561942,1452.397196451823,0.9946306594828068,1,1.0320414830167748,1.1657654173221228,2,7,3,0,0,8272758.857142857,1.072273488588502,0
2025-07-10,1504.2095947265625,1511.6453792793734,1494.5926951149827,1506.6881895774993,10047129,-0.1185043006442732,-0.0011857457251290607,1.0114095861836652,1512.5377894810267,1493.7996390206474,1455.6821533203124,0.9944938931031126,1,0.72139148319981,1.0389778214404881,3,7,3,0,0,8226845.428571428,1.221261428482273,0
2025-07-11,1482.3980712890625,1502.0285923917668,1477.540121836759,1499.0542783474266,7234991,-1.450032197239437,-0.014606479099100327,1.0165738108854638,1509.1952253069196,1496.519008091518,1458.1376139322917,0.9822440771289828,1,0.8722612372152818,1.112228930385366,4,7,3,0,1,8351701.0,0.8662895139564982,0
2025-07-14,1470.9964599609375,1487.1569471972039,1466.4358695278945,1479.4236826617216,10311846,-0.7691329035668826,-0.0077210598512722035,1.014130231058778,1504.365478515625,1498.848876953125,1460.4509684244792,0.9778185427469307,1,0.8918028410392099,1.1310824403034372,0,7,3,1,0,8212923.142857143,1.2555634358965493,1
2025-07-15,1472.6820068359375,1483.6869442622558,1469.7076928815193,1473.4750846086956,8132454,0.11458537942672375,0.0011451978048724564,1.0095115861803299,1498.4309953962054,1500.130658830915,1463.0914957682292,0.9828160331444161,0,0.819345022859864,1.0960230294907198,1,7,3,0,0,8431345.0,0.9645500213785583,1
2025-07-16,1472.8802490234375,1478.234038357326,1458.9009976142222,1460.388154594461,10409983,0.013461303022643811,0.00013460397070549533,1.0132517838939856,1490.5136544363838,1499.4437255859375,1465.1437703450522,0.9881695780776901,0,0.6221321569154882,0.9636385387293277,2,7,3,0,0,8882617.714285715,1.1719499065301278,0
2025-07-17,1463.7591552734375,1476.8460890701654,1461.2805601585153,1474.6649737790947,11854613,-0.6192692010126066,-0.006211946258871454,1.010651978364758,1481.8456856863838,1496.6818673270088,1466.267403157552,0.9877945925222512,0,0.6107802270925059,0.8861062415304093,3,7,3,0,0,9551668.0,1.2411039621561386,0
2025-07-18,1463.362548828125,1472.0872520008465,1456.5216021387357,1472.0872520008465,10296318,-0.027095061635218354,-0.00027098733010232626,1.0106868650895768,1475.7554408482142,1494.9397757393974,1467.341463216146,0.991602340281418,0,0.5686979558821035,0.8564835395692588,4,7,3,0,1,9755333.42857143,1.0554552620256048,0
2025-07-21,1416.3682861328125,1463.362470991638,1410.9153771961905,1452.4566531183941,22442744,-3.211388916092317,-0.032640852719208406,1.037172387971043,1463.2066824776787,1487.8722359793526,1466.6738932291667,0.9679892137551247,0,1.1796281314720933,1.0162105303175526,0,7,3,1,0,11526135.57142857,1.9471178228748185,0
2025-07-22,1400.70361328125,1419.640054314783,1398.6214967228645,1415.178583447059,20396320,-1.1059745551301958,-0.011121359246170002,1.0150280527227469,1451.5360456194196,1480.3656354631696,1465.8245646158855,0.964980247998955,0,1.1574107433775982,1.0296381839240194,1,7,3,0,0,13406325.42857143,1.5213952629056402,1
2025-07-23,1412.402587890625,1413.7906253323065,1402.2899684336514,1413.7906253323065,8354596,0.8352212772528844,0.008317526050186633,1.0082013400634258,1443.165492466518,1473.7654854910713,1465.0215006510416,0.9786837304962746,0,1.3130811601225043,1.0861773986662187,2,7,3,0,0,13126718.285714285,0.6364573245311623,0
2025-07-24,1390.888427734375,1410.81630780687,1384.0474811654185,1407.0487949065318,14740507,-1.5232314313711859,-0.015349517722666465,1.0193409742120345,1431.4806954520088,1464.955845424107,1463.7425455729167,0.9716431609265843,0,1.3163703201952182,1.0748282386070043,3,7,3,0,0,14070725.857142856,1.0476010370507742,0
2025-07-25,1379.7841796875,1389.0046012536307,1372.2492752918665,1386.9226057137396,11854722,-0.7983564911071106,-0.008015604204537282,1.0122101182805874,1418.1812569754463,1454.347455705915,1462.5462076822917,0.9729251270956466,0,1.2670333079607834,0.9808035648016288,4,7,3,0,1,14277117.142857144,0.8303302327340593,0
2025-07-28,1375.71923828125,1395.7463569486692,1373.1415238854815,1380.3790691362324,7748361,-0.294607045514228,-0.0029504186628898045,1.0164621291177798,1405.6041259765625,1443.7249058314733,1460.8871948242188,0.9787387592686885,0,1.285742080475321,0.9793319421668039,0,7,3,1,0,13690509.714285715,0.5659658523827475,1
2025-07-29,1404.9666748046875,1408.04010820105,1371.1586653944225,1371.1586653944225,10750072,2.125974232938521,0.02103690675919087,1.0268980124163956,1397.2618582589287,1436.5086495535713,1460.4212158203125,1.0055142251971005,0,1.70995719842346,1.2270429433427323,1,7,3,0,0,13755331.714285715,0.7815203750292277,0
2025-07-30,1398.026611328125,1411.113664716939,1389.3020300940545,1405.9581148273558,7209849,-0.49396641223018456,-0.004951904588955079,1.0156997068674893,1394.6416190011162,1428.9241507393974,1459.76025390625,1.0024271413393164,0,1.258568084218296,1.2224465348101512,2,7,3,0,0,11579203.857142856,0.6226549846561743,0
2025-07-31,1378.2969970703125,1390.5908519212596,1370.365493427784,1376.215001569177,17065827,-1.4112474038723288,-0.014213001919284676,1.0147590979125465,1391.440673828125,1421.4883597237724,1458.3358805338542,0.9905539078991764,0,1.300617241641979,1.2202053535363526,3,7,3,0,0,11103419.142857144,1.536988451974137,1
2025-08-01,1381.76708984375,1393.8627060383,1372.4476694796913,1375.025384070285,10321171,0.2517666933043783,0.002514502919160294,1.0156035359561122,1387.064174107143,1415.1148332868304,1455.9399047851562,0.9961810820564213,0,1.238729337103295,1.2340694909118435,4,8,3,0,1,11384358.42857143,0.9066098071979939,1
2025-08-04,1399.4146728515625,1403.975263237478,1379.7841529413568,1383.155066191865,6312820,1.2771749405182442,0.012690878461457866,1.0175325323490285,1388.2822091238838,1409.8814522879463,1454.4428304036458,1.0080188766048541,0,1.232375897551619,1.3109011111149276,0,8,3,1,0,10180403.142857144,0.6200952861507505,0
2025-08-05,1379.7841796875,1398.918980991344,1376.2150271869518,1398.918980991344,9315972,-1.4027645661354837,-0.014126962968679444,1.0164973883847206,1388.2822091238838,1403.231733049665,1452.4896931966146,0.9938787449838843,0,1.3231339889060887,1.3346405714975125,1,8,3,0,0,9817724.57142857,0.9488931913114811,1
2025-08-06,1380.874755859375,1383.9481891450812,1371.4560958071288,1379.9824375441353,5834312,0.07903961995867625,0.0007900840010068185,1.0091086352498952,1389.0187116350446,1397.3114188058037,1450.0276163736978,0.9941368998794241,0,1.3164361055718985,1.3411419778380858,2,8,3,0,0,9544289.0,0.6112882793050378,0
2025-08-07,1377.5040283203125,1381.7671392504185,1354.3043541251445,1375.818511047819,9976705,-0.2441008878437123,-0.002443992997773075,1.020278148734901,1385.0954764229912,1391.17866734096,1446.5278401692708,0.994519187859682,0,0.9507746198944871,1.3376616517519742,3,8,3,0,0,9433808.0,1.0575480230252725,0
2025-08-08,1356.0888671875,1385.2370458989403,1353.312792536344,1373.1415514013454,8793606,-1.554635100336188,-0.01566846276635575,1.0235897078182234,1379.1043701171875,1386.8729945591517,1441.6499633789062,0.9833112682198725,0,1.0682422853595182,1.1289722279416188,4,8,3,0,1,9660059.0,0.9103056202865841,1
2025-08-11,1374.331298828125,1376.1159356273254,1349.5453489789295,1358.2700517359046,9997486,1.345223906930193,0.0133625610528932,1.0196885467157508,1378.537841796875,1384.9892578125,1437.869278971354,0.9969485473367442,0,1.1507862280174121,1.1838146509960026,0,8,3,1,0,8650296.0,1.155739179329817,0
2025-08-12,1368.5810546875,1389.8969719255274,1363.4255044148417,1370.0682117041065,12244664,-0.4184030550368867,-0.0041928080984340605,1.0194154117148093,1376.6541224888392,1381.8591482979912,1432.9781860351563,0.9941357326655558,0,1.1507841065441593,1.152246954068072,1,8,3,0,0,8925080.714285715,1.371938741170248,1
2025-08-13,1370.7620849609375,1379.8833867126677,1365.7057756228248,1376.115874093997,7457021,0.159364347911084,0.0015923749768563212,1.010381160673775,1372.5608956473213,1380.4215523856026,1428.4770548502604,0.9986894492680884,0,0.9889566174636732,1.0918839235261355,2,8,3,0,0,9088538.0,0.8204863092391758,0
2025-08-14,1367.4774169921875,1374.3455639562076,1363.794372575189,1370.961308962897,7126128,-0.2396234915443829,-0.0023991104809342485,1.0077366438762283,1370.8027866908483,1379.5424979073662,1423.8994791666667,0.9975741443401291,0,0.8603602469732904,1.0744085095247429,3,8,3,0,0,8775703.142857144,0.8120292908722885,1
2025-08-18,1375.3409423828125,1388.4802648218374,1370.6626218339861,1383.602791829514,11785109,0.5750387752597064,0.005733917383452632,1.0129992915134804,1370.012241908482,1379.5154767717634,1419.2700642903646,1.0038895276343716,0,0.8994749653504832,1.084805055318186,0,8,3,1,0,9625817.0,1.2243229847398927,1
2025-08-19,1413.564208984375,1414.460091190419,1382.7068811681168,1383.6027633741608,14384719,2.77918481328272,0.027412664169589443,1.0229645273736376,1375.1636962890625,1380.1295863560267,1415.4454833984375,1.0279243211545928,0,1.3867607010707512,1.1918793423055212,1,8,3,0,0,10255533.285714285,1.4026300338801077,0
2025-08-20,1406.4969482421875,1418.342205158243,1403.510755146132,1406.4969482421875,8725641,-0.49996036241362063,-0.005012143455921325,1.0105673932014627,1382.3648507254463,1380.734610421317,1411.5142171223958,1.0174571116330664,1,1.184301243794302,1.1920908877189824,2,8,3,0,0,10245824.0,0.8516290149040233,1
2025-08-21,1418.24267578125,1425.3099750709036,1413.7633861810953,1418.4417067156319,11021323,0.8351050852788644,0.008316373753999923,1.0081672711308491,1388.637904575893,1383.5878731863838,1408.5891642252604,1.0213192878487634,1,1.1405703253523451,1.1298748801993594,3,8,3,0,0,10392086.42857143,1.0605495898974227,0
2025-08-22,1402.71435546875,1416.84907536351,1401.4204113959267,1413.464698965694,5818868,-1.0948986783200665,-0.011009368086221378,1.0110093044472037,1393.5140904017858,1385.0841064453125,1405.2059895833333,1.0066022045491565,1,1.250365404924658,1.1821742616885493,4,8,3,0,1,9474115.57142857,0.6141858790015364,1
2025-08-25,1406.0987548828125,1412.9670232567023,1399.230486508923,1408.1890657335161,5979407,0.2412750251587381,0.00240984424307567,1.0098172080155658,1398.5621861049108,1385.5615408761162,1402.6626790364583,1.0053887977615723,1,1.2485658334065364,1.1352567964883349,0,8,3,1,0,9263027.857142856,0.6455132265838099,0
2025-08-26,1378.5262451171875,1403.5107021083375,1375.241384232256,1401.519906786198,12145259,-1.9609227068779322,-0.019804038907330946,1.0205558952778775,1400.140590122768,1385.471688406808,1399.5803385416666,0.9845627323726932,1,1.5272416753965257,1.1978943316990538,1,8,3,0,0,9980046.57142857,1.2169541407522204,1
2025-08-28,1379.521728515625,1385.7926612650012,1360.2109883890075,1383.50331940736,13161813,0.07221359781603987,0.0007218753634335549,1.0188071358740396,1400.7378452845983,1385.37504359654,1396.4749959309895,0.9848536135149096,1,1.5143155612059649,1.197861127441968,3,8,3,0,0,10176718.57142857,1.2933258306810378,0
2025-08-29,1350.9537353515625,1397.0406983353935,1343.7869203796088,1374.7437651325777,18758842,-2.070862138199292,-0.02092605191100228,1.0396296296296297,1391.793491908482,1383.4785940987724,1392.4107788085937,0.9706567412519521,1,1.1164359596571507,1.3197467465793227,4,8,3,0,1,10801593.285714285,1.7366736095136652,0
2025-09-01,1347.6689453125,1356.9260708455383,1334.430107544873,1349.759256141992,11232238,-0.24314600515965568,-0.0024344208509384127,1.016858105324118,1383.3894914899554,1382.8771711077009,1388.541105143229,0.9741789666632619,1,1.125973097006338,1.2559121156887554,0,9,3,1,0,11159678.57142857,1.0065019281789351,1
2025-09-02,1360.2109375,1378.128095842481,1348.2661652716795,1348.5648331807902,11517006,0.9306434069823899,0.009263396026687545,1.0221483942414176,1375.0992431640625,1381.8685738699776,1385.1027180989583,0.9891729227995174,0,1.1466989471938807,1.2253247378046987,1,9,3,0,0,11230490.42857143,1.0255122938086165,1
2025-09-03,1366.2828369140625,1370.1649121838109,1354.2385492379765,1363.3961593284287,7847563,0.4463939560155561,0.004454005733653547,1.011760382212422,1369.894740513393,1381.7044154575892,1383.433203125,0.9973633714383218,0,1.1809203276984042,1.2280305453262583,2,9,3,0,0,11520304.0,0.681194090017069,0
2025-09-04,1353.0440673828125,1367.6763641601647,1350.8541196588233,1365.4865379446771,13223177,-0.9689625876550978,-0.009736875771641517,1.0124530430462693,1362.3154994419642,1380.4388427734375,1381.844551595052,0.9931943576484672,0,1.1651345665053119,1.2531807807843756,3,9,3,0,0,12555128.285714285,1.0532092304501457,1
2025-09-05,1368.671875,1374.6442613636364,1353.0441792852228,1356.7271022727273,5777575,1.1550109855192225,0.011483916542132218,1.0159640626737143,1360.9077322823662,1380.524161202567,1380.3868611653645,1.0057051205849294,0,1.127334751415266,1.2947377073259356,4,9,3,0,1,11645459.142857144,0.49612255979994846,1
2025-09-08,1372.15576171875,1379.6212446443146,1366.0838599076599,1373.6488583038629,6986720,0.25454506535760313,0.002542216481182689,1.0099096293675338,1359.8554513113838,1380.2966482979912,1379.7624389648438,1.0090453072754935,0,1.1339817840246542,1.2868644130882778,0,9,3,1,0,10763303.0,0.6491241582625705,0
2025-09-09,1369.8662109375,1374.843199236951,1362.4007284883235,1370.2643943031567,9754452,-0.1668579358936717,-0.0016699729879447352,1.0091327540337074,1362.5572335379463,1377.1753627232142,1379.4318400065104,1.0053641617538336,0,0.7310949852548269,1.0061329554152505,1,9,3,0,0,9476961.57142857,1.0292805269368208,1
2025-09-10,1370.66259765625,1382.1096709119122,1367.7759200987732,1377.5308659113482,7790815,0.05813609478000359,0.0005811920229919093,1.0104796045920328,1365.842041015625,1374.61576625279,1379.2632853190105,1.0035293661315627,0,0.7091218103740812,1.0052139529846735,2,9,3,0,0,8985329.714285715,0.8670594455330266,1
2025-09-11,1376.9337158203125,1379.1235422027225,1368.6718661340626,1369.6672638548873,9766072,0.4575245705825681,0.004564811084390663,1.0076363636363634,1368.2310093470983,1371.6651262555804,1378.3288533528646,1.0063605534546152,0,0.6531183598277281,0.9806648436029489,3,9,3,0,0,8735196.285714285,1.1180140297444294,1
2025-09-12,1388.579833984375,1389.873899637371,1374.146566892781,1376.9337291414593,7403368,0.8458009292861446,0.008422440750907756,1.011445163946487,1371.416294642857,1370.655517578125,1378.0139607747396,1.0125151928036464,1,0.6966204141914519,0.9825753276405708,4,9,3,0,1,8671739.857142856,0.8537350199570266,1
2025-09-15,1392.8599853515625,1394.3530818320328,1382.2091575524387,1386.5889315301856,5396697,0.30823948774383325,0.003077654037942712,1.0087858803519274,1377.104282924107,1369.7098911830358,1378.499393717448,1.0114411832297843,1,0.4542503558511869,0.9843570203152672,0,9,3,1,0,7553671.285714285,0.7144468955389129,1
2025-09-16,1398.8323974609375,1401.5199225726963,1391.7649767809332,1398.2350616507645,8686961,0.4287876866437168,0.004278710117012921,1.0070090467532282,1381.4129289899554,1371.1603306361608,1379.0682373046875,1.012609892455342,1,0.3206312877872576,0.8240791119545419,1,9,3,0,0,7969297.857142857,1.0900534972744058,1
2025-09-17,1407.2933349609375,1409.6821922648512,1400.4250664409112,1400.5245819104894,7519417,0.6048571305152572,0.006030352127487597,1.0066102257420073,1386.432582310268,1373.1440168108259,1379.330859375,1.0150463519949224,1,0.3370315913341466,0.8345449840595447,2,9,3,0,0,8045397.428571428,0.9346234374073894,1
2025-09-18,1408.4876708984375,1415.4554544293837,1404.2074124117412,1413.8628424954393,9332642,0.08486758999204369,0.0008483159781524423,1.008010242588254,1391.9499337332588,1377.2535836356026,1380.2876424153646,1.0118809856334587,1,0.2797088458743225,0.5415480471915605,3,9,3,0,0,7985138.857142857,1.168751372639159,0
2025-09-19,1400.9227294921875,1410.4785229891424,1397.1401696768169,1408.3882121473878,13461373,-0.5370967430211482,-0.005385442930672871,1.009546897012782,1396.2728097098213,1381.0574253627233,1380.955908203125,1.0033302372931925,1,0.4431106945605241,0.5692060938457021,4,9,3,0,1,8795218.57142857,1.5305330834789619,0
2025-09-22,1384.199951171875,1404.2074196840813,1381.6119415772491,1397.4387885526373,7757970,-1.193697408733907,-0.012008791859278839,1.0163544316800253,1397.3108433314733,1382.7709263392858,1381.1791056315103,0.9906170540204646,1,0.7116602445942708,0.6582347644225788,0,9,3,1,0,8508346.857142856,0.9118069738173749,0
2025-09-23,1383.40380859375,1388.5798281670254,1370.4636381520502,1384.5982372618869,14014702,-0.05751644315916682,-0.0005753299021048968,1.0132190227530613,1396.5714111328125,1383.993852887835,1382.0896036783854,0.9905714792425961,1,0.6258254173730556,0.6531823197279426,1,9,3,0,0,9452823.142857144,1.4825943306249159,0
2025-09-24,1376.635009765625,1389.5751797778832,1374.0470000648747,1378.9244730635044,5922759,-0.4892858315176718,-0.004904867535378982,1.011301054266903,1394.2535574776787,1385.678920200893,1382.1663940429687,0.9873634550777642,1,0.6219704720236128,0.6040385626824982,2,9,3,0,0,9527974.857142856,0.6216178242283955,0
2025-09-25,1366.0838623046875,1378.128150477363,1362.6994857374575,1374.942926360271,11411143,-0.7664448009885971,-0.0076939708390718385,1.0113221329437547,1389.5751953125,1385.4940621512276,1382.083154296875,0.9830945938823199,1,0.5950851495125201,0.5693559835145019,3,9,3,0,0,9917143.714285715,1.1506481431303823,1
2025-09-26,1371.2598876953125,1376.3363918134596,1359.7132983361805,1365.685684712474,9879109,0.37889514205171615,0.0037817914243031487,1.012225440096541,1384.4275599888392,1385.4300711495537,1382.099747721354,0.9904887242394734,0,0.5390079255650453,0.5747783391966089,4,9,3,0,1,10254242.57142857,0.9634167449408885,0
2025-09-29,1366.48193359375,1382.6073268149732,1361.7039763015719,1375.2413599514077,14231999,-0.34843534361621575,-0.0034904379334003196,1.0153508771929824,1378.4267403738838,1385.1883370535713,1382.0665649414063,0.991334463827295,0,0.5018498563896908,0.5807744492752338,0,9,3,1,0,10954150.714285715,1.299233447777884,0
2025-09-30,1357.722412109375,1370.7620971908361,1356.5279835173724,1370.7620971908361,14604684,-0.6410272444172027,-0.00643090646765079,1.0104930483163022,1372.2552664620537,1384.2640380859375,1381.4792805989584,0.9894095109650064,0,0.5070392865673422,0.603515111878423,1,9,3,0,0,11117480.857142856,1.313668463896356,1
2025-10-01,1362.4007568359375,1372.255218175594,1356.4283707523282,1360.7086293823172,12045916,0.3445729911237372,0.0034398069858944365,1.0116680303689665,1369.1410958426338,1383.2259695870537,1379.7738321940103,0.9950769580818491,0,0.4597962106466269,0.5966940148633975,2,10,4,0,0,11730044.57142857,1.0269284082126007,0
2025-10-03,1357.125244140625,1365.287456651113,1350.6551591113212,1356.926091696157,12842347,-0.38722179717254335,-0.003879734417554317,1.0108334813968498,1365.3870152064733,1380.979213169643,1378.1281087239583,0.9939491360516571,0,0.4565836120215754,0.5386439944843401,4,10,4,0,1,11562565.285714285,1.1106831989841306,1
2025-10-06,1368.671875,1371.0608538471567,1352.7455113636363,1353.740909090909,12396580,0.8508154209957652,0.008472163862791251,1.0135393851464771,1364.2494245256696,1379.2514910016741,1376.4757486979167,1.003241672963042,0,0.6068571971519007,0.5919733581089133,0,10,4,1,0,12487396.857142856,0.9927273187372988,1
2025-10-07,1378.4267578125,1389.47564777439,1369.5676941462978,1369.667209612737,11244040,0.712726183001311,0.007101982941186253,1.0145359398540001,1366.0126953125,1377.7939453125,1375.666162109375,1.0090878090244688,0,0.585667254471418,0.616695437457416,1,10,4,0,0,12463525.0,0.902155690304308,0
2025-10-08,1361.1068115234375,1382.6073771032557,1358.2201339506064,1378.426755451918,8525081,-1.2565010212474692,-0.012644617500512156,1.017955294979846,1364.562255859375,1374.494907924107,1374.1664306640625,0.9974677268691113,0,0.7677402704937614,0.6519538999695226,2,10,4,0,0,12270092.42857143,0.6947853938042869,1
2025-10-09,1371.458984375,1373.6488106871855,1362.7989515764332,1367.676424553763,8826633,0.7605702038898432,0.007576924510574216,1.0079614524931955,1365.2732631138392,1371.8500017438616,1373.9308553059896,1.004530756902873,0,0.8213461060348782,0.7007295384023449,3,10,4,0,0,11497897.285714285,0.767673669425345,1
2025-10-10,1375.3409423828125,1381.6119964455866,1368.7713419175536,1371.45898859096,6373084,0.28305316105254885,0.002826533199235726,1.009381153838335,1367.7901960100446,1370.0227312360491,1373.7914957682292,1.0055203980806369,0,0.763053394903432,0.7035615552133656,4,10,4,0,1,10321954.42857143,0.6174299687236695,0
2025-10-13,1368.671875,1371.3594002602317,1361.505059967041,1370.5631549835205,7600682,-0.48490284679943985,-0.004860823150484037,1.0072378286228545,1368.686070033482,1368.913582938058,1374.382100423177,0.9999896287148726,0,0.7980814140324899,0.6440580815419236,0,10,4,1,0,9686921.0,0.7846334248003055,1
2025-10-14,1369.5677490234375,1381.612037149334,1363.7943936365562,1373.6488553790207,9768174,0.06545571950453688,0.000654343065919321,1.0130647578520007,1370.4635707310267,1367.92529296875,1375.112060546875,0.9993463367237764,1,0.7729576289671652,0.6452055874340784,1,10,4,0,0,9247753.42857143,1.0562753511377914,0
2025-10-15,1367.97509765625,1377.6304066718624,1366.382364141153,1376.6350089791804,10882743,-0.1162886150263942,-0.0011635628270127284,1.008231987491861,1370.3640311104912,1367.3067278180804,1375.3708658854166,0.9982567161717567,1,0.7068844595343273,0.6341594489167373,2,10,4,0,0,9031491.0,1.2049774505671322,1
2025-10-16,1391.8646240234375,1394.0544503152107,1368.671809484766,1368.7713249510273,12315932,1.7463421964418302,0.017312688759116134,1.0185454545454544,1372.283726283482,1369.1482107979912,1376.2235921223958,1.0142688405939098,1,0.9484919003058846,0.7573437272759339,3,10,4,0,0,9184618.42857143,1.3409301753557565,1
2025-10-17,1410.279541015625,1416.7496262080865,1392.6609284325848,1394.5522084059296,19335561,1.3230393728203227,0.013143636453259628,1.0172968863301228,1379.3084019252233,1371.9353288922991,1378.1314412434897,1.0224541074694917,1,0.80452330769128,0.8200492180686256,4,10,4,0,1,10728972.714285715,1.8021819530079095,1
2025-10-20,1460.04931640625,1467.0170999313523,1426.7034952504036,1433.3726108781723,24721978,3.5290716445324666,0.03468227273081853,1.0282564701181118,1391.9641636439733,1378.6187133789062,1381.1773559570313,1.0489130069153785,1,1.404448993979094,1.1903890422153218,0,10,4,1,0,12999736.285714285,1.9017291933196798,0
2025-10-21,1458.4566650390625,1467.2162134241023,1453.2806455896807,1461.2438272093502,2066169,-0.10908202546936474,-0.001091415632113552,1.0095890410958903,1403.8378383091517,1385.8140171595983,1384.054052734375,1.0389067919665822,1,1.4408126137352144,1.1599305388627925,1,10,4,0,0,12384462.714285715,0.1668355783910298,0
2025-10-23,1441.7340087890625,1476.0752283864208,1437.9514490416038,1468.2115624957596,18707090,-1.14659946029676,-0.011532235954534913,1.0265125636684231,1414.2752859933037,1391.480678013393,1386.4496459960938,1.0194154017026986,1,1.5598198672655883,1.2426629943942804,3,10,4,0,0,13971092.42857143,1.3389854870434663,1
2025-10-24,1444.9193115234375,1453.0816457634617,1434.3681199531734,1443.3266994671071,9700837,0.2209355342217556,0.0022069183055633316,1.0130465293741324,1425.039794921875,1397.7516828264509,1388.9248697916667,1.0139501483905242,1,1.549420320725371,1.2230436101478466,4,10,4,0,1,13961472.857142856,0.694829055591863,1
2025-10-27,1477.2696533203125,1478.16553552233,1451.289798512833,1456.266786847925,14113867,2.2389029988648,0.022142074916754684,1.0185185185185186,1440.6533028738838,1405.5086669921875,1392.2694010416667,1.0254164901252678,1,1.5782549742499172,1.3106711067957253,0,10,4,1,0,14423062.0,0.9785624578192897,1
2025-10-28,1480.056884765625,1485.1333888036675,1470.79963742504,1477.26972256393,17631577,0.18867452120525652,0.001884967543958263,1.0097455499810444,1453.252197265625,1412.7679617745537,1395.3186360677084,1.0184446220349328,1,1.584147330497689,1.3132935342857677,1,10,4,0,0,15182439.857142856,1.1613138050209304,1
2025-10-29,1497.277099609375,1501.3583271895798,1481.2512217130793,1483.1425015536738,11884745,1.163483310742941,0.011567668897626367,1.013574406003356,1465.680419921875,1422.4944109235491,1398.7992065429687,1.0215576869677936,1,1.5780500060097875,1.217637364532186,2,10,4,0,0,14118037.57142857,0.8418128185217325,0
2025-10-30,1481.6494140625,1496.1821955688695,1477.1701246011085,1493.0964871305005,9318663,-1.0437403705000348,-0.01049225540980897,1.012870603494567,1468.766148158482,1430.3651559012276,1401.5597737630208,1.0087714888582984,1,1.193030704734966,1.3021683540519235,3,10,4,0,0,11917564.0,0.7819268266568571,0
2025-10-31,1479.5592041015625,1490.6080945575152,1475.4780977270138,1483.540795005222,8758053,-0.1410731810844834,-0.0014117278298198745,1.0102543012016303,1471.780796595982,1437.809317452567,1403.9686360677083,1.0052850312516448,1,1.1945442334733294,1.3140196190217395,4,10,4,0,1,12873547.42857143,0.6803138799615139,0
2025-11-03,1477.866943359375,1488.1195884585134,1472.4918928888083,1479.1610089962214,8452085,-0.11437600722541408,-0.0011444146649845376,1.01061309447283,1476.9426443917412,1445.6089651925224,1406.2812784830728,1.000625819134645,1,1.054446127926677,1.295585755430719,0,11,4,1,0,11408546.714285715,0.7408555367894799,0
2025-11-04,1466.3203125,1485.9297198935935,1463.334119430687,1477.07065615293,10007806,-0.7813038184024901,-0.007843719882867391,1.0154411765316436,1479.9999302455358,1452.5198625837054,1408.4611979166666,0.9907570146011654,1,1.1408197217820975,1.339348141068373,1,11,4,0,0,11452399.42857143,0.8738610683655113,1
2025-11-06,1489.2144775390625,1494.6891648996161,1469.406038969176,1477.1701896475465,16772678,1.5613345081491259,0.01549271085804977,1.017206357711839,1481.706333705357,1461.1798182896205,1411.9616821289062,1.0050672280079478,1,0.9540041329061371,1.355210831076754,3,11,4,0,0,11832229.57142857,1.4175416305732598,0
2025-11-07,1471.19775390625,1491.5038906434634,1469.1074431042953,1487.7213309001133,7821765,-1.2098138921255441,-0.012171917059867947,1.0152449350415402,1480.4407435825892,1466.846470424107,1414.8881469726562,0.9937565959891298,1,1.075657862927666,1.3953873052418524,4,11,4,0,1,10430827.857142856,0.749870011002414,1
2025-11-10,1482.44580078125,1494.0919049344996,1468.7092643110286,1471.0982430243503,7068438,0.7645503023053557,0.007616424285153511,1.0172822771941716,1478.321986607143,1472.0012032645088,1418.4151733398437,1.0027895236703959,1,1.0071322688383764,1.374977749826354,0,11,4,1,0,9742784.0,0.7255049480723375,1
2025-11-11,1486.5269775390625,1491.9021495222175,1473.3876547459602,1490.1103850249956,7127506,0.27530023395538894,0.002749219769305914,1.0125659358666539,1479.0187813895088,1473.8924647739955,1422.4299438476562,1.0050764711334497,1,0.9298025589947385,1.0311646250399993,1,11,4,0,0,9429761.57142857,0.7558521968992066,1
2025-11-12,1504.5435791015625,1517.6827797499902,1493.0965058897411,1498.0734942427068,12384459,1.211992909292925,0.012047070852696318,1.0164666341145834,1482.5879778180804,1477.1843872070312,1426.872733561198,1.0148089702681888,1,1.019606860670387,1.0670912429941353,2,11,4,0,0,9947819.57142857,1.2449420610291098,0
2025-11-13,1503.9464111328125,1515.0948167835015,1499.8653048593553,1508.0275174062697,7196443,-0.039690971869799085,-0.00039698850820929423,1.010153919738529,1486.3136160714287,1481.628130231585,1431.4548828125,1.0118634417869294,1,1.015615249370323,0.9960728949517593,3,11,4,0,0,9768442.142857144,0.7367032424164139,1
2025-11-14,1511.9095458984375,1513.900341239272,1498.5711928131457,1498.5711928131457,7682823,0.5294826136542197,0.00528085782944454,1.010229175964173,1492.8263636997767,1486.4131469726562,1436.5944539388022,1.0127832564206367,1,0.9079092064985763,0.9974394740948535,4,11,4,0,1,9436301.714285715,0.8141773369082609,0
2025-11-17,1511.3123779296875,1516.6874283079178,1504.5436249599409,1513.900387650411,5871416,-0.03949759893837612,-0.0003950540129454881,1.0080714198953853,1495.9832066127233,1488.84477015904,1441.558174641927,1.0102468872974004,1,0.7700913386058152,0.8343600944278298,0,11,4,1,0,7878978.571428572,0.7452001483150915,1
2025-11-18,1512.4072265625,1520.7685911952462,1503.5481631005248,1514.696568271851,11045042,0.072443569496361,0.0007241734180863851,1.0114531935307018,1501.8702741350446,1491.155508858817,1446.7342407226563,1.0070158871967314,1,0.4687274241128629,0.8346963349947132,1,11,4,0,0,8339446.714285715,1.3244334280689776,0
2025-11-19,1511.9095458984375,1515.2939222795571,1505.0412776708577,1510.4164493928117,5692366,-0.03290652512906167,-0.0003291194051408462,1.006812201605903,1506.079380580357,1492.20068359375,1451.5088297526042,1.0038710876685888,1,0.46117671097946744,0.7834856031523969,2,11,4,0,0,8142865.0,0.6990618166947383,1
2025-11-20,1541.9705810546875,1543.7623455509595,1519.6736478639639,1522.9585089376258,18171724,1.9882826481121718,0.01968774469852651,1.0158512307697474,1513.9998953683037,1496.5093383789062,1456.9602905273437,1.0184746945967122,1,0.792332348667544,0.8659640022520989,3,11,4,0,0,9720610.42857143,1.8694015292073147,0
2025-11-21,1539.4820556640625,1550.6305827884978,1533.0119706260582,1533.9078528560988,9615271,-0.1613860485537244,-0.0016151641611931852,1.0114928079493368,1518.9911063058037,1500.789542061942,1462.906131998698,1.0134898415620701,1,0.7640227732322277,0.86675650783729,4,11,4,0,1,9325012.142857144,1.031126914656641,0
2025-11-24,1528.831298828125,1542.8663816107544,1524.7501927010492,1542.8663816107544,18433951,-0.6918402716518335,-0.0069424458220205595,1.011881414409014,1522.5460902622767,1504.4298531668526,1468.151875813802,1.0041280908381338,1,0.8515052862092188,0.9004359872448864,0,11,4,1,0,10930370.42857143,1.6864891378076807,1
2025-11-25,1532.61376953125,1552.4222077972818,1518.0809876078647,1528.8313312270848,15033482,0.24740929270772316,0.002471037397909023,1.0226214678068861,1525.5038364955358,1509.1651000976562,1473.3943033854166,1.0046607113437667,1,0.8420226525493836,0.8507386340596162,1,11,4,0,0,11980464.57142857,1.254832974996009,1
2025-11-26,1562.6748046875,1564.3669320995493,1533.4100892950657,1535.2018536795324,14054299,1.9614227507197768,0.0194243474310957,1.0201882347198556,1532.8413260323662,1514.4122663225446,1479.8610677083334,1.0194628616468446,1,1.0596627600564639,0.9008970993505498,2,11,4,0,0,13149447.857142856,1.0688128621587425,0
2025-11-27,1556.2047119140625,1568.2489991897637,1548.8387449947777,1567.7513003642512,9794643,-0.41403961681787393,-0.004148991341546072,1.0125321336760926,1539.098109654018,1520.4841918945312,1486.0822998046874,1.011114692528529,1,1.1060411527913958,0.816147800791539,3,11,4,0,0,12970819.42857143,0.7551290844759494,1
2025-11-28,1560.285888671875,1574.0224254817672,1555.806599039324,1560.7835875199362,8959508,0.2622519213936192,0.0026190864108407044,1.0117082845989283,1546.0090157645088,1526.044198172433,1492.4926595052084,1.009234663421614,1,1.0917041669474037,0.8101496649850687,4,11,4,0,1,13437554.0,0.6667514043106357,0
2025-12-01,1558.892333984375,1570.2398922139623,1556.403839701944,1567.7513979315313,8920233,-0.08931406081523763,-0.000893539695870668,1.0088897573747106,1548.4264090401787,1531.2131522042412,1498.0602498372396,1.0067590715858972,1,0.8644666250260589,0.8192114583699397,0,12,4,1,0,12115912.42857143,0.7362411252630499,0
2025-12-02,1539.1834716796875,1560.2858537619331,1534.9032130787248,1553.9152843475838,11389150,-1.2642863060538412,-0.012723464126494088,1.0165369649805447,1548.383754185268,1533.6874302455358,1502.3570475260417,0.9940581380547864,1,1.0192821028538608,0.8821103816353973,1,12,4,0,0,12369323.714285715,0.9207576956569031,0
2025-12-03,1531.718017578125,1545.2554018922647,1525.9446623591427,1538.0884656023031,6090883,-0.48502691452472213,-0.004862069873907623,1.012654940909369,1548.796142578125,1535.6711164202009,1504.746004231771,0.9889732905897016,1,0.9986180674377445,0.8979969269790395,2,12,4,0,0,10606028.285714285,0.5742850043313642,0
2025-12-04,1528.53271484375,1553.3181423785347,1510.6155558800758,1528.9308982335338,11867930,-0.2079562098127874,-0.002081727389814339,1.0282683349395145,1548.213134765625,1536.8584856305804,1507.0818725585937,0.9872883006351355,1,0.9970169831507927,0.8946679986501381,3,12,4,0,0,10153806.57142857,1.168815844236657,1
2025-12-05,1533.5096435546875,1538.685784402705,1513.6016899280953,1523.356635808528,10183266,0.3256017134998901,0.0032507277895635223,1.016572454062073,1544.0466831752233,1538.4440046037946,1510.1410603841146,0.9931756988079744,1,0.5369787674344244,0.8961793724201801,4,12,4,0,1,9600801.857142856,1.0606682807877967,1
2025-12-08,1535.898681640625,1543.861863398969,1527.9354998822807,1532.1161217020071,11301491,0.1557889183141814,0.0015566769326596304,1.0104234527687297,1541.1458217075892,1540.1219656808037,1513.1737060546875,0.9965952994239374,1,0.5539907243371661,0.8962025194943801,0,12,4,1,0,9816065.857142856,1.1513259145237136,0
2025-12-09,1522.3612060546875,1535.4008911036892,1513.1039592099478,1533.211064854301,11503971,-0.8814042063944538,-0.008853115498732357,1.0147358889374551,1535.7280099051338,1540.8685128348213,1514.6767578125,0.9912961124859134,0,0.5681745910912193,0.9347524264285041,1,12,4,0,0,10179560.57142857,1.1301048723349327,1
2025-12-10,1529.8267822265625,1540.3779737710465,1524.3520947592017,1526.9401045329791,7991629,0.4903945359473916,0.004891960186547437,1.0105132397344043,1531.5757882254463,1540.0010986328125,1516.3357543945312,0.9988580349648186,0,0.6489308535496774,0.7668812963476196,2,12,4,0,0,10046902.857142856,0.7954320962024971,1
2025-12-11,1537.889404296875,1542.8663926602953,1516.9860531705099,1529.826707449835,4706197,0.5270284298839245,0.005256444954102387,1.0170603674540681,1531.3909214564733,1539.8873378208705,1517.6894978841146,1.004243516628805,0,0.5327736831942608,0.7813816986437006,3,12,4,0,0,9092195.285714285,0.5176084380187485,1
2025-12-12,1549.3365478515625,1552.62140892391,1538.9843872841,1543.6628294631555,5106655,0.7443411420030577,0.007415845936226041,1.008861052621772,1533.9078543526787,1541.3519984654017,1519.9457356770833,1.0100584226458602,0,0.5526478672753288,0.7784818214694601,4,12,4,0,1,8951591.285714285,0.5704745488268256,0
2025-12-15,1549.037841796875,1551.4268205626304,1539.3825327747268,1544.060853330096,5774543,-0.019279610688960336,-0.00019281469444813024,1.0078241031916828,1536.837158203125,1542.525146484375,1522.2616902669272,1.0079388265234392,0,0.5357798172659305,0.7778075950730341,0,12,4,1,0,8081107.428571428,0.7145732253952747,0
2025-12-16,1535.201904296875,1544.5585453663573,1531.7180123854912,1537.8894294536826,11731856,-0.8931955777110256,-0.008972084826756283,1.0083830919771377,1537.0789097377233,1540.5627964564733,1524.1728556315104,0.998778849004461,0,0.6670105051835523,0.600268798618614,1,12,4,0,0,8302334.571428572,1.4130791645489318,1
2025-12-17,1537.292236328125,1542.8664391614582,1532.2157323461342,1542.8664391614582,7116649,0.13616007284771303,0.0013606745907964086,1.006951179648192,1537.2779889787946,1539.211905343192,1526.5385864257812,1.000009267906932,0,0.6663740206602801,0.5978912287809204,2,12,4,0,0,7704500.0,0.9237003050165488,0
2025-12-18,1537.292236328125,1544.3595357154854,1528.1345045583196,1528.1345045583196,6580829,0.0,0.0,1.0106175412627407,1539.4109933035713,1537.5695016043526,1528.1411783854167,0.9986236573698233,1,0.5401032543035844,0.5902122313922343,3,12,4,0,0,7001194.0,0.9399580985757572,1
2025-12-19,1557.8968505859375,1566.9549449740825,1543.8617679066683,1547.2461442463334,13937275,1.3403186310904314,0.013314158233636379,1.0149580600721309,1543.4210030691963,1537.4983956473213,1531.0311482747395,1.0093790660409279,1,0.70282033931772,0.7054436135454025,4,12,4,0,1,7850572.0,1.7753196837122187,1
2025-12-22,1568.1495361328125,1570.2398469681211,1558.0960438231807,1566.2582562309594,10184852,0.658110679344337,0.00655954585499118,1.0077940016554707,1547.7438790457588,1539.5674002511162,1533.887939453125,1.0131841303740994,1,0.7127290394384381,0.6231947252714474,0,12,4,1,0,8633237.0,1.1797257506077963,0
2025-12-23,1563.4710693359375,1573.6241984599117,1560.8830596994947,1573.6241984599117,7506564,-0.2983431547231463,-0.002987890850689656,1.008162775988401,1549.7630964006696,1541.8354753766741,1536.452742513021,1.008845205416947,1,0.7086812146354597,0.610779559351205,1,12,4,0,0,8976081.142857144,0.836285220747304,0
2025-12-24,1551.0286865234375,1568.448146711295,1546.4498812900458,1565.4619535362338,8815745,-0.7958179116025921,-0.007990014436726636,1.014225010255682,1550.0475027901787,1543.4423304966517,1538.00224609375,1.0006330023637937,1,0.7921636624047252,0.6557169965773545,2,12,4,0,0,9410538.57142857,0.9367949488848142,1
2025-12-26,1552.0240478515625,1553.8158123179846,1547.1466963201515,1547.5447581940155,2311495,0.06417426942348925,0.0006415368654467969,1.0043105905947352,1552.4506661551338,1544.7647879464287,1539.604833984375,0.999725196869136,1,0.6831605096344853,0.6527102013933894,4,12,4,0,1,8064772.714285715,0.28661626085326397,0
2025-12-29,1538.4866943359375,1550.9291658570105,1536.495898892566,1547.7439417510202,5972105,-0.8722386443924313,-0.00876064911357044,1.0093936254400988,1552.621303013393,1544.9496459960938,1540.4907389322916,0.9908962934812099,1,0.7869238533614231,0.7005396441770148,0,12,4,1,0,7901266.428571428,0.7558414912329154,0
2025-12-30,1532.71337890625,1546.449793829553,1530.7225835687998,1539.8801935176687,8815884,-0.37525936694431383,-0.0037596523134155097,1.010274370045607,1551.9671805245537,1545.6890869140625,1541.2041056315104,0.9875939376425499,1,0.8006780564366456,0.6628025294589208,1,12,4,0,0,8220560.0,1.0724189106338253,1
2025-12-31,1563.172607421875,1569.7422080874378,1533.9078900841737,1533.9078900841737,5771830,1.9872749161595316,0.019677863789610932,1.0233614536015574,1552.7208600725446,1548.0709315708705,1542.8962849934896,1.0067312468184668,1,0.9992587562420691,0.8370583376012263,2,12,4,0,0,7054067.857142857,0.8182271728723902,1
2026-01-01,1568.3485107421875,1585.1707553042595,1563.8692213237453,1566.457230908256,6408128,0.33111527772029525,0.0033056829817391625,1.0136210456028307,1552.7492850167412,1550.24658203125,1544.7775838216146,1.0100461973326738,1,0.9735444564618054,0.8320256889707203,3,1,1,0,0,6514535.857142857,0.9836660877342188,1
2026-01-02,1584.9718017578125,1587.2611435561273,1570.9365970213464,1572.7283614795997,6602230,1.0599232824698213,0.010543454746843744,1.010391601141468,1555.8208182198662,1552.791957310268,1546.210957845052,1.0187367228903006,1,1.036157306885788,0.8535558857107497,4,1,1,0,1,6385345.285714285,1.0339660119509815,0
2026-01-05,1570.8370361328125,1604.3820104615531,1568.049995566515,1585.6684856930358,8704973,-0.8917991859113128,-0.008957995158841681,1.0231701890869314,1558.6505824497767,1554.3490426199776,1547.256123860677,1.0078185924544307,1,1.0520428672998994,0.8987748233476095,0,1,1,1,0,6369520.714285715,1.366660599827594,0
2026-01-06,1500.6614990234375,1561.77894010158,1489.4135782872731,1561.77894010158,27417125,-4.467397667305939,-0.04570261107757986,1.0485864791816402,1551.3130754743304,1551.881870814732,1546.3171305338542,0.9673492235373535,0,2.055398701096811,1.506123046220971,1,1,1,0,0,9956039.285714285,2.753818482751496,0
2026-01-07,1497.277099609375,1513.004431115157,1491.1056827700695,1503.0504545946628,11199340,-0.22552717026890212,-0.002257818658020246,1.014686248331108,1545.425990513393,1549.023646763393,1545.1392415364583,0.9688442596413027,0,2.048366033280575,1.5039059453196744,2,1,1,0,0,10702787.142857144,1.0463947241512925,0
2026-01-08,1463.831787109375,1496.9785780764303,1462.040144211037,1493.0965028672745,16518684,-2.2337423385908717,-0.02259068216525811,1.0238970414073323,1535.5857631138392,1543.7764718191963,1541.8444742838542,0.9532725701630871,0,2.166384422973392,1.5991008878228101,3,1,1,0,0,11803187.142857144,1.3995104712032378,1
2026-01-09,1468.51025390625,1473.0890589574892,1458.2576091430024,1458.2576091430024,8335311,0.3196041265173921,0.0031909447814505213,1.010170665129053,1522.0625697544642,1537.3917149135045,1538.9213256835938,0.9648159563789462,0,1.906098893755147,1.5388743136969663,4,1,1,0,1,12169398.714285715,0.6849402501879686,1
2026-01-12,1476.373779296875,1478.4642116159973,1444.322022844729,1468.5102348906719,8883745,0.5354763693142806,0.005340477921300964,1.0236389033963644,1508.9233224051338,1530.8363037109375,1536.1242553710938,0.9784286301199343,0,1.929034230191856,1.5326632491656225,0,1,1,1,0,12523058.285714285,0.7093910127475935,0
2026-01-13,1446.11376953125,1478.9618923221497,1438.050951275772,1478.165525590484,13499760,-2.0496171220296455,-0.02070913269277348,1.0284488814600647,1489.086460658482,1522.4536394391741,1532.364969889323,0.9711415742050133,0,1.7691023218633148,1.5923829048385703,1,1,1,0,0,13508419.714285715,0.9993589395007799,1
2026-01-14,1452.086181640625,1460.2483939989072,1433.5716876182923,1437.3542473990606,8321764,0.4129973889475558,0.00412146895603885,1.0186085611281392,1472.1220528738838,1515.3863176618304,1529.4617268880208,0.9863898029418521,0,1.8828358247294454,1.6103407767763636,2,1,1,0,0,13453675.57142857,0.6185494778596299,0
2026-01-15,1452.086181640625,1452.086181640625,1452.086181640625,1452.086181640625,0,0.0,0.0,1.0,1465.1827218191963,1508.2478986467634,1526.8073323567708,0.9910614969835909,0,1.1761831182257168,1.6088322167094922,3,1,1,0,0,9536943.42857143,0.0,0
2026-01-16,1451.1903076171875,1473.1885721290346,1448.4031454989463,1452.0861898343726,17167161,-0.06169565104086061,-0.0006171469063911954,1.0171122430292363,1458.5988943917412,1502.012442452567,1524.2292521158854,0.9949207511379314,0,1.183303909510843,1.6075206139420646,4,1,1,0,1,10389489.285714285,1.652358506553842,0
2026-01-19,1407.0941162109375,1443.9238298491432,1396.8415931572963,1443.9238298491432,20392765,-3.038622238226951,-0.030857454178798812,1.0337062104411041,1450.4935128348213,1493.0396379743304,1520.015401204427,0.9700795651687785,0,1.405033959758724,1.7546929436680252,0,1,1,1,0,10942929.42857143,1.8635562929571248,0
2026-01-20,1387.5843505859375,1409.4830993039366,1383.6027599099377,1404.207443054835,13189498,-1.3865288327362557,-0.013962309297327348,1.018705035971223,1438.9326695033483,1480.4976196289062,1515.0715901692708,0.9643149954089695,0,1.3757980141014563,1.5974860282537524,1,1,1,0,0,11636384.714285715,1.1334704312248773,1
2026-01-21,1398.1356201171875,1406.3974698374059,1366.681076311502,1383.105138772638,17352720,0.7604056306050433,0.00757529119886442,1.0290604693474599,1427.7557896205358,1468.339556012835,1510.9307373046875,0.9792540364965211,0,1.4142306644364995,1.625474798723889,2,1,1,0,0,12846238.285714285,1.3508016599144954,0
2026-01-22,1396.0452880859375,1412.9670491536458,1388.5798052619484,1403.610286379211,15721693,-0.14950853130218933,-0.0014962040682972614,1.017562724014337,1420.6031494140625,1454.8448050362724,1506.4713541666667,0.9827130741345645,0,1.3049573250246913,1.5490949885173393,3,1,1,0,0,13163657.285714285,1.1943256086636191,0
2026-01-23,1379.720703125,1400.5245389866304,1374.6441992470054,1395.348519642108,9837802,-1.1693449417618407,-0.01176235549044443,1.0188269370021723,1410.2652239118304,1441.193638392857,1501.199064127604,0.9783412933475696,0,1.2577097309109466,1.5508790105294756,4,1,1,0,1,13380234.142857144,0.7352488674685694,0
2026-01-27,1374.146484375,1385.195374217857,1361.7040134914885,1373.6487855396595,26302396,-0.404010662257559,-0.004048289901653133,1.0172514441417673,1399.1309814453125,1432.1568516322545,1495.359395345052,0.9821428462369525,0,1.2280419986452689,1.1667625502563286,1,1,1,0,0,17137719.285714287,1.534766415617814,1
2026-01-28,1390.2718505859375,1403.4111724845945,1378.526231208921,1378.6257466723232,11121657,1.1734823320726173,0.011666504237041974,1.018051844580317,1390.4283447265625,1424.5136195591517,1490.0671956380208,0.9998874489712336,0,1.4216732291421477,1.2594425655761539,2,1,1,0,0,16274075.857142856,0.6833971463343396,0
2026-01-29,1384.59814453125,1396.4434009824272,1377.6303609139109,1396.4434009824272,20846683,-0.40810047706111297,-0.0040893547959850295,1.0136560870043805,1387.214634486607,1418.8540736607142,1485.0470703125,0.9981138535520674,0,0.9344314378999485,1.1589444183479822,3,1,1,0,0,16338921.285714285,1.2758910233704972,1
2026-01-30,1388.9779052734375,1391.5659148620384,1372.1556606847782,1376.236766748553,11239835,0.31631999215702145,0.0031582075298831357,1.0141458106637649,1387.4137137276787,1413.1731916155134,1480.1032592773438,1.0011274153702547,0,0.7929686385590777,1.158789976469653,4,1,1,0,1,16060398.0,0.6998478493496861,0
2026-02-02,1384.0009765625,1386.4894707948447,1329.35361891851,1333.8329085367304,15711165,-0.3583159020774884,-0.003589593911147956,1.0429801755253183,1385.3944789341517,1406.5751342773438,1474.9935506184895,0.998994147592732,0,0.7282733371828187,1.1280563104081023,0,2,1,1,0,15825890.142857144,0.9927507936791206,1
2026-02-03,1430.4859619140625,1482.6448239290096,1423.6176937150067,1467.1166446366906,25456171,3.3587393461975035,0.03303565724385433,1.041462768041305,1390.3145751953125,1405.4588623046875,1470.7465209960938,1.0288937391835273,0,1.5102232405594445,1.4263825809645347,1,2,1,0,0,17216529.85714286,1.4785889613776406,1
2026-02-04,1450.095458984375,1457.2622740237098,1433.6713964697635,1437.3543194605445,8333387,1.3708276482541581,0.013615168000036147,1.0164548707688776,1400.3681117466517,1405.3166678292412,1466.811385091146,1.0355101967979685,0,1.3816590363007866,1.4734315856510916,2,2,1,0,0,17001613.42857143,0.4901527160943229,0
2026-02-05,1436.757080078125,1454.7737543419996,1432.8750047042822,1450.2944646433757,11763658,-0.9198276446980902,-0.009240841811502613,1.015283084404307,1409.3124825613838,1404.2217320033483,1462.5875854492188,1.019473748977843,1,1.4630352682219747,1.493811233465986,3,2,1,0,0,14924650.857142856,0.7882032291810684,1
2026-02-06,1444.123046875,1446.113842295832,1426.9026178813986,1434.865799564727,8277304,0.5126800416723531,0.0051137031212075785,1.0134635848120859,1417.0055106026787,1403.7169276646205,1459.024064127604,1.0191372129955851,1,1.4446504933447006,1.5017882058249155,4,2,1,0,1,14518314.714285715,0.5701284317700668,1
2026-02-09,1454.873291015625,1459.153549837875,1446.3128948796364,1451.2898835062008,5775864,0.7444133077086468,0.007416562261122547,1.008878199872032,1427.0448172433037,1407.1297258649554,1455.7857055664062,1.0195007707088548,1,1.3811121201892111,1.2342294488848613,0,2,1,1,0,12365340.57142857,0.46710108521764016,0
2026-02-10,1451.7874755859375,1464.2299462371711,1445.5164217743147,1464.2299462371711,10259630,-0.2121020056346845,-0.0021232726050842065,1.0129459092826398,1436.017613002232,1411.7156633649554,1452.895731608073,1.0109816637629785,1,1.4205926845244008,1.15191619669744,1,2,1,0,0,12225311.285714285,0.8392121689358328,1
2026-02-11,1461.9405517578125,1463.234617369774,1446.91007080626,1452.882456999606,7106877,0.699350031779078,0.006969159214890572,1.0112823505018647,1447.1518380301338,1416.273158482143,1450.5366373697916,1.0102191859479024,1,1.3509638949221863,1.1502744927495194,2,2,1,0,0,10996127.285714285,0.6463072693995604,0
2026-02-12,1442.231689453125,1466.2207486838624,1438.8473131178025,1463.2345557130195,11135399,-1.348130215075427,-0.01357299997455974,1.0190245589761329,1448.829799107143,1419.5721871512276,1446.5052734375,0.9954459042338278,1,0.982449153177514,1.230168274512386,3,2,1,0,0,8950302.714285715,1.2441365790038164,0
2026-02-13,1413.0665283203125,1444.0233720001163,1409.7817888672503,1438.8473526451965,10755693,-2.022224400288386,-0.020429512630679544,1.024288569623515,1443.5399518694196,1421.9540318080358,1441.329207356771,0.9788897955268621,1,1.0937777343933106,1.3229349883152286,4,2,1,0,1,9296346.42857143,1.156980657147566,1
2026-02-16,1430.4859619140625,1432.9744560797708,1402.8139796964888,1413.564201587246,5896514,1.2327398069824858,0.01225203442456923,1.02149998276308,1442.644077845982,1425.978280203683,1436.1796793619792,0.9915723385146578,1,1.2079920600639575,1.3396851227888367,0,2,1,1,0,8458183.0,0.6971371983793683,0
2026-02-17,1416.450927734375,1425.2104761017015,1412.0711535507119,1424.5136248062843,10731630,-0.9811374982602317,-0.009859823681494054,1.0093050003308617,1438.69091796875,1427.8482142857142,1431.0334757486978,0.984541509259143,1,1.2226080995386004,1.3547653802215724,1,2,1,0,0,8808801.0,1.2182849856637696,1
2026-02-18,1434.666748046875,1435.4629932986807,1412.6683617554224,1420.4325123887006,5521096,1.2860184532927255,0.01277819454916297,1.0161358689416198,1435.8042689732142,1431.4245431082588,1428.833650716146,0.9992077465216392,1,1.311387759910343,1.377341219681333,2,2,1,0,0,8772405.57142857,0.6293708099842105,0
2026-02-19,1403.0130615234375,1436.3588845536149,1393.5567833507007,1436.3588845536149,11884664,-2.2063441957186347,-0.022310480128286934,1.0307142857142855,1428.8364955357142,1432.4270542689733,1425.6915161132813,0.9819269495894317,0,1.516938575940813,1.5267158901348805,3,2,1,0,0,9004553.285714285,1.3198504826280508,1
2026-02-20,1412.8675537109375,1420.8307355027325,1399.6287153786739,1403.013091941889,8177670,0.7023806447532088,0.006999254417788575,1.0151483174724107,1421.8260672433037,1434.4889526367188,1423.9927083333334,0.9936992901320657,0,1.517330687166914,1.529467313640797,4,2,1,0,1,9157523.714285715,0.8930001444869703,1
2026-02-23,1421.4278564453125,1428.2961245911818,1411.772547760535,1418.4416634695872,7758856,0.6058814721798367,0.006040533906767389,1.0117041352425062,1418.8540910993304,1433.8419451032366,1422.4232950846354,1.0018139746448402,0,1.5100100294817709,1.234977236138966,0,2,1,1,0,8675160.42857143,0.8943760825962823,1
2026-02-24,1422.2242431640625,1426.7035326906043,1408.4877066792656,1418.7403513100855,12529409,0.05602723452611258,0.0005601154513101862,1.0129328966983215,1420.1623360770088,1431.8511439732142,1420.618310546875,1.0014518812636233,0,1.2779234706864717,1.167743011651676,1,2,1,0,0,8928548.42857143,1.4032974228941613,0
2026-02-25,1392.063720703125,1433.8704252219175,1387.0867320699354,1428.395737725409,10728792,-2.120658722132207,-0.021434677331364452,1.0337280229637604,1414.6734444754463,1428.6587611607142,1418.8166422526042,0.984017708213428,0,1.4045188323281745,1.2697004439190878,2,2,1,0,0,9618873.857142856,1.1153896141420891,1
2026-02-26,1400.3255615234375,1406.397463315574,1385.4941111892442,1392.0637118415314,16683858,0.593495879350936,0.0059174163006636095,1.0150872904890136,1412.3698207310267,1425.5303693498884,1417.091288248698,0.9914723048943688,0,1.4181667567968939,1.2734557836716607,3,2,1,0,0,10469192.142857144,1.5936146526246497,0
2026-02-27,1387.48486328125,1403.9089251530934,1381.711508080472,1391.5659695052796,12031440,-0.9169794935556141,-0.009212096300274811,1.0160651604497808,1405.6295514787946,1420.7169102260045,1414.9379109700521,0.9870914152463176,0,1.2831653205990432,1.2547305053911535,4,2,1,0,1,11399241.285714285,1.055459718628642,0
2026-03-02,1351.75,1372.2551671563263,1335.3259388807069,1369.1694587628867,23728722,-2.5755137390645833,-0.02609260795212117,1.0276555911933936,1398.3062569754463,1413.5713762555804,1411.6232340494792,0.966705250195942,0,1.371028083780792,1.3893008803295006,0,3,1,1,0,13091249.57142857,1.8125635654970271,0
2026-03-04,1338.8099365234375,1346.5740873609554,1300.9848230751916,1323.8789706886037,32495007,-0.9572822989874274,-0.009618936989953608,1.0350421184606924,1387.726597377232,1404.776332310268,1409.3470947265625,0.9647505056498551,0,1.2632316606966205,1.3492971645012954,2,3,1,0,0,16565154.857142856,1.961648247796985,1
2026-03-05,1383.005615234375,1392.5614090361375,1346.8726294272453,1346.8726294272453,25957532,3.301116723536035,0.032478000568284794,1.033922123451511,1382.2377057756696,1400.5458984375,1409.1944702148437,1.000555555282204,0,1.9646873617382539,1.6859162609537832,3,3,1,0,0,19164965.714285713,1.3544262164085719,1
2026-03-06,1398.334716796875,1417.7449716586152,1383.9014503612218,1390.0728674061675,19311971,1.1083904066363504,0.011022927758322568,1.0244551527051002,1378.824916294643,1399.4936261858259,1409.2011067708333,1.0141495851080653,0,2.0418482745844306,1.6450203063593407,4,3,1,0,1,20133903.14285714,0.9591767111908087,1
2026-03-09,1417.4462890625,1422.8214608086796,1363.6948146177142,1368.6718029922313,24870822,1.3667380231682458,0.013574823971311888,1.0433576820540602,1382.4509974888392,1398.562220982143,1409.9144734700521,1.0253139472120374,0,1.9239721612634666,1.653502718811864,0,3,1,1,0,22154193.14285714,1.1226236875170847,0
2026-03-10,1402.3162841796875,1424.9117626543534,1394.1539503917586,1424.015880450879,18071259,-1.0674129241834973,-0.010731506425624272,1.0220619912556657,1382.735386439732,1397.5526035853795,1410.6676595052083,1.0141609869335682,0,1.9796535347634843,1.65738533105591,1,3,1,0,0,22352393.285714287,0.8084708768769554,0
2026-03-11,1383.8017578125,1427.4002232775151,1377.2321576556008,1418.34212900751,21848087,-1.320281777802923,-0.013290749801248631,1.0364267312108897,1382.209228515625,1393.91938999721,1410.989501953125,1.0011521622515756,0,2.0175511594098157,1.6409961413988083,2,3,1,0,0,23754771.42857143,0.9197346758606091,1
2026-03-12,1385.7926025390625,1404.4066120742223,1374.7437125844203,1383.6027762448114,20939959,0.14386776973818183,0.0014376437921421565,1.0215770395734618,1387.0724574497767,1392.6893572126116,1410.840193684896,0.9990772977259837,0,1.676610830078168,1.5421575462103247,3,3,1,0,0,23356376.714285713,0.8965414137712665,0
2026-03-13,1374.3455810546875,1394.3531723993444,1372.0562392077015,1378.8248707870416,17265090,-0.8260270305528894,-0.008294575381705669,1.01625074290287,1392.1489780970983,1389.937787737165,1410.4984415690103,0.9872115719491847,1,1.6599719826975714,1.5368176309164605,4,3,1,0,1,21180674.285714287,0.815134106077292,1
2026-03-16,1388.6793212890625,1390.8692691567512,1357.224777946389,1373.6488401657623,22837802,1.0429502180503425,0.010375490143813606,1.0247891813920975,1392.959507533482,1387.5986066545759,1410.4884887695312,0.9969272715960003,1,1.1358608645586632,1.5584360171872103,0,3,1,1,0,20734998.57142857,1.1014132420278508,1
2026-03-17,1391.167724609375,1399.429573667814,1381.8109624429321,1392.5613056143347,19007744,0.17919207711702967,0.001790317196511928,1.0127503773698059,1391.9356515066963,1385.3802839006696,1410.7273803710937,0.9994483028748563,1,1.044055613634334,1.5600663838051885,1,3,1,0,0,20691537.57142857,0.9186240478448736,1
2026-03-18,1401.6195068359375,1406.3974645008152,1390.7696473738063,1390.7696473738063,9559327,0.7512956232144763,0.007484874539781199,1.011236812046135,1389.6746826171875,1386.0628400530134,1409.7651652018228,1.0085954103993995,1,0.9217827286839274,1.466497938070177,2,3,1,0,0,18504181.14285714,0.516603621970596,0
2026-03-19,1378.4267578125,1409.1844489610974,1369.7667250791762,1381.6119817895922,16498373,-1.6547107763784985,-0.01668554038231336,1.0287769611863236,1386.2618931361608,1384.4986397879463,1407.3762084960938,0.9943480121884218,1,1.0379102198746653,1.5253577492974073,3,3,1,0,0,18279483.14285714,0.9025623356559113,1
2026-03-20,1407.8905029296875,1423.4186824363833,1389.6746767818195,1391.5659566755692,22994918,2.13749079885428,0.021149668636858708,1.0242819461405943,1389.7031424386162,1385.9561854771205,1406.4139892578125,1.0130872270024205,1,1.2412789977621383,1.6155629350507477,4,3,1,0,1,18443316.14285714,1.2467886914634727,0
2026-03-23,1401.3209228515625,1409.0849519631759,1384.598192981382,1393.5567722314413,18979554,-0.4666257826481779,-0.004677178794144283,1.0176851010682513,1391.9214739118304,1389.4969656808037,1404.9872517903646,1.0067528586316843,1,1.2713433213109404,1.433295020869619,0,3,1,1,0,18163258.285714287,1.0449421409664004,1
2026-03-24,1405.302490234375,1415.8536813182018,1400.1263494042955,1413.4647025895886,18620893,0.28412958929566745,0.0028372670414163665,1.011232794754986,1396.3438895089287,1394.2464338030134,1403.334891764323,1.0064157553112485,1,1.1938145874459476,1.3894540473803634,1,3,1,0,0,18356944.42857143,1.0143786768247636,1
2026-03-25,1406.596435546875,1423.9163794589117,1401.9181150601291,1413.464703831985,19041331,0.09207592824262978,0.0009203356436245065,1.015691547289721,1398.9034772600446,1395.9314923967634,1401.828523763021,1.0054992774068288,1,1.1518425428696077,1.100914558270195,2,3,1,0,0,17814591.42857143,1.068861504702325,0
2026-03-27,1341.8956298828125,1398.235116023098,1338.809921280448,1394.552193095842,23266517,-4.599812997457741,-0.04708964734140841,1.044386580796933,1391.8646065848213,1391.9001290457588,1397.8270263671875,0.964099254722328,0,2.1459331460700937,1.636195230999098,4,3,1,0,1,18422987.57142857,1.262906839066811,0
2026-03-30,1337.7149658203125,1358.7178325566667,1327.960019957529,1328.855902170806,24393861,-0.3115491227037581,-0.0031203544733915027,1.023161700756715,1382.735386439732,1386.20503452846,1394.343135579427,0.9674410439908259,0,2.0797389267555464,1.5661492618738369,0,3,1,1,0,20542206.714285713,1.1874995388414489,1
2026-04-01,1362.8984375,1378.028554948465,1356.6275051009459,1377.8294025098971,14404619,1.882573816032962,0.018650727016000377,1.0157751849841248,1380.517054966518,1383.3894740513392,1392.6708658854166,0.9872376676527584,0,2.218766901505739,1.6649394773859694,2,4,2,0,0,20243099.0,0.711581709895308,0
2026-04-02,1344.2845458984375,1351.9490593116357,1321.8880984473344,1350.7546307176451,21280051,-1.3657577915861752,-0.013751700607661102,1.0227409270872552,1371.4304896763392,1380.5668160574776,1389.7974853515625,0.9802061103481021,0,2.0040836534955027,1.6673560716237061,3,4,2,0,0,19998118.0,1.064102682062382,0
2026-04-06,1298.6953125,1352.7454554606609,1284.0630151171836,1352.7454554606609,29274881,-3.3913380569266627,-0.03450178064181,1.0534883720930233,1356.7696881975446,1374.3455810546875,1385.8722981770834,0.9571965852401259,0,2.2513613835815085,1.867941850734621,0,4,2,1,0,21468879.0,1.3635961616812875,0
2026-04-07,1298.5958251953125,1302.2788696189978,1285.058440671965,1289.040031502862,28388922,-0.007660557771316245,-7.660851207029054e-05,1.0134005025779436,1341.52587890625,1368.9348842075892,1381.336600748698,0.9679990864239321,0,2.224904486100969,1.867944539948529,1,4,2,0,0,22864311.714285713,1.2416259170514408,1
2026-04-08,1341.5970458984375,1344.3840865060406,1320.0963587364665,1342.7914745147666,21817543,3.3113629251547483,0.032577183363482205,1.0183984506955395,1332.2402518136162,1365.5718645368304,1379.2894002278647,1.0070233533869613,0,2.776721224242931,2.0871135393702387,2,4,2,0,0,23260913.42857143,0.9379486780257505,0
2026-04-09,1323.87890625,1343.7868597274437,1320.195983460075,1339.8052690319548,20725390,-1.3206752133664734,-0.013294736804403419,1.0178692228751824,1329.6664341517858,1360.7655203683037,1376.3231119791667,0.9956473836195785,0,2.217739917452749,2.1031662045879647,3,4,2,0,0,22897895.285714287,0.905122053419919,1
2026-04-10,1343.9859619140625,1346.0763943468285,1325.3720730291864,1330.8467605257397,19364461,1.518798703502089,0.015073804246197876,1.0156215162058768,1330.562290736607,1356.6488385881696,1373.7417154947916,1.0100887205889655,0,2.3047216836550435,2.1432197906844057,4,4,2,0,1,22179409.57142857,0.8730827995054126,0
2026-04-13,1309.0474853515625,1321.4899565481755,1303.970981405046,1315.1193869938081,28753269,-2.599616182950437,-0.026340034720573974,1.0134350958671279,1322.8692975725446,1351.6931762695312,1369.9691569010417,0.9895516418391862,0,2.3458370888832274,2.2039286430459804,0,4,2,1,0,24229216.714285713,1.186718883200499,1
2026-04-15,1337.9140625,1340.8007402141902,1328.059600686701,1330.8467629297493,15313779,2.205158901526394,0.021811968996033236,1.0095938010017782,1321.959228515625,1346.694859095982,1368.164168294271,1.0120690817388447,0,2.520796822228976,2.209859126279055,2,4,2,0,0,23376892.14285714,0.6550819033777832,0
2026-04-16,1337.1177978515625,1347.5694738488123,1323.8789596516422,1345.7777093601655,30211012,-0.059515380752450664,-0.000595330981852617,1.0178947735549813,1327.4481549944196,1342.108921595982,1366.0572428385417,1.007284384569568,0,2.05399323856691,2.2107521238728025,3,4,2,0,0,23510625.14285714,1.2849939895868117,1
2026-04-17,1358.7178955078125,1362.1022720767137,1333.832952366644,1333.832952366644,13869105,1.6154221932395352,0.016025130877408516,1.0211940480701958,1336.0370221819196,1338.781450544085,1365.0983439127604,1.0169762311592625,0,2.0869879363090664,2.266280249401314,4,4,2,0,1,21436365.57142857,0.6469895726393758,0
2026-04-20,1357.0257568359375,1366.6810660920328,1346.5740808024586,1356.9261198573818,13614733,-0.12453936740434157,-0.0012461698212178662,1.014931956270532,1338.2411237444196,1335.240687779018,1365.2742024739584,1.0140368075365658,1,1.7360108696247543,2.264750635294687,0,4,2,1,0,20264535.57142857,0.6718502356992441,0
2026-04-21,1347.07177734375,1363.4958396538184,1343.8864317482064,1352.7454957201878,27293629,-0.733514411354752,-0.007362178565324447,1.0145915662531861,1341.5543910435267,1335.6104125976562,1365.5495971679688,1.0041126817794779,1,1.6643227934652038,1.8970374339770788,1,4,2,0,0,21202855.42857143,1.2872619488420927,1
2026-04-22,1355.8311767578125,1359.7132520720183,1342.8910067161314,1344.085556855853,9525953,0.6502548387833373,0.006481498024790304,1.0125268880882772,1343.2465645926338,1336.9044276646205,1364.6437825520834,1.0093688027923564,1,1.5853666491631409,1.9005744882325895,2,4,2,0,0,19797354.285714287,0.4811730326447661,0
2026-04-23,1337.21728515625,1349.261572940554,1334.529638479888,1339.8052948565,16385079,-1.3728767947403075,-0.013823878990308855,1.011039046294578,1347.2708217075892,1335.070059640067,1362.606534830729,0.9925378503049618,1,1.2687181857884966,1.8662454916345976,3,4,2,0,0,18030470.0,0.9087438652458866,0
2026-04-24,1321.6890869140625,1339.7057606040942,1318.9019248091768,1333.8328899956957,11744802,-1.1612322406057696,-0.01168027196892668,1.0157736033313678,1344.9529680524554,1333.45609828404,1359.4146280924479,0.9827028292505425,1,1.0505414536027038,1.8565153968189751,4,4,2,0,1,17520616.14285714,0.6703418363964418,1
2026-04-27,1359.51416015625,1365.2873936261717,1304.9663202853897,1306.9571155871217,24673098,2.861873765675349,0.02821687085302721,1.046224237670433,1348.1524483816963,1337.800301688058,1357.987890625,1.0084276164674049,1,1.5588094618927841,1.7544600599982914,0,4,2,1,0,16729485.57142857,1.4748270587673011,1
2026-04-28,1382.5078125,1388.7787447541255,1350.75460334444,1351.7500009887617,41027699,1.6913139279922884,0.016771704647915515,1.028150295631448,1351.5510079520088,1343.7940150669642,1357.9447591145833,1.0229046512975486,1,1.5701286437757196,1.7868978775372293,1,4,2,0,0,20609284.714285713,1.990738619451498,1
2026-04-29,1418.83984375,1427.2012083655534,1384.896807968084,1385.5935377241706,30542143,2.6279801764230504,0.025940420840798166,1.030546969387227,1360.381591796875,1349.3113577706474,1359.0463338216146,1.0429719516241835,1,1.7877268422454202,1.710818139605989,2,4,2,0,0,23027486.14285714,1.3263342255652086,1
2026-04-30,1424.215087890625,1430.386505071105,1386.6885214286783,1402.5153692729207,30957881,0.3788478427852793,0.0037813202169092656,1.0315124723159932,1371.402064732143,1356.478227887835,1360.708650716146,1.0385102403712636,1,1.6908609757044166,1.6369488551626585,3,4,2,0,0,23550950.714285713,1.3145066360833295,0
2026-05-01,1424.215087890625,1424.215087890625,1424.215087890625,1424.215087890625,0,0.0,0.0,1.0,1381.1711948939733,1362.2088797433037,1361.8931762695313,1.0311647775133017,1,1.7187876914324816,1.61698271962918,4,5,2,0,1,22190100.285714287,0.0,1
2026-05-04,1456.3663330078125,1460.6465916696056,1426.8030702776819,1426.8030702776819,24035700,2.2574711776720546,0.022323674017795506,1.023719826580789,1398.1924874441963,1372.731654575893,1364.0664632161458,1.04160646412137,1,1.5188215883438316,1.4275928229761377,0,5,2,1,0,23283046.14285714,1.0323262623165723,1
2026-05-05,1456.864013671875,1466.6189594959255,1443.3266295857375,1453.280606341501,23543341,0.03417276634201105,0.00034166928782079667,1.0161379478717671,1417.5031912667412,1381.2280796595983,1365.9079467773438,1.0277677134327714,1,1.2471958787809345,1.37720310706773,1,5,2,0,0,24968551.714285713,0.942919768411306,0
2026-05-06,1431.2823486328125,1466.519450812893,1420.9301884572374,1456.2668061036345,14221786,-1.7559404857963812,-0.01771540002643879,1.032084097252627,1427.7557896205358,1387.9541190011162,1367.6697998046875,1.0024700015492243,1,1.537189740762147,1.5097443570257798,2,5,2,0,0,23475507.14285714,0.6058137919430312,0
2026-05-07,1429.590087890625,1442.828925531327,1423.717338832762,1432.1782190445704,19816903,-0.11823388612344221,-0.001183038375255249,1.0134237226570788,1434.4818289620537,1393.0164184570312,1368.3931193033854,0.9965898898315302,1,1.5038472522330404,1.4818649335742922,3,5,2,0,0,20445393.42857143,0.9692600472195784,0
2026-05-08,1428.5947265625,1436.1598462687914,1410.9762359236815,1419.4371163507371,8663105,-0.06962564559982454,-0.0006964989550920782,1.0178483589616403,1435.8753836495537,1398.1284877232142,1369.30224609375,0.9949294645134534,1,1.173852874332282,1.4805159701446404,4,5,2,0,1,17319816.57142857,0.500184569754104,0
2026-05-11,1381.81103515625,1421.427912122738,1375.6396180347506,1413.4647305422184,15261787,-3.27480499097329,-0.03329626928541102,1.0332850940665703,1429.817661830357,1400.60986328125,1368.519197591146,0.9664246512295476,1,1.7175551429789866,1.7571991087844807,0,5,2,1,0,15077517.42857143,1.0122214795838596,0
2026-05-12,1357.722412109375,1387.0866431630602,1354.0394893602804,1385.593546668805,24357500,-1.7432646312707356,-0.0175863842171055,1.0244063441741962,1420.3187081473213,1400.7449515206474,1366.8900634765625,0.955927993006867,1,1.7723317446604039,1.8247803150534934,1,5,2,0,0,18557160.285714287,1.312566126766224,0
2026-05-13,1352.54638671875,1366.0837705701026,1346.1758174038478,1355.1343963286624,13797989,-0.381228544543466,-0.0038195707272034207,1.014788523838326,1405.4872872488838,1401.83988734654,1367.2450887044272,0.9623327076591629,1,1.2503660705059778,1.7851442181866954,2,5,2,0,0,17094630.14285714,0.8071534092690144,1
2026-05-14,1355.5325927734375,1371.6579863902991,1352.148216400817,1358.9168476375535,17303059,0.22078400297471656,0.002205406332433297,1.0144287214617742,1391.0113699776787,1404.25728062221,1367.8390096028645,0.9744942579406735,0,1.2788529001123832,1.7480862708412621,3,5,2,0,0,16203161.285714285,1.067881674130804,0
2026-05-15,1330.24951171875,1358.5188307246153,1323.082575367519,1350.5556491178086,19976192,-1.8651769193507861,-0.018827907067700874,1.0267831018387141,1376.5781075613838,1402.16694859096,1366.750712076823,0.9663451019683109,0,1.289983939942158,1.646933565107494,4,5,2,0,1,17025219.285714287,1.1733294981264557,0
2026-05-18,1329.7518310546875,1335.8237328112184,1312.6309174607939,1327.860551095503,13022473,-0.03741258009706261,-0.0003741958034884785,1.0176689540387254,1362.3154994419642,1398.3986642020088,1366.266288248698,0.9760968230922898,0,1.299860775835069,1.561436961259797,0,5,2,1,0,16054586.42857143,0.8111372446707596,0
2026-05-19,1316.6124267578125,1337.8144453658963,1312.3322897558653,1332.5387892026445,21665501,-0.9881095096107906,-0.009930237102117835,1.019417456850636,1346.3180280412946,1391.0967058454241,1366.863525390625,0.9779356729503952,0,1.2323623719338308,1.3274083255190514,1,5,2,0,0,17912071.57142857,1.2095474782804296,1
2026-05-20,1353.442138671875,1356.6274840630256,1306.558933569541,1312.6308349443716,13248515,2.7973085446836077,0.027588985218283305,1.0383209277492722,1342.2653285435267,1386.041495186942,1368.6917358398437,1.0083268262173442,0,1.578230024930925,1.5861563180076985,2,5,2,0,0,17624461.285714287,0.7517117706592676,0
2026-05-21,1343.388671875,1364.590690861155,1339.0088978228712,1360.9076465750106,17150630,-0.7428072844503308,-0.007455798361025863,1.019105020944878,1340.2176513671875,1380.2681797572545,1368.7514567057292,1.002366048905995,0,1.4654648961956853,1.5859097603056915,3,5,2,0,0,16594908.42857143,1.033487474415453,1
2026-05-22,1348.26611328125,1361.106767233248,1342.8909416840763,1343.7868238683554,7105813,0.36307001155833074,0.0036241250338794172,1.0135646350598864,1339.6061837332588,1372.5467354910713,1369.564363606771,1.0064645338705869,0,1.4722325135724186,1.4126383844278045,4,5,2,0,1,15638883.285714285,0.4543683119939245,1
2026-05-25,1360.7086181640625,1364.7897243191815,1350.7546414401118,1360.5095872329855,6750071,0.9228523034322533,0.009186200399962478,1.0103905494369474,1340.3456159319196,1365.6784929547991,1370.1217854817708,1.0151923518755905,0,1.5159114880989748,1.4596133966225713,0,5,2,1,0,14131313.57142857,0.47766762558065706,0
2026-05-26,1350.0579833984375,1362.2017870434288,1346.1759079681497,1353.8404218493883,13769747,-0.782727074955647,-0.007858064626510279,1.011904743637455,1343.1753976004463,1359.876752580915,1371.4888020833334,1.005124115443364,0,1.3301146725026194,1.4165369848046618,1,5,2,0,0,13244678.57142857,1.039643727534778,0
2026-05-27,1344.2845458984375,1354.736221375619,1342.393266034199,1346.7730400596713,13215138,-0.4276436694568342,-0.004285606802899601,1.009194738720557,1345.251499720982,1353.7834995814733,1371.701151529948,0.9992812096305076,0,1.3506655457144412,1.4140950536850208,2,5,2,0,0,13272202.142857144,0.9957004766622053,0
2026-05-28,1344.2845458984375,1344.2845458984375,1344.2845458984375,1344.2845458984375,0,0.0,0.0,1.0,1349.2046595982142,1347.7613438197545,1371.9400431315105,0.996353322926381,1,1.2588059171281547,1.4155785767107418,3,5,2,0,0,10177130.57142857,0.0,0
2026-05-29,1315.119384765625,1362.6994431442622,1310.9387630540493,1357.7224546740495,42634247,-2.1695675384946322,-0.021934486987735678,1.0394836750189824,1343.72998046875,1342.9976545061384,1370.4867594401042,0.9787080766828284,1,0.9906353723537404,1.2674437494599413,4,5,2,0,1,14375092.285714285,2.965841620534789,0
2026-06-01,1313.9249267578125,1329.353590670499,1312.4318302501333,1326.3673976551404,10700603,-0.09082506285353897,-0.0009086633380522158,1.0128934395145999,1339.5208740234375,1339.8692626953125,1369.0500651041666,0.9808917145212198,0,0.984238841357652,1.2025205826010676,0,6,2,1,0,13453659.857142856,0.7953674400589817,0
2026-06-02,1308.5498046875,1321.689127358814,1294.3156903458798,1301.6815361898255,23302785,-0.4090889791988239,-0.0040992803727456,1.0211489648291439,1333.8471156529017,1336.7266496930804,1367.7659993489583,0.9810343249473392,0,0.9381455236242786,1.202818018589261,1,6,2,0,0,15767513.0,1.4778985753809113,0
2026-06-03,1307.15625,1317.906594083847,1295.0124463014238,1308.9480145168118,20012293,-0.1064961136754583,-0.0010655286107936225,1.0176787086856265,1326.19677734375,1333.271196637835,1366.1435017903646,0.9856427585490847,0,0.75491383264034,1.1965630189149368,2,6,2,0,0,17662116.14285714,1.1330631526898496,0
2026-06-04,1297.699951171875,1305.1654340270677,1287.1487597049047,1295.0124259474096,23474327,-0.7234252850892964,-0.007260546946886467,1.0139973520436703,1318.7170584542412,1330.9462280273438,1364.8262573242187,0.9840624589273139,0,0.7524506209895977,1.1142819123964987,3,6,2,0,0,19048484.714285713,1.2323461604478732,0
2026-06-05,1291.0,1306.0,1288.0,1304.5,17785223,-0.5162943225685335,-0.005176317269875239,1.013975155279503,1311.10498046875,1328.1782400948662,1363.8032877604167,0.9846656211605862,0,0.7505756037688747,1.1172100102598437,4,6,2,0,1,19701354.0,0.9027411516995227,0
2026-06-08,1263.300048828125,1282.5999755859375,1259.199951171875,1277.0,16494759,-2.1456197654434517,-0.021689728359400744,1.0185832475551522,1299.5357666015625,1324.3702130998884,1360.5961507161458,0.9721164136419284,0,0.9004107926799637,1.2178947272296288,0,6,2,1,0,22057748.14285714,0.7477988638355825,1
2026-06-09,1269.199951171875,1274.199951171875,1257.5,1269.0,23620214,0.46702304406802675,0.004659358750221434,1.0132802792619284,1292.9758475167412,1318.3529139927455,1356.8192220052083,0.9816114922869367,0,0.8189250323712195,0.8746771128701707,1,6,2,0,0,19341457.714285713,1.2212220169193335,0
2026-06-10,1258.800048828125,1300.5,1254.4000244140625,1275.0,21012796,-0.819406141179535,-0.008227817257789666,1.036750617577093,1285.100864955357,1312.3108694893974,1351.4845621744792,0.9795340452687769,0,0.8038910870666988,0.8768568362050386,2,6,2,0,0,20814628.14285714,1.0095206052100845,1
2026-06-11,1263.0,1276.0,1253.199951171875,1258.0,13117486,0.3336472043979466,0.0033309183708176144,1.0181934645040518,1278.59375,1306.2204328264509,1346.1107259114583,0.9878039838689967,0,0.8798863213745199,0.8747654821030357,3,6,2,0,0,19359585.42857143,0.6775706044118507,1
2026-06-12,1293.0,1297.0,1262.5,1277.0,11988785,2.375296912114022,0.02347525642136645,1.0273267326732674,1276.5714285714287,1301.3841029575892,1341.7368896484375,1.0128692927484333,0,1.4074375729834216,1.106951947590896,4,6,2,0,1,18213370.0,0.6582408966599811,1
2026-06-15,1307.0,1325.0,1303.300048828125,1315.300048828125,18633321,1.0827532869296164,0.010769334852364422,1.0166500041117827,1277.9000069754463,1298.3085327148438,1336.7580118815104,1.0227717292947107,0,1.4490891184913732,1.162791454650012,0,6,2,1,0,17521797.714285713,1.0634366007323581,1
2026-06-16,1328.800048828125,1333.4000244140625,1306.4000244140625,1313.4000244140625,18513223,1.66794558746175,0.0165418814208928,1.0206674827735938,1283.300013950893,1297.2024972098213,1332.4892130533854,1.0354554931680795,0,1.5246819099638176,1.2650778661544269,1,6,2,0,0,17625797.714285713,1.0503480920466386,1
2026-06-17,1332.699951171875,1334.0,1317.0,1333.0,10029170,0.2934905328449755,0.0029306069020688568,1.0129081245254365,1293.2142857142858,1296.3750261579241,1329.2031331380208,1.0305329641759873,0,1.0421575787994135,1.2688475647828599,2,6,2,0,0,16702142.142857144,0.6004720780255774,0
2026-06-18,1328.0999755859375,1333.9000244140625,1322.0,1330.0,15494549,-0.3451621335989863,-0.003457591923677681,1.0090015313268248,1301.6285749162946,1297.302211216518,1325.8201293945312,1.0203371385507154,1,1.1237293390259677,1.1198302289483548,3,6,2,0,0,15541332.857142856,0.9969897139728685,0
2026-06-19,1309.5,1338.199951171875,1305.300048828125,1328.0,24887034,-1.4004951380058195,-0.014103946075739332,1.0252048579736797,1308.8714250837054,1296.9861450195312,1321.8503051757812,1.0004802419124204,1,1.2636024364836402,1.1874962973212342,4,6,2,0,1,16094795.42857143,1.5462783674665797,1
2026-06-22,1326.5,1344.9000244140625,1314.0999755859375,1316.699951171875,12931213,1.298205421916765,0.012898509630027784,1.023438132105886,1317.9428536551338,1298.268301827567,1320.0066040039062,1.0064928052996638,1,1.2856153251773381,1.2310612883962675,0,6,2,1,0,16068185.0,0.8047712296068287,0
2026-06-23,1309.5,1333.0,1304.0,1328.9000244140625,15400184,-1.2815680361854542,-0.012898509630027795,1.022239263803681,1320.2999965122767,1298.4357125418526,1318.399190266927,0.9918200435198015,1,1.2383938183735095,1.2854042687809102,1,6,2,0,0,16555527.714285715,0.9302140207050741,1
2026-06-24,1313.5999755859375,1322.0,1297.5,1305.699951171875,11030917,0.31309473737590743,0.00312605616478306,1.0188824662813103,1321.2428501674108,1299.5714285714287,1317.1009765625,0.9942153900166765,1,1.178415123751945,1.2690083883132477,2,6,2,0,0,15469470.0,0.713076595384328,1
2026-06-25,1318.0999755859375,1328.0,1314.5999755859375,1318.0,12694362,0.342570042907675,0.003419846083707603,1.0101932334268375,1319.7142682756696,1301.5071411132812,1315.85322265625,0.998776786211578,1,0.9680661662348277,1.257921379480785,3,6,2,0,0,14638204.142857144,0.8672076079902424,0
2026-06-26,1318.0999755859375,1318.0999755859375,1318.0999755859375,1318.0999755859375,0,0.0,0.0,1.0,1317.6285574776787,1305.421421595982,1315.4482381184896,1.0003577776950745,1,0.9538584427746029,1.0730793311367033,4,6,2,0,1,13205465.57142857,0.0,0
2026-06-29,1301.0,1313.699951171875,1292.5999755859375,1308.0,13757656,-1.297320074551711,-0.013058087683752058,1.0163236701102156,1313.7571323939733,1307.6928536551338,1314.48984375,0.9902895808674114,1,1.048925010192767,1.1536825445340848,0,6,2,1,0,12957338.0,1.0617656188331277,0
2026-06-30,1293.9000244140625,1306.9000244140625,1290.0,1306.9000244140625,15695263,-0.5457321741689114,-0.0054722673220130545,1.0131007941194283,1311.528564453125,1310.199994768415,1313.732763671875,0.986558782998056,1,0.9423544551043025,1.1375961812844506,1,6,2,0,0,11644227.857142856,1.3479007103396847,1
2026-07-01,1308.0,1312.199951171875,1296.5,1298.9000244140625,7001401,1.0897268196839782,0.010838320826651824,1.0121094879844774,1308.885707310268,1313.4142804827009,1312.2180257161458,0.9993233119551073,0,0.8901697959942206,1.1619803628440668,2,7,3,0,0,10797111.857142856,0.6484512796232824,0
2026-07-02,1303.5,1313.199951171875,1299.0,1310.0,17795024,-0.34403669724770714,-0.0034462986435875977,1.0109314481692648,1308.028564453125,1314.1642804827009,1310.8884033203126,0.9965378703675188,0,0.7609468209795903,0.9960084169957213,3,7,3,0,0,11139231.857142856,1.597509076767194,1
2026-07-03,1304.0,1312.0,1302.0,1312.0,7839550,0.03835826620637306,0.000383509113041898,1.0076804915514592,1306.6571393694196,1313.949994768415,1309.4128662109374,0.997966460145236,0,0.7452325161005868,0.9518384063654113,4,7,3,0,1,10683322.285714285,0.7338119912831824,1
2026-07-06,1321.300048828125,1325.5999755859375,1299.4000244140625,1304.0,7610709,1.3266908610525263,0.0131796738881813,1.0201631142678247,1307.114292689732,1313.4142804827009,1308.099247233073,1.0108527281950241,0,0.9163398342586332,0.9089033090913483,0,7,3,1,0,9957086.142857144,0.7643510250696837,0
2026-07-07,1308.4000244140625,1328.0,1304.0999755859375,1323.5,14335554,-0.9763130203093273,-0.009811102051071788,1.0183268344923664,1305.7285853794642,1311.6785714285713,1306.7106486002604,1.0020459374670287,0,0.9941294390697413,0.9363734286851794,1,7,3,0,0,12005022.42857143,1.194129714067173,0
2026-07-08,1275.9000244140625,1302.300048828125,1271.5999755859375,1297.0,19960868,-2.483949816078179,-0.025153204261233,1.0241428702670754,1302.1428745814733,1307.9500034877233,1304.4311645507812,0.979846412648193,0,1.2894004510695882,1.1292609948071262,2,7,3,0,0,12891195.57142857,1.5484109204145744,1
2026-07-09,1279.800048828125,1296.5,1274.199951171875,1277.0999755859375,14651963,0.30566849591946443,0.0030520227958184725,1.0175012162004995,1300.1285923549108,1305.828578404018,1302.2816813151042,0.9843642054745024,0,1.2992568964791475,1.0904393108951402,3,7,3,0,0,12742152.714285715,1.1498812899623407,1
2026-07-10,1307.800048828125,1311.0999755859375,1287.800048828125,1291.9000244140625,8412537,2.187841766816523,0.021642519604961316,1.018092814004018,1300.1000279017858,1304.4928676060267,1302.037703450521,1.005922637305659,0,1.5211179706933335,1.2020492340148756,4,7,3,0,1,12943743.57142857,0.6499307525351051,0
2026-07-13,1296.9000244140625,1306.4000244140625,1295.0,1300.0,9488352,-0.8334626095043873,-0.008369553296620655,1.0088031076556467,1299.1571742466517,1303.5928693498884,1301.4702067057292,0.9982626044967207,0,1.5509387352020765,1.1736435442093949,0,7,3,1,0,11757076.142857144,0.8070333035790129,0
2026-07-14,1293.0,1308.0,1286.9000244140625,1290.0,13511284,-0.30071897144303694,-0.003011720394776417,1.0163959710821706,1297.5857456752233,1302.1214425223213,1300.9518798828126,0.9964659401580919,0,1.5525700732265733,1.1699872031409635,1,7,3,0,0,12567323.857142856,1.0751122636439918,1
2026-07-15,1295.5,1310.9000244140625,1294.0999755859375,1294.0999755859375,9577965,0.19334880123742515,0.0019316212303071116,1.0129820331852788,1293.9000244140625,1300.5071585518974,1300.563338216146,1.0012365527133071,0,1.4321262712013048,1.1662554313990143,2,7,3,0,0,12848360.42857143,0.7454620418883241,1
2026-07-16,1296.5999755859375,1309.4000244140625,1291.800048828125,1295.5,15631046,0.0849074168998376,0.000848713909436449,1.013624380647689,1292.2143031529017,1298.971444266183,1300.5266723632812,1.0033939203600635,0,1.4010378889180641,1.1671318622350635,3,7,3,0,0,13033430.714285715,1.1993040315062315,1
2026-07-17,1327.199951171875,1330.300048828125,1296.0999755859375,1300.0,18302218,2.3600166714571547,0.02332598817430362,1.026386909873003,1299.5428641183037,1300.8428693498884,1301.7333374023438,1.021282166073326,0,1.2245049556844596,1.2845893514839866,4,7,3,0,1,12796480.714285715,1.430254021292573,0
2026-07-20,1323.0999755859375,1345.9000244140625,1314.9000244140625,1317.199951171875,14305844,-0.3089192086179193,-0.0030939734897069628,1.0235759368958974,1305.7285679408483,1302.9285801478795,1303.726668294271,1.0133039960000907,1,1.267969323925407,1.2762531068574965,0,7,3,1,0,12747035.142857144,1.1222879547811038,0
2026-07-21,1303.699951171875,1326.9000244140625,1302.699951171875,1321.0,12753410,-1.4662553678508772,-0.0147711113809632,1.0185768589462352,1305.1428397042412,1302.6214338030134,1304.8766682942708,0.9988944592971194,1,1.1995972519033915,1.3163048883222734,1,7,3,0,0,13367159.857142856,0.9540852459533583,0
2026-07-22,1288.5999755859375,1304.5999755859375,1280.699951171875,1302.0,10840383,-1.1582400975289064,-0.011649999456884323,1.0186616891741063,1303.9571184430804,1301.5571463448662,1305.869999186198,0.9882226626628035,1,1.2410236492587927,1.3495055628743737,2,7,3,0,0,13560307.142857144,0.7994201669473352,0
2026-07-23,1272.199951171875,1287.300048828125,1268.0,1283.0,12580741,-1.272700971968066,-0.012808691894503137,1.0152208586972595,1300.9856828962054,1299.2857142857142,1306.1766642252603,0.9778739058371122,1,1.320967696320302,1.38612805058274,3,7,3,0,0,13427372.42857143,0.9369473489265908,1
2026-07-24,1278.0,1283.4000244140625,1249.800048828125,1265.0,9816224,0.45590701546422974,0.004548709073633054,1.0268842809035272,1298.4856828962054,1296.1928536551338,1305.6766642252603,0.9842234048738119,1,1.338404992498851,1.3324296304089582,4,7,3,0,1,13461409.42857143,0.7292122011507477,0
