Date,Close,High,Low,Open,Volume,daily_return,log_return,high_low_ratio,ma_7,ma_14,ma_30,price_to_ma7,ma_crossover,volatility_7,volatility_14,day_of_week,month,quarter,is_monday,is_friday,volume_ma_7,volume_ratio,target
2021-09-06,732.5889892578125,739.724444603404,730.8343690908638,739.2565458922177,7876896,-0.6567162301401197,-0.006588820987896926,1.0121642822074708,735.8008422851562,726.7804129464286,705.7027811686198,0.9956348880800832,1,0.8104402127717325,0.8878409051333732,0,9,3,1,0,9735313.142857144,0.8091055607984551,1
2021-09-07,734.2500610351562,740.2157696718924,727.6760612202143,731.0917446980607,7245496,0.2267399321721486,0.0022648326509256303,1.017232542225796,737.1911708286831,728.6052115304129,707.8036458333333,0.9960103838598329,1,0.7786157043324629,0.8170019395296361,1,9,3,0,0,9858650.0,0.7349379478934742,1
2021-09-08,737.5955810546875,739.5139544547029,732.5422518441904,735.5133974033473,6724080,0.45563769035505963,0.00454602804194257,1.009517133780285,737.7359444754464,730.7241298130581,709.9349263509115,0.9998097375872627,1,0.6366008926046601,0.8114991374202323,2,9,3,0,0,9526494.857142856,0.7058293843467897,0
2021-09-09,733.9459228515625,739.0226125546611,730.3899039927794,736.4725873700415,8250948,-0.4948047814910095,-0.004960329935262005,1.011819315292681,736.8803449358259,732.5238647460938,712.2946960449219,0.9960177766927425,1,0.5659026707318032,0.8379444183799395,3,9,3,0,0,8981976.57142857,0.9186116145354962,0
2021-09-13,727.8399047851562,741.1516010354179,726.950885759595,730.8578287988149,8959164,-0.8319438634774134,-0.008354238307944243,1.0195346282039184,735.3061959402902,733.5582580566406,714.4361145019532,0.9898460108233057,1,0.6281846302608944,0.8766424244167655,0,9,3,1,0,8487206.0,1.055608170698343,0
2021-09-14,724.5646362304688,732.0275984882848,723.6521993929138,729.9220541014536,9758506,-0.44999848636415596,-0.004510140273106236,1.0115737907000037,732.6024169921875,733.2140241350446,716.3404703776042,0.9890284544859692,0,0.5088010710777346,0.6457426923786862,1,9,3,0,0,8507203.42857143,1.1470874162037872,0
2021-09-15,723.745849609375,727.4890398176126,718.2246212056044,718.2246212056044,14822998,-0.1130039447347908,-0.0011306784233482722,1.0128990546111563,730.6472778320312,732.8597673688616,718.276796468099,0.9905543640111353,0,0.4736594180983143,0.645878111846865,2,9,3,0,0,9091155.42857143,1.630485598498811,1
2021-09-16,729.8986206054688,731.9340258288291,718.8328610372279,719.5112913673174,10260550,0.8501286742320646,0.008465354308509948,1.0182256063985404,730.262939453125,733.0318908691406,720.2302734375,0.9995011127801048,0,0.5938201721952329,0.6872067902733459,3,9,3,0,0,9431677.42857143,1.087881776884954,1
2021-09-17,740.2860107421875,743.4911057217695,729.547700275712,734.1331308228171,20498102,1.4231277938437703,0.01413096391352986,1.0191123972302125,731.1252179827009,734.1581944056919,722.0527425130208,1.0125297179391006,0,0.8172365664834227,0.7677952918265345,4,9,3,0,1,11324906.857142856,1.8100018179903543,0
2021-09-20,729.851806640625,740.0753822447209,728.9862054323227,731.7935977510607,8781610,-1.4094828147706684,-0.01419510359656886,1.015211778672577,730.0189644949777,733.8774544852121,723.2224873860677,0.9997710225864224,0,0.9777958640981502,0.8010167689268701,0,9,3,1,0,11618839.714285715,0.7558078272826799,0
2021-09-21,726.1553955078125,733.9693384001288,715.3937249500291,730.857800489461,14774996,-0.5064605032392033,-0.0050774736123632685,1.0259655806337933,728.9060320172991,732.8931884765625,724.1473693847656,0.9962263496408802,0,0.9784973902428717,0.7681227201982661,1,9,3,0,0,12550846.57142857,1.177211108104421,0
2021-09-22,717.6162109375,725.3131787966195,715.8850085999203,724.7750838701154,10582202,-1.1759445186441009,-0.011829134337927457,1.0131699505974265,727.4455043247768,731.3758501325335,724.6121459960938,0.9864879316335861,0,1.026041573147626,0.817363906835636,2,9,3,0,0,12782709.142857144,0.8278528347735452,1
2021-09-23,734.6010131835938,735.5368106526174,721.4998486172622,721.4998486172622,13664304,2.3668364771058714,0.023392611634258726,1.0194552529182879,728.8792724609375,730.7408447265625,725.5845987955729,1.0078500527300465,0,1.3960914700044391,1.05215082913513,3,9,3,0,0,13340680.285714285,1.024258411666777,1
2021-09-24,749.3631591796875,752.3576650599522,736.9404262898995,738.8120210233342,20806702,2.0095460979720148,0.019896212112788223,1.020920603918651,732.5388881138393,731.5930829729352,727.2471944173177,1.0229670688325745,1,1.5387204534446117,1.1652607226234828,4,9,3,0,1,14195495.142857144,1.46572569611772,1
2021-09-27,760.3821411132812,765.2482988576648,752.3810850278968,755.9838820536164,16415462,1.4704461780128186,0.014597399435371496,1.017101990049751,736.8936767578125,733.5783081054688,729.1764953613281,1.0318749706997261,1,1.5790257282422546,1.1943742184817052,0,9,3,1,0,15074768.285714285,1.0889362734388583,0
2021-09-28,755.6798706054688,763.6107312729913,740.215794653108,763.6107312729913,12773790,-0.6184088570160062,-0.006203289245930572,1.031605562579014,739.0927995954241,735.1090087890625,730.5622578938802,1.0224424740967903,1,1.5894816540801542,1.2180120965025036,1,9,3,0,0,13971295.142857144,0.9142881793983595,0
2021-09-29,745.7603759765625,751.7260847567792,741.6896798907969,747.2342683926307,16263036,-1.3126583113770796,-0.013213498141999317,1.0135318114005039,741.3654523577009,735.6922084263393,731.5487447102864,1.005928147319092,1,1.5724024609686502,1.280925436237801,2,9,3,0,0,15040070.285714285,1.0813138297264036,1
2021-09-30,746.2749633789062,751.6090196581471,740.7303755440723,742.0872931149418,15975348,0.06900170871506628,0.0006897791348148761,1.0146863750606747,744.2396763392857,736.5728541782925,732.8011474609375,1.0027347198816805,1,1.536687149104439,1.2700692493663472,3,9,3,0,0,15211549.142857144,1.0502117733026233,0
2021-10-01,740.5433349609375,743.4911199571662,732.3785245518908,740.6837274337282,11128596,-0.7680317174272755,-0.007709962699127668,1.0151732950007986,747.5149797712054,737.480242047991,733.8882344563802,0.9906735717692217,1,1.4733376580244257,1.2664689120317925,4,10,4,0,1,15289605.42857143,0.7278537076701914,1
2021-10-04,741.970458984375,749.2696682201581,740.9644652266392,743.4911299550193,7051028,0.19271310078197157,0.001925276473097735,1.0112086387178887,748.5677577427456,738.7235151018415,734.995595296224,0.9911867714176412,1,1.209853356660381,1.2553855814221868,0,10,4,1,0,14344851.714285715,0.4915371828471423,1
2021-10-05,746.5089721679688,747.4681873677021,737.5253398049078,744.8947444690965,10257178,0.6116838114830214,0.006098206200899497,1.013481363996828,748.1600167410714,740.3494524274554,736.1006144205729,0.9977931932525684,1,0.935914289719202,1.2574474635995505,1,10,4,0,0,12837776.857142856,0.798983976286593,1
2021-10-06,755.6096801757812,761.2010472242603,742.5552940183129,746.7663826422353,18600830,1.2191022944282537,0.012117310902833843,1.0251102555676985,747.4782366071429,742.1859566824777,736.9748067220052,1.01087850210268,1,0.8703519660904956,1.2752141773416024,2,10,4,0,0,13149972.285714285,1.414514768233189,0
2021-10-07,753.5508422851562,761.5986769283292,751.9131968657225,761.0839997912436,11265724,-0.27247373143050035,-0.0027284561678230447,1.0128811146060206,747.174089704241,743.1334446498325,737.8029866536458,1.00853449372614,1,0.8445656787885896,1.235653862194288,3,10,4,0,0,12934534.285714285,0.8709802572824423,0
2021-10-08,749.8779296875,758.9317589146212,748.7081828334393,754.2527714983781,7245562,-0.4874140391799009,-0.004886057754447704,1.0136549543808797,747.7623116629464,744.5638820103237,738.5492879231771,1.0028292653849438,1,0.6780386095861196,1.1698793548722617,4,10,4,0,1,11646323.714285715,0.6221329732671251,1
2021-10-11,764.4529418945312,769.6933846455007,748.170043798271,748.5911640642425,13080848,1.9436513104346353,0.019250036513018112,1.028767979987492,750.3591657366071,747.2994210379464,739.8804606119792,1.018782706737631,1,0.9769847368775867,1.237404113297409,0,10,4,1,0,11232823.714285715,1.1645200114165417,0
2021-10-12,762.48779296875,768.0792173113862,760.3354701381298,760.3354701381298,8176946,-0.2570660426671978,-0.0025739702476873373,1.0101846454326924,753.4940883091518,750.5045340401786,740.837314860026,1.0119359989668666,1,0.8953401114467433,1.1714297957849564,1,10,4,0,0,10811159.42857143,0.7563431150955184,1
2021-10-13,767.0731201171875,771.0970374085115,762.6748610290496,765.9501518432847,6225644,0.6013640074924442,0.005995630308217724,1.011042944785276,757.0801827566964,752.823970249721,741.7419148763021,1.013199311761278,1,0.891252864410672,1.0352135663711168,2,10,4,0,0,10693247.42857143,0.5822033055520272,1
2021-10-14,789.5323486328125,790.7488739386398,766.4181393559124,766.4181393559124,14757288,2.9279123367266235,0.028858676985089277,1.0317460317460316,763.2263793945312,755.6931980678013,743.4310282389323,1.034466797726711,1,1.2893971751090108,1.1710736497608438,3,10,4,0,0,11336120.285714285,1.3017935261852374,0
2021-10-18,781.5311889648438,807.1252239441683,780.0105182530649,797.7672503332213,28856456,-1.0134049202447315,-0.010185748256142286,1.034761974430589,766.9294520786831,757.2038443429129,744.6990315755208,1.0190392178140821,1,1.4389774430264093,1.181268449206587,0,10,4,1,0,12801209.714285715,2.2541975832016234,1
2021-10-19,790.1405029296875,791.8951230348935,781.8587188797318,783.9408452246269,8987540,1.1015956991104803,0.01095572328776913,1.012836595554683,772.1565464564732,759.6653180803571,746.4559875488281,1.0232905575375162,1,1.4107894551196245,1.1787563420336193,1,10,4,0,0,12475754.857142856,0.720400497037202,0
2021-10-20,783.1923217773438,794.8430122320457,778.7940620449946,790.3277778106263,10908568,-0.8793602057585059,-0.008832493943872552,1.020607437792873,776.9157453264509,762.3390284946987,748.1427652994792,1.0080788380061154,1,1.4716830889411687,1.1374006479315286,2,10,4,0,0,12999041.42857143,0.8391824935662838,1
2021-10-21,784.3386840820312,786.9822662811649,777.109614248012,782.2331397429754,9738190,0.14637047284706828,0.0014626345568541693,1.0127043236271198,779.7565656389509,765.057865687779,749.8123860677083,1.0058763448042605,1,1.357043921761417,1.1360841554241938,3,10,4,0,0,12521518.857142856,0.7777163546293654,1
2021-10-22,786.4207763671875,799.1710165314034,781.7417891509615,786.1166307748242,12175554,0.2654583188884896,0.0026510660059929315,1.0222953763279965,783.1755632672991,768.3348257882254,751.439892578125,1.0041436598025988,1,1.3305723458254306,1.0896431944792369,4,10,4,0,1,13092748.57142857,0.9299463694407069,0
2021-10-25,775.30810546875,790.748761763541,755.0949055294567,790.748761763541,16426766,-1.4130693430775887,-0.014231482283346338,1.0472177152474424,784.3519897460938,770.716086251395,752.8186319986979,0.9884696100786696,1,1.4994949125091726,1.196468851352268,0,10,4,1,0,14550051.714285715,1.1289833412668675,0
2021-10-26,773.3196411132812,783.1922930858217,770.3250777594776,772.0329195806469,12090656,-0.256474083199032,-0.002568035414129801,1.0167036173400572,782.035888671875,772.6311340332031,754.3346232096354,0.9888544148870246,1,0.8725928457413595,1.2027269439190225,1,10,4,0,0,14169104.285714285,0.853311243688859,0
2021-10-27,768.6640625,779.0748093238908,766.090619464881,773.3196320532794,13249642,-0.6020251349854511,-0.006038446124510377,1.0169486344423317,780.1977277483259,773.5635899135044,755.8046040852864,0.985216997130186,1,0.8287136659361497,1.1893082002161037,2,10,4,0,0,11939559.42857143,1.1097262071742393,0
2021-10-28,745.6434326171875,772.0329334003637,742.6255085423319,772.0329334003637,17797750,-2.994888275112051,-0.030406510678488503,1.039599265739948,773.8410034179688,772.998774937221,756.5345235188802,0.9635615447149534,1,1.1226868723028092,1.4532626206048218,3,10,4,0,0,13198160.857142856,1.3485022794193209,0
2021-10-29,740.6134643554688,749.5737361074018,729.9219902169456,743.9589515672715,12406874,-0.6745809111553092,-0.006768664927141308,1.026923076923077,767.7583095005581,772.3370274135044,756.8916849772136,0.9646440229832907,0,1.123523888471209,1.4582944642098334,4,10,4,0,1,13412204.57142857,0.9250435999484989,1
2021-11-01,751.1178588867188,753.7848588180418,740.9410614445757,741.6194917607675,8122320,1.4183369648014255,0.014083726736960105,1.0173344386507952,763.0124773297991,771.384521484375,757.2527465820312,0.98441097780641,0,1.3749170993906619,1.4081465058412224,0,11,4,1,0,13181366.0,0.6161971376866404,1
2021-11-02,751.7962646484375,758.9317200932103,748.6613660865314,751.44534061017,13237722,0.09031948231457143,0.0009027871881321931,1.0137182903671988,758.0661185128348,770.6208408900669,757.984228515625,0.9917291464276263,0,1.357857302803802,1.408538065859384,1,11,4,0,0,13333104.285714285,0.9928462056794619,0
2021-11-03,739.9584350585938,753.2701884011461,737.197878202498,751.0242516160887,10207338,-1.5746060663628714,-0.015871346792541655,1.021801894272725,753.0161655970982,768.684077671596,758.4443298339844,0.9826594286616006,0,1.374589699437772,1.4457530301627919,2,11,4,0,0,12444614.57142857,0.8202213046786435,1
2021-11-04,745.8071899414062,747.6320064902674,744.0057911766709,746.2985064756734,1096808,0.7904166782488842,0.007873092493067507,1.0048739073762605,749.0858154296875,765.5608520507812,759.3840291341146,0.9956231643681565,0,1.4783710852073435,1.171531301874616,3,11,4,0,0,10874064.857142856,0.10086458140623823,1
2021-11-08,748.7548828125,750.8370091478968,734.8114789267887,744.9414970446072,18943580,0.3952352445576901,0.003944562419855079,1.0218090363048136,746.2416469029018,763.2196873256138,759.8558247884115,1.003367858012252,0,1.5152473666112816,1.1752541472219276,0,11,4,1,0,11687484.57142857,1.6208432091803404,0
2021-11-09,735.65380859375,746.1113342173927,734.1565554425947,746.1113342173927,12695476,-1.7497146956209852,-0.01765203138157293,1.0162836913818618,744.8145577566964,759.3277805873325,759.3988464355468,0.9877006308918858,0,1.1939859222267293,1.160820825632223,1,11,4,0,0,10958588.285714285,1.1584955716011283,0
2021-11-10,727.6995239257812,734.1331316762905,725.2430555119505,733.6652329307989,13714126,-1.0812537874538952,-0.010871418177169596,1.012258064516129,742.969709123884,755.364009312221,758.3094258626302,0.9794470958767493,0,1.231019556573009,1.167096409946249,2,11,4,0,0,11145338.57142857,1.2304808788094241,0
2021-11-11,724.4476928710938,727.5358133486826,718.5053441857983,725.2665157236048,7999404,-0.44686452962681145,-0.004478659536186907,1.0125684091788036,739.159685407366,751.0860813685825,757.2683532714843,0.9800963271851546,0,0.9892343394808921,1.1518210842381273,3,11,4,0,0,11127779.142857144,0.7188679697273441,1
2021-11-12,726.646728515625,729.4775386819591,722.9269564545162,725.2430323240301,14914092,0.30354650393269456,0.0030308673171247284,1.0090611951442081,735.56689453125,746.8165065220425,756.6312316894531,0.9878730730244331,0,1.0138113580586023,1.1539626314819278,4,11,4,0,1,11367260.57142857,1.3120216525594859,1
2021-11-15,728.6353149414062,735.4666251415645,727.3018149519153,730.904612413564,9533594,0.27366619125135383,0.002732924071220821,1.0112261650140237,733.9493059430804,743.4827357700893,756.0432434082031,0.9927597301902943,0,0.9174626840359291,1.145712597400655,0,11,4,1,0,11271011.42857143,0.8458507970130199,0
2021-11-16,724.3071899414062,728.6118351487053,721.3126268284178,727.582480851994,8245406,-0.5940042859915562,-0.0059577550902731235,1.0101193408361389,730.8778773716518,739.9818464006696,755.5020385742188,0.9910098695915182,0,0.8067901592548831,1.1451875288924216,1,11,4,0,0,12292239.714285715,0.6707814191434461,0
2021-11-17,716.2593994140625,722.4356398093381,715.1832094874179,719.1135702464771,7598878,-1.1111018417468421,-0.011173206862985329,1.010140660778541,726.2356654575893,736.2386561802456,754.6450032552083,0.9862630458430585,0,0.7540781685305318,1.1580385488304255,2,11,4,0,0,10671568.0,0.712067617429791,1
2021-11-18,720.2833251953125,722.2016985884679,713.6625466615229,714.0368884967193,9152874,0.5617972740800115,0.0056022507881247,1.0119652515980988,724.0398821149554,734.4272199358259,753.7708150227865,0.9948116712733147,0,0.6846291489546099,0.9368709193051314,3,11,4,0,0,10165482.0,0.9003876058213471,0
2021-11-22,709.0303344726562,726.5063407477103,701.4036193856,723.3714420794946,15261272,-1.5623006015868635,-0.01574633133551763,1.0357892669332092,721.3728550502232,732.1712820870536,752.2181701660156,0.9828902342371788,0,0.7919474863006846,0.996488463696917,0,11,4,1,0,10386502.857142856,1.469336908669383,1
2021-11-23,709.1239013671875,714.8556604723817,700.1402120099383,702.7838511021728,11235214,0.013196458597342087,0.0001319558794134086,1.0210178592944958,719.1837419782366,729.1717136928013,750.7372721354167,0.986012141231978,0,0.803310065115316,0.8724797299835979,1,11,4,0,0,10848761.42857143,1.0356218148931549,1
2021-11-24,710.293701171875,718.8562137965511,708.422106222235,713.0776758128465,30802286,0.16496409194952655,0.001648281756462296,1.0147286589205375,716.8475952148438,726.2072448730469,749.4177978515625,0.9908573397096987,0,0.7874452520200558,0.8759707659498471,2,11,4,0,0,13118503.42857143,2.3480030452951057,1
2021-11-25,713.989990234375,717.4290913331872,705.123332817624,708.7729654824068,10251652,0.5203888273824786,0.005190394839214679,1.017451923575398,714.7554059709821,724.3523559570312,747.7356994628906,0.9989291221441449,0,0.8232566984457835,0.8382322488472451,3,11,4,0,0,13221083.142857144,0.7754018251930126,0
2021-11-26,697.122314453125,704.9829786803473,694.8295993014816,701.8480801025066,18624936,-2.3624526970907556,-0.02390806057698321,1.0146127617319023,710.8718523297991,720.8748648507254,745.5568501790365,0.980658204665705,0,1.142655472717076,0.9524970754265027,4,11,4,0,1,14703873.142857144,1.2666687082408374,1
2021-11-29,702.4329223632812,705.4274854622762,684.0678984147324,699.4149985992442,12990996,0.761789975740812,0.007589030083870365,1.0312243669042835,708.8966413225446,717.5661533900669,743.402176920573,0.9908820008694013,0,1.2040876316028575,0.982864939030533,0,11,4,1,0,15474175.714285715,0.8395274966411781,0
2021-11-30,698.8302001953125,715.4171880192514,695.554908948658,699.5086305355009,25221542,-0.5128919863049197,-0.00514211791972103,1.0285560188204488,705.8319091796875,714.9358956473214,740.3787719726563,0.9900802033836749,0,1.1472578975575674,0.9099962019851289,1,11,4,0,0,17769699.714285713,1.419356680502793,1
2021-12-01,704.0238037109375,705.1467720355122,696.7479559415331,699.508569747121,8677634,0.7431853280200906,0.007404373126933783,1.0120543103461703,705.1166904994419,713.2447727748325,737.7951924641927,0.9984500625169852,0,1.09625147049628,0.9295358932271074,2,12,4,0,0,16829180.0,0.5156302327267283,1
2021-12-02,713.896484375,715.3235983422754,701.8480921268228,703.9536364032033,11203110,1.4023219970721534,0.013925804286214432,1.0192000325520834,705.7984880719866,712.4911150251116,735.2537251790365,1.0114735245822564,0,1.2361169113302877,1.0232989744330383,3,12,4,0,0,16824593.714285713,0.6658770006723831,0
2021-12-03,708.1881103515625,718.6689956881011,705.146768758102,713.9198695084689,8124694,-0.7996080872194056,-0.00802822097139304,1.019176471522112,705.4976893833706,711.1726422991071,732.753584798177,1.0038135078380532,0,1.2809397295146132,1.0322804756969053,4,12,4,0,1,13584937.714285715,0.598066341626005,0
2021-12-06,703.6260986328125,710.6445792398034,700.6081177018816,707.9307438918171,7029532,-0.6441807836176872,-0.0064626458179976335,1.0143253571923248,704.0171334402902,709.3862697056362,730.0631652832031,0.9994445663480279,0,1.2723327511523963,1.0304890495352381,0,12,4,1,0,13124634.857142856,0.5355982910392588,1
2021-12-07,713.873046875,716.8208316271332,706.4802814453766,708.3752369718545,12427534,1.4563058792301575,0.01445803586046385,1.014636714503342,706.4100952148438,708.6409737723214,727.6449076334635,1.0105646163761102,0,0.9755145340570031,1.1188564170465252,1,12,4,0,0,12239291.714285715,1.015380161704502,1
2021-12-08,727.0210571289062,727.6059305314374,717.7566395861959,718.6924370302457,15295534,1.8417854983406423,0.018250300494846054,1.013722326485088,709.9226858956473,709.409663609096,726.0353393554688,1.0240848356771237,1,1.1263724902899703,1.1892481031794888,2,12,4,0,0,12568511.42857143,1.2169725975050119,0
2021-12-09,714.4111938476562,727.4421625905692,712.141896337171,722.9971244728273,11747744,-1.7344564036491428,-0.01749674320872847,1.021484856223308,712.1485421316964,708.9902256556919,724.0717244466146,1.003177218771223,1,1.3760689796327163,1.2776735916934063,3,12,4,0,0,10643683.142857144,1.1037292112443031,0
2021-12-10,712.399169921875,714.9491949236455,705.8017527309845,713.4987204148438,7779384,-0.2816338745960767,-0.0028203120898685355,1.0129603563001457,713.3450230189732,709.2308567592075,722.1962280273438,0.9986740594430796,1,1.3785052168772436,1.2049093439302947,4,12,4,0,1,10515361.714285715,0.7398113551749025,0
2021-12-13,707.0651245117188,719.4644399316592,705.216890396181,714.0134087105283,10322142,-0.748743911470473,-0.007515610697051634,1.0202030747270872,712.3691144670759,709.0838012695312,720.9102844238281,0.9925544358287838,1,1.2972521236182053,1.223310886675579,0,12,4,1,0,10389509.142857144,0.9935158493119515,0
2021-12-14,702.9944458007812,709.3344966351345,700.4678382738138,703.0178635846237,9191100,-0.5757148202930495,-0.005773784462983537,1.01265819481901,711.6271623883929,708.5624258858817,719.6563171386719,0.9878690456971342,1,1.2806468407759988,1.2309773052878075,1,12,4,0,0,10541852.857142856,0.8718676047325375,0
2021-12-15,701.84814453125,712.7735692244768,699.812796335419,703.2518408203125,10115148,-0.16305979035516893,-0.0016319287752543878,1.0185203428072866,711.3731689453125,707.6951511928013,718.013993326823,0.9866103687489586,1,1.2591847144012274,1.2194009837985194,2,12,4,0,0,10982655.142857144,0.921011164279218,1
2021-12-16,701.8948974609375,709.8023976917555,699.0407265336075,707.8372458051468,13210432,0.0066614024774258596,6.661180615863701e-05,1.0153949129852744,709.6620047433036,708.0360499790737,716.3506144205729,0.9890552020110256,1,1.0806759074258996,1.0338703719369964,3,12,4,0,0,11094497.714285715,1.1907192502270494,0
2021-12-17,689.2381591796875,704.6553975205238,686.7348556001799,700.4443094875326,14994768,-1.8032241475233635,-0.01819680362617288,1.026095285209722,704.2644478934152,707.0935668945312,714.6599385579427,0.9786638545241435,0,0.735397277513893,1.122235230154014,4,12,4,0,1,11051531.142857144,1.3568045736080163,0
2021-12-20,667.059814453125,682.1963264598411,661.6555614483385,679.3889341698829,21156668,-3.217805693311959,-0.03270715173789611,1.0310444983890705,697.4999651227679,704.8242536272321,712.0350260416667,0.9563582047430137,0,1.1568758142155575,1.3933989478553155,0,12,4,1,0,12395663.142857144,1.7067798435770887,1
2021-12-21,674.616455078125,678.8041261339001,669.0952268629861,673.5402650834045,9118750,1.1328280404951707,0.011264595942141839,1.0145104895104895,692.1024344308036,702.7237287248884,709.5637451171875,0.9747349836053397,0,1.3958136611841445,1.4199651829134035,1,12,4,0,0,12587001.142857144,0.7244577081153836,1
2021-12-22,676.207275390625,681.2606049221063,671.7622371030151,679.5294023303934,8577484,0.23581107465215911,0.0023553347665641092,1.0141394786644349,687.6941702706473,700.0316423688616,707.5821940104166,0.9832965068243903,0,1.4466403400834869,1.3449570364601793,2,12,4,0,0,12337764.285714285,0.6952219057979363,0
2021-12-23,675.6925048828125,682.1027513772324,672.3002392895576,679.9737894341596,9779166,-0.0761261415762049,-0.0007615513223727618,1.014580557189796,683.7938929966518,697.7105276925223,705.8486267089844,0.9881522953088453,0,1.461799357133436,1.341414959047936,3,12,4,0,0,12421773.714285715,0.7872600342697781,0
2021-12-24,673.2594604492188,679.3889220832733,668.1593531232193,676.3475804899253,5561024,-0.3600816075376989,-0.003607314618309992,1.0168067226890756,679.7097952706473,695.54148210798,704.1423522949219,0.9905101635046172,0,1.4548756885275054,1.3383855701936704,4,12,4,0,1,11771184.57142857,0.4724268799163944,1
2021-12-27,678.8275146484375,680.3247677693998,665.4222043278841,668.5805208219992,4705098,0.827029477685115,0.008236283283713399,1.0223956509785668,676.4144548688616,693.0382298060825,702.5483784993489,1.003567427872374,0,1.5408081438545382,1.2841047606695484,0,12,4,1,0,10556136.857142856,0.44572158012675583,1
2021-12-28,683.5065307617188,686.3607017715158,680.0440685179192,683.459695192528,5450678,0.6892790896527723,0.006869144212269663,1.0092885645887082,675.5956508091518,689.9300493512835,701.0440856933594,1.011709489164254,0,1.466470961992837,1.1640305206411987,1,12,4,0,0,9192695.42857143,0.5929357762750387,0
2021-12-29,680.2545166015625,683.6000037447715,677.2365928197368,681.2839280160719,7668702,-0.47578391921612173,-0.0047691937387710015,1.0093961416032469,677.4806082589286,687.4902866908482,699.5756632486979,1.004094446850313,0,0.6196416432465657,1.1028199361813118,2,12,4,0,0,7265843.142857143,1.05544557585707,1
2021-12-30,683.8339233398438,686.3371698637603,676.1135950913953,682.4302272946713,7215918,0.5261863980210446,0.005248068745210571,1.0151210903708912,678.7973894391741,685.4499119349888,698.494814046224,1.0074197897325898,0,0.5142468357275457,1.1271764843766812,3,12,4,0,0,6994010.0,1.0317282932109049,1
2021-12-31,692.2094116210938,694.7360762558859,683.8340127004611,683.8340127004611,6325736,1.2247839709887742,0.012173441781042368,1.0159425582128805,681.0834089006696,684.3887895856585,697.5590169270833,1.0163357418122732,0,0.6461930858120822,1.1866770086780858,4,12,4,0,1,6672331.714285715,0.9480547836757516,1
2022-01-03,711.0422973632812,712.6097466433577,692.7240511526534,694.8295953810808,9069184,2.72069195044351,0.026843390208553204,1.0287065180682202,686.1333792550223,684.9636361258371,697.6260823567708,1.0363033177824756,1,1.0725528752284503,1.4021075427393672,0,1,1,1,0,6570905.714285715,1.3802030335457125,1
2022-01-04,715.20654296875,717.2418907829757,705.4976454563792,711.205986448363,8857352,0.5856537115880078,0.005839454267492221,1.016646753397737,692.1258196149554,685.9178074428013,697.8288370768229,1.0333475831990127,1,0.9657143344238716,1.405965196666485,1,1,1,0,0,7041809.714285715,1.2578232527401438,1
2022-01-05,732.1912841796875,735.5367713761124,714.9960066045779,719.066759647386,14332638,2.374802269066989,0.02347042474559181,1.028728502791337,699.7492152622768,688.0818350655692,698.5587565104166,1.0463624227220474,1,1.1189662258064244,1.5255432144365502,2,1,1,0,0,8417172.57142857,1.7027853330049345,0
2022-01-06,720.4470825195312,727.4655635961949,715.9084876032401,721.967753419475,9628930,-1.6039799863657112,-0.01616982976379793,1.0161432308641098,705.0264369419643,690.3110438755581,698.7739929199219,1.021872435939358,1,1.5203290536511682,1.505072989106693,3,1,1,0,0,9014065.714285715,1.0682116489055358,1
2022-01-07,725.5003662109375,733.0803024514203,718.6456386996041,722.4356068198455,11179384,0.7014094184036423,0.006989609849041687,1.0200859268803688,711.4901297433036,694.485369001116,699.7199279785157,1.0196913996160266,1,1.422194447366978,1.1067135892889752,4,1,1,0,1,9515591.714285715,1.1748490620101366,1
2022-01-10,729.5242919921875,735.536779049019,723.137463117213,728.9861970473102,8856496,0.5546414541822697,0.005531089823401871,1.0171465545131027,718.0173252650669,698.4073573521206,700.6229736328125,1.0160260293480698,1,1.4208786187952136,1.0963342531868725,0,1,1,1,0,9749960.0,0.9083622907170901,1
2022-01-11,732.6826171875,733.992699333782,724.2136617774655,730.6472691784858,8389198,0.43292940755785825,0.004319949642141405,1.0135029730484721,723.7992117745536,702.4413103376116,701.751387532552,1.0122733007558364,1,1.4256485071316178,1.0930280119426385,1,1,1,0,0,10044740.285714285,0.8351831666500316,0
2022-01-12,728.3545532226562,737.7125276138084,726.1788127534048,733.6651922663265,21085530,-0.590714705564821,-0.005924663263424103,1.0158827476894734,726.2723911830357,706.202885219029,702.562412516276,1.0028669161390382,1,1.226823786854766,1.1249784819695547,2,1,1,0,0,11761361.142857144,1.792779742402993,0
2022-01-13,714.94921875,727.5824837410013,711.393200027693,727.5824837410013,41963896,-1.8404957329288818,-0.01857643585214966,1.022757152742925,726.2356305803571,709.1807250976562,702.5975036621094,0.9844590221752989,1,1.4683164633856722,1.275884956099145,3,1,1,0,0,16490867.42857143,2.5446748742455476,1
2022-01-14,722.9737548828125,724.6347611521733,710.7381913179858,715.885077496062,11208968,1.1223924612215663,0.01116140375499356,1.0195523049189432,724.9188406808036,712.3340279715402,703.0903584798177,0.99731682267195,1,1.179120706140872,1.285227430047944,4,1,1,0,1,16044628.857142856,0.6986118594454066,0
2022-01-17,711.9078979492188,728.0504036864833,710.8083473875251,715.8850370439071,22989372,-1.5306028550631678,-0.015424374967728497,1.024256969353735,723.698957170759,714.3626970563616,703.3664184570313,0.9837072319854704,1,1.1645338966061007,1.3874628414934793,0,1,1,1,0,17953263.42857143,1.2805121526493026,1
2022-01-18,715.5341186523438,725.664137379117,712.6097516478794,717.2887388550224,12341152,0.5093665505848444,0.005080736676541638,1.018319123055852,722.2752075195312,716.8826686314175,703.421787516276,0.9906668693636349,1,1.1427978589743015,1.3699548597655433,1,1,1,0,0,18119230.285714287,0.6811079612874126,0
2022-01-19,710.4807739257812,720.4470393034343,708.0945019261654,717.7566217187649,14317626,-0.706233929987865,-0.007087395658769342,1.0174447582118875,719.554704938616,718.7860151018415,702.8704447428386,0.9873895188919529,1,1.1042581108931815,1.3984808011455403,2,1,1,0,0,18899391.714285713,0.7575707311880077,0
2022-01-20,706.0592651367188,715.1832914257618,701.8949545353325,715.1598736399388,15197846,-0.6223263107643762,-0.006242708326617795,1.0189320877783292,715.7513689313616,719.7752903529575,702.5920471191406,0.9864588400171508,0,1.0465961035310358,1.3898463562580279,3,1,1,0,0,19872055.714285713,0.7647847921981471,1
2022-01-21,711.9546508789062,715.7914544908904,695.1102976698634,701.8480503767886,11537694,0.8349703818483212,0.008315037874789969,1.0297523384279503,713.4085257393973,719.8404584612165,702.5772298177084,0.9979620724899745,0,1.1633528213687514,1.2000162917474855,4,1,1,0,1,18508079.14285714,0.6233868955792079,0
2022-01-24,695.6016235351562,711.790907358927,686.6647696631117,706.5036291281489,11868508,-2.2969198000971303,-0.023237100313469258,1.0365915637526337,710.6445835658482,718.4401070731027,702.1951131184895,0.978831950065376,0,1.2706825577829777,1.3344887689913996,0,1,1,1,0,14208738.0,0.8352964211177657,1
2022-01-25,696.2567138671875,699.5085871279545,675.6457523831212,682.5004800615633,13594248,0.09417607864425914,0.0009413176079767255,1.0353185595567866,706.827863420759,715.8733520507812,701.9705220540365,0.9850442376416637,0,1.1177215485127534,1.1191329954972176,1,1,1,0,0,14549492.285714285,0.9343451807832353,0
2022-01-27,690.127197265625,694.8296022690124,671.4346661656787,678.4531469966787,28617838,-0.8803529616996597,-0.008842509626930967,1.0348432055749128,703.7163347516741,713.7076459612165,701.579823811849,0.9806894670267325,0,1.0454945161624516,1.072654756059956,3,1,1,0,0,15353558.857142856,1.8639221216575643,0
2022-01-28,684.6527709960938,695.6249726359689,683.1321002250448,691.3203274537698,24925208,-0.7932488809630489,-0.007964118377490819,1.0182876377889556,699.3047136579241,710.7899605887277,701.0050862630209,0.97904784227009,0,0.9612629559280904,1.0390364107768746,4,1,1,0,1,17151281.14285714,1.4532563365029092,1
2022-01-31,695.1571655273438,697.8944189691098,686.3139246484154,689.0978994263672,12842546,1.5342659777696221,0.015226151361191957,1.0168734654868423,697.1156267438616,708.3351658412388,701.2023864746094,0.9971906221272565,0,1.2569558070127769,1.137202584930287,0,1,1,1,0,16940555.42857143,0.7580947421794771,1
2022-02-01,700.4443969726562,709.8023715481092,689.4253590634428,705.8252323535418,14739484,0.760580730157856,0.007577028978695443,1.0295565172020185,696.3135027204241,706.0324358258929,702.3152058919271,1.0059325206765244,0,1.3063301354200525,1.1574807775895883,1,2,1,0,0,16875075.14285714,0.873447014322713,1
2022-02-02,716.446533203125,718.2245712750496,704.4683367927917,707.439482390718,13969290,2.2845690963666065,0.02258863586932276,1.0195271153631764,696.9552001953125,705.181862967355,703.709541829427,1.0279664073133399,0,1.5689736839322195,1.3446798376109448,2,2,1,0,0,17222446.0,0.8111095253252645,0
2022-02-03,709.0303344726562,720.5406318948554,706.0591889378767,715.3001889256323,10564762,-1.035136383075519,-0.010405311810370892,1.0205102393451788,698.8735874720982,704.7590855189732,704.8036437988281,1.0145330245449626,0,1.2964587196102815,1.2806217405795148,3,2,1,0,0,17036196.57142857,0.6201361880103085,1
2022-02-04,713.0776977539062,717.218590284089,708.4454886877073,715.1364636851665,11579958,0.570830764844521,0.005692076997414178,1.0123835944140638,701.2765851702009,704.05222429548,706.0498168945312,1.0168280430763865,0,1.297546734555129,1.2498357686488877,4,2,1,0,1,16748440.857142856,0.6914051342911357,0
2022-02-07,686.9454956054688,710.7381333465257,683.1321097339879,707.5096208566665,12268042,-3.6647061366174016,-0.03733543522785558,1.0404109589041095,700.8220563616071,702.2691955566406,706.5060180664062,0.980199594704282,0,1.9829098670616994,1.5362326405843048,0,2,1,1,0,14412755.714285715,0.8511933625462128,0
2022-02-08,683.997802734375,691.7649108616467,675.9031883160477,690.8057526569561,13981130,-0.4291014192466136,-0.00430024701544865,1.0234674474389107,700.7284894670759,700.0166015625,706.6783610026042,0.9761238668269003,1,1.9648240147766307,1.5212523786478025,1,2,1,0,0,12849316.0,1.0880835991581186,1
2022-02-09,700.72509765625,701.7076735253208,686.4074085334615,689.6826995080589,11308342,2.4455188094180125,0.024160947470960033,1.0222903552637186,701.523908342634,699.3197675432477,707.2523132324219,0.998861320794795,1,2.108143667673436,1.682830603980214,2,2,1,0,0,12630144.0,0.8953454529101172,1
2022-02-10,713.5923461914062,718.4585044373451,702.6201437504593,708.3986816790235,14314530,1.8362762484452233,0.01819620286793902,1.02254185398435,703.4021868024554,699.8578447614398,708.36357421875,1.0144869600637347,1,2.1987545607521546,1.749465370922122,3,2,1,0,0,12569436.285714285,1.1388362751215095,0
2022-02-11,710.66796875,713.5455573389709,701.614139822811,701.965063867404,10711104,-0.4098106512792965,-0.004106526763885491,1.0170056685561855,702.576677594866,699.7659388950893,709.2580423990886,1.0115165951463587,1,2.0192704303924054,1.7403058326731713,4,2,1,0,1,12103981.142857144,0.884924048838335,0
2022-02-14,689.5423583984375,701.5907510950923,687.4836496114692,697.1691307967247,14656620,-2.972641413502919,-0.030177199969091104,1.0205199083521415,699.7926810128348,699.3331342424665,709.169140625,0.9853523437833593,1,2.284502524028363,1.816641334896893,0,2,1,1,0,12688532.285714285,1.1551075940045121,1
2022-02-15,710.1767578125,713.4988275713342,689.2382883898335,690.6185668794573,13135066,2.9924774254606934,0.02948576487011541,1.0351990590049445,699.3782610212054,700.3274230957031,709.1402893066406,1.0154401378955173,0,2.6115227450706477,1.990771385051404,1,2,1,0,0,12910690.57142857,1.0173790416035509,0
2022-02-16,709.2174682617188,718.1075437339092,705.1233545574205,717.9203728269758,10032264,-0.13507757614260596,-0.0013516888813777128,1.0184140676841407,702.5599714006696,701.6910138811384,708.9406534830729,1.0094760549021549,1,2.0789590433571186,1.970676039958447,2,2,1,0,0,12591293.714285715,0.79676197121966,0
2022-02-17,704.8894653320312,712.1418959411561,702.7839209616402,707.9775856519622,7351208,-0.6102504694780575,-0.006121201078542994,1.0133155792276964,705.5444946289062,703.136492047991,708.0305928548177,0.9990715974656998,1,2.0931731209935083,1.964082719802673,3,2,1,0,0,11644162.0,0.6313213436913708,1
2022-02-18,707.6265258789062,709.8022660676812,697.3795338182344,701.0525839865,7796128,0.3882964183023585,0.003875444935959586,1.0178134454010013,706.5304129464286,704.0271606445312,707.6032409667969,1.001551402335119,1,1.9018980757028945,1.9289429215396483,4,2,1,0,1,11142417.142857144,0.6996801412158326,1
2022-02-21,712.1885375976562,716.2124546426367,699.7658624683879,703.7195832911957,7468066,0.6446920164678405,0.006426227662530161,1.0235029930100252,706.3298688616071,704.8660278320312,707.1595133463542,1.0082945221408965,1,1.7755290722643426,1.926342252751155,0,2,1,1,0,10164350.857142856,0.7347312292699854,0
2022-02-22,706.8545532226562,712.1886099012698,696.209857647376,697.0755159478297,9536196,-0.7489567850940904,-0.007517755494611807,1.0229510571825124,705.7850952148438,704.180886404855,706.4038553873698,1.0015152742882547,1,1.792654774074851,1.8345123259267075,1,2,1,0,0,9996506.857142856,0.95395282935119,0
2022-02-23,702.2692260742188,713.873080486644,699.8127577039627,713.592352667638,9029562,-0.6486945762083973,-0.006508077430977392,1.020091549672247,707.6032191685268,703.6979500906808,705.3900756835938,0.9924618869024143,1,1.31576750752275,1.8219081542133828,2,2,1,0,0,9192641.42857143,0.982259785738562,0
2022-02-24,664.135498046875,690.127239373635,658.4037383518357,678.4064099406461,23630766,-5.430072486661064,-0.05583065144781072,1.0481824436495635,701.025896344866,700.2020786830357,703.2494405110677,0.9473765541468057,1,2.0540259034329824,2.30557539967963,3,2,1,0,0,10692027.142857144,2.21012963063666,1
2022-02-25,681.3074340820312,685.8928651876679,670.4287869369182,673.7508570073841,18318654,2.5856073174309158,0.025527457351276903,1.0230659520474987,697.0387486049107,699.7993600027902,702.1280476888021,0.9774312194919366,0,2.449750004068542,2.246170050184892,4,2,1,0,1,11875797.142857144,1.5425199487360728,0
2022-02-28,667.3404541015625,673.0956303823214,661.6321133793498,667.2234794382668,24880832,-2.0500260648538715,-0.020713307701240836,1.0173261194116177,691.6746041434152,698.6095493861607,700.273604329427,0.9648185000633519,0,2.5156363969007054,2.3089388054121307,0,2,1,1,0,14380029.142857144,1.7302351582756577,0
2022-03-02,643.0098266601562,654.3095923595013,633.7220483369093,648.7415860755369,38505560,-3.6459092644342217,-0.037140334991462944,1.0324867093966832,682.4436471121652,694.4870300292969,697.977001953125,0.9422167374275114,0,2.6685078732296184,2.3554981847641328,2,3,1,0,0,18767090.85714286,2.0517596623317127,0
2022-03-03,641.4890747070312,651.3149467484956,637.6991069143452,646.1680613934428,17527922,-0.236505243010654,-0.002367853584060648,1.0213515115303107,672.3437238420759,689.3367963518415,695.5088338216145,0.9541088166054006,0,2.57925013463632,2.254510734348245,3,3,1,0,0,20204213.14285714,0.8675379672579182,0
2022-03-04,639.3836059570312,648.5076310694807,625.5338151583654,636.3422642528815,21219364,-0.32821583921153197,-0.003287556488812668,1.0367267369955036,662.7050170898438,684.2450561523438,693.1389282226562,0.9648087602607499,0,2.6031963914731855,2.255518687131606,4,3,1,0,1,21873237.14285714,0.9701062472561055,0
2022-03-07,619.8722534179688,623.4048545200336,606.8880638056838,616.9244686053191,27054458,-3.051587866388572,-0.030991182632508534,1.027215547148474,650.9340209960938,679.2686200823102,690.2660278320312,0.9522812350004496,0,2.646694043076477,2.2616519232797008,0,3,1,1,0,24448222.285714287,1.1066022585948345,1
2022-03-08,621.2759399414062,624.1768891432812,604.5251430083352,609.2976870802052,39212492,0.2264477101044049,0.0022619170368495356,1.0325077399380806,644.8112269810268,672.9185616629464,687.2434041341146,0.9635005005266245,0,2.147544648895979,2.0188712793555696,1,3,1,0,0,26674183.14285714,1.4700540890040483,1
2022-03-09,641.559326171875,643.2203323186494,617.0882008482499,622.3052828761213,23134694,3.264795065519799,0.032126329200284236,1.0423474819879528,639.1329258510044,668.0858372279575,685.4419942220052,1.0037963938685208,0,2.3395404002168303,2.306087668795699,2,3,1,0,0,27362188.85714286,0.8454986595109595,1
2022-03-10,651.6425170898438,667.6914658500247,645.8172009386801,667.6914658500247,22273206,1.5716692917760566,0.015594464718254849,1.033870675602246,636.890363420759,664.2824837820871,683.9548543294271,1.0231627836066643,0,2.4241087875286733,2.384197034723895,3,3,1,0,0,26989670.85714286,0.8252492636124669,1
2022-03-11,653.5609130859375,659.2458364766177,642.2845089628895,649.4433817670237,15150780,0.29439392700481015,0.0029396143669242086,1.0264078103660261,638.3976614815848,660.420654296875,682.7359781901042,1.023752047539087,0,1.9282901019500172,2.381537201936173,4,3,1,0,1,23653273.714285713,0.6405362819121939,1
2022-03-14,674.96728515625,678.4531075865442,662.0766532654897,662.0766532654897,25018126,3.2753445993637165,0.03222848400535224,1.0247349823321554,643.1802629743304,657.7619934082031,682.4131286621093,1.0494216380877786,0,2.2163409195535877,2.5778424549610093,0,3,1,1,0,24723302.85714286,1.0119249092469844,0
2022-03-15,666.2877807617188,678.219198184067,660.5560214117672,675.4118058493968,18867928,-1.28591482660112,-0.012942542806319086,1.026739861873561,647.0237165178571,654.8643668038504,681.4508158365885,1.0297733510411902,0,2.32110442247302,2.588183837834631,1,3,1,0,0,24387383.42857143,0.7736757842538768,1
2022-03-16,677.5875244140625,680.7926191358266,671.996100591785,677.0494294773479,13364108,1.6959253911914107,0.01681705128043139,1.013090133315201,655.2687552315848,653.1013881138393,680.6889200846355,1.0340604812976162,1,1.6754706284749605,2.6453747460593195,2,3,1,0,0,22431619.14285714,0.5957709924945613,1
2022-03-17,692.5135498046875,697.075562498746,688.0685117950921,688.7469421183597,14823954,2.202818802417017,0.021789072638114484,1.0130903399141975,665.445556640625,655.1283918108259,679.8911539713541,1.0406764954607408,1,1.6319798857063288,2.2459351031985753,3,3,1,0,0,18947542.285714287,0.7823681708406418,1
2022-03-21,695.5314331054688,698.8769203085982,689.1212436187219,695.765382460701,12257876,0.4357868956690325,0.004348400942711808,1.0141566912647288,673.1558576311384,656.1443917410714,679.4411905924479,1.0332398139608723,1,1.4874137964279677,2.1507986775149903,0,3,1,1,0,17393711.14285714,0.7047303418646106,1
2022-03-22,699.11083984375,700.9122383788925,681.8219489596073,693.098353094048,10461814,0.5146290401714326,0.005133093506603893,1.02799893645022,679.9370465959821,658.4137050083706,678.9756286621093,1.028199365432078,1,1.4934836123598803,2.054294028844814,1,3,1,0,0,15706369.42857143,0.666087350585867,0
2022-03-23,692.13916015625,710.6445768066046,689.4955210466934,705.1233492347262,31188256,-0.9972209398238174,-0.010022264932582493,1.0306732315357259,685.448224748884,661.9229431152344,679.148750813802,1.0097614016139838,1,1.6675692196624132,1.7583968015107005,2,3,1,0,0,17997437.42857143,1.7329275972638072,0
2022-03-24,675.0140991210938,687.6473645478017,671.22413091639,685.93952279829,20160044,-2.4742222404075864,-0.02505345565057626,1.0244675852296756,685.4549124581473,664.3175877162388,678.8492940266927,0.984768052358672,1,1.6808690791827066,1.9280824748777787,3,3,1,0,0,17303425.714285713,1.165089753490597,0
2022-03-25,669.5162963867188,679.3889480514861,663.948290141225,678.9210493269327,16366462,-0.8144722816210037,-0.008178072275931677,1.0232558139534884,685.9161289760044,666.4699227469308,677.8090006510416,0.9760906153150696,1,1.6287826036991202,1.9461509160071315,4,3,1,0,1,16946073.42857143,0.9657967120811484,1
2022-03-28,670.4053344726562,672.8383850629837,655.8068595810566,669.5163154473864,15754886,0.13278811744172891,0.0013270003199044597,1.025970337505782,684.8901018415179,670.0794285365513,676.36943359375,0.9788509611543292,1,1.4697823287010503,1.6872496760972502,0,3,1,1,0,17287613.14285714,0.911339574168431,1
2022-03-29,679.2953491210938,683.2490702523118,669.0951347103618,674.2420203619799,12377448,1.32606561900801,0.013173503312903883,1.021153846153846,683.0017874581473,674.2236720493862,675.3236796061198,0.9945733109266853,1,1.2587899063498722,1.6953766861971549,1,3,1,0,0,16938112.285714287,0.7307454214032587,1
2022-03-30,691.0630493164062,693.7768849654531,680.3482134276455,688.746973305781,20109742,1.7323392851928299,0.017175053590958535,1.0197379390035477,682.3634469168527,677.7596522739956,675.3743693033854,1.0127492210183022,1,1.459077501455088,1.5576552275156381,2,3,1,0,0,18059807.42857143,1.1135081079649545,0
2022-03-31,687.9749145507812,694.6892501793495,685.8927879631939,688.2790601611094,14295714,-0.44686729650496027,-0.0044786873291657444,1.0128248355581597,680.7726004464286,680.3548235212054,674.6343078613281,1.0105796180686908,1,1.438567750683782,1.5485649974492057,3,3,1,0,0,18607507.42857143,0.768276678371722,1
2022-04-01,704.6554565429688,706.5270513810643,687.9514954595828,690.8056661643701,14568556,2.424585786398792,0.02395659336928798,1.0270012581469457,682.5606427873884,684.0044337681362,674.4822408040365,1.0323704772448514,0,1.6899456929644987,1.6394414469387135,4,4,2,0,1,16233264.57142857,0.8974507829830761,1
2022-04-04,775.214599609375,805.7683508673401,731.1151465312183,739.2799561112737,97450970,10.01328272012092,0.09543092451548808,1.102108682456265,696.875,691.1649562290737,676.8264119466146,1.1124155689461883,1,3.703475390180341,2.9587365104721206,0,4,2,1,0,27274825.42857143,3.572927359524595,0
2022-04-05,752.4981079101562,779.8467649375319,749.573740943305,779.8467649375319,30922582,-2.930348797696203,-0.029741411529876544,1.0403869857502341,708.7295445033482,697.3228367396763,678.3221313476563,1.061756369190845,1,4.04689601483272,3.087700341299166,1,4,2,0,0,29354271.14285714,1.0534270072491472,0
2022-04-06,725.6407470703125,743.8654372020744,724.0031014858087,742.882804158136,27027860,-3.5690934711360534,-0.03634342860918856,1.0274340478314306,716.6203177315848,700.7552097865513,678.7705383300781,1.0125874596568534,1,4.508987935055022,3.298737080010494,2,4,2,0,0,30964696.0,0.8728604989372413,0
2022-04-07,709.6854248046875,721.1957225623213,708.258310779131,721.1723618948894,40781732,-2.1987908383098276,-0.022233245407284663,1.0182665160242996,720.9617571149554,701.9817722865513,678.8649007161458,0.9843593197572754,1,4.688599719137967,3.3375204841234387,3,4,2,0,0,35022450.85714286,1.164445405786972,0
2022-04-08,708.702880859375,713.8965457644185,700.5848486523307,707.5097161535391,41256322,-0.1384478123645949,-0.0013854373989827483,1.019000834999065,723.4817330496652,702.922589983259,679.079355875651,0.9795725980143363,1,4.674433437161864,3.3382577504728252,4,4,2,0,1,38043390.85714286,1.0844543840721783,0
2022-04-11,700.0466918945312,706.5270778408221,698.6897741627865,704.6554829326345,20799066,-1.2214129783622796,-0.012289335273954424,1.0112171438138289,725.2062726702009,702.9894365583148,680.2763956705729,0.9653070006095889,1,4.7082635019098875,3.357216090599124,0,4,2,1,0,38972441.14285714,0.5336865074414783,0
2022-04-12,698.806640625,705.0530762404234,692.5602050095766,694.3616034064279,27435402,-0.1771383657531933,-0.0017729544127772095,1.0180386790065046,724.3707275390625,703.4656851632254,680.8597025553386,0.9647085588329715,1,4.618102827555316,3.344483302871725,1,4,2,0,0,40810562.0,0.6722622932759417,0
2022-04-13,685.4481811523438,702.9242433781278,684.3720484068768,697.1690664926792,28892520,-1.911610264709085,-0.01930117774305723,1.0271083470086744,711.5469534737723,704.2109767368862,681.4632934570312,0.9633210820536658,1,1.3088629696182437,3.314176772416281,2,4,2,0,0,31016497.714285713,0.9315210332948893,0
2022-04-18,652.9293212890625,669.8672911766866,650.402713602867,663.8781640232578,45620376,-4.74417479795658,-0.04860401687445888,1.0299269624291645,697.3228410993304,703.0261928013393,681.7939432779948,0.9363372068233397,0,1.7046044519582468,3.560213259453438,0,4,2,1,0,33116182.57142857,1.3775855928321759,0
2022-04-19,628.013671875,650.1687231151512,620.901633806875,646.1213875528598,74096022,-3.8159795557767495,-0.03890694976224088,1.0471364346858514,683.3761160714286,699.9982169015067,681.3447631835937,0.9189868611231331,0,1.7446992250592406,3.692433787068694,1,4,2,0,0,39840205.71428572,1.85983030638396,1
2022-04-20,633.6752319335938,636.29545322895,624.8085173031893,633.7453710453256,49325736,0.9015026761584055,0.008974633987617034,1.0183847300535223,672.5175170898438,696.7396371023996,681.1544840494792,0.9422434595840261,0,2.0596839023084335,3.6788492450258032,2,4,2,0,0,41060777.71428572,1.2012859654832784,1
2022-04-21,643.056640625,645.6067231021995,633.2074061310639,638.6817987018899,52446270,1.480475836617412,0.01469623770142318,1.0195817623910879,663.1394827706473,693.3106079101562,681.9272969563802,0.9697155083245237,0,2.3234195578192507,3.668038170996641,3,4,2,0,0,42659341.71428572,1.2294205182832638,0
2022-04-22,634.2833862304688,643.5243843889684,631.2654628430405,636.3421516738969,20659148,-1.3643050767665366,-0.013736972415005013,1.0194195980415548,653.7447248186384,689.4754987444196,682.3608784993489,0.9702309818353508,0,2.322672979114322,3.67611748611029,4,4,2,0,1,42639353.428571425,0.4845089415956502,1
2022-04-25,639.03271484375,641.3254301314081,618.6791193133066,631.663309565486,20935488,0.7487707728727422,0.007459813998739955,1.0366042914835034,645.2055925641741,684.7881600516183,682.2766581217448,0.9904326965054784,0,2.4263677886164166,3.599416061049072,0,4,2,1,0,41710794.28571428,0.5019201470150447,1
2022-04-26,641.98046875,646.6126204361926,635.0087663212903,641.9570509671229,17016842,0.4612837242567114,0.004602230713806994,1.0182735337373772,638.9959193638393,675.2714364188058,681.95458984375,1.0046706861432417,0,2.482594784400696,1.9547419972004694,1,4,2,0,0,40014268.85714286,0.4252693473108996,1
2022-04-27,642.2144165039062,645.2323404272349,634.5174482238076,636.3422646708045,18054334,0.036441568753908804,0.00036434930426933936,1.0168866785829473,637.4652186802456,667.3940298897879,681.5763732910157,1.0074501285473942,0,1.8192624913218567,1.9273518900101927,2,4,2,0,0,36076262.85714286,0.5004491200070453,0
2022-04-28,641.6528930664062,645.2323296688057,637.3248299413617,641.9570386552584,20773722,-0.08743550799698019,-0.0008747375513328411,1.0124073303846823,639.4136788504464,661.3948974609375,680.4658935546875,1.003501980470586,0,0.9102541647503947,1.8061830735348887,3,4,2,0,0,28458791.42857143,0.7299579833577914,1
2022-04-29,647.8525390625,657.2807094431166,641.7464951987836,645.8639695553754,28401476,0.9661993366017807,0.009615614808356474,1.0242061536144755,641.4390084402902,656.9782627650669,679.8513854980469,1.0099986601030155,0,0.9175488717901435,1.8236237368590682,4,4,2,0,1,25469611.42857143,1.1151122615141136,1
2022-05-02,656.7893676757812,658.0760890720459,637.3014329492237,637.3014329492237,19494316,1.3794541310609976,0.013700262656737383,1.0325978493829582,643.4008265904018,653.2701546805246,679.1581136067708,1.0208090206478748,0,0.896818251980909,1.8988760440430026,0,5,2,1,0,20762189.42857143,0.9389335391176677,0
2022-05-04,634.4705810546875,656.7425457804977,631.663189103118,655.0581220328631,29055916,-3.398165031214584,-0.03457244941395105,1.039703685619213,643.4275687081473,648.5861467633929,677.2233479817709,0.9860792603720053,0,1.5897983061322563,2.0438797388314507,2,5,2,0,0,21961727.714285713,1.3230250542219246,0
2022-05-05,633.0435791015625,643.3607691923194,630.0256550672423,643.3607691923194,17862912,-0.22491223324380138,-0.0022516554069134578,1.0211659858893427,642.5719778878348,643.8887852260044,675.1404195149739,0.9851714685449051,0,1.5571814408295377,2.04301468634819,3,5,2,0,0,21522788.285714287,0.8299534318170325,0
2022-05-06,616.5032958984375,624.6447444402929,614.3509733708648,622.3052510154229,26731268,-2.612819045822967,-0.02647559638138385,1.016755521706017,638.9323817661831,638.9641505650112,672.3868347167969,0.9648959944622849,0,1.7819134213725059,2.0836241955822485,4,5,2,0,1,22910563.42857143,1.16676606768491,1
2022-05-09,617.55615234375,620.6676904474025,606.162829230765,608.2683736009221,32762434,0.1707787212683387,0.0017063306022527965,1.0239289849478967,635.4097726004464,636.437495640346,669.9007344563802,0.9719021944160071,0,1.7901501187513014,1.7420007437972647,0,5,2,1,0,25011720.57142857,1.3098832567890286,1
2022-05-10,627.4755859375,633.0669526579659,615.3102195153957,615.3102195153957,20113812,1.6062399437045016,0.01593476403910272,1.0288581801169416,633.3844430106027,636.3990609305246,668.3161173502605,0.9906709785213279,0,1.9677644657116435,1.5068691627768454,1,5,2,0,0,24917447.714285713,0.8072179875978356,1
2022-05-11,631.0081787109375,634.002741829974,621.6736224435258,633.0669444250589,17102924,0.562984895764429,0.005614060587709004,1.0198321417241218,630.9781058175223,636.2085571289062,667.0325134277343,1.000047660755798,0,1.9299963152801591,1.494030215030548,2,5,2,0,0,23303368.85714286,0.7339249575821599,0
2022-05-12,616.7843627929688,628.0261632360961,612.0272830721492,625.3280964613642,22382290,-2.2541412929109828,-0.022799354187974945,1.0261407956907385,625.2631051199777,634.3319658551898,665.2451477050781,0.9864397207230354,0,1.87211722587761,1.5383313695992071,3,5,2,0,0,23715936.57142857,0.9437658062791725,0
2022-05-13,611.2462768554688,623.8607721581939,609.1872638600877,620.0977504004504,16768238,-0.8978966185883897,-0.009019520039737744,1.0240870240870241,621.9453473772321,632.6864580426898,662.9768452962239,0.9827974104688109,0,1.515911960243251,1.518109561278862,4,5,2,0,1,21960554.0,0.763561702496212,1
2022-05-16,617.7546997070312,621.0207502699137,608.382622442987,614.867343445593,9804356,1.0647791402582873,0.010591502884762528,1.0207733215261439,619.7612217494419,631.1665998186384,660.5332336425781,0.9967624272510198,0,1.6318887930578472,1.5363907625043995,0,5,2,1,0,20809331.714285713,0.47115189159434945,1
2022-05-17,621.9674682617188,623.3874853125446,614.4886886817793,621.3047820818717,16641444,0.6819484427533107,0.006796336920060848,1.014481628050559,620.5418178013393,629.7370997837612,658.3329854329427,1.0022974285043846,0,1.3094207609400996,1.545140805526177,1,5,2,0,0,19367928.285714287,0.8592268493824746,0
2022-05-18,621.9201049804688,631.1028928608465,620.0740713797754,626.7245072423251,15732384,-0.007615073724409616,-7.61536368586937e-05,1.0177862968153626,621.1652396065848,628.2875061035156,655.5751403808594,1.0012152408501835,0,1.3103106279227446,1.5446346387295835,2,5,2,0,0,16935064.0,0.9289828488395439,0
2022-05-19,609.2109985351562,613.6367067414336,605.0692821799639,608.8086141504247,20537506,-2.043527189993577,-0.020646960983502317,1.0141594108539151,618.5560128348214,625.9702279227121,650.0416870117188,0.984892210073527,0,1.340595065225303,1.6186232756595198,3,5,2,0,0,16995591.714285713,1.2084019400593813,1
2022-05-20,625.257080078125,626.7954317079133,611.7195972921158,616.760668804318,13919350,2.6339119913382225,0.025998218368183088,1.024645008076467,617.7344273158482,624.3562665666852,645.8003194173177,1.0121778104467383,0,1.7560884589739223,1.7771486245241361,4,5,2,0,1,16540795.42857143,0.8415163623846453,0
2022-05-23,617.2340698242188,629.5171940370686,614.9146971161438,621.9674599302327,19486320,-1.2831538433605294,-0.012914573701152326,1.0237471912598746,617.7986711774554,621.5308881487165,642.1867635091146,0.9990861078542617,0,1.5896496519943526,1.7325944642454145,0,5,2,1,0,16127085.42857143,1.2082976856733956,1
2022-05-24,624.3104858398438,627.1742100621962,613.8733949747416,615.3407344006453,12870796,1.146472037365065,0.011399498494062223,1.0216670329685844,619.6649867466518,620.8051670619419,639.3409322102865,1.0074967913187762,0,1.5804178762399186,1.5495043022176775,1,5,2,0,0,15570308.0,0.8266243673535553,1
2022-05-25,628.9728393554688,632.3571667282956,626.3220949288518,629.5408230008094,12887112,0.7468004496757885,0.007440257011109291,1.0096357319154283,621.267578125,620.514399937221,636.6832641601562,1.0124024840532053,1,1.5596503628745242,1.565357059835033,2,5,2,0,0,16010701.714285715,0.804906132783758,1
2022-05-26,646.912353515625,648.9477342187919,634.2742260052379,635.2919163568214,26992428,2.8521921834557373,0.028122744258600226,1.0231343283582088,624.8311331612723,622.6864754813058,634.912119547526,1.0353395008386264,1,1.8452471190797262,1.5543525571811991,3,5,2,0,0,17489413.714285713,1.5433580816921284,1
2022-05-27,658.9114990234375,660.1658009984677,648.8293564205711,649.3263854232065,24031718,1.8548332618172347,0.018378410264893837,1.0174721511376073,630.1156180245536,625.6404288155692,633.5822814941406,1.0456993608397782,1,1.8806886356760135,1.603332851759299,4,5,2,0,1,18675032.85714286,1.2868367185125624,1
2022-05-30,663.4083251953125,672.3780764931545,661.940928011891,667.5263515483781,12624674,0.6824628464580762,0.006801446101981062,1.0157674922936266,637.8580932617188,628.20705304827,632.8476196289063,1.0400562949714118,1,1.4052883360990007,1.5719414350227658,0,5,2,1,0,17544628.285714287,0.7195748917792485,0
2022-05-31,657.4441528320312,664.9466218858126,653.2077920753914,660.7338934097787,13485388,-0.8990198248605585,-0.00903085393275319,1.0179710498754528,642.4562465122768,630.0953369140625,632.9981140136719,1.023329069335258,1,1.4520917012894363,1.6091197317135486,1,5,2,0,0,17482633.714285713,0.771359065252313,1
2022-06-01,660.2368774414062,662.887564224445,652.8054784242131,653.2078050088518,12091896,0.4247850706930789,0.004238854057733323,1.0154442420191827,648.5995047433036,633.1990879603794,634.0722208658855,1.0179423089487378,1,1.1747099461095398,1.4307047568078957,2,6,2,0,0,16426287.42857143,0.7361307935576296,0
2022-06-02,655.621826171875,656.9945208046117,652.5451227243029,656.6395165606611,11475020,-0.6989993178532883,-0.007014537624732567,1.0068185293635068,653.0725533621652,636.3687700544085,634.8037740071615,1.003903506274434,1,1.3264807861066135,1.416707737282804,3,6,2,0,0,16226890.857142856,0.7071607309756972,0
2022-06-03,653.349853515625,663.0296130823147,651.4564974904033,661.8699556291225,6957244,-0.3465370684066271,-0.0034713889888491533,1.0177649860527822,656.5549839564732,638.9112810407366,635.1468811035156,0.9951182604364166,1,1.3843942598827879,1.4244727425209063,4,6,2,0,1,15379766.857142856,0.4523634242718597,0
2022-06-06,652.47412109375,656.5211926538722,644.0487215665758,651.4564884687982,6173266,-0.13403728755164712,-0.0013412719787513783,1.0193657260229607,657.3495221819196,641.090327671596,635.7532389322917,0.9925832438852518,1,0.9495602259909212,1.4291898111724017,0,6,2,1,0,12405600.857142856,0.4976192665787387,0
2022-06-07,644.9716796875,650.5097803969437,640.9482983756177,644.6876878569063,10253966,-1.1498450534212057,-0.01156506888074865,1.0149177118428399,655.3581194196429,642.7368687220982,635.9512044270833,0.9841515052238299,1,0.6782887335144282,1.4828948275199538,1,6,2,0,0,10437350.57142857,0.982429969159935,1
2022-06-08,647.2437744140625,653.6811733997421,642.3210371494931,650.0364861317101,5986588,0.35227821594636666,0.0035165916965670054,1.0176860722181282,653.0488978794643,645.4534955705915,636.1266479492188,0.9911107369076775,1,0.6059584164315875,1.3251676976482436,2,6,2,0,0,9489052.57142857,0.630894175676247,1
2022-06-09,652.119140625,654.178211573515,642.3920584937911,644.8060759244232,7311816,0.7532503831884751,0.007504276186173812,1.0183472895156251,652.2881818498884,647.3722141810825,636.4568054199219,0.9997408488616044,1,0.6744753439303355,1.1723445578741092,3,6,2,0,0,8607113.714285715,0.849508469705026,0
2022-06-10,639.5283203125,647.5040710182226,635.9782777627149,643.7883713722422,9155430,-1.9307546011351207,-0.01949637112896573,1.018122935418571,649.329816545759,648.9646606445312,636.385986328125,0.9849052115219351,1,0.90796601443733,1.2501204638712569,4,6,2,0,1,8187618.571428572,1.1182042641737968,0
2022-06-13,627.9314575195312,629.5408215518057,619.2693891545304,626.5114406288128,10892572,-1.8133462466997652,-0.018299888689975712,1.0165863719039927,645.3740495954241,649.2233014787946,635.7219502766927,0.9729728951964719,0,1.045964597427673,1.33616745152761,0,6,2,1,0,8104411.714285715,1.3440299412231949,0
2022-06-14,621.020751953125,627.6474977818931,617.707379038741,620.6657477122982,11870356,-1.1005509412930325,-0.011066518065467405,1.0160919540229885,640.7556065150669,648.65529523577,634.5296630859375,0.9692006525400916,0,1.053128419970386,1.3531265774680967,1,6,2,0,0,8806284.857142856,1.3479414069114342,0
2022-06-15,618.8670654296875,622.819492387173,614.5833820581435,616.1217338404382,11810470,-0.34679783512291396,-0.0034740057273928517,1.013401127608508,635.9545985630581,646.6520603724888,634.0095458984375,0.9731308914630385,0,1.0364177664616305,1.0571958683971272,2,6,2,0,0,9611599.714285715,1.2287725613922629,0
2022-06-16,606.4893188476562,625.067875670894,604.9272769451651,620.0741258201614,12169192,-2.0000654863475797,-0.02020337554577924,1.033294247909331,630.4571184430804,642.9076189313616,633.1244038899739,0.961983457884316,0,1.1363646900556599,0.9458911513801511,3,6,2,0,0,9885203.42857143,1.2310512462320307,1
2022-06-17,610.489013671875,614.867399697434,601.8978987250547,603.5072629824699,14723922,0.6594831433830217,0.006573180669640461,1.0215476761089406,625.2064383370536,639.127668108259,632.9239278157552,0.9764598958636375,0,1.1957890353482516,0.943537249353989,4,6,2,0,1,11133394.0,1.322500757630602,1
2022-06-20,625.8251953125,627.1741999600592,612.5717027850421,617.5653947653956,15936840,2.512114271865973,0.024810793624922542,1.023838021097983,621.4501604352679,636.8691711425781,633.1995625813802,1.0070400414317502,0,1.672567043719676,1.24824057384376,0,6,2,1,0,12365540.285714285,1.2888106489298798,1
2022-06-21,632.6412353515625,640.9009774209887,626.7244981154012,632.8068924380476,13220684,1.0891284163877302,0.010832401282834532,1.0226199539801255,620.466291155134,634.8980538504464,633.3717508951823,1.0196222492180231,0,1.6537299991558818,1.2915985085490056,1,6,2,0,0,12946290.857142856,1.0211947302810482,0
2022-06-22,629.6591796875,632.8305277490141,626.3221167580701,630.6058576498191,8159698,-0.47136599662293,-0.00472480429554475,1.0103914755950698,620.7131086077009,633.0435791015625,633.3267842610677,1.0144125699227873,0,1.4982802351957067,1.28757189649051,2,6,2,0,0,12555880.285714285,0.6498706434214626,1
2022-06-23,631.9785766601562,638.0609712468488,624.097470763331,629.7775387566263,15372244,0.3683575253849769,0.003676807505107257,1.0223739097459235,622.2785121372768,631.5170593261719,633.8332580566406,1.0155879792306561,0,1.4107790191984808,1.298877996490598,3,6,2,0,0,13056150.0,1.1773948675528392,1
2022-06-24,640.8063354492188,644.5220348931247,633.5879159905552,633.5879159905552,8013432,1.3968446265560042,0.01387178660351215,1.017257461240363,625.4126935686384,630.6836460658482,634.818593343099,1.0246135744267413,0,1.4396889768773269,1.3700193944640235,4,6,2,0,1,12513716.0,0.6403718927295458,1
2022-06-27,641.9659423828125,651.3143865207373,639.9542518721198,648.474352858583,9804164,0.18096059128080988,0.0018079705486408126,1.017751479289941,630.4807826450893,630.4689505440848,635.625634765625,1.018216510405819,1,0.9638613110911609,1.3388894803075366,0,6,2,1,0,12175854.857142856,0.8052136063570497,0
2022-06-28,637.0669555664062,639.48097284931,633.5169131560658,636.1675999329924,9770574,-0.7631225417071952,-0.007660492207144344,1.0094142075284658,634.2776314871652,629.7420349121094,636.1289510091145,1.0043976390475904,1,1.1375227411000477,1.3478664623400325,1,6,2,0,0,11468233.714285715,0.8519685108814116,0
2022-06-29,636.1438598632812,639.362587841217,630.1324782999224,630.1324782999224,9994046,-0.14489775290641438,-0.0014500283121674055,1.0146478873239435,635.751726422991,628.6009434291294,636.603076171875,1.0006168027926508,1,0.7894755241403392,1.3250713017659286,2,6,2,0,0,10619263.142857144,0.9411242442675803,1
2022-06-30,638.0609741210938,640.9010081305348,632.3809061022116,632.3809061022116,12475822,0.30136489224694696,0.0030091169853840955,1.0134730538922156,636.5259748186384,628.4961329868862,637.5647420247395,1.0024115265726474,1,0.6986057460076547,1.2274591936555417,3,6,2,0,0,10512854.285714285,1.1867207193153197,1
2022-07-01,640.7826538085938,643.7410224780701,629.5645429261943,636.1439086225995,11472452,0.4265547961539218,0.0042564762997563226,1.0225179129148283,638.1150425502232,629.4140755789621,638.0822611490886,1.004180455059811,1,0.6519409678239155,1.1150746435401977,4,7,3,0,1,10986104.857142856,1.044269297369844,1
2022-07-04,641.6819458007812,643.8356033101861,635.3391924463452,640.7589001990658,8487480,0.14034274911194355,0.001402443607190278,1.0133730312325386,639.501238141741,630.889875139509,638.8971903483073,1.003410013193058,1,0.6508708928573633,1.0557133251684372,0,7,3,1,0,10002567.142857144,0.8485301701834542,0
2022-07-05,640.2383422851562,652.9001609789714,638.203019182199,645.6344186304245,14325718,-0.22497181431893054,-0.0022522525609150455,1.0230289443249665,639.4200962611607,632.4163949148996,639.4281188964844,1.0012796689199792,1,0.4037684648784384,1.0510031199944367,1,7,3,0,0,10904322.285714285,1.3137650946696682,1
2022-07-06,649.0661010742188,650.0837914761512,637.6349527152158,638.0609693695875,15049078,1.3788238232584238,0.013694045324365701,1.0195234572821408,640.4344046456473,635.4575936453683,640.0978942871094,1.0134778774624817,1,0.6671168805142429,0.8669124817365295,2,7,3,0,0,11653595.714285715,1.2913677777196173,1
2022-07-07,660.6865844726562,661.7279071370114,650.5807508251304,653.2078053283803,17743142,1.790338977679684,0.017745011637423033,1.0171341625120986,643.8086373465402,639.0431344168527,640.5570353190104,1.02621578237235,1,0.7690877685717612,0.934075983504855,3,7,3,0,0,12792534.0,1.386991975163013,1
2022-07-08,661.3018798828125,667.4079643038475,660.1895448317669,667.4079643038475,12474030,0.09312969638204383,0.0009308635758574184,1.0109338591145367,647.4026402064732,641.5771833147321,640.6367146809896,1.0214692353925319,1,0.7392718647965769,0.7534674047911819,4,7,3,0,1,13146817.42857143,0.9488250725145625,1
2022-07-11,665.5856323242188,667.3606535366644,659.4795477972783,659.8345520397675,7462880,0.6477756334467566,0.0064568658380680585,1.0119504930300107,651.334734235491,643.9303545270648,640.7092915852865,1.021879530354626,1,0.7307796945989591,0.7311962563817092,0,7,3,1,0,12430682.857142856,0.6003596170673534,0
2022-07-12,658.793212890625,665.1595990343833,657.6571877869562,665.1595990343833,9876974,-1.0205177371204188,-0.01025760720262671,1.0114077841567777,653.9076712472098,646.0113568987165,640.7542602539063,1.0074713019256938,1,0.9593903911500987,0.7917764560787742,1,7,3,0,0,12202757.42857143,0.8094050920715788,0
2022-07-13,642.7233276367188,659.9291881427924,641.0193188510601,657.9411875229638,15945610,-2.439291258541587,-0.024695347994163983,1.02949968703849,654.0564400809152,646.7788391113281,640.1704752604167,0.9826725772430367,1,1.447395084854162,1.082540045174894,2,7,3,0,0,13268204.57142857,1.2017910874193851,0
2022-07-14,639.504638671875,649.728748870004,638.6526054134325,644.6876772822643,10372410,-0.5007891928676123,-0.00502047344160865,1.0173429864102743,653.9516252790179,646.6858607700893,639.6332356770833,0.977908172334645,1,1.4592679990574706,1.0286298322913292,3,7,3,0,0,12703446.285714285,0.816503629543767,1
2022-07-15,644.71142578125,646.0604304121975,637.4930058328619,640.4276846012615,13595646,0.8141906711088831,0.008108940207886862,1.013439244824565,653.3295288085938,646.8819667271206,639.3452880859375,0.9868089491637403,1,1.383524111466047,1.0513251150785308,4,7,3,0,1,12495813.142857144,1.0880161094415486,0
2022-07-18,637.8479614257812,646.6283647787831,635.2445970528642,638.0609408531288,20332220,-1.064579295636292,-0.010702864821767352,1.0179202905128708,650.0668683733259,646.9377528599331,638.8577494303386,0.981203615286347,1,1.136273198629613,1.0718304602758024,0,7,3,1,0,12865681.42857143,1.5803453639732812,1
2022-07-19,638.084716796875,643.0547767232044,632.8542972859561,632.8542972859561,15792538,0.03711783769984045,0.00037110950734605243,1.0161182115393603,646.7501307896206,647.0763854980469,638.628184000651,0.9866016045761508,0,1.1316230257369309,1.0708568877834488,1,7,3,0,0,13339754.0,1.1838702572776079,1
2022-07-20,646.1314086914062,648.9950749004665,641.492663496681,643.6937013470418,20347862,1.261069523013325,0.012531842644972705,1.011695241162839,643.9709559849331,647.6528451102121,638.5911051432291,1.0033548915310455,0,1.2528793821421214,1.1193819495766146,2,7,3,0,0,15180465.714285715,1.3403977442438713,0
2022-07-21,644.0960693359375,648.237785747247,642.8417093809554,644.0014246445072,12640278,-0.3150039338887578,-0.0031550111564986184,1.008394098092185,641.8713640485491,647.8895176478794,638.3236694335938,1.0034659675006472,0,1.2242040294390388,1.120064447628681,3,7,3,0,0,15575223.42857143,0.8115631893159542,1
2022-07-22,659.1245727539062,661.2545983032007,644.877080080309,646.5810889636165,12729592,2.333270475235638,0.023064658682295763,1.0253963409908322,644.2143990652902,649.1354195731027,638.9768778483073,1.023144738320425,0,1.1720342983327026,1.2771004447701662,4,7,3,0,1,15115792.285714285,0.842138589852849,1
2022-07-25,661.065185546875,664.8518972587639,654.7698119942409,660.3078547606243,10143126,0.29442276516267185,0.0029399019019756365,1.015397907905705,647.2944771902902,650.623051234654,640.0813354492187,1.0212742559095502,0,1.110908367056021,1.2713577709931905,0,7,3,1,0,15083037.42857143,0.6724856348089493,0
2022-07-26,659.7161865234375,663.6212330086884,656.1898343247683,660.7811992012332,8527964,-0.20406444824673242,-0.002042729434332454,1.0113250743842552,649.4380144391741,651.383771623884,641.3711832682292,1.0158262557099296,0,1.1264240359539124,1.2317138918148338,1,7,3,0,0,14359082.857142856,0.593907290935215,1
2022-07-27,664.75732421875,665.5146550866178,655.2195315104202,657.4205694862873,9212778,0.7641373363715953,0.007612325951178336,1.0157124796821382,653.282209123884,651.674538748605,642.9008585611979,1.0175653261861444,1,0.9453416992137335,1.1528929760498592,2,7,3,0,0,12770591.142857144,0.721405759290391,1
2022-07-28,670.6503295898438,674.0347148899765,667.8813080826944,669.7983540849104,17420406,0.8864897243545888,0.008825834729019735,1.0092133238837704,657.9344395228794,652.34228515625,645.0395589192708,1.019326986555356,1,0.9157195438071813,1.1744690030081664,3,7,3,0,0,13003143.714285715,1.339707257165921,1
2022-07-29,678.8627319335938,680.9454349708267,669.916671568808,680.6614431431668,20019736,1.2245431011377539,0.012171062224098377,1.0164628884010178,662.6103428431919,653.2906494140625,647.3186828613282,1.0245278228236894,1,0.9122011149558773,1.2046359268749112,4,7,3,0,1,12956268.57142857,1.5451776018403889,1
2022-08-01,684.5191650390625,685.6078100048894,676.8984191557296,681.1347798374608,13193036,0.8332219223991855,0.00829769791225843,1.0128666142550942,668.3850708007812,655.1282174246652,649.2751485188802,1.0241389207256697,1,0.792079970445299,1.16763495558525,0,8,3,1,0,13035234.0,1.0121058049283964,0
2022-08-02,676.9931030273438,683.7855061039321,673.5850853482716,682.5548362631915,15036510,-1.0994669537542134,-0.01105555762424497,1.0151434777543902,670.9377179827009,657.5760585239956,650.7535441080729,1.0090252565660633,1,0.8020612247169759,0.9648866948369238,1,8,3,0,0,13364793.714285715,1.1250835831403352,1
2022-08-03,678.5787353515625,679.5964256924633,670.7213200112976,674.4843417078575,10975498,0.23421690961520358,0.0023394304934613564,1.0132321806633733,673.4396536690848,660.3670654296875,652.3841959635416,1.0076310945672393,1,0.8035235337544926,0.9329761561889433,2,8,3,0,0,13483704.0,0.8139824190741654,0
2022-08-04,677.7740478515625,684.7794295790012,668.8042401628611,681.6080817553095,12012206,-0.11858424941404433,-0.0011865461616985004,1.02388619637377,676.0193481445312,662.7286812918527,653.9107116699219,1.0025956353347687,1,0.7938117470203234,0.9366162529908155,3,8,3,0,0,13981452.857142856,0.8591529165628302,0
2022-08-05,675.478515625,680.1645260038792,672.6858036688673,678.2948598652877,9268982,-0.3386869464593656,-0.0033926178900932223,1.0111177050180375,677.5509469168527,665.4165780203683,655.0664510091145,0.9969412908338728,1,0.8161257810987304,0.869242466836813,4,8,3,0,1,13989482.0,0.6625679206706867,1
2022-08-08,692.0452880859375,693.2049454902074,675.5020558450844,675.9280724889151,15357736,2.4525979846462986,0.02423004693699581,1.0262070107587988,680.6073695591518,669.2709045410156,656.735762532552,1.016805457945885,1,1.1654538104075458,1.0160559131445022,0,8,3,1,0,13694814.857142856,1.1214270627389904,1
2022-08-10,694.0570068359375,696.5183465521361,685.8919089915445,691.7139440904666,17353102,0.2906917776384299,0.0029027008610790937,1.0154928749286685,682.7779802594866,672.6941615513393,658.6354309082031,1.016519317995821,1,1.1150987792210048,0.9994464143267254,2,8,3,0,0,13313867.142857144,1.3033855463481845,1
2022-08-11,703.23974609375,705.748465966316,697.9620623413853,703.6184404151097,18301766,1.3230525976064555,0.013143766974267996,1.0111559123984626,685.4523489815848,676.9187098911831,660.8719604492187,1.0259498667392313,1,1.1667015622695336,0.9903958794694367,3,8,3,0,0,14043685.714285715,1.3032024763543961,0
2022-08-12,702.9794311523438,704.9437995689399,698.6246776607533,702.9084187458374,8850370,-0.03701652855263582,-0.0003702338136073288,1.00904508831458,689.1646815708706,680.0511997767857,663.0359090169271,1.020045643589837,1,0.9971236757223638,0.8732290732347517,4,8,3,0,1,13159951.42857143,0.6725229988907905,1
2022-08-16,711.0261840820312,714.0318751491698,704.3521157975206,707.5471540191029,12563756,1.1446640645654593,0.011381623535875792,1.0137427845172142,693.800031389509,683.6198425292969,665.3773600260416,1.0248286997883562,1,1.009323109294989,0.8898844907992702,1,8,3,0,0,13386845.42857143,0.9385150569666909,1
2022-08-17,714.694580078125,716.0435846954439,703.2634314733141,710.0085123405493,12384350,0.5159298037427096,0.005146034460245723,1.0181726400807671,699.0743931361607,687.546870640346,667.8111145019532,1.0223440982752774,1,0.9532324020816341,0.8649388784024263,2,8,3,0,0,13440008.857142856,0.9214540058445115,1
2022-08-18,715.5465087890625,716.5878892073837,709.8428087816419,710.0084658675503,8342138,0.11920178698492379,0.0011913079806259751,1.009502217029315,704.7983921595982,691.1746695382254,670.32138671875,1.015249916499569,1,0.8776278306084698,0.8713471244482694,3,8,3,0,0,13307602.57142857,0.626870088374188,0
2022-08-19,706.7188110351562,715.6885618964038,705.2751039852128,714.7418839044774,8063702,-1.2337000663794173,-0.0124137332092527,1.014765100671141,706.8946097237723,693.7509896414621,672.2431437174479,0.9997513084889914,1,0.8470769283190775,0.9819897500924112,4,8,3,0,1,12265597.714285715,0.6574243007014835,0
2022-08-22,695.9739379882812,704.4940393871315,694.7195781706567,702.8137207240729,8234066,-1.5203887145916806,-0.015320651262165825,1.014069649861046,707.16845703125,694.9732186453683,673.4193888346355,0.9841699400875935,1,1.0925658763805621,1.0703099731124648,0,8,3,1,0,10962878.285714285,0.7510861459375867,0
2022-08-23,693.8203125,698.6246570090722,686.5308805205054,687.903575143371,14966884,-0.3094405365962838,-0.0030992029378918554,1.017615779321387,705.8228236607143,695.6375863211496,674.5033365885416,0.9829950084378628,1,0.9373875506081654,1.0604563816318358,1,8,3,0,0,10486466.57142857,1.4272571125891704,1
2022-08-24,697.1572875976562,698.4116474192263,690.6961991270781,691.9742490093071,13455520,0.4809566738731341,0.004798037724222526,1.011170538222013,704.9910888671875,697.077885219029,675.5557250976562,0.9888880846960506,1,0.9711895198579379,1.0054531641107536,2,8,3,0,0,11144345.142857144,1.2073854342732897,0
2022-08-25,693.37060546875,703.7604309305221,689.6549059666497,700.4943803550603,11823040,-0.5431603737450441,-0.005446408530546318,1.0204530190996053,702.4688633510044,698.1344473702567,676.7083048502604,0.9870481691688756,1,0.8010336852928741,1.0255474660698374,3,8,3,0,0,11038528.57142857,1.0710702901654854,1
2022-08-26,693.4889526367188,701.3937485514476,691.642918993121,696.778693332773,7706176,0.01706838551207568,0.00017066929028885489,1.0140980689465044,699.4394880022321,699.2569405691964,678.4004923502604,0.9914924229077922,1,0.729554173485567,1.0233614956255137,4,8,3,0,1,10370218.0,0.7431064612142194,0
2022-08-29,681.3241577148438,684.4481835108402,676.2120734809305,680.1881325761254,8653178,-1.7541440098826633,-0.017697114345882035,1.0121797737025202,694.5505807059152,699.6744864327567,679.7944763183593,0.9809568613741153,0,0.8321534810107103,1.1405554237072693,0,8,3,1,0,10414652.285714285,0.8308657612956998,1
2022-08-30,703.4290161132812,705.2513595511165,683.075440856041,684.661114814141,10135400,3.2443966866780416,0.03192877500199387,1.0324648162833732,694.0806100027902,700.4876098632812,681.7517293294271,1.013468761374062,0,1.6591140648447615,1.2791318158582434,1,8,3,0,0,10710609.142857144,0.9462953847736337,0
2022-09-01,696.8260498046875,705.01478018178,690.601630135956,693.3233295007825,22403136,-0.938682675485536,-0.009431160667738398,1.020870425751799,694.2023402622768,700.6853986467634,683.7176656087239,1.0037794593740772,0,1.5864583043582614,1.3086764128039998,3,9,3,0,0,12734762.0,1.7592112047323696,1
2022-09-02,703.14501953125,705.5117143125736,693.5362156068223,696.8259560212427,12038086,0.9068216850293798,0.009027347461048251,1.0172673011679327,695.534441266741,700.6786324637277,685.8863423665365,1.0109420580965742,0,1.6097560887645674,1.281644803133957,4,9,3,0,1,12316362.285714285,0.9774059678289053,1
2022-09-05,707.6654663085938,709.5351321703702,702.482369800808,703.4290477623429,12131932,0.6428896816132346,0.006408319604422955,1.0100397713490832,697.0356096540179,701.0133492606027,687.9374776204427,1.0152500912540927,0,1.6155877795067415,1.2926986263450173,0,9,3,1,0,12127278.285714285,1.000383739382908,0
2022-09-06,704.9674682617188,713.1562565405578,703.594773527377,709.48787908154,12238696,-0.38125331464153867,-0.003819819376135648,1.0135894741873162,698.6923043387277,700.580583844866,689.9665242513021,1.0089812981823667,0,1.6038735589539057,1.2576249185794488,1,9,3,0,0,12186657.714285715,1.004270103168097,0
2022-09-07,701.6304321289062,705.2751193650466,696.4237030597683,696.4237030597683,9776206,-0.473360301439274,-0.00474484199441423,1.0127098148244944,699.8553728376116,699.6474304199219,691.3833862304688,1.0025363230178508,1,1.6262065892691386,1.250924414508404,2,9,3,0,0,12482376.285714285,0.7832007124467624,1
2022-09-08,708.8724975585938,710.0085227511238,701.5594328865137,705.3224549448381,11164690,1.032176641442617,0.01026886072548421,1.0120432987834642,703.7908499581473,699.1707153320312,692.976963297526,1.0072203945259428,1,1.399649339474363,1.2878575167326936,3,9,3,0,0,12841163.714285715,0.8694453437720253,1
2022-09-09,709.3458251953125,714.2685624302175,707.1921673792319,708.2098000210051,15128888,0.06677190021462387,0.0006674961769975318,1.0100063255468592,704.6361083984375,699.3583592006138,694.6312845865885,1.006683899307374,1,0.7584532570747745,1.2427422186777013,4,9,3,0,1,13554519.142857144,1.1161508453785691,0
2022-09-12,706.9555053710938,711.901874940438,705.2751287641307,710.0085188900646,11080492,-0.33697524385380984,-0.0033754428413820896,1.0093959731543625,706.0831734793527,700.1427568708148,696.037890625,1.001235452032432,1,0.6435788577476595,1.1668391236982276,0,9,3,1,0,11936998.57142857,0.9282477444976298,1
2022-09-13,716.209228515625,717.5346008263482,709.3221807419732,709.4878378356536,13001966,1.3089541101563018,0.013004613365694829,1.0115778419276056,707.9494890485491,701.741965157645,697.5565205891927,1.0116671310522118,1,0.7286615727678644,1.2008900235685387,1,9,3,0,0,12074695.714285715,1.0767945054397703,1
2022-09-14,723.5696411132812,728.4213656433966,706.3874130797399,707.1921240116534,20219760,1.027690276053983,0.01022445442691723,1.0311924478772805,710.2215140206473,703.6285618373325,699.0467508951823,1.0187943153356038,1,0.7749157758342036,1.2183109661256915,2,9,3,0,0,13230099.714285715,1.5283150117279107,0
2022-09-15,719.8065795898438,729.3916941454547,715.6885534856144,724.2086553128241,13539372,-0.5200690174960498,-0.005214260835758293,1.019146793103092,712.3413870675223,705.516845703125,700.222998046875,1.010479796145291,1,0.797321817091435,1.2171363874933339,3,9,3,0,0,13415910.57142857,1.0092026126675562,0
2022-09-16,706.5767822265625,716.9665500169183,701.9617270420313,711.4758292509372,20560046,-1.8379656060965366,-0.018550660515935995,1.0213755570949932,713.0480085100446,706.4516906738281,701.2091206868489,0.990924557384286,1,1.1197577895305677,1.3418909355368995,4,9,3,0,1,14956459.142857144,1.3746599916210114,1
2022-09-19,711.2391357421875,716.6352116395905,700.5416864112245,704.8017372069685,12076038,0.6598509366431582,0.0065768344991329695,1.0229729729729728,713.3860996791294,708.5884748186384,702.2978006998698,0.9969904600917966,1,1.076424499913188,1.2299328217191106,0,9,3,1,0,15086651.714285715,0.8004452033955995,1
2022-09-20,719.8065795898438,721.3686213704209,714.694553161901,716.6352314664156,10781668,1.2045799249665867,0.011973826016803142,1.009338350458938,714.8804931640625,709.75830078125,703.6988850911458,1.0068907831069476,1,1.161466932491491,0.9436339104760039,1,9,3,0,0,14465620.285714285,0.7453304999750048,0
2022-09-21,718.6942138671875,720.1852431794865,712.3751501709676,713.7951670816074,9072304,-0.15453675392771427,-0.0015465628513158707,1.0109634551495017,716.5574515206473,711.3203125,705.1394083658854,1.0029819832896938,1,1.1489925291391898,0.8948610233932662,2,9,3,0,0,14178736.285714285,0.639852792039073,0
2022-09-22,703.3817138671875,714.812861621089,701.8433622049612,710.955137435071,12048144,-2.130600150181494,-0.021536250685047983,1.0184791936699122,714.7249494280134,711.3372192382812,705.5172892252605,0.9841292296149676,1,1.3364421651972183,1.068181319333161,3,9,3,0,0,14042476.0,0.8579786071914953,0
2022-09-23,684.5191650390625,698.1749828076821,680.1881018946707,696.920622977358,15806252,-2.681694513270594,-0.02718307999244687,1.0264439805149617,709.1463099888393,709.6839120047433,705.1993611653646,0.9652721242388409,0,1.473677405353004,1.2671349241427796,4,9,3,0,1,13411974.857142856,1.1785178669330725,0
2022-09-26,675.2890625,679.9277498021432,671.1946687964193,674.6736987181858,8923486,-1.348406737236607,-0.013575802988322488,1.0130112490633814,702.7866646902902,707.5640258789062,704.2676717122396,0.9608734718914906,0,1.4825512468939113,1.3019168648814596,0,9,3,1,0,12752562.57142857,0.699740616838265,0
2022-09-27,669.2303466796875,681.6081733278456,665.9879860224158,678.0108084136324,12639700,-0.8972033099251431,-0.009012524161603556,1.023454157782516,697.4514596121652,705.249734061105,703.1427022298177,0.9595368071232215,0,1.4246944954424827,1.3111826166227643,1,9,3,0,0,11621084.57142857,1.0876523548478239,0
2022-09-28,657.7282104492188,667.6919614261478,656.0005115959231,665.5146136488581,11816132,-1.7187110966403907,-0.01733652381631005,1.0178223181591455,689.8070417131696,701.5965706961496,701.3661031087239,0.9534959353498603,0,1.3073139470348156,1.2975421974278125,2,9,3,0,0,11583955.142857144,1.02004296928636,0
2022-09-29,654.3201293945312,663.7158966193714,652.6398106789119,660.9232428535685,14410388,-0.5181594769000153,-0.0051950657855570105,1.0169712079453712,680.4518345424107,697.6661638532366,699.3536214192708,0.9615965395031194,0,0.8985927039841148,1.2863700827583917,3,9,3,0,0,12102343.714285715,1.1907105218793157,1
2022-09-30,672.7803955078125,677.5611079896381,646.1077536442672,652.6398551450152,15781756,2.8212896537912258,0.027822243390709937,1.0486812829097985,673.8927176339286,695.2250845772879,697.9280843098958,0.9983494077068803,0,1.8050704332907208,1.5745380852498372,4,9,3,0,1,13060836.857142856,1.2083265546165287,0
2022-10-03,668.922607421875,671.1236451823496,663.1952174570123,667.3842557736752,11541112,-0.5734097057072618,-0.005750600108573265,1.0119548927927111,668.969988141741,691.8474687848773,696.6682108561198,0.99992917362407,0,1.725917140524334,1.5014053052862166,0,10,4,1,0,12988403.714285715,0.8885704705425914,1
2022-10-04,687.7615356445312,690.1282305366321,675.0523956300766,676.6380696516569,11538526,2.816309093702807,0.027773803221015983,1.0223328366866755,669.4331839425223,689.2897469656808,696.3944641113281,1.027378911206742,0,1.9156096431009972,1.701930824756647,1,10,4,0,0,12378728.57142857,0.9321252932738304,0
2022-10-06,680.1881713867188,692.3056387362966,678.8627990191503,691.0512787778197,12549198,-1.1011613568524425,-0.011072690167021004,1.0198019978949635,670.133056640625,686.4598606654575,695.9400594075521,1.0150046541451037,0,1.88687977709571,1.7134840267165306,3,10,4,0,0,12896687.42857143,0.9730559160640275,0
2022-10-07,677.2534790039062,679.2177896720063,672.3070516782196,676.9931194360024,13297994,-0.4314530164247765,-0.004323864608353041,1.0102791395338426,671.2792184012277,684.3653390066964,695.2765991210938,1.0088998146209671,0,1.8530052392999279,1.6625311954834872,4,10,4,0,1,12990729.42857143,1.0236526034290871,0
2022-10-10,669.7747192382812,674.9814485044445,661.8226005195202,666.4613460689046,13109302,-1.1042777922122493,-0.011104202007858865,1.0198827419531984,673.0001482282366,681.4035949707031,694.4900695800782,0.9952073874003642,0,1.7600194658895527,1.6518602951428702,0,10,4,1,0,13175468.0,0.9949780911008247,0
2022-10-11,662.9822387695312,670.721319359864,662.4141973381068,663.195218193418,14521620,-1.014144050775001,-0.010193215260025212,1.012540676294589,674.2375924246652,677.3447134835379,693.4731791178385,0.9833065468588633,0,1.8065349293479014,1.589734022946816,1,10,4,0,0,13191358.285714285,1.1008434222976367,1
2022-10-12,667.3133544921875,669.7036818066864,661.3966169107936,664.1892708246992,9225050,0.6532777907737986,0.006511531794701847,1.01255988416556,673.4565865652902,673.6746520996094,693.00615234375,0.9908780577758785,0,1.4290084775246292,1.6204931211540405,2,10,4,0,0,12254686.0,0.7527773457434976,0
2022-10-13,659.6452026367188,665.6329523957306,655.1011599044915,663.6449517568307,14714234,-1.149108106985819,-0.011557613721080344,1.0160765895953758,672.1312430245536,670.5506155831473,691.5466918945312,0.9814232108425011,1,1.4760607480108094,1.5655833464009534,3,10,4,0,0,12707989.142857144,1.1578727235748796,1
2022-10-14,681.134765625,684.9214773171474,669.8929652889377,670.7213084715949,12849920,3.257745664242484,0.032058061579179606,1.0224341989047872,671.1845615931919,670.3088727678571,691.0236490885417,1.0148248404405924,1,1.6275656700029875,1.7111783184821188,4,10,4,0,1,12895331.142857144,0.9964784818354744,1
2022-10-17,684.7085571289062,689.9389184377674,675.4547565184473,679.2414685381723,18410500,0.5246819989619844,0.00523310338772584,1.021443570838078,671.8303309849331,670.981693812779,690.4091003417968,1.0191688668254872,1,1.5807145791074955,1.6722727707724465,0,10,4,1,0,13732660.0,1.3406361185669782,0
2022-10-18,683.4305419921875,692.4476735610679,681.6081982959277,690.1519908382136,10561108,-0.18665096608075915,-0.001868253760555124,1.0159027947319879,672.7127685546875,671.9959934779575,689.60126953125,1.015932168881716,1,1.56953009448523,1.6499259802275776,1,10,4,0,0,13341676.285714285,0.7915877865593544,1
2022-10-19,690.4359130859375,699.3110189397639,687.9508834468661,692.9682650667686,12967040,1.0250304403033317,0.010198126290959696,1.0165130037132588,675.6643676757812,674.332257952009,689.116884358724,1.0218622530901975,1,1.4925908583328829,1.570304329331722,2,10,4,0,0,13321353.142857144,0.9734026161563681,0
2022-10-20,685.7735595703125,687.7142378951055,682.7915007873737,683.5015092803935,7898078,-0.6752767964786743,-0.0067756710668333085,1.0072097222974437,678.9202706473214,676.5789315359933,688.5883219401042,1.0100943943188745,1,1.4420403715525563,1.5775966398404175,3,10,4,0,0,12375132.857142856,0.638221673348846,0
2022-10-21,680.9454956054688,689.9626269558933,678.7681476920131,687.2882499642978,10492606,-0.7040318042983329,-0.007065218020053375,1.0164923461743811,680.8677193777902,677.1621529715402,687.657421875,1.0001142310399878,1,1.5066735127678796,1.426449089643947,4,10,4,0,1,12556212.285714285,0.8356505736955296,1
2022-10-24,691.5718994140625,692.4948872588526,688.3768614858348,688.3768614858348,2167794,1.5605366181540292,0.015484854589390206,1.0059822257304367,685.4286760602679,678.7799595424107,687.0649576822917,1.0089626004402164,1,1.4181230457292635,1.463013354083268,0,10,4,1,0,10763863.714285715,0.2013955265080996,0
2022-10-25,686.767578125,694.7670189147169,683.9748664222344,691.5956128933714,13773394,-0.6946958505880563,-0.006971200961583274,1.0157785805038928,686.2333635602679,678.70896257673,686.3920267740885,1.00077847361131,1,0.9244131435315124,1.2781295150756424,1,10,4,0,0,10895788.57142857,1.264102539224854,1
2022-10-27,688.4242553710938,694.5539723285599,686.9332259601686,693.2049677303476,15937276,0.24122822609313754,0.0024093773787374696,1.0110938677594745,686.764177594866,679.2972542898996,685.4658610026041,1.0024172457306109,1,0.9098961180944852,1.2391528004516579,3,10,4,0,0,10542470.857142856,1.511721134064316,1
2022-10-28,690.4595336914062,694.3882702618566,685.1108379889911,686.3415077571179,10474278,0.295643028907433,0.002952068643533306,1.0135415056344717,687.7683192661831,680.2405439104352,684.3621907552083,1.0039129665467792,1,0.9045062324161344,1.2306864009534866,4,10,4,0,1,10530066.57142857,0.9947019735297835,1
2022-10-31,708.4464111328125,709.061774904196,694.5066016209489,696.7549617216131,12830528,2.605058886687095,0.025717052420821607,1.0209575736922816,690.3412475585938,683.0028076171875,683.9835184733073,1.0262263969279657,1,1.278963813118129,1.3358395667159861,0,10,4,1,0,10510564.857142856,1.2207267805669382,1
2022-11-01,716.2802124023438,723.7353013468916,709.4878095867721,711.6651573414332,19073756,1.105771889930951,0.010997029308126925,1.020081376406478,694.6993408203125,686.8098057338169,684.3069661458334,1.031065052626289,1,1.2104071552198397,1.281021171309353,1,11,4,0,0,12107090.285714285,1.5754203156893944,1
2022-11-02,716.7298583984375,723.3802941610854,715.4991886100082,718.0552306509842,12720406,0.0627751525601461,0.0006275545720334716,1.0110148350641568,699.8113926478794,690.3395560128348,684.489990234375,1.0241757506783986,1,1.0991454414765638,1.2874675160981153,2,11,4,0,0,12425347.42857143,1.0237465047255017,0
2022-11-03,713.582275390625,719.5936579391653,708.5885255286502,708.9198397362794,10332352,-0.4391589063759582,-0.004401260416469931,1.0155310621242486,702.9557320731027,694.1922040666852,684.2825134277343,1.015116945253698,1,1.1099925891580678,1.2293729177055956,3,11,4,0,0,13591712.857142856,0.7601949885639349,0
2022-11-04,708.6594848632812,717.6292356675809,705.0857523541924,711.5231511022943,10818060,-0.6898700678417136,-0.006922606724487778,1.0177900110327112,706.0831473214286,696.1582554408482,683.9480224609375,1.0036487735922124,1,1.109161577902337,0.9960333064766788,4,11,4,0,1,13169522.285714285,0.8214466527563382,1
2022-11-07,714.1738891601562,715.6885508115232,706.2690933816195,714.7418728342593,9835834,0.7781458393856022,0.007751338994157013,1.013336924294398,709.7616664341518,698.262922014509,684.3077616373698,1.0062164849620174,1,1.1105196402363666,1.0029472313993828,0,11,4,1,0,12297887.714285715,0.7997986506718796,0
2022-11-09,713.9608154296875,718.504857932011,711.9018024905791,717.1322211596956,9269790,-0.029834993088206918,-0.00029839444607698823,1.0092752334919382,713.1189923967634,700.4436558314732,685.289149983724,1.0011804804554354,1,1.128690946820403,0.9978844259579667,2,11,4,0,0,12125818.0,0.7644671889352125,1
2022-11-10,721.7236328125,722.7886455515248,707.6654877696277,708.6357980412447,12774182,1.0872889961251575,0.010814205092733188,1.0213704893671745,715.0157383510044,702.6784929547991,686.8369689941406,1.0093814640737357,1,0.7282120309207801,1.0014138037391578,3,11,4,0,0,12117768.57142857,1.0541694970243225,1
2022-11-11,762.6201171875,774.8559183927981,727.9953588809551,731.3087317757319,56722338,5.666502039794596,0.05511774123684946,1.064369310793238,721.635724748884,708.1675327845982,689.949961344401,1.056793740987363,1,2.1853071059350753,1.7037787071762929,4,11,4,0,1,17496137.42857143,3.2419920243294187,1
2022-11-14,764.4661254882812,770.5958420285266,756.3956729493768,763.0224185196467,19195390,0.2420613171849162,0.0024176882069733923,1.018773466833542,728.4551914760044,714.1332920619419,693.5078918457032,1.0494346590341557,1,2.1746183592726904,1.6587851239424098,0,11,4,1,0,18421135.14285714,1.0420307896955567,1
2022-11-15,766.3358154296875,768.3001837702703,759.8274043968535,768.3001837702703,11030202,0.2445745964495316,0.002442759995457386,1.0111509262819265,735.9914114815848,719.4735717773438,697.241748046875,1.0412292908242204,1,2.1166671599917755,1.6522236649644904,1,11,4,0,0,18520828.0,0.5955566349409432,1
2022-11-16,772.915283203125,777.2226566503574,763.022486309608,766.170202291269,13578150,0.8585619569076774,0.008548972745119092,1.0186104218362282,745.1708112444196,725.6269792829241,700.5795776367188,1.0372323654389692,1,1.9820562136994158,1.5991754707176775,2,11,4,0,0,18915126.57142857,0.7178461084426413,0
2022-11-17,765.9334716796875,772.2762254819945,763.9217810419066,765.9097816187531,12100930,-0.9033087681360574,-0.009074133384481571,1.0109362563647464,752.5650373186384,731.163351876395,703.8132731119791,1.0177638259793205,1,2.1458572146138044,1.6612478866635352,3,11,4,0,0,19238711.714285713,0.6289885819648958,0
2022-11-18,763.9218139648438,768.2291872540715,759.8274201106582,767.2825092660813,10459232,-0.26264131144865255,-0.002629868188370667,1.0110574676841613,759.7023228236607,736.4106576102121,706.3519490559896,1.005554137475189,1,2.1666106698824286,1.6802944099370287,4,11,4,0,1,19408632.0,0.5388958892105327,0
2022-11-21,756.0880737304688,763.0225019450933,752.7036881737774,760.9634887596205,8344816,-1.0254636130518358,-0.010307577149851628,1.013708998552075,764.6115286690848,739.8136335100446,708.8819458007813,0.988852568109387,1,2.2942681754769065,1.6497861850928597,0,11,4,1,0,18775865.42857143,0.44444374783926643,0
2022-11-22,754.9757080078125,759.4014161193165,753.0823520002695,757.3424030172414,8546314,-0.14712118353724657,-0.0014722951301391566,1.0083909337435182,763.5194702148438,742.5775974818638,711.4726867675781,0.9888100270650241,1,0.6674262417888827,1.647106829685089,1,11,4,0,0,11893576.285714285,0.7185655344276239,1
2022-11-23,756.9400634765625,759.7090850341104,754.5023561024125,759.7090850341104,10185738,0.26018790378479206,0.0025985000105286046,1.006900878293601,762.444318498884,745.4497549874442,714.3781982421875,0.9927807777056319,1,0.6691970775089472,1.6449450869766724,2,11,4,0,0,10606483.142857144,0.960331324041137,1
2022-11-24,769.2468872070312,772.4892478000642,756.9400732102165,760.1587437409996,17197960,1.625865022118722,0.01612789374642451,1.020542147443592,762.8601858956473,749.425798688616,717.9203531901042,1.0083720469746178,1,0.9471777042877967,1.6561810002640087,3,11,4,0,0,11487591.42857143,1.497090152181596,0
2022-11-25,765.69677734375,772.3471550385603,764.0164009297646,771.4004771220918,8410496,-0.46150461215006544,-0.004625728325432672,1.0109038943387312,761.8289707728794,753.4998910086496,721.1998006184896,1.0050770011633277,1,0.8909685740116657,1.6441069331595926,4,11,4,0,1,10749355.142857144,0.7824186556519815,0
2022-11-28,757.460693359375,760.8687108608916,754.5260148319932,758.7150531969597,16105980,-1.0756325778131792,-0.010814593256261742,1.0084061992618116,760.6185738699777,756.5918055943081,724.4603169759115,0.9958482732093491,1,0.917853113437849,1.6994816641014987,0,11,4,1,0,11321505.142857144,1.4226005991934236,0
2022-11-29,756.32470703125,763.188122507995,753.958012039269,756.0407151883402,12638236,-0.14997297392249642,-0.0015008554595285772,1.0122422075517983,759.5332728794643,759.6177978515625,726.9666483561198,0.9957756085707077,0,0.9166418218750002,1.702306225436878,1,11,4,0,0,11632791.42857143,1.0864319263009468,1
2022-11-30,761.3421020507812,763.448495298528,755.9697158820187,755.9697158820187,15184806,0.66339165875271,0.006612008998254591,1.0098929616615442,760.2838483537946,762.4476885114398,729.5210998535156,1.0013919192144856,0,0.8652799241378119,1.6933794678961938,2,11,4,0,0,12609932.857142856,1.2041940406842544,1
2022-12-01,766.572509765625,774.8559422576894,764.4424842676656,767.7558572644913,20446366,0.6869983547153069,0.006846492736470157,1.0136222910216717,761.9405343191964,762.73000226702,732.2924987792969,1.00607918234796,0,0.8824903234535113,0.7749580427851368,3,12,4,0,0,14309940.285714285,1.4288225940685266,0
2022-12-02,760.7030639648438,766.1464622403034,759.7800760651729,762.075758564348,7811078,-0.7656739220371689,-0.007686202539773512,1.008379248647979,762.4781058175223,762.4612121582031,734.6347371419271,0.997672009413601,1,0.9569976248027079,0.801078452924072,4,12,4,0,1,13970703.142857144,0.559104142442079,1
2022-12-05,763.4721069335938,764.2531278294877,755.5436787874839,762.052089952201,11592622,0.3640110182174805,0.003633501014981011,1.0115273931693545,761.6531372070312,762.2566615513393,737.2246887207032,1.0023881864824093,0,0.7006416790525857,0.8048804512808964,0,12,4,1,0,13169940.57142857,0.8802334328789249,0
2022-12-06,762.6201171875,763.827096930786,757.342375948978,757.8157149339461,12353092,-0.11159408947049032,-0.0011165640203692178,1.0085624694824218,761.2136143275669,761.5212925502232,739.9471761067708,1.0018477111200585,0,0.6832749182686118,0.7637893262722486,1,12,4,0,0,13733168.57142857,0.8995077818894777,0
2022-12-07,762.2887573242188,766.1464816690436,759.4487233693498,764.0401462647712,11674720,-0.04345018651006338,-0.0004345962883884088,1.0088192370249551,761.903337751116,761.2609558105469,742.3044047037761,1.0005058641352593,1,0.5177602783071639,0.7273219493168582,2,12,4,0,0,13100131.42857143,0.8911910589337598,1
2022-12-08,766.572509765625,769.6492132626774,759.7090942722001,762.0757892699328,14803634,0.5619592838340015,0.00560386183355029,1.0130841121495326,763.3673095703125,761.4502912248884,744.9645690917969,1.0041987653324016,1,0.5320428035623178,0.7404443042230381,3,12,4,0,0,13409474.0,1.1039682839162819,1
2022-12-09,772.0396118164062,773.8382653777363,766.8091926677436,769.649226714661,11963384,0.7131878564824667,0.007106566993673819,1.0091666515962576,764.895525251116,762.5896868024554,747.7517476399739,1.0093399507899392,1,0.5396486633843682,0.69468362997325,4,12,4,0,1,12949270.857142856,0.9238654540460833,1
2022-12-12,778.0509643554688,782.7133418481023,767.4718494913106,769.175858298182,14434808,0.7786326565445645,0.007756169565101795,1.0198593503682174,766.5353044782366,764.2379193987165,750.6714619954427,1.0150229999974634,1,0.5543209813183031,0.7080069865045238,0,12,4,1,0,12090476.857142856,1.1938989810374725,1
2022-12-13,780.2046508789062,784.322676824208,778.6426091586131,781.0093040192777,17031702,0.276805327941676,0.002764229275011161,1.007294832826748,769.3212454659598,765.899675641741,753.0634033203125,1.0141467631072045,1,0.34948495069579627,0.7080977992273103,1,12,4,0,0,13407708.857142856,1.2702917539059246,1
2022-12-14,786.8077392578125,788.3460909814328,781.0093366072435,782.4293535828931,14227640,0.8463277386859813,0.008427664647381228,1.0093939393939393,772.6549072265625,767.1540222167969,755.4143208821614,1.018317145078456,1,0.3944214858333867,0.61323644385869,2,12,4,0,0,13784140.0,1.0321746587019576,0
2022-12-15,772.3946533203125,790.1921893164714,770.1462929247442,784.3464638441227,18182648,-1.831843437520797,-0.018488294472813426,1.0260286864663075,774.05126953125,767.6324419294085,757.2698140462239,0.9978598107436207,1,0.9433189386868146,0.801168411361482,3,12,4,0,0,14616933.714285715,1.2439440689417214,1
2022-12-16,776.1102905273438,778.6899649239426,761.6024388526127,766.8328578314446,14647958,0.4810542371129545,0.004799008686240453,1.0224362806624845,776.0257742745536,768.9645560128348,759.354081217448,1.000108909079559,1,0.9428918015693113,0.7360282388429139,4,12,4,0,1,15041682.0,0.9738244698963853,1
2022-12-19,778.5242919921875,779.4236476156718,769.7438307486328,778.169287755073,9604542,0.3110384560425672,0.003105557321491562,1.0125753744042674,777.733171735491,770.5502406529018,761.6829081217448,1.001017212953552,1,0.93426796310711,0.7305951410108673,0,12,4,1,0,14298954.57142857,0.6716953992700485,0
2022-12-20,773.1519165039062,774.5719334714851,766.9038071781762,766.9038071781762,7174698,-0.6900716578199129,-0.006924636630026532,1.0099988110914768,777.892072405134,771.393798828125,763.6488423665364,0.9939064092958657,1,0.962197529666269,0.7550317300801153,1,12,4,0,0,13614856.57142857,0.5269756579776571,0
2022-12-21,765.673095703125,778.5479501770524,760.442734825503,776.7492390037293,9269198,-0.9673158199748788,-0.009720247106209832,1.0238087820718071,776.1238054547991,771.3295549665179,765.3725850423177,0.9865347388158644,1,0.9604401454314504,0.7870090433363024,2,12,4,0,0,12876912.285714285,0.7198307943965183,0
2022-12-22,763.046142578125,770.3592068674686,761.6024355451656,767.850487106121,9747096,-0.34309069232576483,-0.0034368059810258728,1.0114978247358608,773.672589983259,771.4969177246094,766.7500020345052,0.9862649297096542,1,0.9347092947583393,0.7633592554065036,3,12,4,0,0,11836254.285714285,0.8234949811583733,0
2022-12-23,756.2300415039062,759.3067449086949,750.455271214228,751.1889697537788,10693152,-0.8932750844121928,-0.008972887059595109,1.011794805145609,769.3043474469866,770.9796273367746,766.5369995117187,0.9830050278716496,0,0.7959280053240897,0.7937221482870386,4,12,4,0,1,11331327.42857143,0.9436804352716612,1
2022-12-26,771.2822265625,775.8026372192614,752.6090257343659,757.1057463283763,9907322,1.9904241080742624,0.01970874159566567,1.030817610062893,769.1454293387277,771.5983494349888,766.7642028808593,1.0027781446034327,0,1.0500578530478752,0.9646607866325777,0,12,4,1,0,10149138.0,0.9761737400752655,1
2022-12-27,772.0632934570312,774.358976235593,763.7325379429427,772.9626491855131,7926772,0.10126862355073207,0.0010121738147200008,1.0139138216125658,768.5672869001116,772.2965305873325,766.9551188151041,1.0045487319282351,0,1.0297164281778324,0.9639532772624345,1,12,4,0,0,9188968.57142857,0.8626400164918245,0
2022-12-28,771.4479370117188,772.9625987224337,768.2765309952387,768.2765309952387,8691870,-0.07970284956264617,-0.0007973462917107924,1.0060994544778357,767.556379045759,772.644775390625,766.9062072753907,1.0050700613950962,0,1.0161097396917085,0.9552770608537277,2,12,4,0,0,9058586.857142856,0.9595172113569024,1
2022-12-29,776.8912963867188,777.9326190377025,762.5491020807658,766.8564752725806,11012896,0.7056029465948743,0.007031252174625051,1.0201738050900062,768.090576171875,772.9913242885044,767.2714680989583,1.011457919792098,0,1.0238728575967246,0.954873785112593,3,12,4,0,0,9606900.857142856,1.1463526233657098,0
2022-12-30,770.6668090820312,778.6425586893796,766.8090851530668,778.6425586893796,7122640,-0.8012044070563329,-0.008044312971133873,1.0154320987654322,768.8039637974331,772.463884626116,767.4963012695313,1.0024230432884305,0,0.9973122284057357,0.9553639932622804,4,12,4,0,1,9300249.714285715,0.7658547048537007,1
2023-01-02,770.9271850585938,776.1576039774972,766.1228405647803,770.1225318929031,4381378,0.03378580386415031,0.00033780097746638845,1.0130981128369954,769.9298270089286,771.8012084960938,767.9909383138021,1.0012953882479652,0,0.9796007131650163,0.950895531137836,0,1,1,1,0,8533718.57142857,0.5134195560033032,1
2023-01-03,775.96826171875,777.6959605884185,767.85048648393,767.85048648393,8378030,0.6538978982526311,0.006517692603194758,1.0128221239392217,772.7495727539062,771.0269601004464,768.6906901041667,1.0041652419856708,1,0.873516104561536,0.9377567652026009,1,1,1,0,0,8202986.857142857,1.0213389520068195,0
2023-01-04,762.0994873046875,778.9976666530196,760.6557802287117,773.9092723546631,10351600,-1.7872862974245285,-0.01803451156818808,1.0241132545115124,771.4377528599331,770.2915910993304,768.8626708984375,0.9878949850190426,1,0.873952028605584,0.9314629980956033,2,1,1,0,0,8266455.142857143,1.2522417192264792,0
2023-01-05,757.2003784179688,765.8861953295342,752.3250213655542,764.4424882611195,10941436,-0.642843745249766,-0.006449188836995045,1.0180256851478433,769.3144792829241,768.9408830915179,768.4611206054688,0.984253382470785,1,0.8810150897882397,0.9267153663054304,3,1,1,0,0,8697121.42857143,1.2580525740454354,0
2023-01-06,754.6917114257812,761.649771597572,747.0235849749788,758.2890762614053,9092462,-0.33130820634676983,-0.0033185824720775286,1.019579283595287,766.9207327706473,767.2385559082031,768.0942850748698,0.9840543868195004,0,0.8768915455135897,0.9168058166520568,4,1,1,0,1,8754348.857142856,1.0386223062816682,1
2023-01-09,756.1590576171875,762.8094937244492,752.6090150931632,755.4490491123827,10729340,0.194429880332736,0.001942411100851455,1.0135534898290095,763.958984375,766.0247802734375,768.0508972167969,0.9897901236619481,0,0.7957594524954227,0.9122323258932266,0,1,1,1,0,8713840.857142856,1.2312985944889057,0
2023-01-10,742.3375854492188,757.3424088115413,740.7755436187888,757.3424088115413,16371766,-1.8278524906549465,-0.018447641109406797,1.0223642172523963,759.9119524274554,764.3579581124442,767.5846598307292,0.9768731536303683,0,0.9627796771322836,0.9963117110758306,1,1,1,0,0,10035144.57142857,1.63144296362333,1
2023-01-11,753.0349731445312,756.3956682495882,738.4087875277582,742.1718091980973,15195798,1.4410408289968313,0.014307565186403437,1.0243589743589743,757.3559221540179,763.6428745814732,767.3077555338542,0.9942946917253948,0,1.2141369526851506,1.0886601332866623,2,1,1,0,0,11580061.714285715,1.3122380842974042,1
2023-01-12,757.058349609375,759.1883749446505,749.8399304176081,751.5676291901252,9250070,0.5342881284839729,0.005328658731744649,1.0124672535401469,754.6545061383929,763.7020394461496,766.9906168619792,1.0031853562808266,0,1.1987500957310366,1.0742728188828805,3,1,1,0,0,11704638.857142856,0.7902909361748539,1
2023-01-13,757.6500854492188,762.0284712196939,750.7156575106625,756.750729788885,9244546,0.07816251417729347,0.0007813198319233537,1.0150693722661175,754.0188773018973,762.7283150809152,766.8888509114583,1.0048158053553182,0,1.0186735224637062,0.9129978145437604,4,1,1,0,1,11546488.285714285,0.800637022378282,0
2023-01-16,750.3843383789062,767.4245423463568,748.017643383427,764.4424835397972,14748094,-0.9589845246311235,-0.009636123920111293,1.025944440127306,753.0451572963169,761.1798182896206,766.4525919596355,0.9964665878378876,0,1.054217860117684,0.9365959954993485,0,1,1,1,0,12090296.57142857,1.2198289688651853,1
2023-01-17,761.5551147460938,762.5491150718101,746.6922588614403,752.5143515673539,10786354,1.4886739762346668,0.014777019826482798,1.0212361331220285,754.0256434849331,760.4731881277902,766.4170918782552,1.0099856965425753,0,1.2078878332760303,1.040063251917858,1,1,1,0,0,12332281.142857144,0.8746438615087408,1
2023-01-18,774.9979858398438,777.0333089188046,757.200392801334,759.7091126719464,19090642,1.765186896319637,0.01749788416318661,1.0261924271382068,756.7169189453125,760.3379516601562,766.840732828776,1.024158395876771,0,1.3572847779952029,1.1362873058991652,2,1,1,0,0,13526752.857142856,1.4113248169474102,1
2023-01-19,778.2166137695312,781.0093253374716,772.9625625915704,774.8559185317824,11172162,0.4153079089876055,0.004144478860312294,1.0104102878138395,761.8424944196429,760.8772234235491,767.2288696289063,1.0214927881679294,1,0.9618158085023344,1.1176069276282448,3,1,1,0,0,12783952.285714285,0.8739208149646008,1
2023-01-20,786.1924438476562,790.0028461760414,777.885378485851,778.2166926967351,18843404,1.0248856085828928,0.010196692667791015,1.0155774462733533,766.5792759486607,761.9675990513393,767.7006306966146,1.0255853093272367,1,0.918875866472693,1.145797987382084,4,1,1,0,1,13305038.857142856,1.41626072665574,1
2023-01-23,791.9435424804688,796.4402633957444,786.4054987812821,788.7011815871622,15444400,0.7315128347795463,0.007288502564922348,1.01276029304222,771.5628749302456,763.1086905343192,768.1637166341146,1.0264147851230734,1,0.918794967832798,1.1486274142389927,0,1,1,1,0,14189943.142857144,1.0884046429582994,1
2023-01-24,802.5463256835938,805.812376548019,792.8428755647417,792.8665656285084,24983940,1.338830691126769,0.0132994755199121,1.0163582235307835,777.9766235351562,765.9977504185268,768.9084391276042,1.0315815429476425,1,0.9117242718086743,1.0415381021735919,1,1,1,0,0,16438428.0,1.519849708256775,0
2023-01-25,780.370361328125,801.3392445591735,778.7846872191718,800.6056037705797,14704142,-2.763200533823351,-0.02802095083979139,1.0289612234423071,782.2603410993304,767.6527491978237,768.6938598632812,0.997583950416623,1,1.5400583899177192,1.3183318148004304,2,1,1,0,0,16432149.142857144,0.8948398576574332,0
2023-01-27,764.8211669921875,774.8559305182873,752.5853078147762,772.4892355564111,35179948,-1.9925403509013395,-0.020126591346059826,1.0295921571578066,782.7269199916294,768.3762817382812,768.4414103190104,0.9771238824906733,1,1.743234674486434,1.4411628379014336,4,1,1,0,1,19916948.285714287,1.7663322460516362,0
2023-01-30,764.0401000976562,769.3178411010082,748.8222408528942,754.975647383291,18512822,-0.10212412106780366,-0.0010217630327843078,1.0273704480582333,781.1615077427456,768.939213344029,768.0390706380208,0.9780821155735597,1,1.576232103962589,1.4419261753391923,0,1,1,1,0,19834402.57142857,0.9333692776140228,0
2023-01-31,758.9991455078125,768.087231902103,754.9757636950177,766.6672147917049,18596244,-0.6597761804909785,-0.006619623246103732,1.01736674054663,778.4161551339286,770.1293247767857,767.388232421875,0.9750557468546175,1,1.559428323567774,1.353911692700447,1,1,1,0,0,20894985.714285713,0.889985963823173,1
2023-02-01,770.3828735351562,788.1093950748863,760.18239548965,768.7024970580272,17302790,1.4998341032027573,0.014886978041210577,1.0367372353673723,776.1576450892857,771.3684605189732,767.2959309895833,0.9925597955638701,1,1.6374017591309125,1.3582509037688764,2,2,1,0,0,20674898.0,0.8368984456416665,0
2023-02-02,758.9280395507812,768.9391705012463,752.0173020214557,761.1763996984457,17497106,-1.4869014327655972,-0.01498066627314061,1.0225019669551536,771.441144670759,771.5020098005023,767.0710957845052,0.9837795725488324,0,1.624030700163103,1.4226086277329502,3,2,1,0,0,20968141.714285713,0.8344614529230849,1
2023-02-03,785.1746826171875,785.9793357294084,760.6557016062386,762.5490574285317,14411100,3.4583836277734425,0.03399925530433632,1.0332918481642812,768.9594813755581,773.4680524553571,767.8087137858073,1.0210871985252366,0,2.155373795984051,1.6930814148326288,4,2,1,0,1,19457736.0,0.7406360123294919,0
2023-02-06,781.8377075195312,790.1921525781385,779.2106529093284,785.7427543408033,11167672,-0.4249977962271112,-0.004259034788594698,1.0140931077210105,769.1691022600446,775.7147216796875,768.6623026529948,1.016470507229506,0,1.8710602726456305,1.6691468966734306,0,2,1,1,0,18952526.0,0.5892445154804167,1
2023-02-07,782.9972534179688,788.06201475717,772.773143844212,785.4586505805794,10264588,0.14831030625477304,0.0014820043514010828,1.0197844231968292,771.7656860351562,777.2463030133929,769.052803548177,1.014553079498148,0,1.6443689758955446,1.6342070996998224,1,2,1,0,0,15393188.857142856,0.666826613722533,0
2023-02-08,782.9026489257812,789.6240391235308,781.0092930638084,783.0209836671545,8444826,-0.012082353006293012,-0.00012083082981363224,1.0110302734375,774.4603358677456,777.8109218052456,769.4141153971354,1.010900897911804,0,1.6406131727659483,1.5720282893439441,2,2,1,0,0,13954903.714285715,0.6051511477900764,0
2023-02-09,781.2697143554688,786.5237657315753,774.1696293119086,785.7427448206556,11777336,-0.2085744086513186,-0.002087922280006887,1.015957919236185,777.641845703125,778.0290004185268,769.7415079752604,1.0046652178922593,0,1.6022672724991092,1.5707551177733534,3,2,1,0,0,12980774.0,0.9072907362842925,1
2023-02-10,784.3700561523438,785.0327423176034,777.3172933990301,780.441377066591,8172116,0.396833736148694,0.003960484279708928,1.0099257394426868,779.6400146484375,777.8988298688616,769.990799967448,1.0060669557937443,1,1.5316092903907705,1.549266073940474,4,2,1,0,1,11676392.0,0.6998836626930648,1
2023-02-13,784.9617309570312,786.5710951374816,778.429687326696,783.3760568391949,5736944,0.07543311987072698,0.0007540468339230982,1.0104587581169278,783.359113420759,777.400129045759,770.4672973632812,1.0020458273974424,1,1.3345355720494836,1.535116981285293,0,2,1,1,0,9996368.857142856,0.5739027923024964,1
2023-02-14,792.2274169921875,794.0261282040997,784.7723281580804,788.1093910341734,10908592,0.9256102238637709,0.009213527042902016,1.0117917002345618,784.3666469029018,776.66306413923,771.177305094401,1.0100218056444956,1,0.4378619375111753,1.5100799586683615,1,2,1,0,0,9496010.57142857,1.1487552502122922,0
2023-02-15,790.6181030273438,794.2627899763636,784.204336885185,794.2627899763636,11438712,-0.20313787813022177,-0.0020334448296040566,1.0128263165836728,785.6209891183036,777.3950456891741,771.6656331380208,1.006360718435805,1,0.39725415273443093,1.3009266711514533,2,2,1,0,0,9534730.57142857,1.1996890645527867,0
2023-02-16,787.7545166015625,796.1089624181799,786.2161646839088,791.9908780009964,8062500,-0.362195909101537,-0.0036285342663225184,1.0125827961553657,786.3005981445312,779.0331420898438,772.52080078125,1.0018490618733626,1,0.4439472849435315,1.1649711151419087,3,2,1,0,0,9220146.57142857,0.8744437995144361,0
2023-02-17,783.8020629882812,789.6004657481362,777.6722882594793,786.2160803362563,8956270,-0.5017367123875682,-0.005029996371728979,1.0153383085249876,786.4290858677456,780.4447108677456,773.4075236002604,0.9966595552902705,1,0.49757427529117365,1.178224333384141,4,2,1,0,1,9293210.0,0.96374342127209,0
2023-02-20,776.4415893554688,790.2157422072587,773.8145926677021,785.7427119293137,8086706,-0.9390730109525847,-0.009435101017479556,1.0211951928730294,785.7393537248884,781.6905997140067,774.13251953125,0.988166859244936,1,0.615509916381493,1.1959315500130614,0,2,1,1,0,8765977.142857144,0.9225105049001138,1
2023-02-21,779.3526611328125,786.8550727038969,773.4359236507838,776.2759576421577,12389296,0.3749247615342455,0.003742236704797486,1.0173500462582237,785.0225830078125,782.331298828125,774.9056396484375,0.9927773773675711,1,0.6126894488121368,1.135921537551388,1,2,1,0,0,9368431.42857143,1.322451479146837,0
2023-02-22,764.0637817382812,777.1989388344294,761.6261321413451,775.8026119130404,10359102,-1.9617408340286469,-0.019812383850866935,1.0204467862063775,782.0371616908482,782.6981375558036,775.6298461914063,0.9770172303401714,0,0.9251491282164407,1.192274655039196,2,2,1,0,0,10028739.714285715,1.0329415554821602,0
2023-02-23,758.8807983398438,766.2648756370453,753.6030566097003,763.4958538731751,27882010,-0.6783443375166898,-0.006806555506366218,1.0168017086930456,777.2733590262277,780.8200029645648,775.82470703125,0.9763370756596801,0,0.7244428219337175,0.6911421330766091,3,2,1,0,0,12453513.714285715,2.238887003273293,0
2023-02-24,752.1119384765625,765.8151364213195,750.336917326773,765.8151364213195,17061740,-0.8919529757623446,-0.00895954689693287,1.0206283587240925,771.772478376116,778.6967337472098,775.6598266601562,0.9745254716248483,0,0.7064969449562026,0.7116790553125458,4,2,1,0,1,13256803.42857143,1.2870176503657034,1
2023-02-27,753.981689453125,756.8690457387776,746.5976127581428,750.6683165199346,14312972,0.24860009274014772,0.002482915938894338,1.0137576558042949,766.9477887834821,776.6241934640067,775.5375467936198,0.9830938956732326,0,0.7892774887236769,0.7167449484220958,0,2,1,1,0,14149728.0,1.011536900214619,1
2023-02-28,757.1530151367188,759.8510819707354,751.9936087375356,753.5556504719998,18993992,0.4206104376213604,0.004197283445056301,1.0104488564023717,763.1407819475446,774.784933907645,775.7631693522136,0.9921537847898195,0,0.8838893632354305,0.7376063351544416,1,2,1,0,0,15583688.285714285,1.2188380344730054,0
2023-03-01,756.41943359375,763.4958287329239,755.3307307505042,763.0224897194503,14137256,-0.09688682846178409,-0.0009693379408755173,1.0108099639667867,760.2804739815848,773.0099138532366,775.5919799804688,0.9949215578724329,0,0.8697107553212942,0.7385298047567808,2,3,1,0,0,16448052.57142857,0.8595094123517949,0
2023-03-02,749.98193359375,760.1587217973406,748.8222761897821,754.5023440243442,17391814,-0.8510489966413792,-0.008546910973779635,1.0151390336105404,756.0846557617188,770.5536193847656,774.7581115722656,0.9919285200123251,0,0.8166991626636935,0.7325874452920841,3,3,1,0,0,17162698.0,1.01334964933835,1
2023-03-03,764.8684692382812,766.8091474999005,751.6623001418777,755.4490119813835,14986234,1.9849192330804843,0.01965476570912033,1.0201511335012596,756.1996111188616,769.118386404855,774.313173421224,1.011463716711773,0,1.0136883019645822,0.9552320879557107,4,3,1,0,1,17823716.85714286,0.8408029660768688,1
2023-03-06,770.2645263671875,776.0155486085717,765.8861409096147,766.8091287857136,27004710,0.7054882435250764,0.007030113180053103,1.013225735730022,757.8258579799107,767.5496085030692,773.7822428385417,1.0164136236000627,0,0.9895828398644474,0.9372620841192614,0,3,1,1,0,17698388.285714287,1.5258287683629108,1
2023-03-08,771.802978515625,776.03933972207,766.8092286366291,766.8092286366291,20099774,0.19973036479992157,0.0019953116889917266,1.012037037037037,760.6388636997768,766.2056710379464,773.1108907063802,1.0146772868816425,0,0.8636826246431922,0.9432096285671745,2,3,1,0,0,18132393.14285714,1.1085008934917047,1
2023-03-09,771.8739013671875,779.0923212778464,770.1225701404643,771.5188971092862,20700166,0.00918924304993407,9.18882086485846e-05,1.0116471734307775,763.1948939732143,765.0713413783482,772.0884765625,1.011371941115578,0,0.874109926720192,0.9425429824657767,3,3,1,0,0,19044849.42857143,1.086916758131216,0
2023-03-10,751.9700317382812,763.8508293638935,750.2423327911828,762.2887875145955,27387000,-2.5786426505225,-0.026124724741478422,1.0181388012618295,762.4544677734375,762.797624860491,771.1417989095052,0.9862490988271424,0,1.4026437969092604,1.1452883399185099,4,3,1,0,1,20243850.57142857,1.3528552734257488,0
2023-03-13,742.4559326171875,759.1411328403547,740.751865944351,751.6150309707979,26443550,-1.265223176394492,-0.012732952838839942,1.024825137460248,760.4596819196429,760.3700779506138,770.3962910970052,0.976325175771307,1,1.4714774844250929,1.1627006116807812,0,3,1,1,0,22001892.57142857,1.2018761528878348,0
2023-03-14,740.4678344726562,749.5796099935142,738.0775072511518,743.2605460585534,33185612,-0.2677732182061132,-0.0026813237197640077,1.0155838684004883,759.1005249023438,757.5925903320312,769.6105489095052,0.9754542516854608,1,1.4485353293183858,1.1460230527132629,1,3,1,0,0,24258149.42857143,1.3680191103495198,0
2023-03-15,729.8414306640625,749.248330063132,727.3327108002192,746.9289573593102,37264754,-1.4350932361783975,-0.014454902906562957,1.0301314913209405,754.096662248884,755.1481366838727,768.6386250813802,0.9678353813256686,0,1.1440850109990848,1.0969524939064936,2,3,1,0,0,27440795.14285714,1.358005619224924,1
2023-03-16,734.5747680664062,737.982785579755,725.1790009533352,728.4686837227395,21753342,0.6485432593264839,0.006464492662879892,1.017656033351197,748.9981253487723,753.4119916643415,767.4450215657552,0.9807431330009674,0,1.1328905968761989,1.1207820787567375,3,3,1,0,0,26690599.714285713,0.8150188543106012,1
2023-03-17,744.3966064453125,747.4969422958127,728.9420761958121,737.2255088798554,22950876,1.3370781036707635,0.013282181037637708,1.0254545137479707,745.0829293387277,752.8608965192523,766.9606404622396,0.9990788637527579,0,1.340867042666251,1.1759306469174715,4,3,1,0,1,27097900.0,0.8469614250550781,0
2023-03-20,739.2371215820312,742.2428124251653,731.4980411337617,742.1718000249613,26503114,-0.6931096701151218,-0.006955228322268486,1.0146887218928844,740.4205322265625,751.8077130998884,765.4293884277344,0.9984017047164095,0,1.3219105642709106,1.1833880883333223,0,3,1,1,0,27926892.57142857,0.9490176514344739,1
2023-03-21,747.615234375,749.0589413869266,736.6101030086518,744.0651919987587,33050494,1.1333457896484989,0.011269715425479315,1.0169001732767824,739.7984183175223,751.12644304548,764.2886393229167,1.010566143241094,0,1.1301358652853875,1.2237463436008391,1,3,1,0,0,28735963.14285714,1.1501439445649941,0
2023-03-22,745.8875732421875,750.7392976925187,740.9175140491653,749.768929690198,14177324,-0.23108961045407161,-0.0023135703456670146,1.013256244395785,740.2886526925223,750.3741673060825,763.0516499837239,1.0075631586804703,0,1.0102219800838175,1.2243844366928964,2,3,1,0,0,26983645.14285714,0.5254043301022615,0
2023-03-23,739.89990234375,752.7747006046328,737.7225544029504,742.0772502845497,28364178,-0.8027578301660898,-0.008059972791030538,1.0204035326178476,740.20751953125,749.6540222167969,761.6182250976562,0.9995844176404817,0,1.0591120400903047,1.2221509157160864,3,3,1,0,0,26294868.85714286,1.0786963096906652,0
2023-03-24,738.7164306640625,744.9881716394126,736.0183640289285,738.4087487959376,31477748,-0.15995024136895575,-0.0016007829833736247,1.012186934523459,741.4753766741071,747.7860194614956,760.1997823079427,0.9962791131076801,0,0.8640807716508051,1.0666228778283329,4,3,1,0,1,25468153.714285713,1.2359650547555536,1
2023-03-27,741.9351806640625,747.6152485739262,737.8881669466679,739.4501509534972,31872006,0.4357219991853345,0.00434775479349876,1.0131823249958167,742.5268641880581,745.7624947684152,758.7852864583333,0.9992031486636613,0,0.8482830785475697,1.0504870327235454,0,3,1,1,0,26913677.14285714,1.1842308217797282,1
2023-03-28,747.9702758789062,749.2483258664123,740.3495294210122,741.1068602762156,39276302,0.8134262092063249,0.008101357299212048,1.0120197232412094,743.0373883928571,744.0601588657925,757.5522379557292,1.0066388146318164,0,0.7421488602582366,1.0835277893386128,1,3,1,0,0,29245880.85714286,1.3429686796527918,1
2023-03-29,751.567626953125,758.2890171010677,748.7749155212824,749.7689157853254,39763612,0.48094839998711336,0.00479795538139225,1.0127062237029691,744.7988891601562,742.6097106933594,756.1969116210937,1.0090880073688098,1,0.6698832908159765,1.0983810210266418,2,3,1,0,0,31140237.714285713,1.276920631269243,1
2023-03-31,761.86279296875,763.4720993070749,753.7450177500838,755.2596794028502,34711228,1.3698256346354132,0.01360528331630323,1.0129050027899704,746.8342546735491,743.3163364955357,755.2384012858073,1.020122990075984,1,0.7261326447693716,0.9304684176823803,4,3,1,0,1,31377485.42857143,1.1062463268134597,1
2023-04-03,762.3361206054688,764.7737701383646,758.6440534334533,760.916103659407,40025398,0.062127674574363745,0.0006210838332434681,1.0080798322707065,749.1840471540179,744.73634992327,754.3911214192708,1.0175551968857488,1,0.7002497906894914,0.8446040855525597,0,4,2,1,0,35070067.428571425,1.1412980052439674,1
2023-04-05,782.7843017578125,783.8493144132652,764.9157560941043,766.1464258287228,43365392,2.6823051669260023,0.026469619771868944,1.0247524752475248,755.3103899274554,747.7589547293527,754.3571960449219,1.0363743332499318,1,0.9632747045581654,1.0612347740033323,2,4,2,0,0,37213098.0,1.1653260365476694,1
2023-04-06,788.7484741210938,790.0974787885557,779.6366978740349,780.3230741298614,44637344,0.7619177275129507,0.0075902979423629925,1.0134175070812417,762.4578247070312,751.9666006905692,754.7674255371094,1.034481447448145,1,0.8663811205084081,0.9218093736015812,3,4,2,0,0,39093040.28571428,1.1418232931940002,0
2023-04-10,785.009033203125,790.9494607030667,782.902697787476,787.2810834915474,31813286,-0.4740980224571145,-0.004752254318935505,1.0102781136638452,768.6112322126116,755.5690482003348,754.9559712727864,1.0213343239121146,1,1.0114058500188272,0.9614792718722203,0,4,2,1,0,39084651.71428572,0.8139585388289905,1
2023-04-11,787.3047485351562,790.1921047569881,781.5299783108553,785.26936780893,42361542,0.2924444477618193,0.002920176608606189,1.0110835498144992,774.2304425920759,758.6339154924665,755.7306701660157,1.0168868404338487,1,1.0304259434481244,0.9298368417620252,1,4,2,0,0,39525400.28571428,1.0717549144040115,1
2023-04-12,797.5289306640625,799.0909147701184,789.4348449344496,789.5294896267043,26955504,1.2986308221726306,0.01290270910583158,1.0122316235438917,780.7963431222098,762.7976161411831,757.0189412434896,1.021430156133856,1,1.0425265426755224,0.9008041763883655,2,4,2,0,0,37695670.571428575,0.7150822253956909,1
2023-04-13,801.1026000976562,803.280005810938,794.3338867900884,799.1382893920855,35330086,0.4480927645619248,0.004470918179327301,1.0112624164342288,786.4020298549107,766.61814226423,758.6519632975261,1.018693454091742,1,1.0248963065429355,0.8849917975638824,3,4,2,0,0,37784078.85714286,0.935052198402901,0
2023-04-17,788.8905029296875,814.1431285287981,782.5714384591537,814.1431285287981,32405148,-1.5244111261753623,-0.015361497216788898,1.0403435245883847,790.1955130440848,769.6897800990513,759.8155904134114,0.9983484971847411,1,1.3267577215204716,1.0236382588978141,0,4,2,1,0,36695471.71428572,0.8830830204966278,0
2023-04-18,785.5534057617188,793.9078508052294,784.0387440490672,790.4761429987975,29637226,-0.4230114515988981,-0.004239086761755732,1.0125875243169673,790.5910993303571,772.9507446289062,760.7622701009115,0.9936279404449337,1,0.9363249999982006,0.9937384947383701,1,4,2,0,0,34734305.14285714,0.8532551861367718,1
2023-04-19,788.4407348632812,790.6181404482337,784.3937211551915,788.1094206815565,24741168,0.3675535081873571,0.0036687968089295347,1.007935325239314,790.547136579241,776.5024806431362,761.8296468098958,0.9973355140781682,1,0.8977150709442178,0.9794181796270457,2,4,2,0,0,31891994.285714287,0.7757798956800444,1
2023-04-20,791.37548828125,794.0024850715804,788.7721237726142,791.280785812552,32922716,0.3722224497289206,0.0037153141622555067,1.0066310169202606,791.4566301618304,780.033931187221,763.2094319661459,0.9998974777928592,1,0.8803778154131608,0.9797401992531657,3,4,2,0,0,32050484.285714287,1.0272143068575874,1
2023-04-21,792.6535034179688,793.7658385477291,787.2811171507625,790.0028164885751,20128618,0.16149288872902012,0.0016136262918454716,1.008236856258455,792.2207380022321,783.225590297154,764.1355997721354,1.000546268729127,1,0.8774592276189297,0.9774618833538032,4,4,2,0,1,28874352.285714287,0.6971106330221898,1
2023-04-24,799.0671997070312,800.6291836512714,792.4167640167948,798.5228483313539,35675852,0.8091424892978205,0.008058864834833672,1.0103637631198608,792.4404907226562,786.6184169224331,765.0956888834636,1.0083624058360923,1,0.7801310457802622,0.9829634024748186,0,4,2,1,0,30120116.285714287,1.184452664843155,0
2023-04-25,787.7071533203125,798.8542527375239,786.6421405095866,798.8542527375239,50353068,-1.4216634584530263,-0.014318659051374446,1.0155243554839641,790.52685546875,788.4644426618304,765.6258280436198,0.9964331355362172,1,0.9206250404299513,1.0605904079657802,1,4,2,0,0,32266256.57142857,1.5605488008357036,1
2023-04-26,791.3281860351562,792.8428477663938,783.3760674945562,785.7427625625156,27392750,0.45969275505248763,0.004586393948207552,1.0120845921450152,790.8750959123884,790.5353044782366,766.2743041992187,1.000572897193387,1,0.7472940737920152,1.060675291355776,2,4,2,0,0,31550199.714285713,0.8682274675933906,1
2023-04-27,795.6828002929688,797.6944908945422,788.5117034159383,790.7127411596693,47790392,0.5502918175618987,0.005487832439803312,1.0116457212224281,792.3221522739956,791.4566258021763,767.731396484375,1.0042415171774863,1,0.7358378626296509,0.8118980110488908,3,4,2,0,0,34143509.14285714,1.3996918652984385,1
2023-04-28,798.806884765625,800.4162489215953,790.4761299225689,797.4341901096315,27916272,0.3926293834057848,0.003918606058828182,1.0125748502994012,793.8030308314732,792.1750837053571,769.6097615559896,1.0063036467987663,1,0.7369319018972419,0.7952627313556683,4,4,2,0,1,34597095.428571425,0.8068964071748583,0
2023-05-02,798.6411743164062,804.202907194295,796.1561447326687,799.3274927082318,32221184,-0.020744744741074683,-0.00020746896760872365,1.0101070154577882,794.8409859793527,793.1488080705915,771.5488728841145,1.0047810674135924,1,0.7356249561264727,0.7794455447558744,1,5,2,0,0,34496876.571428575,0.9340319241158959,1
2023-05-03,801.4339599609375,802.7829645894082,795.0438832970477,797.552545393005,29407270,0.3496921689420507,0.0034908216754805177,1.0097341561326985,796.0953369140625,794.1580374581473,773.9352905273438,1.0067060096942275,1,0.7402653575681253,0.7805359783216026,2,5,2,0,0,35822398.28571428,0.8209185148758565,1
2023-05-04,817.8351440429688,820.9828021558743,798.5702121515963,798.5702121515963,56854638,2.0464797976405436,0.020258207794216825,1.0280658978549821,798.7764718191964,795.6084812709263,776.7106363932292,1.023859831750385,1,1.0171038368593588,0.8852363175800182,3,5,2,0,0,38847939.14285714,1.463517480063127,0
2023-05-05,769.4835205078125,786.192351749063,767.8031440250422,775.8025843027785,62770416,-5.912147929487343,-0.06094124368665244,1.0239504199313634,796.173095703125,793.3499755859375,777.5468668619792,0.9664776725823144,1,2.558709107261793,1.847730457499735,4,5,2,0,1,40621846.0,1.5452378998236564,1
2023-05-08,778.38232421875,781.1750359781396,771.5425985281042,773.9092936156137,37244524,1.1564644951804537,0.011498285570461456,1.0124846475987346,794.3236868722098,792.5993913922991,778.8517069498698,0.9799308985531683,1,2.606515668216134,1.8467473871203883,0,5,2,1,0,42029242.28571428,0.8861573983849667,1
2023-05-09,778.4059448242188,783.8493430397727,776.2522293745058,780.9619868467801,43688938,0.0030345762916050845,3.034530249270194e-05,1.0097869138120075,791.8555646623884,792.0888584681919,779.8780639648437,0.9830150592628544,0,2.5882171074309905,1.8441584848639712,1,5,2,0,0,41443320.28571428,1.0541852751855838,1
2023-05-10,782.0033569335938,783.210394506021,773.0099158578086,778.4059920594077,46340550,0.4621511607529438,0.004610865211786131,1.0131957927562842,789.455060686384,791.6290457589286,781.0819234212239,0.990560952581251,0,2.5913755306738366,1.8459745043699478,2,5,2,0,0,44075360.0,1.051393567743973,1
2023-05-11,782.5239868164062,798.9962066051175,780.6543209380866,788.1804223550088,35734618,0.0665764255608936,0.0006655427329027262,1.023495528270426,787.152605329241,790.9967956542969,782.5027262369791,0.9941197952195067,0,2.5930051597494406,1.8424999251446361,3,5,2,0,0,44577279.14285714,0.801632999750411,1
2023-05-12,789.434814453125,791.8015094745331,778.287657790037,779.5893400518114,22478760,0.8831457889022065,0.00879268865682525,1.0173635693040142,785.4384416852679,790.7668892996652,784.1933390299479,1.0050880789069636,0,2.621629269667549,1.8593135750368386,4,5,2,0,1,43587492.0,0.5157158388466122,1
2023-05-15,793.2215576171875,795.5645626680762,788.1567954042247,791.4228462180713,18512260,0.4796777510611472,0.004785309631323497,1.0093988497048385,781.9222150530134,790.349343436105,785.9028849283854,1.0144507245690775,0,2.4613530953875777,1.850176453114611,0,5,2,1,0,38110009.428571425,0.4857584733663484,0
2023-05-16,788.6732177734375,800.4030139627808,787.0932626645074,800.4030139627808,32722086,-0.5734009369857573,-0.005750511915655335,1.0169100053699058,784.6636003766741,790.4183480398996,787.2596496582031,1.0051099826662515,0,0.5798415908321147,1.8148620464410736,1,5,2,0,0,33817390.85714286,0.9676111956191467,0
2023-05-17,784.4360961914062,789.9658807338478,778.1642575542323,789.9658807338478,30466868,-0.5372467945587656,-0.00538695154992577,1.0151659795024612,785.5284249441964,789.9260559082031,788.3552652994791,0.9986094344671642,0,0.5412472017692795,1.8160325983385486,2,5,2,0,0,32849154.285714287,0.9274780024778198,1
2023-05-18,787.572021484375,791.8569644245696,785.1781855528116,789.0083230433131,49646942,0.3997681019772381,0.003989711525607428,1.0085060677877287,786.8378644670759,789.3467145647321,789.2122395833334,1.0009330473919127,0,0.5486574360585009,1.8126689203594974,3,5,2,0,0,33700297.71428572,1.4731900121747121,1
2023-05-19,788.481689453125,789.9658560394562,781.1326248446826,789.0083216684993,30460332,0.1155028294473226,0.001154361762485542,1.011308234880767,787.7633405412946,788.6092006138393,790.0837585449219,1.000911884159698,0,0.5331787034083242,1.8088853895932342,4,5,2,0,1,31431695.14285714,0.9690960624795356,0
2023-05-22,785.6809692382812,791.3543491028732,781.6832161993159,787.5720763787239,28334032,-0.3552042174608139,-0.003558365655033503,1.0123721895304088,788.214338030134,787.6834716796875,790.1803141276042,0.9967859392177717,1,0.5631026782598748,1.8102902379561083,0,5,2,1,0,30374468.57142857,0.9328239581663699,0
2023-05-23,783.8375854492188,789.774310031499,782.0422085660649,789.487061418846,22470074,-0.2346224308894307,-0.002348981005878559,1.0098870641261313,787.4147338867188,786.4265877859933,790.0166178385417,0.9954570974055273,1,0.43412309245644576,1.8058277037501307,1,5,2,0,0,30373227.714285713,0.7397986875603427,0
2023-05-24,773.5921020507812,782.6647175463944,772.5387790945629,779.2176169192138,33588112,-1.3070926412090622,-0.01315710273064126,1.013107352958643,784.6105259486607,783.2663705008371,789.6360534667969,0.9859568237571664,1,0.5466449574867361,1.7131211720254886,2,5,2,0,0,32526920.85714286,1.0326250107570236,0
2023-05-25,770.6236572265625,775.6268094273125,764.7587591498904,773.5441253964981,29776930,-0.3837222247162875,-0.00384460327225591,1.014211083099595,782.0320172991071,783.3478088378906,789.0800170898438,0.9854119015332063,0,0.5387185321985534,0.643954980309212,3,5,2,0,0,32106184.285714287,0.9274515381527074,1
2023-05-26,773.5921020507812,775.1241337865805,767.1047828039214,775.1241337865805,26635066,0.38520032396902604,0.0038446032722558123,1.0104540489936027,780.4828752790179,783.0056501116071,788.2821228027344,0.9911711410378181,0,0.5896838263756115,0.5669472449911845,4,5,2,0,1,31558784.0,0.8439826452121856,1
2023-05-29,783.023681640625,785.6569009919081,777.9247997535801,779.6723115571738,21816292,1.2191928491566584,0.012118205543132414,1.0099393941943708,779.8331124441964,783.3354884556362,787.6794921875,1.0040913487071979,0,0.7789077475309777,0.660008338054642,0,5,2,1,0,27582976.85714286,0.790933194520318,1
2023-05-30,783.6222534179688,786.446991726549,779.6963855607993,782.1141249746089,37125928,0.0764436365563892,0.0007641443329028408,1.0086579934071316,779.1389072963169,783.4511239188058,787.5038838704427,1.0057542321140263,0,0.7774113737857119,0.6491850011681534,1,5,2,0,0,28535204.85714286,1.3010569990951628,0
2023-05-31,771.22216796875,782.7604463317739,768.2538345692759,780.3427069263231,43334270,-1.582405986447244,-0.015950596962129075,1.0188825764477065,777.0733642578125,782.6438511439732,787.0261759440104,0.9924702138070953,0,0.9642435768380291,0.7765436997666909,2,5,2,0,0,30678096.0,1.4125475714007805,0
2023-06-01,767.942626953125,775.5550374999791,766.0275580579801,775.5550374999791,50366938,-0.4252394642989432,-0.0042614617869351215,1.012437515258789,774.8026559012277,781.1086948939732,786.3429056803385,0.9911460952077877,0,0.9660643381275282,0.7260764139000229,3,6,2,0,0,34663362.28571428,1.453030943301123,1
2023-06-02,769.1395263671875,773.1133176055869,766.5063067001975,771.9881679023533,17859710,0.1558579211589306,0.0015573658875540457,1.0086196432405528,774.1665736607143,779.3885498046875,785.6017069498698,0.9935065043305138,0,0.8614981275652185,0.7078770344463212,4,6,2,0,1,32416447.714285713,0.5509459320593398,0
2023-06-05,768.1341552734375,773.9272270660708,767.2005241092544,772.9696926063541,18697242,-0.13071374689305193,-0.0013079925183044636,1.0087678550071721,773.8109305245536,777.9214739118304,784.7843953450521,0.9926638730118895,0,0.8518478931640525,0.7006130036169024,0,6,2,1,0,30833635.14285714,0.6063911022288712,0
2023-06-06,765.7401733398438,770.7432665620512,762.3169766094235,769.6900022341931,32182852,-0.31166195607348346,-0.0031214863340292016,1.0110535252541608,772.689226422991,776.5860508510044,783.6734944661458,0.9910066649753659,0,0.8339850685687155,0.6944811209697834,1,6,2,0,0,31626176.0,1.017601748627466,1
2023-06-07,769.7139282226562,772.035995668472,764.1123759118827,767.6791678231415,24949026,0.5189429810741997,0.005176011123398498,1.010369704779527,770.7878330775669,775.3104727608817,783.073720296224,0.9986067438939419,0,0.6691076849228857,0.7026829046612528,2,6,2,0,0,32073709.42857143,0.7778653122602426,1
2023-06-08,770.1926879882812,778.4753830300483,767.5834304077028,767.5834304077028,37395522,0.06219970148266807,0.000621803654858848,1.0141899267113677,768.8693237304688,774.0041155133929,782.3692036946615,1.001721182282825,0,0.6679961638170504,0.7012100385729493,3,6,2,0,0,32112222.85714286,1.164526111018875,1
2023-06-09,771.1024780273438,774.8847507794242,769.3789277124094,773.6399676877086,18212578,0.1181249904408821,0.0011805527776737406,1.007156191661481,768.8522251674107,772.9627947126116,781.5498596191406,1.0029267690022527,0,0.31792069286424524,0.7027534853990394,4,6,2,0,1,28523409.714285713,0.6385133538532871,0
2023-06-12,766.4104614257812,773.5919685289341,765.764079031894,772.035975323251,13408292,-0.6084815877606453,-0.006103403810865154,1.0102223252714289,768.6333443777902,771.718000139509,780.4699788411458,0.9971080060886399,0,0.3629536107336568,0.7139912679937073,0,6,2,1,0,23243603.14285714,0.5768594446218819,1
2023-06-13,767.7031860351562,770.3364055694209,761.2876940266594,761.2876940266594,27926108,0.1686726205394118,0.001685305280331442,1.011886060439123,768.4281529017857,771.29736328125,779.4387125651042,0.999056558685556,0,0.36406590152307683,0.6359855847866533,1,6,2,0,0,24681660.0,1.1314517743133972,0
2023-06-14,766.8653564453125,771.772720205927,766.1232439139638,771.0306076745784,20113968,-0.10913457246032321,-0.0010919416759806518,1.0073741089789956,768.2468959263393,771.0289132254464,778.28642578125,0.9982016985836812,0,0.3631228908188867,0.629189034945922,2,6,2,0,0,24884049.42857143,0.8083076694464967,0
2023-06-15,757.4336547851562,768.8761438484094,755.9733914813049,767.9425712071014,35377476,-1.2299032132414345,-0.012375291147926402,1.0170677334844047,767.0602504185268,769.874738420759,776.2730428059896,0.9874500137008558,0,0.5836520061100938,0.6915731120820396,3,6,2,0,0,25340424.285714287,1.3960885422089842,1
2023-06-16,767.3441162109375,770.4321412189463,758.3672313699111,759.8753597118556,15779272,1.3084263371677451,0.012999403812719731,1.0159090600832543,766.7217058454241,768.7547694614956,776.201729329427,1.0008117813292203,0,0.7790006570397181,0.7054199113387128,4,6,2,0,1,24030459.42857143,0.6566363013950105,1
2023-06-19,768.0144653320312,772.8500026766968,765.2375920147995,771.2940091758765,24829146,0.08735964828971987,0.0008732151195786744,1.0099477740525717,766.4105311802456,767.6399274553571,775.8561340332031,1.0020927872028529,0,0.7796163570277662,0.7056859915088695,0,6,2,1,0,22235262.85714286,1.1166562841879732,1
2023-06-20,769.6182250976562,771.2939101911815,761.5510099789078,768.0143667682194,20005626,0.20881895302995446,0.0020860122930048807,1.0127934965414116,766.1984950474331,767.5253601074219,775.5632100423177,1.00446324297467,0,0.7833849558865745,0.5744872080207973,1,6,2,0,0,22491412.57142857,0.88947841477123,1
2023-06-21,783.0715942382812,783.8615717803077,771.2939332038942,773.6877691232111,24308946,1.7480575046046942,0.017329547288544214,1.016294227188082,768.5786568777902,768.6060006277902,775.598817952474,1.018856804350209,0,0.9739608469758556,0.7277964877599965,2,6,2,0,0,24048648.85714286,1.0108237741090318,1
2023-06-22,786.9017333984375,793.580570693625,784.7233777731387,785.1781832214814,56596140,0.4891173665776849,0.004879250738130195,1.0112870256849247,771.321306501116,769.8747297014509,775.7447428385417,1.0201996583862019,1,0.9736454560159673,0.7337141648227734,3,6,2,0,0,28144367.714285713,2.0109224188139265,0
2023-06-23,786.8538818359375,794.7056754911911,782.3295552385844,784.0052404143834,21339218,-0.0060810086531803975,-6.0811935540075257e-05,1.015819573950306,774.1768101283482,771.2118530273438,775.6587117513021,1.0163749049851902,1,0.9661635382181221,0.7305904788265627,4,6,2,0,1,28319403.42857143,0.7535193336195379,0
2023-06-26,783.0476684570312,790.3249060654587,779.7680665871447,787.571994837304,16130314,-0.48372556414481016,-0.004848993028978627,1.013538435248469,777.835954938616,772.4481026785714,775.3195821126302,1.0067002733485448,1,0.783909143260538,0.740776120703825,0,6,2,1,0,25569808.85714286,0.630834359776375,1
2023-06-27,794.083251953125,800.9296461673263,784.4840048316838,786.5905337191974,33831864,1.4093118389381099,0.013994733683769365,1.020963641367259,781.6558314732143,774.1887686593192,775.4999165852864,1.0158988393350668,1,0.8024118799564375,0.808842217611456,1,6,2,0,0,28148750.57142857,1.2018957613820302,1
2023-06-28,802.4856567382812,804.2810337444777,794.9929383437692,799.5412267594668,59562950,1.0581264325232542,0.010525674544143904,1.0116832426462286,786.5802873883929,776.4954092843192,776.1015686035156,1.0202209101917585,1,0.8044532634588843,0.8366538904924403,2,6,2,0,0,33110722.57142857,1.798902149341712,1
2023-06-30,814.5745849609375,818.1174741870392,805.8849479608397,815.8193680827392,40699016,1.5064354261223656,0.014952013696880132,1.0151789982641466,793.0026245117188,779.6005597795759,777.0016540527344,1.0272028865761968,1,0.8394462656942517,0.8941173412154536,4,6,2,0,1,36066921.14285714,1.1284305593703337,1
2023-07-03,823.3839111328125,841.4334124492976,818.691968869587,819.8888869527296,44104116,1.0814634208477614,0.010756574274821296,1.0277777777777777,798.7615269252232,783.6700919015067,778.1650614420573,1.030825701260765,1,0.7492264659235779,0.8615261202713014,0,7,3,1,0,38894802.571428575,1.1339334071436602,1
2023-07-04,827.4054565429688,836.406303333363,820.5112555769142,825.1313123295552,38795188,0.488416807248937,0.00487227921933203,1.019372126400963,804.5477730887277,787.9345397949219,779.5558776855469,1.0284105981258123,1,0.7492628188206222,0.8558030393332824,1,7,3,0,0,36351809.428571425,1.0672147716946423,0
2023-07-05,801.1212158203125,823.4796217067899,798.8470715161803,821.6842446245804,37165754,-3.1767062345075647,-0.03228258258098822,1.030835126107251,806.5859636579241,790.3813868931362,780.1319986979166,0.9932248413884757,1,1.6634304819903833,1.3079673345578937,2,7,3,0,0,38612743.14285714,0.9625256061838534,1
2023-07-06,801.9349975585938,808.0871439109142,794.9450086715105,800.9774632331506,52156544,0.10158035041525348,0.0010152879248949485,1.0165321312745474,809.2841535295759,793.560054234096,781.0767618815104,0.990918942451882,1,1.633730142686486,1.2327973808163277,3,7,3,0,0,43759347.428571425,1.1918949222251396,0
2023-07-07,794.9450073242188,801.9349961994551,792.9820736490386,797.1473245803539,19926336,-0.8716405014939199,-0.008754615071383634,1.011290195387669,809.4072614397321,795.5315464564732,781.8874735514323,0.9821322901282247,1,1.615219275202257,1.248947828301403,4,7,3,0,1,41772843.428571425,0.4770165103573236,0
2023-07-10,793.0538940429688,802.772891445225,789.8222154878739,795.2323081500037,38398442,-0.2378923402029387,-0.0023817575359896797,1.0163969507357444,808.0598667689732,797.3200770786831,782.5361999511719,0.9814296275027173,1,1.5502743630152085,1.2554153278036113,0,7,3,1,0,38749342.28571428,0.9909443550518365,0
2023-07-11,789.1998901367188,802.4138536028626,787.8114535223809,796.1898797980671,50670426,-0.48596998705880967,-0.004871546608648924,1.0185353995745974,804.4349103655134,798.718767438616,782.7420735677083,0.9810612144842493,1,1.3655824012334807,1.2702519512039672,1,7,3,0,0,40173829.428571425,1.261279462792846,0
2023-07-12,781.8029174804688,797.7698512050471,779.0261026386073,792.5273150200137,70958358,-0.9372749221960186,-0.009416949840294423,1.0240604884777975,798.4947684151786,798.6281476702009,782.6814290364583,0.9790958543562669,0,1.1921387962617565,1.2181006090784716,2,7,3,0,0,44010149.71428572,1.6123180325598139,1
2023-07-13,785.7048950195312,793.5327275967235,784.2446900236664,793.1736521716847,41913546,0.4990998948478653,0.004978585200760952,1.0118432903546681,792.5375453404018,798.5426592145648,783.1641866048177,0.991378767654552,0,1.1939660202687088,1.21841474793786,3,7,3,0,0,44455629.428571425,0.9428175135242233,1
2023-07-14,787.3325805664062,791.6893499559882,782.7842926275915,791.6893499559882,24727214,0.207162454656018,0.0020694816913798086,1.0113761318568424,790.5677403041294,798.5768519810268,783.8105183919271,0.9959078019848386,0,0.5489807703012883,1.2197178372304025,4,7,3,0,1,42678695.14285714,0.5793807406067905,1
2023-07-17,803.8023071289062,805.2864738403157,781.826879774813,789.9659226138649,49252928,2.091838565940174,0.020702600296415418,1.030006123698714,790.8344988141741,800.059326171875,784.9659444173177,1.0163976259687417,0,1.0479145945747788,1.328676287524905,0,7,3,1,0,42263892.85714286,1.1653665734597838,0
2023-07-18,803.1319580078125,815.8192884919896,799.5412040971963,812.9466853634967,81076818,-0.08339726262893699,-0.0008343205749266129,1.0203592814371258,792.0040631975446,800.7056623186384,786.1325378417969,1.0140503001529328,0,0.9736043697357316,1.2828630066375613,1,7,3,0,0,50999676.0,1.589751629010349,1
2023-07-19,806.7706298828125,808.5181419226229,801.9350926545632,804.8555610048314,32935134,0.4530602771711134,0.004520370484951142,1.0082089552238804,793.9635968889509,801.0117318289621,787.5002197265625,1.0161305040231623,0,0.9626276190648216,1.2576339090233566,2,7,3,0,0,50219203.428571425,0.6558274873245415,1
2023-07-20,808.5181274414062,810.0741208768967,804.3289143458549,804.8795083270657,56210948,0.216604012821775,0.002163697645297361,1.0071428571428571,796.7233450753348,800.5791277204241,788.7936930338542,1.0148041129194678,0,0.9082913948981711,1.1876712456917518,3,7,3,0,0,51010706.571428575,1.1019441167961417,0
2023-07-21,802.2941284179688,809.0208308967337,801.0972104283851,804.3288890002611,42154248,-0.7698032749288708,-0.007727815547821262,1.0098909600048558,799.6506609235491,799.0727146693638,789.8637410481771,1.0033057779147792,1,0.8701508120946395,1.155011939299928,4,7,3,0,1,46895833.71428572,0.8988911095349329,1
2023-07-24,803.5628051757812,806.555099896524,799.5890144093324,803.6106702026618,32179444,0.15813112833247267,0.0015800623271230066,1.0087120825344724,802.2017909458706,797.3696681431362,790.945751953125,1.0016965983437982,1,0.8714911362543283,1.1436498439911602,0,7,3,1,0,45505247.71428572,0.7071589677314893,1
2023-07-25,812.2764282226562,813.4254812031791,803.5628884699448,806.555183500857,55992596,1.0843736159451556,0.010785364451640989,1.012273579174386,805.7651977539062,798.1664690290179,792.4746175130208,1.008080803796069,1,0.9137985580211049,0.8093923483406653,1,7,3,0,0,49971730.85714286,1.120485423249984,0
2023-07-26,809.4517211914062,813.7127611681419,808.1590730655859,813.7127611681419,24794358,-0.3477519392543149,-0.0034835800178131906,1.0068720234513848,806.5722569056919,798.7033778599331,793.8662353515625,1.0035700016471691,1,0.5917875207189509,0.8182639360417155,2,7,3,0,0,46477649.428571425,0.5334684155683236,0
2023-07-27,801.0493774414062,815.3405671200665,798.3203692500316,813.8564004422645,59741302,-1.0380290176704832,-0.01043454114252312,1.0213200095170116,806.2747453962054,799.139404296875,795.005702718099,0.9935191223777803,1,0.7343501456013245,0.8340451937273005,3,7,3,0,0,43429718.571428575,1.375585750152718,0
2023-07-28,786.8538818359375,799.0145802289601,785.7048288838802,795.4716913114755,41015684,-1.7721124321711468,-0.017880023492042624,1.0169398874180102,803.4294956752232,798.6965462820871,795.986376953125,0.9793689254271714,1,0.9406241903424336,0.9662151070456482,4,7,3,0,1,44584082.85714286,0.9199624926999892,1
2023-07-31,790.5403442382812,793.2214872008873,784.5557544882844,789.989808735889,34565006,0.46850660426840385,0.004674125279595313,1.011045400741793,800.8612409319196,798.7922930036273,796.7595845540365,0.9871127529138151,1,0.9703804221943122,0.9668910975457712,0,7,3,1,0,41491805.428571425,0.8330562057489646,1
2023-08-01,795.8307495117188,798.3203154846697,789.9658515231379,792.0963421090329,35394188,0.6692138246954471,0.006669845292881381,1.0105757279829546,799.9379010881696,799.7942810058594,797.6867940266927,0.9948656619834316,1,1.0100032913677108,0.9399492826624753,1,8,3,0,0,40526082.571428575,0.8733681065179829,0
2023-08-02,785.4176025390625,790.6840418124119,781.8986752587043,786.1357533490648,28116322,-1.3084625065122535,-0.01317098290548724,1.0112359399391497,797.3457292829241,799.7737601143973,798.2134399414062,0.9850402073958696,0,1.0935091675529929,1.0072615554437157,2,8,3,0,0,39945636.571428575,0.7038646624074685,0
2023-08-03,779.7442016601562,790.6121935791729,777.0391553272656,785.1781976196645,57673946,-0.7223419567584877,-0.00724963478132071,1.0174676374528266,792.6982683454241,799.2317330496652,798.1025268554688,0.9836582629197531,0,0.9032967673271785,1.023212511527991,3,8,3,0,0,40185829.428571425,1.4351811775469994,1
2023-08-04,791.0191650390625,793.0778874299197,780.0314808905504,782.8562191326811,37388304,1.4459823304746156,0.014356277039944482,1.0167254871873561,790.0650460379464,798.3186514718192,798.2397745768229,1.0012076461373665,0,1.1889821371752447,0.9287194196567548,4,8,3,0,1,41984964.571428575,0.8905165070793778,0
2023-08-07,790.5642700195312,796.2376491558498,788.7928549114002,796.2376491558498,28300918,-0.05750745868575713,-0.0005752400056696061,1.0094382120706276,788.5671735491071,797.4209594726562,798.3634541829427,1.002532563537277,0,1.147671002242699,0.9288031612043819,0,8,3,1,0,37493481.14285714,0.7548223621105822,0
2023-08-08,789.9180297851562,792.6469794990385,786.1597188833139,790.779775695363,43773828,-0.0817441742413938,-0.0008177760301012799,1.0082518354221193,789.0049089704241,796.2172023228237,798.5924662272135,1.0011573068866246,0,0.9108245684285946,0.9148193784313581,1,8,3,0,0,37887501.71428572,1.1553632733586867,1
2023-08-09,790.2052612304688,792.1203300247262,780.917165889668,791.4021792268796,33361236,0.03636218373070932,0.0003635557429085689,1.0143461619546996,788.9570399693081,794.9091404506138,798.4631998697917,1.0015821156259779,0,0.8929190539908262,0.9105704256263348,2,8,3,0,0,37715534.571428575,0.8845489366408934,0
2023-08-10,783.1912841796875,792.0006120305654,780.8692750321005,788.5535116922156,50781118,-0.8876145724288742,-0.008915773373885818,1.0142550582464744,787.1514020647321,793.5446515764509,797.8200541178386,0.9949690518562794,0,0.8915684872011673,0.9171633991245082,3,8,3,0,0,39913667.428571425,1.2722739169703388,0
2023-08-11,775.0283203125,784.4121451817492,773.7834789124577,784.4121451817492,28225822,-1.0422694981517044,-0.010477391656646486,1.0137359695043244,785.667218889509,791.5064740862165,796.5018452962239,0.9864587724659731,0,0.8419527664480492,0.9401449314626843,4,8,3,0,1,39929310.28571428,0.7068948047945246,0
2023-08-14,771.24609375,773.2090275802822,766.1472113841155,771.2939587813216,31304410,-0.4880114007930647,-0.0048920606474521094,1.0092173097953445,784.4532034737723,788.5757359095982,794.7639180501302,0.9831639291352402,0,0.8215319157228339,0.8583456956993867,0,8,3,1,0,36162233.71428572,0.8656658282597556,0
2023-08-16,768.995849609375,770.6476315074848,757.0745931406195,757.9363390305685,34137542,-0.29176733066922367,-0.002921938012820754,1.0179282708597568,781.3070155552456,785.686030796596,792.8169311523437,0.9842428575441352,0,0.4240117442017815,0.8585682711090403,2,8,3,0,0,35697839.14285714,0.9562915520849014,0
2023-08-17,764.73486328125,770.7673182443161,763.1549081618289,764.8784583736676,52884040,-0.5540974415257804,-0.00555638255776814,1.009974921213339,777.6171003069196,783.0921369280134,791.604052734375,0.9834337014700615,0,0.3975237697647104,0.8387763828458187,3,8,3,0,0,39209713.71428572,1.3487484347719725,0
2023-08-18,761.598876953125,764.2560581283789,759.085349306415,760.0668453838622,25633366,-0.4100749787539937,-0.004109180919151276,1.0068117621117156,773.5715070452009,781.2882080078125,790.2595153808594,0.984522917425168,0,0.36143312831737223,0.7303143087365196,4,8,3,0,1,36618219.14285714,0.7000167293771882,0
2023-08-21,761.00048828125,766.2669276465182,759.803570243689,766.2669276465182,21837270,-0.07857005701858988,-0.0007860093946518625,1.0085066162570888,769.399396623884,779.178218296596,789.1280314127604,0.989083812153365,0,0.3334968446533389,0.7042185689622382,0,8,3,1,0,34971938.28571428,0.6244226391340832,0
2023-08-22,757.7448120117188,765.069973432526,756.4521639695814,764.2799958764373,32273570,-0.42781526683173254,-0.004287330147903002,1.0113924050632912,765.7641863141741,776.4577941894531,787.9510620117187,0.9895276190166913,0,0.2958724508833789,0.6507543359210807,1,8,3,0,0,32328002.85714286,0.9983162319867579,1
2023-08-23,759.6119995117188,761.5031649471699,753.2204693186583,756.4521477981758,36498588,0.24641376231173684,0.002461106614198831,1.0109963761818688,763.5618547712054,774.6145368303571,786.9647989908855,0.9948270657644754,0,0.281281396467289,0.60526554919036,2,8,3,0,0,33509826.57142857,1.0891905967403523,0
2023-08-24,756.1170654296875,764.2081843881693,754.6089370548672,762.8198062571005,43145792,-0.46009463835192665,-0.0046115633151366875,1.0127208238094378,761.4005650111607,772.9268842424665,786.1086039225261,0.9930608147350196,0,0.2781245769838577,0.5930118546839057,3,8,3,0,0,35201452.571428575,1.2256821479866853,0
2023-08-25,747.5950317382812,755.2553074397301,746.1108650097785,753.8429674845817,30069756,-1.1270786074062955,-0.011334782699317114,1.012256144306157,758.3433053152902,769.8251604352679,784.8382751464844,0.9858266388037272,0,0.4238760718882869,0.4073121473751712,4,8,3,0,1,34620340.28571428,0.8685574940003685,1
2023-08-28,755.3749389648438,757.7209098998453,747.5949720764402,747.5949720764402,28867238,1.040657962703806,0.01035280393618627,1.0135446842229028,757.0061732700893,767.3116367885044,783.7730204264323,0.9978451505907818,0,0.6796581046991151,0.5569518537575291,0,8,3,1,0,31189368.57142857,0.9255473682928038,1
2023-08-29,761.3834228515625,762.5085139666368,757.1462868148432,761.0961158066451,35538932,0.7954306632084851,0.007922837899570594,1.0070821547238267,756.9753941127232,765.2734505789621,782.3590576171875,1.005823212713547,0,0.7580208478597109,0.6306728407427659,1,8,3,0,0,32604449.42857143,1.0900025187622726,0
2023-08-30,755.8297729492188,767.9186450321,753.4359368932027,767.9186450321,28084204,-0.7294156578224409,-0.007320889011345217,1.0192222157581399,756.2367204938616,762.8180585588727,780.7823181152344,0.9994618780950267,0,0.8073492981765235,0.636119704926987,2,8,3,0,0,33496868.57142857,0.8384128188016552,0
2023-08-31,752.3587036132812,757.9603149977916,748.3610091258726,755.9734194012763,100075772,-0.4592395616268896,-0.004602973061315643,1.0128271058417802,755.4672764369419,760.6157313755581,778.9685872395834,0.9958852316697001,0,0.8095954277176948,0.6164726767678906,3,8,3,0,0,43182897.428571425,2.3174862725581287,1
2023-09-01,753.9146728515625,755.9733951516992,746.5656081528945,752.1432576208482,43226776,0.2068121536719758,0.002065985917347811,1.012601420285192,754.6533726283482,759.1076136997768,777.1484720865885,0.9990211402962225,0,0.806912966712373,0.5881361890364806,4,9,3,0,1,44144067.14285714,0.979220511334204,1
2023-09-04,758.6305541992188,761.9340009681175,754.010439249432,761.2398119383075,25073638,0.6255192420939526,0.006235709907200233,1.010508557052039,755.0124424525669,758.2065037318638,775.6930196126302,1.0047921220144385,0,0.831184820830246,0.6199672624827268,0,9,3,1,0,41562330.85714286,0.603277955853404,0
2023-09-05,754.0104370117188,760.473793886353,751.9517147780502,760.473793886353,38712082,-0.6090075283583629,-0.006108695429281485,1.0113332797050913,755.9289289202009,757.1361171177456,774.0412740071614,0.9974620737015283,0,0.7251719314393047,0.6325574899357084,1,9,3,0,0,42796948.85714286,0.9045523812742298,1
2023-09-06,763.873046875,766.0274992165465,754.010454511239,754.9201238552107,56320910,1.308020337539162,0.0129953962443782,1.0159375040934906,757.1429443359375,757.0745588030134,772.4278279622396,1.0088888136505918,1,0.7859671206312204,0.7271712427768613,2,9,3,0,0,46718902.0,1.2055272617494306,1
2023-09-07,771.22216796875,772.730296406896,759.8754081832036,763.8731027987624,34208342,0.9620867137301481,0.00957488130882906,1.0169170999419856,758.5484793526786,757.7619367327009,771.1535095214844,1.016707816258345,1,0.8104737629897785,0.7601848132214395,3,9,3,0,0,46528817.71428572,0.7352076343323255,1
2023-09-08,777.230712890625,781.7790014587035,769.6661674737783,770.0013395921213,34502210,0.7790939072330305,0.007760746424509076,1.0157377763201965,761.6057564871652,758.9212384905134,770.3595540364583,1.0205158065972721,1,0.7221147961225461,0.7796554223521439,4,9,3,0,1,47445675.71428572,0.7271939851330121,1
2023-09-11,781.2523803710938,783.5025629490954,777.5179726424265,779.8639437312936,31573022,0.517435481352968,0.005161013840490901,1.0076970443349753,765.7334245954241,760.6003505161831,770.1728373209636,1.0202667864261887,1,0.6143043892838774,0.7662391619521332,0,9,3,1,0,37659568.571428575,0.8383798114977267,1
2023-09-12,783.694091796875,786.5666951817179,778.0207118004635,785.1782585237241,39033340,0.31253811023543854,0.0031205072512911023,1.010984262053227,769.9876273018973,762.3204999651227,769.94462890625,1.017800889272736,1,0.6059491641747045,0.7666103241955341,1,9,3,0,0,37060506.28571428,1.0532327782863071,1
2023-09-13,787.04541015625,790.7318942113928,779.7202486339522,781.0129551372609,46420094,0.42763093335194124,0.004267191906146313,1.0141225594650551,774.046892438616,764.5296674455915,769.6517842610677,1.0167929331473478,1,0.6068094421554031,0.7418161139841773,2,9,3,0,0,40110000.0,1.1573197207678882,0
2023-09-14,786.566650390625,789.965885847133,782.8322428256791,787.2129744267565,23538848,-0.0608300054160682,-0.0006084851437024196,1.0091126075692853,778.6977800641741,767.3133544921875,769.6900858561198,1.01010516599367,1,0.4509306819839834,0.6317861213695077,3,9,3,0,0,37942395.14285714,0.6203838189806875,1
2023-09-15,795.5913696289062,799.5411989049336,789.9658552054733,789.9658552054733,173411202,1.1473559467337413,0.011408237360467493,1.0121212121212122,783.2289690290179,770.1859566824777,770.2183247884115,1.0157838909038492,1,0.4116550941407757,0.6411317808679113,4,9,3,0,1,54669579.71428572,3.1719871070215286,0
2023-09-18,779.9356689453125,792.3596534268783,778.5232707508934,791.7611944741388,37056288,-1.9678067512090003,-0.019874258723980985,1.0177725999925982,784.4737548828125,771.5111171177456,769.8488749186198,0.9942151207618438,1,1.0129948673001656,0.8814215505396452,0,9,3,1,0,55076429.14285714,0.6728157321870571,0
2023-09-20,748.648193359375,765.5486976798287,747.0682967790859,765.5486976798287,115474648,-4.0115456737921384,-0.04094226918829782,1.024737230826712,780.3905378069196,770.9981471470425,768.4516723632812,0.9593250521248655,1,1.8232453540086506,1.4154170957118135,2,9,3,0,0,66643920.28571428,1.7327109135377952,0
2023-09-21,743.6929931640625,751.161749541656,735.8891231351594,743.5254363384076,72841442,-0.6618863491912319,-0.006640865307288665,1.0207539776392258,775.0249110630581,770.379167829241,766.9108378092448,0.9595730182968966,1,1.7650366062704352,1.420853936661986,3,9,3,0,0,72539408.85714285,1.0041637111139403,0
2023-09-22,732.3462524414062,748.9834124885792,729.5215142987016,746.3980579436757,61704250,-1.5257291418574792,-0.015374881493212655,1.0266776206162838,767.6895054408482,768.8385663713727,764.9822041829427,0.9539615264388095,0,1.727756595624009,1.4692179347350947,4,9,3,0,1,75778110.28571428,0.8142753859571041,1
2023-09-25,732.9925537109375,737.636571986799,730.1199506265053,730.1199506265053,40208754,0.08825077855956209,0.0008821186045531714,1.0102950499487704,759.9676688058036,767.0072806222098,763.3089131673177,0.9645049175088538,0,1.686921659471212,1.4530100404531334,0,9,3,1,0,74890776.0,0.5368986161927338,1
2023-09-26,736.1763916015625,737.3014828250133,730.1199748754191,730.1199748754191,27575308,0.43436155995120185,0.004334209329584489,1.0098360655737704,752.769060407366,765.73342023577,762.0138488769531,0.9779578230847794,0,1.7422899410565684,1.4591134267317727,1,9,3,0,0,75467413.14285715,0.36539357653350213,0
2023-09-27,731.0056762695312,733.7107225961398,725.3322967263633,729.1624342668326,39338538,-0.7023745111932045,-0.007048527722300873,1.0115511551155116,743.5425327845982,763.3857509068081,760.6725016276042,0.9831390190039084,0,1.498217584271914,1.4012188157989287,2,9,3,0,0,56314175.428571425,0.698554807925702,0
2023-09-28,729.49755859375,736.1524343562999,726.9361657647512,734.4288841265327,55354188,-0.20630724558494684,-0.002065203521361349,1.012678236447148,736.3370884486607,760.4054216657366,759.3558919270833,0.9907114147009485,0,1.4941973899076797,1.3539837998345454,3,9,3,0,0,58928161.14285714,0.9393503365191915,1
2023-09-29,730.7423706054688,735.1230435502242,728.8273018844358,729.4975291821899,32053782,0.1706396405381172,0.0017049421651402035,1.0086381803336817,733.7791137695312,757.0848257882254,758.2228088378906,0.9958615023144195,0,0.6711265388316882,1.323057467555125,4,9,3,0,1,47010894.571428575,0.681837312227644,0
2023-10-03,722.0048828125,731.0774976675469,721.0233866976592,731.0774976675469,38971694,-1.1957001734727912,-0.012029061669850223,1.0139442231075697,730.6808122907366,752.8528616768973,756.9030090332031,0.9881262388004456,0,0.740141197882223,1.3076936534625492,1,10,4,0,0,42172359.14285714,0.9241051435606195,1
2023-10-04,732.29833984375,734.9075975129915,713.0039997369529,715.7569109328484,54649430,1.4256769277172898,0.014156097252394268,1.0307201611549437,730.6739676339286,749.1817365373884,755.9462707519531,1.0022231149346699,0,0.8390164938365816,1.3953166396197862,2,10,4,0,0,41164527.71428572,1.327585497380418,1
2023-10-05,735.2667236328125,742.8312687313597,733.7585952718871,734.9316099718342,48512674,0.40535170265385556,0.004045323660233168,1.01236465714737,730.9988490513393,745.4832589285714,755.1970011393229,1.0058384149127073,0,0.852890300768594,1.3942212946205708,3,10,4,0,0,42350802.0,1.1454959932045679,0
2023-10-06,734.452880859375,739.6953585670591,732.4420234594476,739.2165913446855,17759356,-0.11068674091715414,-0.0011074804393060857,1.0099029477764707,730.7526332310268,741.7608468191964,754.3583638509115,1.0050636117614622,0,0.8363930504625403,1.393143207673733,4,10,4,0,1,40948523.14285714,0.4336995485293309,0
2023-10-09,725.9307250976562,732.513773717668,723.8959646151071,731.556239372939,16454972,-1.160340708548524,-0.01167125194513802,1.0119047619047619,730.0276402064732,736.7850864955357,753.3521525065104,0.9943880000109884,0,0.9121856396306386,1.3205003311729349,0,10,4,1,0,37679442.28571428,0.43670954244030064,1
2023-10-10,730.0481567382812,732.035052316478,725.4280415474352,727.989492834349,33266292,0.5671934660254285,0.005655909804926357,1.0091077410723592,730.1062970842634,733.2216927664621,752.767256673177,0.9999203672859496,0,0.9429158536616093,1.2986573856134471,1,10,4,0,0,34524028.571428575,0.9635692408020583,1
2023-10-11,737.1099853515625,738.330865115236,731.7956810054357,732.5616968533279,31333360,0.9673099710068689,0.009626614809385599,1.0089303398194718,731.0159563337054,732.3975350516183,752.1584248860677,1.0083363830365903,0,1.0105440507479244,0.8597132819311528,2,10,4,0,0,34421111.14285714,0.9102948440553787,1
2023-10-12,742.017333984375,743.046695154072,733.2798325755078,735.4342849776942,22025336,0.6657552780908293,0.0066354891487860924,1.0133194206968164,733.8748779296875,732.2778451102121,751.5128885904948,1.0110951557268972,1,0.8334366992715527,0.8670428637940532,3,10,4,0,0,32000202.85714286,0.6882873867496019,0
2023-10-13,735.2667236328125,741.5146589381054,732.4898505097352,737.3014842223872,39745300,-0.9097645085073824,-0.00913928137865396,1.0123207282969038,734.2989327566964,732.4864501953125,750.8274536132812,1.001317979412666,1,0.8190918898960347,0.7971673048713274,4,10,4,0,1,29871041.42857143,1.3305629164299546,0
2023-10-16,732.322265625,734.6442747554978,727.9654959828763,733.2319349541434,17856084,-0.4004612085889758,-0.004012652016583168,1.00917458150074,733.8782958984375,732.4385724748884,750.1595723470052,0.9978797161843674,1,0.8192042044521782,0.8051459501706428,0,10,4,1,0,25491528.57142857,0.7004712938247832,1
2023-10-17,737.8759155273438,744.842001006296,734.9075825451804,744.842001006296,32902558,0.7583614704933295,0.007555003657994756,1.0135179153094462,734.3673008510044,732.5599670410156,749.6249471028646,1.0047777381594651,1,0.8733214710772693,0.8231556506379941,1,10,4,0,0,27654843.14285714,1.1897575346941813,0
2023-10-18,727.6063842773438,737.8759163813697,726.8164067824365,737.8759163813697,31216200,-1.3917694064672914,-0.014015453283871234,1.0152163730699102,734.6066807338169,732.317160470145,748.5908081054688,0.9904706877298197,1,0.9301786458430923,0.8877543736502747,2,10,4,0,0,29763590.0,1.048804932469504,0
2023-10-19,725.3082885742188,730.7183808812238,719.6827744216524,720.7360972438319,30252364,-0.3158432571214287,-0.003163430946830776,1.0153339872118514,733.9295567103794,732.0179268973214,747.6340698242187,0.9882532757301629,1,0.9057956480506315,0.8899113681264601,3,10,4,0,0,29333028.85714286,1.031341296097804,1
2023-10-20,729.066650390625,731.0774490736428,720.5445716148215,720.5445716148215,21094010,0.5181743922703985,0.005168364885590805,1.0146179401993356,732.7805088588169,731.8982325962612,746.4738566080729,0.9949318268931913,1,0.8313051170809588,0.9009413043686788,4,10,4,0,1,27870264.57142857,0.7568643615111101,0
2023-10-23,721.04736328125,731.9153553189844,718.1986633818357,729.4018275247573,22376136,-1.0999388197331927,-0.011060328752267364,1.0190987433373377,729.7847987583706,731.829838344029,744.8013631184896,0.9880273808224204,0,0.808812489998105,0.8915831814139559,0,10,4,1,0,27920378.85714286,0.8014266609521856,0
2023-10-25,716.47509765625,729.066698092264,714.0572999767982,728.2048937755804,28311996,-0.6341144642971974,-0.006361335099657551,1.0210198790992733,727.1002807617188,730.6996067592075,742.7761759440104,0.9853869082620382,0,0.7865969887080109,0.8027180598548348,2,10,4,0,0,26287049.714285713,1.077032086435087,0
2023-10-26,700.6279296875,714.3206598703572,699.1198013241884,713.9615844716288,55561798,-2.211823972750715,-0.022366515773133887,1.0217428522513268,722.5725184849331,728.2254071916852,740.0886942545573,0.9696299150105434,0,1.0525927983252992,0.9533274632532642,3,10,4,0,0,31673580.285714287,1.75420010932771,1
2023-10-27,703.380859375,707.6179375015631,702.3036331507926,703.548416210113,31940532,0.3929232008675232,0.003921532738143072,1.0075669612115326,717.6446533203125,726.0059770856585,737.4115865071615,0.9801241549291582,0,0.9790221634193963,0.9719591874296623,4,10,4,0,1,31536148.0,1.0128228723431918,1
2023-10-30,711.0171508789062,713.3391600901615,699.9097753123232,700.5560993380782,23310982,1.0856552893252713,0.010798043614690755,1.0191873084953638,715.2747628348214,724.9407217843192,734.8773111979167,0.9940475853795804,0,1.1159869489629866,1.0045331350156748,0,10,4,1,0,30406831.14285714,0.7666363486047106,0
2023-10-31,706.8997802734375,720.0658784498816,705.7028622573972,720.0658784498816,32634824,-0.5790817563794626,-0.00580764935918188,1.0203527815468114,712.6449759347098,723.2872663225446,732.221748860677,0.991938207866074,0,1.1201108757345382,0.9887454842057495,1,10,4,0,0,30747182.57142857,1.0613923381170376,0
2023-11-01,705.9422607421875,707.3546006535829,700.077362339955,700.077362339955,33877466,-0.1354533638247335,-0.0013554518481937415,1.010394905913404,709.3414916992188,721.0610002790179,729.2334452311198,0.9952079062104651,0,1.0602323583193416,0.9285163485971349,2,11,4,0,0,32573390.57142857,1.0400349919272844,1
2023-11-02,707.0194091796875,713.6024576822916,702.4232560956117,710.96923828125,45225154,0.15258307901380164,0.0015246678931103875,1.0159151928551156,707.3374982561384,718.5611485072544,726.8029032389323,0.9995503008433243,0,1.0386303585353402,0.8968742762086999,3,11,4,0,0,35837536.0,1.2619493148189653,1
2023-11-03,710.3707885742188,714.0333691138175,709.3653892057476,712.4055490469672,18095340,0.4740151898262157,0.004728952754736055,1.006580501359527,706.4654541015625,716.7828674316406,725.5269897460937,1.0055279907177102,0,1.0591287519685169,0.9055506479512567,4,11,4,0,1,34378013.71428572,0.5263637437110137,1
2023-11-06,715.517578125,717.193263319672,710.0117553425058,717.193263319672,25593730,0.7245215644510639,0.007219095159459037,1.0101146325016856,708.592546735491,715.5825326102121,724.5878092447916,1.0097729385122844,0,0.5508315030981352,0.9396703005385636,0,11,4,1,0,30096861.14285714,0.8503787115379683,0
2023-11-07,712.0464477539062,715.2781260341811,707.234814492639,715.2781260341811,41952848,-0.48512160668222615,-0.0048630214111448815,1.011372901017765,709.8304879324777,713.737570626395,723.9111490885417,1.0031218155025758,0,0.6220851697490091,0.9041248403315064,1,11,4,0,0,31527192.0,1.3306877440908789,1
2023-11-08,714.1052856445312,715.0148966273784,709.0542679881736,710.466607940081,31399546,0.28914376261821584,0.002887265460844815,1.0084064491369853,710.2716500418527,712.7732064383371,723.2815734863282,1.005397421680075,0,0.48610705080260486,0.850937414330608,2,11,4,0,0,32682701.14285714,0.960739011832332,0
2023-11-09,711.280517578125,714.607926311971,710.2511563874616,711.4480744130556,22116740,-0.39556744967329527,-0.003963518870454573,1.0061341257741405,710.8974696568081,711.771222795759,722.4517110188802,1.0005388230197272,0,0.4492632959318109,0.8525397790329612,3,11,4,0,0,31180117.714285713,0.7093218891173984,1
2023-11-10,714.0812377929688,716.2356900692465,708.5993770450763,708.6232803377466,14015186,0.3937574762176821,0.003929842804800385,1.010776629604184,712.0601806640625,710.7008361816406,721.8875630696615,1.0028383234785316,1,0.44969326155605427,0.8458179758474197,4,11,4,0,1,28342649.14285714,0.494491038200361,0
2023-11-13,712.78857421875,716.2117126727126,711.4001377601898,714.3684707875195,20605914,-0.18102472181092955,-0.0018118876956835547,1.0067635282271266,712.8843470982143,710.1109226771763,721.3305969238281,0.9998656543942167,1,0.4684842495168629,0.8004413727409336,0,11,4,1,0,24825614.85714286,0.8300263304081364,1
2023-11-15,720.2573852539062,723.3932753387419,718.4141432279705,720.1137317170233,41245460,1.047829792072985,0.010423781055683473,1.0069307267370868,714.2967180524554,710.381086077009,720.9810974121094,1.0083448055280202,1,0.5786036173046892,0.8361804906323469,2,11,4,0,0,28132774.85714286,1.4660999567032704,1
2023-11-16,722.1484375,727.2473194666765,719.9461202422743,722.794761480394,29713838,0.2625522882250042,0.00262208221809327,1.0101413133832087,715.2439836774554,711.9182652064732,720.9858825683593,1.0096532847253676,1,0.5332513523856836,0.5281825115696229,3,11,4,0,0,28721361.714285713,1.034555335348903,0
2023-11-17,720.5924682617188,721.7415211781168,712.8843283809061,713.3630955591337,23701874,-0.21546390706983498,-0.002156963645140349,1.0124244459368703,716.46484375,713.1476658412388,720.5956868489583,1.0057610984652292,1,0.4890574311998388,0.5375939838478397,4,11,4,0,1,26114079.714285713,0.9076281553599564,1
2023-11-20,720.640380859375,724.3747884733571,718.8929272981045,724.3747884733571,19331452,0.006649056126240005,6.648835086301147e-05,1.0076254209313975,717.3984287806919,713.8350394112723,720.1081420898438,1.0045190398370305,1,0.48939708432730844,0.46995795997740525,0,11,4,1,0,24390066.285714287,0.7925953039054587,1
2023-11-21,726.7446899414062,728.6837205909814,723.9439133478928,727.247418907819,24959972,0.8470673090441805,0.008434998257468237,1.0065472022841786,719.6075962611607,715.2525329589844,719.8512023925781,1.0099180354922983,1,0.4918213497920626,0.46666980441279876,1,11,4,0,0,24796242.285714287,1.0066030051004962,0
2023-11-22,724.1593017578125,727.7260937743376,719.8503972552013,727.7260937743376,29123650,-0.35574916740047646,-0.003563834595237892,1.010940740672182,721.0473196847098,716.5537501743862,719.7921549479166,1.004315919341415,1,0.5485489908789485,0.4822666214870089,2,11,4,0,0,26954594.285714287,1.0804707238882574,1
2023-11-23,728.3485107421875,729.5693319457266,722.2202676591917,722.2202676591917,13046220,0.5784927396784267,0.005768258957205249,1.0101756550122225,723.2701677594866,718.0772574288504,719.7355000813802,1.0070213638126848,1,0.5351836956427447,0.4934877609877122,3,11,4,0,0,25874638.0,0.5042087931819568,1
2023-11-24,733.5191650390625,734.0218939418301,727.6542672419772,728.3005912289228,16469192,0.7099148581502623,0.007074068255561047,1.0087508958395695,725.1647077287946,719.730712890625,719.6158060709636,1.011520772069057,1,0.46866642638136263,0.5069066071125307,4,11,4,0,1,22335171.14285714,0.7373658296442872,0
2023-11-28,731.8674926757812,735.9848789111071,730.5030178431152,735.0033827728541,28489338,-0.22517098966231552,-0.0022542488073286865,1.0075042278184936,726.5531441824777,720.8985639299665,719.2774780273437,1.0073144663069118,1,0.503515603530896,0.49919646632409875,1,11,4,0,0,22160242.57142857,1.2856058731383924,1
2023-11-29,746.4699096679688,748.3131517440087,733.9501353957551,734.3810375748553,34042488,1.9952268871513246,0.01975583097724244,1.0195694716242663,730.2499215262277,723.3573826381138,719.6509175618489,1.022211557527923,1,0.8070010694859138,0.6644130131193117,2,11,4,0,0,23637473.14285714,1.440191504153526,0
2023-11-30,746.3023071289062,752.8374324125391,738.3308218551477,751.2575357769422,69491440,-0.022452685217688728,-0.0002245520621041692,1.0196478463691137,733.9159109933036,725.6571698869977,720.1169189453125,1.0168771325843564,1,0.8100837644984682,0.6714236680572003,3,11,4,0,0,30803185.714285713,2.255982243024029,0
2023-12-01,744.6744384765625,749.6296668015766,743.0944835007002,745.8713563542594,22153536,-0.2181245638387841,-0.0021836280196582914,1.0087945523025408,736.4773036411831,728.0424499511719,720.3435363769531,1.0111301934151296,1,0.8345545898571176,0.6584760509612252,4,12,4,0,1,30402266.285714287,0.7286804145390213,1
2023-12-04,770.5278930664062,771.7726760164909,753.4119667837824,760.2822639666176,50662456,3.471779512498663,0.03412872782337988,1.0243700791096908,743.1013881138393,732.0743538992746,721.7742533365886,1.0369081600320806,1,1.37357120133931,1.0678923097036161,0,12,4,1,0,33479238.57142857,1.513249947184752,1
2023-12-05,777.374267578125,784.6994290053266,773.9271671672425,783.5025110233172,52230820,0.8885303923875876,0.00884606189125109,1.0139189607175998,750.1050676618304,736.6876177106585,723.5097859700521,1.0363538404043797,1,1.3665123018991936,1.0496660158334954,1,12,4,0,0,39077038.571428575,1.3366115219946297,1
2023-12-06,779.3372802734375,784.4361042559843,773.9990142449448,784.4361042559843,38613060,0.2525183527656738,0.002522000608909182,1.0134846295911903,756.6505126953125,740.9076102120536,725.1854736328125,1.0299831523239322,1,1.3902346707661162,1.046626683976301,2,12,4,0,0,42240448.28571428,0.9141252417308965,1
2023-12-07,780.6058959960938,782.3055427986936,773.7834639368028,777.9966383401941,20450386,0.1627813470197692,0.001626490017878499,1.0110135189740717,763.6131417410714,745.0831429617746,727.1707580566406,1.022253092994547,1,1.3459800940372197,1.0492153856990192,3,12,4,0,0,41092026.571428575,0.49767285058214245,1
2023-12-08,791.4979248046875,792.3597291563016,780.605970823838,780.605970823838,33728038,1.3953300717380435,0.013856849589100799,1.0150572231980994,770.0457153320312,750.1478184291294,729.6715189615885,1.0278583583357859,1,1.284773635537513,1.0456467834373557,4,12,4,0,1,41047105.14285714,0.8216910274820981,0
2023-12-11,790.4447021484375,796.5250226338114,788.5296332153098,789.9898966541259,23187620,-0.1330670142325241,-0.0013315562700220893,1.0101396181978597,776.3517717633929,755.1338413783482,732.6654113769531,1.0181527638599113,1,1.2978660866620013,1.0531828281067084,0,12,4,1,0,34432273.71428572,0.6734269189542256,0
2023-12-12,782.5928344726562,792.9581557902037,781.2762247045517,791.9766596766761,36581476,-0.9933481310507641,-0.009983147515241566,1.0149523698741372,781.7686854771206,759.1229945591518,735.305810546875,1.0010542108053775,1,1.4288152216990222,1.1403205792147872,1,12,4,0,0,36493408.0,1.0024132577587712,0
2023-12-13,780.8214111328125,783.2631120796166,773.2568662574292,781.563465201162,29346914,-0.22635312538191732,-0.0022660969130521014,1.0129403905207046,783.2391880580357,763.1702880859375,737.6326192220052,0.9969131052658157,1,0.7771112453084237,1.133036215775449,2,12,4,0,0,33448330.57142857,0.8773805298691952,1
2023-12-14,790.0376586914062,794.2507747290626,787.5719960728002,788.0507632436652,35172366,1.1803272076290616,0.011734156786550433,1.0084802134783435,785.0482439313616,767.576655796596,740.4038818359375,1.0063555517748293,1,0.8269103506463598,1.14573289199805,3,12,4,0,0,31011408.57142857,1.1341750542864732,1
2023-12-15,793.1018676757812,798.5837290089988,788.3380987347389,789.9659189837218,138837130,0.3878560661843,0.0038710584377364644,1.0129964926098383,787.0146135602679,771.8325631277902,743.3092020670573,1.0077346138313443,1,0.8289942919962565,1.1463388853688792,4,12,4,0,1,45329132.85714286,3.062867547842852,0
2023-12-18,792.6948852539062,797.0037903560872,790.4207408944219,795.0887214217845,18014754,-0.051315277199848186,-0.0005132844799416448,1.0083285383607419,788.7416120256696,776.1773768833706,746.1650512695312,1.005012127124983,1,0.8368058264453603,1.1380272196100025,0,12,4,1,0,44981185.428571425,0.40049531439332137,0
2023-12-19,791.3543090820312,794.1072204559873,787.1172310907685,789.9658725265142,24008446,-0.16911628885376562,-0.0016925945188031011,1.0088804933866486,788.7210954938616,779.3834054129464,748.864501953125,1.0033385864828692,1,0.6621326281990865,1.07598666286683,1,12,4,0,0,43592672.28571428,0.5507449931640871,1
2023-12-20,793.3173217773438,799.0385669547982,787.3087694994301,793.79608902042,34232520,0.24805737111479598,0.002477502166592913,1.0148985987579255,789.1314697265625,782.7416207449777,751.4578267415365,1.005304378562208,1,0.6650988362480896,1.0697783946542982,2,12,4,0,0,45170515.14285714,0.7578509984164575,1
2023-12-21,807.5365600585938,808.9968233004131,790.0855201370065,793.31719852569,36589240,1.7923771347124084,0.01776503452612118,1.0239357673079836,792.6948590959821,787.2317722865513,754.6408304850261,1.0187230947599908,1,0.760707174194452,1.108509413607195,3,12,4,0,0,45171624.28571428,0.8100049661391411,0
2023-12-22,799.9481201171875,807.1535894553359,798.1527432166448,806.052401579033,48578850,-0.9397023387839765,-0.009441453974690523,1.0112770974167384,795.42724609375,789.3332170758929,757.5022583007812,1.0056835795424899,1,0.9014421703726377,0.8126763415100662,4,12,4,0,1,47919043.71428572,1.0137691872494021,1
2023-12-26,805.5018310546875,807.1775162105685,798.8470139045111,801.0971963079616,18045856,0.6942588897748125,0.006918600093053364,1.0104281572830078,797.6364135742188,791.3423287527902,760.64296875,1.0098609057292454,1,0.8436721819331152,0.8029220510435839,1,12,4,0,0,45472399.428571425,0.39685295314901164,1
2023-12-27,815.4842529296875,817.016284700956,803.6586671856655,805.0471038527147,27009078,1.239279848927155,0.012316636357794949,1.016621008471255,800.8338971819196,793.9242553710938,764.0230692545573,1.0182938756704998,1,0.919704067616214,0.8447041489096347,2,12,4,0,0,29496963.42857143,0.9156562188309321,1
2023-12-28,816.417724609375,824.1498261689791,814.8617312916912,818.3567550440999,44076470,0.11446838811834947,0.0011440292301209609,1.0113983692209532,804.2228742327009,796.4822431291852,767.4773742675782,1.0151635209186372,1,0.9081477863868836,0.8455278790897665,3,12,4,0,0,33220065.714285713,1.3268026131882598,1
2023-12-29,818.3328247070312,821.0378710363707,811.9891593992248,812.4679265922668,25011426,0.23457355713003558,0.0023429886285107272,1.0111438823196124,808.0769478934152,798.3990216936384,770.7465555826823,1.01269170818491,1,0.8763435851355096,0.7873246629363649,4,12,4,0,1,33363348.57142857,0.7496677363320503,0
2024-01-01,812.9945678710938,818.2849687904367,810.0740996496615,816.7768404269046,14239686,-0.6523332163595685,-0.006544702080930583,1.0101359482352616,810.8879830496652,800.0097263881138,773.7747599283854,1.0025978740164652,1,0.9769367256448307,0.8179532907755477,0,1,1,1,0,30507229.42857143,0.4667643134667574,1
2024-01-02,813.4733276367188,815.2448013204753,808.4941371304667,813.3297325444754,29242092,0.05888843352037654,0.0005887110108656281,1.0083496761200623,811.7360927036831,802.2154758998325,776.8707885742188,1.0021401474551284,1,0.7436115545838933,0.7444921921040584,1,1,1,0,0,29457636.85714286,0.9926828870154059,0
2024-01-03,800.9296264648438,816.1543877106121,799.038461039413,814.8617397029581,28389762,-1.541992926592517,-0.015540052839858692,1.0214206543311246,811.8763078962054,803.6517769949777,779.5470967610677,0.9865168113357964,1,0.9027359678731347,0.8833275870304159,2,1,1,0,0,26573481.42857143,1.0683493646216686,1
2024-01-04,809.5234985351562,811.4864323425077,799.8763278844378,803.3713517790169,26734056,1.0729871622110254,0.010672715041277281,1.014514874429122,812.4508318219866,805.0436226981027,782.3063903808594,0.9963969102225354,1,0.9593823206241812,0.8744487221656398,3,1,1,0,0,27814652.85714286,0.9611500865140095,0
2024-01-05,805.3821411132812,816.2501913581319,798.6315354441177,807.7520737623003,31889470,-0.5115796427613062,-0.005128926915235432,1.0220610571109197,811.0076729910714,805.9207850864956,785.013818359375,0.9930635281697857,1,0.8239660914841282,0.8907130319956503,4,1,1,0,1,28511851.714285713,1.1184636592376058,0
2024-01-08,796.4052734375,805.4539851831421,794.7535499790049,803.6107431564817,17998470,-1.1146097259336463,-0.011208680475000092,1.01346384071442,808.1487513950893,806.185812813895,787.2823771158854,0.9854686678197339,1,0.880983789210095,0.9492554241161529,0,1,1,1,0,24786423.14285714,0.7261422875041464,0
2024-01-09,790.2052612304688,803.2756291285802,788.4098842358525,798.1767467752176,25326888,-0.7784996425589052,-0.007815457707232831,1.0188553507381963,804.1305280412946,806.103737967355,789.1719136555989,0.9826828278180844,0,0.8515560812760192,0.9731315392568934,1,1,1,0,0,24831489.14285714,1.019950428840284,1
2024-01-10,792.8145141601562,794.7295829425168,785.8484865302768,786.6145023545687,16115824,0.3301993871344999,0.0032965542606667284,1.0113012833446462,801.2476632254464,806.0678231375558,791.2034810384115,0.9894749782715843,0,0.900904862179326,0.9750268556798937,2,1,1,0,0,25099508.85714286,0.6420772650064718,0
2024-01-11,789.4871215820312,796.1419974247106,786.6145183500772,794.7535608406137,18314010,-0.4196937011994306,-0.004205768871970978,1.012112005121158,797.821062360491,804.7785775320871,792.6373881022135,0.9895541228833914,0,0.8822313269059423,0.8307680434667054,3,1,1,0,0,23538354.285714287,0.7780497216457904,0
2024-01-12,785.752685546875,792.8384633063858,782.1140666068262,790.9233945544381,19773552,-0.47302051332679396,-0.004741427958398496,1.0137120621626037,795.6529279436384,803.7646179199219,793.9524007161458,0.9875570841895216,0,0.7368598933492383,0.8059882561059711,4,1,1,0,1,22307467.14285714,0.8864095539565323,1
2024-01-15,800.8817749023438,804.7597774337735,786.9017379565865,788.8646717373587,28320356,1.9254263629960189,0.019071245813661944,1.0226941161974816,794.4183959960938,803.4346139090402,795.8259785970052,1.008135988465053,0,1.0141726420818316,0.9555224440111855,0,1,1,1,0,22534081.42857143,1.2567788081253684,1
2024-01-16,803.9219360351562,806.0763883828079,793.8438633427261,800.9775061380469,25322500,0.37960173749529424,0.003788830682462219,1.0154092329801139,794.2097952706473,802.6087341308594,796.9391133626302,1.0122286841869022,0,1.0169778474920188,0.8927673352682467,1,1,1,0,0,21595942.85714286,1.1725582053772003,0
2024-01-17,736.1045532226562,764.4954709128732,731.7477834906084,751.6644868680132,170145236,-8.435816933540464,-0.08813000533243474,1.0447526978025825,785.5954066685268,796.8720790318081,795.5634562174479,0.9370021094500204,0,3.3703103136302532,2.395655527520808,2,1,1,0,0,43331195.14285714,3.926622273838835,0
2024-01-18,711.5198364257812,725.332257495375,708.5993683977847,715.2781469954391,161070930,-3.339840337794875,-0.03396886778061683,1.0236140333224188,774.3546316964286,789.2425798688616,793.3028747558594,0.9188552728961005,0,3.471245200815276,2.4764677728096944,3,1,1,0,0,62723201.14285714,2.5679641195791008,0
2024-01-19,704.0989379882812,723.058105901483,703.0217118745396,720.9993837290294,109600538,-1.0429643781651676,-0.01048441366947631,1.02850039150785,761.6809779575893,781.4643205915179,790.7526428222657,0.9244013679799231,0,3.3928922181263466,2.474882512448555,4,1,1,0,1,76078160.28571428,1.4406307616849725,0
2024-01-23,683.3683471679688,706.0379622645205,682.243255943311,701.3939438294391,115469402,-2.944272417104188,-0.02988486128919182,1.034877158717105,746.5211530412946,772.1711077008929,787.1483235677083,0.9154038628161518,0,3.377004092447269,2.506715640931852,1,1,1,0,0,89957502.0,1.2835994712258685,1
2024-01-24,697.0371704101562,698.2579916906107,660.8184204446432,660.8184204446432,86004404,2.0002131059821737,0.019804716568332218,1.0566563674492846,733.8475080217634,764.7502179827009,784.0347391764323,0.9498392551460222,0,3.678140369871244,2.6452116749919647,2,1,1,0,0,99419052.28571428,0.8650696423140029,0
2024-01-25,686.9830932617188,697.7313939357863,679.5622013776972,695.4093846155678,98941852,-1.4424018653870885,-0.014529056075586513,1.0267366144280157,717.5762677873884,755.997331891741,780.8477478027344,0.9573659610845239,0,3.3391680285844285,2.5816256741038646,3,1,1,0,0,109507837.42857143,0.9035138883510205,1
2024-01-29,696.4386596679688,700.3406237032543,692.2015819986186,693.2788081065851,65645498,1.376389972183456,0.013670037546419827,1.0117581957572757,702.2215140206473,748.2156546456473,778.034989420573,0.9917649142938271,0,3.4816403419406954,2.6645821658904376,0,1,1,1,0,115268265.71428572,0.5695019144533225,0
2024-01-30,691.4835205078125,700.53217422801,689.8557002681358,696.3908845219285,41728768,-0.7114968549446488,-0.007140400642334275,1.0154763872440635,695.8470807756696,740.7212437220982,774.7498514811198,0.9937291390760841,0,2.0029046758432556,2.665409109584672,1,1,1,0,0,96923056.0,0.430535000877397,1
2024-01-31,700.220947265625,706.1576134139724,687.8926926486038,689.1853406292018,65761040,1.263577004900407,0.012556604884336638,1.026551991263409,694.2329537527902,734.2937927246094,771.6538208007812,1.0086253374756495,0,1.8033929214756526,2.7317293768584534,2,1,1,0,0,83307357.42857143,0.7893785378606467,1
2024-02-01,702.040283203125,705.5113454583611,697.1090160306093,701.4179208991782,32690740,0.2598231236304205,0.002594861668873795,1.012053106809026,693.9388602120536,727.8099190848214,768.6320007324218,1.0116745486606642,0,1.7705610049833462,2.7295061785301806,3,2,1,0,0,72320243.42857143,0.45202751608942904,0
2024-02-02,692.3692016601562,708.9824002114282,690.4062678183428,706.1816237651476,44867754,-1.3775678938028335,-0.013871444107056551,1.0269060888624102,695.2246965680804,720.8729248046875,765.3324971516927,0.9958927021407322,0,1.4009713825162975,2.7304651342263395,4,2,1,0,1,62234293.71428572,0.7209490350446562,0
2024-02-05,691.7467651367188,695.1220972150085,686.5761145330804,692.2973590957444,38605046,-0.0898995105422129,-0.0008993994438722706,1.0124472472913508,694.4689243861607,714.1582162039621,761.9468119303385,0.9960802288571112,0,1.1530198531086984,2.7369568207676034,0,2,1,1,0,55462956.85714286,0.6960509894817879,0
2024-02-06,691.3876953125,694.0687799185687,685.8818725644124,692.0819428119112,41075740,-0.05190769835371478,-0.0005192117506329164,1.0119363226841767,695.0981532505581,706.3372105189732,758.0751831054688,0.9946619654782473,0,0.9924179248923347,2.6305590746725516,1,2,1,0,0,47196369.428571425,0.8703156725257312,0
2024-02-07,684.6131591796875,696.0318040698868,683.0332624281431,695.6487669186412,54837086,-0.9798462105621519,-0.009846782941115911,1.0190306129390165,693.4087960379464,697.8151550292969,754.2306844075521,0.9873153659017363,0,0.8786552791474942,2.600186770843162,2,2,1,0,0,45652310.571428575,1.2011897166563066,0
2024-02-08,671.7343139648438,688.9220089386799,670.5134342809237,684.5652392978377,69106124,-1.8811857531741527,-0.018991051395387003,1.027454445677883,690.5874808175223,693.217280796596,749.7717671712239,0.972699813743568,0,1.0728073113867203,1.5622591576728,3,2,1,0,0,49563361.428571425,1.394298570721293,1
2024-02-09,671.9976196289062,677.0725401801844,664.0500959229506,666.515758652701,56642124,0.03919788800252899,0.0003919020763737144,1.0196106353077687,686.5555768694196,690.394265311105,744.9888793945313,0.9787956609326586,0,0.8263170735544234,1.361158202607196,4,2,1,0,1,48260659.14285714,1.1736707497577428,0
2024-02-12,665.486328125,676.8091827346267,662.3025149384849,670.106442739123,34447812,-0.9689456202987667,-0.009736704437933208,1.021903386245618,681.3335832868304,687.6362217494419,739.957832845052,0.9767408277669487,0,0.7438157271878357,1.3586047522221087,0,2,1,1,0,48511669.428571425,0.7100933116870148,1
2024-02-13,667.616943359375,672.3567506453555,662.7814060042901,666.4200252792418,57580994,0.3201591293960915,0.003196477113324267,1.014447213748485,677.7975463867188,686.5111214773996,734.9339701334635,0.9849798762453248,0,0.7840488114702,1.1514827701268389,1,2,1,0,0,50327846.571428575,1.1441179768794059,0
2024-02-14,662.6378173828125,666.2046099191948,652.8230890297091,658.7837177497752,91320810,-0.7458058136613599,-0.007486008509250147,1.020497928327527,673.6391252790179,684.0540248325893,729.9220784505209,0.9836688406546329,0,0.7635558417003134,0.9756011568059801,2,2,1,0,0,57858670.0,1.5783427099171135,1
2024-02-15,677.0007934570312,677.6949825309235,662.7813723217212,663.0925826953933,41584944,2.1675454822285056,0.021443882466709436,1.0225015530490245,671.5838535853794,683.3410034179688,725.3729939778646,1.0080659173723914,0,1.3036250913889056,1.131153004627875,3,2,1,0,0,57931413.428571425,0.7178306472924852,1
2024-02-16,679.801513671875,683.5358625170894,674.3195945311911,681.7165823442695,32175742,0.41369526327172945,0.004128418971646438,1.0136675073075783,670.8964756556919,682.1526358468192,721.335390218099,1.0132733414756425,0,1.2875056292874258,1.0617222967467022,4,2,1,0,1,54694078.571428575,0.588285657979951,0
2024-02-19,678.4609985351562,684.1583399970523,677.5513291516161,684.1583399970523,34451756,-0.197192137669433,-0.0019738681733599047,1.009751306744109,671.8574305943081,681.2224557059152,716.966640218099,1.009828823259433,0,1.0292587014911454,1.0502815911668864,0,2,1,1,0,49743454.571428575,0.6925887294484016,1
2024-02-20,696.2711181640625,697.6834579371554,675.9235134549672,677.4555450204665,56133508,2.6250764107825786,0.02591212634726957,1.0321929094772317,675.3250732421875,680.9403250558036,713.3296061197917,1.031016240551109,0,1.3862710898687374,1.2359299357600986,1,2,1,0,0,49670795.14285714,1.1301109200800106,0
2024-02-21,689.017822265625,700.9151754054046,687.0309267122648,700.9151754054046,45893136,-1.0417344205750023,-0.010471984538603499,1.0202090592334494,678.6867152622768,680.0101492745536,709.7500244140625,1.0152222030739997,0,1.3994793092860685,1.2608815627021202,2,2,1,0,0,51305841.428571425,0.8945011858716506,0
2024-02-22,679.6339721679688,684.0625685726841,676.1149866485335,678.7721678686664,50560882,-1.3619168901611745,-0.0137127605138665,1.0117547785230236,680.4034336635044,679.1004900251116,706.0643147786458,0.9988691099170492,1,1.5706426775746936,1.2596932114025639,3,2,1,0,0,50302968.28571428,1.0051272066654358,1
2024-02-23,680.1366577148438,686.5042847124961,678.8918747107963,681.0702888003248,29833452,0.07396415827647385,0.0007393681827329764,1.0112129932398184,682.9032679966518,678.2711966378348,702.3083862304687,0.9959487523175513,1,1.5121276539660014,1.260807194959525,4,2,1,0,1,41519060.0,0.7185483486379508,1
2024-02-26,680.9506225585938,686.9591159463556,676.7614094932516,676.7614094932516,23506870,0.11967666122933984,0.0011960510579753598,1.0150683923611128,683.467529296875,677.5256914411273,698.6905029296875,0.9963174450425311,1,1.2912457364434635,1.2622849987396012,0,2,1,1,0,38936478.0,0.6037235828058203,0
2024-02-27,679.9212646484375,683.0571548064959,676.5220291476985,676.7614127525852,32087150,-0.15116483869103137,-0.0015127920800530419,1.0096598859715338,683.484636579241,677.1905561174665,695.1627888997396,0.9947864637475425,1,1.28529811085304,1.2370937230711256,1,2,1,0,0,38923822.0,0.8243576388772922,0
2024-02-28,674.7744750976562,681.8601942948292,672.1891206373224,679.9212222820232,25321986,-0.7569684636121066,-0.007598480105987792,1.0143874296095976,682.957990373884,677.407710484096,690.9592122395833,0.9880175422330916,1,1.317318543277194,1.1413087064679692,2,2,1,0,0,37619569.14285714,0.673106752069432,0
2024-02-29,671.9019165039062,675.2532869853846,668.9814482015562,671.2794957514693,53295700,-0.42570646931099354,-0.004266151791758297,1.0093752058456766,679.4766758510044,677.400874546596,686.558544921875,0.9888520686341276,1,0.5690305388665196,1.1480228658663147,3,2,1,0,0,37214168.0,1.4321346644106083,1
2024-03-01,684.9961547851562,685.9536891619308,670.2740637422462,670.2740637422462,34738898,1.9488318100628454,0.019300852507311176,1.023392857142857,678.9021519252232,678.79443359375,684.854931640625,1.0089762609275164,1,1.0332716980809882,1.220181584327136,4,3,1,0,1,35620705.428571425,0.9752445265201254,1
2024-03-04,685.9296875,687.9884096675396,681.9080901062357,685.0918449690896,35616474,0.13628291317000496,0.0013619013229464782,1.0089166262279667,679.8015398297991,680.1024867466518,684.0019266764323,1.0090146128114614,0,0.8646615386422651,1.2199343415877721,0,3,1,1,0,33485790.0,1.0636294977660674,1
2024-03-05,689.8316040039062,690.8609650167328,680.6392985327519,680.8068553387346,37991672,0.5688507984145552,0.005672389520386856,1.0150177436213508,681.1865321568081,682.04490007673,683.5263488769531,1.0126911960806473,0,0.8789542051451222,1.1917765415270762,1,3,1,0,0,34651250.0,1.0964011976479926,1
2024-03-06,690.6694946289062,695.5768580281541,686.3366868886952,686.3366868886952,42409530,0.12146306723797018,0.0012138936053270194,1.0134630296121083,682.5749424525669,683.021235874721,683.7697204589844,1.0118588475387842,0,0.8789253294410906,1.0628632697851192,2,3,1,0,0,37351630.0,1.1354130997763685,1
2024-03-07,692.34521484375,694.7151474764962,690.0950324505662,692.0579662212759,49348046,0.24262258980238816,0.0024232873640415084,1.0066948968021459,684.3497924804688,683.917214529855,683.6133219401041,1.011683239260293,1,0.8647472187999892,1.0605555740465742,3,3,1,0,0,39817472.28571428,1.239356573061648,0
2024-03-11,683.5838012695312,692.2733788101641,681.2856954339823,684.6370656855901,50531094,-1.2654689288487453,-0.012735441858089296,1.0161278644918306,685.6082676478794,684.2831290108817,683.5000122070312,0.9970471966662632,1,0.9785066940563644,1.1229564753307317,0,3,1,1,0,43418773.428571425,1.1638074963846943,1
2024-03-12,698.78466796875,700.9151585638567,684.2779988916614,686.5521430195154,65418454,2.2237020056631085,0.021993382756353402,1.0243134511107224,689.4486607142857,684.462668282645,683.578212483724,1.0135412653420661,1,1.190329084683116,1.0555178569409822,1,3,1,0,0,45150595.428571425,1.44889460214301,1
2024-03-13,699.1915893554688,704.5537583020961,694.2602641088363,701.6332902428926,63067454,0.058232729676443995,0.0005821578100188085,1.014826563934885,691.476579938616,685.1893659319196,683.8351481119792,1.0111572967771918,1,1.028266839007369,1.0094681942173134,2,3,1,0,0,49197532.0,1.281923125737283,0
2024-03-14,696.8217163085938,701.8727337796063,691.4835086418929,700.0055299615263,52432158,-0.3389447303076998,-0.0033952044923948395,1.015024545065606,693.0325840541294,686.4170619419643,683.7218404134114,1.0054674662370109,1,1.0560331856420828,0.9285519322588367,3,3,1,0,0,51599772.571428575,1.016131571654103,0
2024-03-15,695.4811401367188,698.6649535010525,690.5019498876019,694.2123954494871,143613804,-0.19238438477157116,-0.0019256968122152095,1.0118218400611025,693.8396606445312,687.5130964006696,683.5032023111979,1.0023657908091657,1,1.0545253305237143,0.9336618645669922,4,3,1,0,1,66688648.571428575,2.153496990513742,0
2024-03-18,692.3212890625,697.0849990233024,687.4139255734966,692.7760944963727,21437856,-0.45434029650287533,-0.004553755589611526,1.0140687773261756,694.0756312779018,688.3252868652344,683.5016052246094,0.9974724048268748,1,1.0767357825551154,0.9482246971728476,0,3,1,1,0,63692695.14285714,0.33658264816580247,1
2024-03-19,693.9012451171875,695.361508487081,687.2703309378574,687.2703309378574,36183594,0.22821139254969314,0.0022795138585271057,1.0117729184354318,694.2979213169643,689.3238568987165,683.5734212239583,0.9994286657246152,1,1.0762953839304297,0.9452184351629832,1,3,1,0,0,61812059.14285714,0.585380822152748,0
2024-03-20,685.1398315429688,695.002424269405,682.0757097447741,693.757641226056,43606094,-1.262631193685071,-0.012706701210274285,1.0189520229791909,694.5202113560268,690.0642395019531,683.3651590983073,0.986493726662406,1,1.0757234227174066,0.9910739346011033,2,3,1,0,0,60822773.428571425,0.7169369553857945,1
2024-03-21,692.177734375,694.8109541841388,688.6109418290184,690.6696058865672,28922860,1.0272213799308094,0.01021981315272764,1.0090036506516329,693.5763636997768,691.5125122070312,683.6173116048177,0.9979834530154458,1,0.6998120398535735,1.0062257505316108,3,3,1,0,0,55609117.14285714,0.5201100374548038,0
2024-03-22,690.7891845703125,694.5714568199686,688.3474837448974,689.9034770136652,45980326,-0.20060596227373662,-0.002008074455376231,1.0090419057555207,692.3760201590402,691.9263000488281,684.2524739583333,0.9977081303474906,1,0.6948119720426286,0.8774368845594811,4,3,1,0,1,53168098.85714286,0.8648104218197522,0
2024-03-26,682.4347534179688,688.4432464905726,680.8787600753138,683.2964992802526,56844290,-1.2094038729833945,-0.012167766664900253,1.011109887484847,690.3207397460938,691.6766619001116,684.6003784179687,0.9885763444815152,0,0.7999264002639652,0.9403312645862594,1,3,1,0,0,53798403.428571425,1.0566166721931185,1
2024-03-27,689.7598876953125,693.2309499256703,680.4478889511747,681.5490768981103,62168668,1.0733823622926408,0.010676625080152038,1.0187862453276166,689.50341796875,691.6715393066406,685.4094970703125,1.000371962951711,0,0.9549840417269077,0.9742041473869867,2,3,1,0,0,42163384.0,1.4744705500867767,1
2024-03-28,693.20703125,699.2394862002545,689.7598723903825,689.7598723903825,55592142,0.4997599333016245,0.0049851527848191485,1.0137433535775575,689.6299525669643,691.8527919224331,686.2625,1.0051869537709621,0,0.9663365760234609,0.9829306200417436,3,3,1,0,0,47042567.71428572,1.1817412335491624,1
2024-04-01,704.027099609375,705.6070545940972,696.8934573296461,698.04251018733,25199570,1.5608711209786907,0.01548814821391147,1.0125034855368564,691.0765032087054,692.6872122628348,687.6421427408854,1.0187397434879342,0,1.1309281840994383,1.0645495043990074,0,4,2,1,0,45473421.428571425,0.5541604130136302,1
2024-04-02,708.6472778320312,715.685132245699,700.5561005197442,701.4657698820595,41225446,0.6562500541839489,0.006541061081687761,1.021595746171835,694.4347098214286,694.4774605887277,688.6970255533854,1.0204663848301267,0,0.9281054827582325,0.9929810847992202,1,4,2,0,0,45133328.85714286,0.9134146991569758,1
2024-04-03,709.6766357421875,716.0681660997278,704.4580616337976,704.793175292623,45584386,0.1452567366525992,0.0014515134110529458,1.0164809022683392,696.934552873884,695.2554582868304,689.6928629557292,1.0182830408045638,1,0.9020089310786062,0.8169044860272028,2,4,2,0,0,47513546.85714286,0.9593976668813382,1
2024-04-04,731.3648071289062,732.5138601668406,720.065912216293,720.065912216293,88935066,3.05606388803219,0.030102963751356467,1.0172872340425532,702.7310703822544,697.5535452706473,691.4563232421875,1.0407463650797115,1,1.3112301145400127,1.133009094055917,3,4,2,0,0,53649938.28571428,1.6576918602659663,1
2024-04-05,741.8737182617188,744.2435924609226,732.5856231419043,736.8227010597361,59055902,1.4368904588213605,0.014266650236712218,1.0159134563261285,711.2223510742188,700.7715454101562,692.9764099121094,1.0430967434322116,1,0.9613981065466006,1.1518756191616375,4,4,2,0,1,53965882.85714286,1.0943192045302272,0
2024-04-08,740.4613037109375,745.5601858308615,738.0435645348342,744.4589979472738,20482940,-0.19038476711247254,-0.0019056622926432296,1.0101845225095416,718.4654105050223,703.9844142368862,694.6911926269531,1.0306151039205267,1,1.0988614549843807,1.1517893429141115,0,4,2,1,0,48010778.85714286,0.4266321123626726,1
2024-04-09,741.3949584960938,744.4111567395224,737.4451291623751,744.4111567395224,21884494,0.1260909625495854,0.001260115346559881,1.0094461639268804,725.3494001116071,707.4896763392857,696.7498921712239,1.022121143799137,1,1.1369618524247929,1.1267225047375111,1,4,2,0,0,43195400.571428575,0.5066394502769216,0
2024-04-10,735.5540161132812,742.041335404094,733.9261958559255,742.041335404094,27807400,-0.7878314137259257,-0.007909512019926577,1.0110571602348986,729.8532453264509,710.4648742675781,698.5971374511719,1.0078108452943586,1,1.272109489970686,1.176917481755727,2,4,2,0,0,43567947.71428572,0.6382536120902039,0
2024-04-12,727.2234497070312,732.4420241242923,724.5902299815868,728.2049458910936,41084208,-1.1325567155855198,-0.011390189780107866,1.0108361854988095,732.5069841657366,713.4708469935825,700.1395650227864,0.9927870524473935,1,1.4361348824399436,1.163012718397852,4,4,2,0,1,43547770.85714286,0.9434284968288158,0
2024-04-15,715.6132202148438,722.9383808283533,714.3445340494504,716.9777533173683,23415248,-1.5965147296700621,-0.016093963143214127,1.012030394815491,733.3550676618304,715.1448102678571,701.329296875,0.9758072886800205,1,1.6222305047005292,1.2666590111573173,0,4,2,1,0,40380751.14285714,0.5798616255839973,1
2024-04-16,722.5794067382812,724.3269187314523,709.6526921569106,711.9268363888184,20744886,0.9734569354862055,0.009687493695559993,1.0206780397463737,732.1000104631696,717.4155404227121,702.9227945963542,0.9869954875169786,1,1.1045963873998166,1.2736963964249315,1,4,2,0,0,30639296.85714286,0.6770679528555761,0
2024-04-18,715.6132202148438,727.1754583253521,713.8657669098291,722.8426507777308,34234884,-0.9640721086811466,-0.009687493695559851,1.0186445295915194,728.3485107421875,719.7854309082031,704.3798380533855,0.9825148396138458,1,0.8716720060181419,1.252406780798157,3,4,2,0,0,27093437.14285714,1.2635858573235923,1
2024-04-19,733.13623046875,734.8836839791993,708.6951417404246,711.7113984519393,34576434,2.4486705609834125,0.024191712145891355,1.0369531843755277,727.3020717075893,722.8837411063058,705.9845072428385,1.0080216446344819,1,1.4269356177669517,1.3628404999121706,4,4,2,0,1,29106793.42857143,1.1879162878195828,0
2024-04-22,723.99169921875,745.6320106114753,722.12455398941,745.6320106114753,42298438,-1.2473167836969723,-0.012551610765343507,1.0325531883553845,724.8158918108259,725.0826459612165,707.2532409667969,0.99886289387224,0,1.4788110051406538,1.4355044553524565,0,4,2,1,0,32023071.14285714,1.3208738728182483,0
2024-04-23,721.7893676757812,730.8380788006147,719.7067421926132,730.7423487447305,26827060,-0.3041929272594279,-0.0030465653435645,1.0154664892732412,722.8495134626116,726.3513793945312,708.3184997558594,0.998533379677117,0,1.4650599039646663,1.3975649750146604,1,4,2,0,0,31883022.57142857,0.841421478779136,1
2024-04-24,723.7523193359375,728.5639528503503,722.4836330693169,725.332274400053,22441580,0.2719563002814951,0.0027158716823563137,1.008415858163046,722.3536376953125,727.4303109305246,709.4212605794271,1.0019362837918109,0,1.4212219428448136,1.391402580000809,2,4,2,0,0,29219790.0,0.7680267380429496,0
2024-04-25,723.297607421875,727.5825508401506,721.1431548430907,721.1431548430907,35445204,-0.0628270061337699,-0.0006284675056759278,1.0089294281639005,723.4514072963169,728.4032374790737,710.4530069986979,0.9997874081480929,0,1.2530936548583569,1.3926793012807834,3,4,2,0,0,30938355.14285714,1.1456718961409742,0
2024-04-26,722.8427734375,731.5563134799157,720.8080127488288,727.6304456461381,24854694,-0.06288338018927142,-0.0006290316007940192,1.0149114612226602,723.489031110491,727.7945207868304,711.7616394042968,0.9991067484851855,0,1.2010216264525926,1.1124179052345338,4,4,2,0,1,31525470.57142857,0.7884004124121061,1
2024-04-29,732.2744140625,734.6442882658492,721.2867304749565,725.3322898363435,36093350,1.3047983560999787,0.012963591924590056,1.0185190676973872,725.8692016601562,727.1088562011719,712.8779642740885,1.0088241964085185,0,1.2000664318876935,1.0990610604049569,0,4,2,1,0,31790965.714285713,1.1353335511849818,0
2024-04-30,727.7739868164062,737.0620819015442,725.2844208297038,732.1307565147657,52307382,-0.6145820691899284,-0.006164783984475137,1.0162386792458151,725.1031668526786,726.202619280134,713.8307108561198,1.0036833654655246,0,0.7892361600932498,1.1079301337582759,1,4,2,0,0,34323958.28571428,1.523932104933552,1
2024-05-02,733.5910034179688,735.8651474977438,727.893662350512,728.6836398774014,33475006,0.7992888873383119,0.007961114935188389,1.0109514418926113,726.4744960239956,725.6451939174107,715.0563537597657,1.0097959493869666,1,0.6633469762922826,1.1336355141433188,3,5,2,0,0,33063468.0,1.0124469096829165,0
2024-05-03,727.53466796875,737.5887797565925,721.59794265299,734.0698523195007,31865242,-0.8255738444175154,-0.008290005784599023,1.0221603141561233,727.2952532087054,725.0723833356585,716.1248046875,1.000329185099158,1,0.7515247782711325,1.1355181960150544,4,5,2,0,1,33783208.28571428,0.9432272308333332,1
2024-05-06,728.994873046875,734.6682525558684,726.361653503664,728.6836626849343,28793396,0.2007059103041664,0.002005047650872701,1.0114358997506778,728.044189453125,725.1989135742188,717.3472574869792,1.0013058047952612,1,0.7495362277558719,1.0949417269012371,0,5,2,1,0,34690610.571428575,0.8300054546665846,0
2024-05-07,721.0952758789062,729.6652209931847,720.1377414179425,728.6597630545604,28480602,-1.0836286317010613,-0.010895426495574538,1.0132300795074047,727.7295706612723,725.5904889787946,718.2537251790365,0.9908835712470258,1,0.8763354073818604,1.043984788492619,1,5,2,0,0,33695667.428571425,0.8452303863804924,0
2024-05-08,709.8441772460938,716.6905129132654,708.7429893452799,716.2117457291306,41687862,-1.5602790656337517,-0.01572579534972743,1.0112135480526265,725.8726283482143,724.6808297293527,719.0772033691406,0.9779183695924797,1,1.0486015911322313,1.0918880348330489,2,5,2,0,0,36100405.71428572,1.154775442966925,0
2024-05-09,693.0155639648438,711.8071777027506,691.9622994383691,706.1577010233476,46281278,-2.3707475275120515,-0.023993019519679318,1.0286791322019835,720.2642211914062,723.0667114257812,719.1051310221354,0.9621685259036055,0,1.0580545955689407,1.231225640677596,3,5,2,0,0,37555824.0,1.23233291326533,1
2024-05-10,697.8200073242188,704.6385064038308,692.4331341667237,698.3538309269745,27276608,0.6932663000940531,0.006908742583956596,1.0176267882555838,715.9850812639509,720.5441240583148,719.3394917805989,0.9746292563698887,0,1.1981748759321953,1.0073725072159772,4,5,2,0,1,33979999.14285714,0.8027253881121346,1
2024-05-13,706.2400512695312,708.4482125597933,694.1317160729689,694.956710818051,27047202,1.2066211712099095,0.011993995318030914,1.020625042993021,712.0778023856027,719.2761492047991,720.1330017089844,0.9918018071950652,0,1.283857090005842,1.051257068250078,0,5,2,1,0,33061741.42857143,0.8180815901193347,1
2024-05-14,709.0062866210938,711.2144479759614,703.8378359787137,704.7841569928967,25665142,0.39168485936049713,0.003909197713869993,1.010480556202254,709.430890764509,718.3630719866071,720.7745483398437,0.9994014862491291,0,1.3197541490053077,1.0609329302133368,1,5,2,0,0,32176012.85714286,0.7976483013588339,0
2024-05-15,698.1112060546875,708.39964782104,696.8009063196256,708.39964782104,38931996,-1.5366691060426096,-0.015485982309908436,1.0166457038103995,705.0189383370536,716.5315638950893,720.9380208333333,0.9902020613819829,0,1.3594284923042672,1.1178231946732242,2,5,2,0,0,33624384.28571428,1.1578500789541808,1
2024-05-16,708.6665649414062,709.782790041372,696.655267230535,701.7752582341244,34945236,1.511988175404233,0.015006715621806421,1.0188436425134972,703.243408203125,715.4864894321987,721.0926696777344,1.0077116353669608,0,1.549017095875441,1.2134179576587218,3,5,2,0,0,34547903.428571425,1.0115009170455183,1
2024-05-17,710.5350341796875,712.4277355160416,701.8480628860959,701.8480628860959,20920190,0.2636598551020608,0.0026331288225768397,1.0150740212724112,703.3421020507812,714.6073651994977,721.155594889323,1.0102267902176385,0,1.4389661919370345,1.2181229583118767,4,5,2,0,1,31581093.14285714,0.6624276716884838,0
2024-05-21,707.962890625,713.2526672307866,703.7407019802051,703.7407019802051,43769978,-0.3620009473082497,-0.003626577563198388,1.0135162926114925,705.4774344308036,712.870827811105,721.0984700520834,1.0035230839044509,0,1.0219417580195713,1.148048166166402,1,5,2,0,0,31222336.0,1.401880307738665,1
2024-05-22,708.156982421875,711.2629460513618,702.7943980944078,707.5018325662894,39996278,0.027415532571728463,0.00027411775201317227,1.0120498227930046,706.9541451590402,711.4696132114956,720.3248758951823,1.001701436042311,0,1.0112317672042752,1.1445249782460698,2,5,2,0,0,33039431.714285713,1.2105619232762488,1
2024-05-23,724.3662109375,725.8464148427264,707.1136542137513,707.8901303438163,40861920,2.2889315389068132,0.022631285015251443,1.0264918666431415,709.5435965401786,710.8106994628906,719.7412923177084,1.0208903504585178,0,1.2441052159516734,1.3018845901137486,3,5,2,0,0,35012962.85714286,1.1670511909181065,1
2024-05-24,736.3047485351562,737.6151076266391,721.1632556922566,721.891213218191,31060206,1.6481356277241233,0.01634701282336806,1.0228129370215764,713.443376813616,711.4371337890625,719.6027404785157,1.032043708673341,1,1.335178794302525,1.3598491302829225,4,5,2,0,1,35783686.28571428,0.8679990583418452,1
2024-05-27,741.4004516601562,749.7962521608212,737.2026106511589,739.2893866819511,29385440,0.6920644115276486,0.006896806376267865,1.01708301263141,719.6275547572544,712.323246547154,719.6029235839844,1.030255785453138,1,0.9710852099508419,1.3691181538018806,0,5,2,1,0,34419892.571428575,0.8537342160211274,1
2024-05-28,742.7592163085938,745.4526824425712,739.9930018261246,742.5650824828549,27908904,0.18327000548690187,0.001831022709191784,1.0073780165528234,724.4979335239956,713.8706708635602,719.8430969238282,1.0252054311539225,1,0.9537431595155571,1.323902351040642,1,5,2,0,0,33414702.285714287,0.8352282705188677,0
2024-05-29,731.9855346679688,739.5319916615282,728.5641108173895,736.6929693394153,35147706,-1.4504945080545228,-0.014611170241165384,1.0150541053028725,727.5622907366071,715.4521963936942,720.0018330891927,1.0060795398382776,1,1.2513053721202538,1.3128262468572094,2,5,2,0,0,35447204.571428575,0.9915508549954888,1
2024-05-30,735.1642456054688,739.4106642295702,726.8170235494816,727.569210732381,33755350,0.43425870962625623,0.0043331852739126025,1.0173271129762294,731.4481985909598,718.4628165108817,720.6535339355469,1.0050803967002275,1,1.2022774972075316,1.078983453107,3,5,2,0,0,34016543.428571425,0.9923215764376565,1
2024-05-31,743.268798828125,745.4283820979595,734.7516735002022,737.1781981815107,74079588,1.1024139532223032,0.010963816639757889,1.014531043593131,736.4641723632812,721.7091587611607,721.3431803385416,1.0092395892701853,1,1.1935883732714911,1.0921810149459965,4,5,2,0,1,38885587.71428572,1.9050654073767483,1
2024-06-03,762.9964599609375,776.0026570209221,752.2227131847588,776.0026570209221,72637256,2.654175873373954,0.02619563734472789,1.0316129032258063,741.9827793666294,725.763187953404,722.9226216634114,1.0283209815357788,1,1.2795252842204727,1.2285848993657529,0,6,2,1,0,43424921.428571425,1.6727089793237557,0
2024-06-04,719.7800903320312,756.5904610836327,705.6334383679294,755.6198511271432,89531240,-5.664032783470418,-0.058307656379466166,1.0722145804676753,739.6221139090402,726.5327453613281,722.4774169921875,0.973172755108497,1,2.6629213802057623,2.0703206592736336,1,6,2,0,0,51777926.28571428,1.7291391606909912,1
2024-06-05,753.0962524414062,756.8815955434779,719.3917877908412,725.06989130594,81631650,4.62865846900633,0.04524730965590084,1.0521131994955948,741.2929425920759,730.4602486746652,723.447568766276,1.0159225984373434,1,3.255315147050065,2.3285797771354195,2,6,2,0,0,59241670.571428575,1.3779430798052106,1
2024-06-06,756.9301147460938,759.7206182378197,750.5726316827747,759.4537360573207,46422870,0.5090799870878016,0.0050778855601194516,1.012188009752681,743.3173566545759,733.9076450892857,724.6189270019531,1.0183135210951946,1,3.25620166572123,2.3126928296830043,3,6,2,0,0,61886522.85714286,0.7501289110580873,1
2024-06-07,763.5545043945312,768.8928586568827,753.2175448676818,757.5852892641512,36712216,0.875165291931812,0.008713579182407028,1.0208111373613244,747.8272094726562,737.6947501046317,725.9456665039063,1.0210306535021176,1,3.1632056415641823,2.31372480804059,4,6,2,0,1,62110024.28571428,0.5910835879103665,0
2024-06-10,757.7067260742188,767.0973660487972,755.9110620154896,763.8700759254958,22454058,-0.7658625922126627,-0.007688103800781738,1.0147984393871436,751.0475638253348,741.2478812081473,727.0926371256511,1.0088664987007836,1,3.208947417889785,2.3283143402417017,0,6,2,1,0,60495554.0,0.37116873084590646,1
2024-06-11,759.4052734375,762.4141406844706,753.2903831592504,755.1345658211561,29545326,0.22416949788497398,0.0022391861293446203,1.0121118730959444,753.3527744838169,744.9084734235491,728.3113871256511,1.0080340833122041,1,3.1975721081585893,2.3257590043758807,1,6,2,0,0,54133516.571428575,0.5457861944183003,1
2024-06-12,763.9428100585938,770.8098870497467,760.1816966411113,764.3553074238586,39280436,0.5975118661678769,0.005957338431006075,1.0139811185346825,753.4879673549107,747.73537336077,729.3670003255208,1.013875261658636,1,3.0414153768120693,2.2703925110507224,2,6,2,0,0,49368256.571428575,0.7956618022993583,1
2024-06-13,767.1458740234375,769.5481100621035,763.8700652936205,767.6311790204475,24120192,0.4192805957029755,0.004184040638444902,1.0074332599567184,760.2545078822544,749.9383108956473,730.6793965657552,1.0090645515018115,1,1.7129757318772802,2.2422097901158167,3,6,2,0,0,40023821.14285714,0.6026459071438414,1
2024-06-14,774.9835205078125,776.0026490992642,765.6656295141681,768.7230745298527,25540554,1.0216631216784178,0.010164794207510455,1.0135006968925262,763.3812604631696,752.3371015276227,732.0591471354167,1.0151985130439323,1,0.5849134832940422,2.2481719187350753,4,6,2,0,1,32010807.42857143,0.797872845194265,1
2024-06-18,780.2733154296875,781.5836150866086,771.3679222826127,774.9834796730435,32415714,0.6825686975135747,0.006802497437008667,1.0132436059484635,766.7160034179688,755.0166800362723,733.8171020507813,1.0176823125528633,1,0.5933484293343115,2.2494430474026794,1,6,2,0,0,30009785.14285714,1.0801714789256167,1
2024-06-19,804.5628662109375,810.4108150397882,778.4292043351105,782.9910830915752,90131196,3.112954179122984,0.030654843884153085,1.0410848032506623,772.5743408203125,760.2007751464844,736.33603515625,1.0414051097744974,1,1.1810030990368956,2.294546770402776,2,6,2,0,0,37641068.0,2.3944909320851364,1
2024-06-20,810.143798828125,816.0159768197282,801.7237698729426,810.3622215983705,41408742,0.6936602286246041,0.006912654739897813,1.0178268469563407,780.0653512137277,765.5564575195312,739.3043192545573,1.0385588817239444,1,0.979114919314068,2.2932629228991024,3,6,2,0,0,40348880.0,1.0262674453417295,0
2024-06-21,808.3967895507812,811.8424431419929,797.4289085916951,811.8424431419929,51630776,-0.21564187492032483,-0.0021587471680805073,1.0180750088127015,787.0641392299107,770.2084568568638,742.5894063313802,1.0271040811765901,1,1.04634658343312,2.303424792571219,4,6,2,0,1,43503944.28571428,1.1868067791948322,1
2024-06-24,811.6240234375,812.9343231272944,798.6906344612428,799.2972656586157,28544994,0.3992140899659047,0.003984193449715935,1.017833799535736,793.8757411411831,773.6818542480469,746.5430216471354,1.0223564991050162,1,1.0585679603759854,2.228360866283569,0,6,2,1,0,41970309.71428572,0.6801235014542661,1
2024-06-25,830.5266723632812,833.2443684249017,810.9931467609703,810.9931467609703,74521548,2.3289908110065705,0.02302283695900594,1.0274370033246283,802.9301409040179,781.5923243931362,750.9665771484375,1.0343697789551063,1,1.1629684009140002,1.4111936849779436,1,6,2,0,0,49170503.428571425,1.5155742325936383,0
2024-06-26,825.7463989257812,830.3082774504516,820.699215435536,828.8765922572081,47596666,-0.5755713328143508,-0.005772341280617175,1.0117083845508688,810.1819806780134,786.7816205705915,754.9501220703125,1.019211015079282,1,1.335384663138194,1.0246945181800908,2,6,2,0,0,52321376.571428575,0.9096982747581488,0
2024-06-27,823.1500244140625,831.3274011881083,818.5153383232833,823.1257354693937,55074650,-0.31442759121885766,-0.0031492295341226523,1.01565280730239,816.3072248186384,791.5116141183036,758.7549133300781,1.008382627750164,1,1.4154512015935514,1.0574345110381171,3,6,2,0,0,55558367.428571425,0.9912935269526536,0
2024-06-28,817.1565551757812,828.2214732583296,814.8270675577021,823.8537284054296,26476046,-0.7281138383671393,-0.007307775248309864,1.0164383416235483,818.1063232421875,795.34033203125,762.7230916341146,0.9988390652419818,1,1.0576100078911082,1.1114754088797365,4,6,2,0,1,46464774.571428575,0.5698089842080124,1
2024-07-01,827.5419921875,828.5611799942127,815.3123309202279,815.3123309202279,21187024,1.270923783935718,0.012629153304580289,1.0162500290643601,820.591779436384,800.3285653250558,766.685605875651,1.008469756735669,1,1.1206977465330474,1.0666375562728687,0,7,3,1,0,43575957.71428572,0.48620902698035606,1
2024-07-02,839.8687744140625,841.9556094944659,826.353042764463,832.2980286836319,45921690,1.4895657674093732,0.014785806888345571,1.018881235891389,825.0877772739956,806.0759582519531,770.9967305501302,1.0179144541310523,1,1.1717309122436965,1.0824657599097536,1,7,3,0,0,42760374.0,1.0739309716982364,1
2024-07-03,858.3346557617188,870.6371250279785,856.3934358619908,869.1812101031826,123217802,2.198662685196151,0.021748406423846456,1.0166321792876085,831.760724748884,812.8182329450335,776.0091227213542,1.031949009158683,1,1.3203482501387944,1.1501629954862467,2,7,3,0,0,56285060.85714286,2.1891741809205674,0
2024-07-04,838.1945190429688,854.0154497500956,837.0782938778042,854.0154497500956,45848658,-2.346420080274736,-0.023743868613118297,1.0202336579459363,832.8561314174107,817.8931361607143,780.3437072753907,1.0064097356364212,1,1.5807609509682288,1.4314235296726787,3,7,3,0,0,52188933.71428572,0.878513024446978,0
2024-07-05,799.8311157226562,817.7388811097651,796.9678045280713,817.7388811097651,82242548,-4.576909350840774,-0.0468495964733088,1.0260626294609148,829.1539481026786,819.667964390346,782.8592041015625,0.9646352375851063,1,2.3965076103563394,1.9906450939975118,4,7,3,0,1,57138345.428571425,1.4393582345294074,0
2024-07-08,793.6434936523438,803.1554594894733,789.6640164804963,798.4723137874327,39087800,-0.7736160732784048,-0.007766240056975664,1.0170850421538868,824.9387294224331,820.6229771205357,784.7704956054688,0.9620635634454935,1,2.3991149715386517,2.0039794848523123,0,7,3,1,0,54854509.71428572,0.7125722243000997,1
2024-07-09,794.2015380859375,799.1516248009418,786.363851419409,788.6205312494033,48550878,0.07031424538310738,0.0007028953649948667,1.0162619038991307,821.659441266741,819.8828822544643,786.5305318196614,0.9665823797527695,1,2.405164281161537,1.8126414921112246,1,7,3,0,0,58008057.14285714,0.836967835010112,0
2024-07-10,789.1543579101562,795.9001084827571,786.5579883069686,791.0227700970487,45507182,-0.6355037019879384,-0.0063753162300508506,1.0118772173376525,816.1754935128348,818.3836364746094,788.0770365397135,0.9668929834117181,0,2.2922093035625397,1.8039541497909708,2,7,3,0,0,61482365.428571425,0.7401664149189092,0
2024-07-11,787.1162109375,789.0331420386741,776.9733243368038,788.111050667459,44177074,-0.25826974814581183,-0.002586038398223124,1.015521533782597,808.6394130161831,816.8635951450893,789.914725748698,0.9733834367553238,0,2.1076327545488223,1.8040693805394648,3,7,3,0,0,61233134.571428575,0.7214570070468523,1
2024-07-12,787.5043334960938,795.1236568993513,781.8990967628511,787.1646437212287,56049960,0.049309435277855584,0.0004929728217074002,1.0169133845930394,798.5207955496652,815.1407601492746,791.6593953450521,0.9862039133921513,0,1.697000354802129,1.797914431838248,4,7,3,0,1,51637728.571428575,1.0854458852206899,0
2024-07-15,787.2131958007812,790.9500796896383,783.8645795922547,787.8926346206944,33375694,-0.0369696626328353,-0.00036976498097361925,1.0090391890153645,791.2377493722098,812.0469403948102,793.124208577474,0.9949135976201569,0,1.6634400193925098,1.6467458755686435,0,7,3,1,0,49855876.571428575,0.6694435299353849,0
2024-07-16,786.0726928710938,789.5911537590798,784.6410669649267,786.5579978211608,28950324,-0.14487853300366726,-0.0014498358342622721,1.0063087276495744,789.2722603934152,809.2131042480469,793.8934163411458,0.9959461801929709,0,0.3345184889875683,1.6466144240390295,1,7,3,0,0,42242701.71428572,0.6853331540157983,0
2024-07-18,783.6705322265625,788.1110255525017,776.0754971813087,780.3704345530638,33717064,-0.3055901402397643,-0.00306058020348947,1.015508192714376,787.8475516183036,806.3931405203683,796.0230977376302,0.9946981882685793,0,0.2470875460332636,1.64662597758601,3,7,3,0,0,41475453.71428572,0.8129402087381281,0
2024-07-19,780.0307006835938,787.649965003423,778.1865181041212,784.2528302190582,26002152,-0.4644594116136158,-0.004655413758284599,1.0121608980355472,785.8231462751116,803.7412937709263,796.9209126790364,0.9926288177957411,0,0.23926140600108958,1.643321464712682,4,7,3,0,1,38254207.14285714,0.6797200606693307,1
2024-07-22,797.1376953125,801.2384985771903,782.6270649860646,784.7381297391379,53744822,2.193118118801518,0.02169415212483127,1.0237807180760572,786.963623046875,801.569558279855,798.2611653645833,1.0129282624605114,0,0.9181633128964041,1.728236543028694,0,7,3,1,0,39431012.85714286,1.3630089136871923,0
2024-07-23,785.4176025390625,799.6855810002239,778.9145038672318,799.5642547535156,52002152,-1.470272054923072,-0.014811876795478839,1.0266666970891745,786.720964704241,797.6801888602121,798.9899353027344,0.9983432980387544,0,1.1030826138538483,1.6790112803070367,1,7,3,0,0,40548881.14285714,1.2824559034512448,0
2024-07-24,778.4534912109375,786.6793870769927,770.6886113878456,780.4432298173384,61728206,-0.886676247847229,-0.00890630613993786,1.020748685594758,785.4279872349331,791.9743913922991,799.681494140625,0.991120133051855,0,1.1482806455622594,1.494979795034485,2,7,3,0,0,41360059.14285714,1.4924593262014332,1
2024-07-25,784.5440063476562,788.6205799631161,773.0908208499962,773.0908208499962,25535732,0.7823865144781506,0.007793417421353553,1.0200878844946641,785.0466744559152,788.1422119140625,800.5194519042968,0.9993596965319198,0,1.2032830134152763,1.4609475625838642,3,7,3,0,0,40240064.571428575,0.6345847669968947,1
2024-07-26,785.2962646484375,787.0433507268658,774.7651110455088,778.9144923179402,43810540,0.09588478080193585,0.0009583884071001434,1.0158476930702107,784.9357561383929,787.104008265904,801.2312337239583,1.0004592840971065,0,1.2033045082967115,0.8575111600568299,4,7,3,0,1,42362952.571428575,1.0341710702560365,0
2024-07-29,778.9387817382812,791.9449196556922,775.6629731237323,783.7675425920842,51001148,-0.8095648987968107,-0.008128596696779407,1.0209910065274737,784.2597917829241,786.0536717006138,801.6243306477865,0.9932152456362117,0,1.2386396334926746,0.8596458644798342,0,7,3,1,0,44832107.428571425,1.1376031805164941,1
2024-07-30,784.0345458984375,793.3523785519244,776.0027241501925,777.4586392048833,54595834,0.6541931509411514,0.006520625944691185,1.0223577235772356,784.831769670759,785.3274579729352,801.9260314941406,0.9989842106256022,0,1.2528432396253224,0.8839362542292197,1,7,3,0,0,48916919.14285714,1.1160930605739527,1
2024-07-31,784.1315307617188,790.0279981871195,780.9527594083772,783.2822470366172,37820484,0.012369973209547247,0.00012369208191448928,1.011620726951035,782.9737461635044,784.9686846051898,802.054638671875,1.0014787016855768,0,0.8442987750116614,0.8699374481204114,2,7,3,0,0,46642013.71428572,0.8108673058516807,1
2024-08-01,795.3178100585938,800.7774909815698,785.1991540216145,787.6014491725216,26215174,1.4265820028954046,0.014165020743637522,1.0198399818443087,784.3880615234375,785.5545131138393,801.7464701334635,1.0139341087292029,0,0.8459584851293948,0.9505391586635528,3,8,3,0,0,42958159.71428572,0.6102489998258039,1
2024-08-02,805.1937866210938,810.7019864135299,791.5324392939043,791.5324392939043,44119238,1.2417647935952125,0.01234118131875729,1.024218270999387,788.2081037248884,786.8180454799107,801.5814697265625,1.0215497440535501,1,0.7774972829220445,0.9998920589403675,4,8,3,0,1,40442592.85714286,1.0909102231858456,0
2024-08-05,784.1315307617188,798.8120065813332,776.9732822215763,795.9486953170099,41333634,-2.6157996012066143,-0.026506202062394842,1.028107432854466,788.1491786411831,786.5979265485491,800.772627766927,0.9949024271186947,1,1.3851732903839122,1.246721126013772,0,8,3,1,0,42699436.0,0.968013582193451,0
2024-08-06,777.0703125,792.4787456590307,773.2364505401089,791.0471196604719,45116050,-0.9005145163413331,-0.009045936556054146,1.0248853958003157,786.9740426199777,785.9548993791852,799.6208374023438,0.9874154297554638,1,1.4244108984788058,1.268670464266482,1,8,3,0,0,42885937.428571425,1.0520010219000793,1
2024-08-07,787.8926391601562,791.0471215466921,777.5556193354371,784.7381567736204,42346264,1.3927088046046254,0.01383099730364956,1.017351173183966,788.2531651088169,786.2564784458706,798.1997029622396,0.9995426267034261,1,1.493798350028757,1.3248504423363308,2,8,3,0,0,41649525.428571425,1.0167286076914244,1
2024-08-08,797.21044921875,802.3547292854007,785.8300713873926,788.1352699911228,33976950,1.1826243317269558,0.011756859796963346,1.0210282839759919,790.1354370117188,787.4836033412388,797.2485046386719,1.0089541765571088,1,1.534951582148766,1.348894840244432,3,8,3,0,0,38703970.571428575,0.877867296258279,1
2024-08-09,800.8502807617188,806.8438448558267,798.7149861722273,801.7238534511162,26644618,0.45657097778080136,0.004555318541827422,1.010177421012915,792.5238298688616,787.7487880161831,796.5051798502604,1.0105062467260257,1,1.5327413667533842,1.2218302284205735,4,8,3,0,1,37107418.28571428,0.7180401987237608,1
2024-08-12,805.6547241210938,813.3467956202861,799.4670860971137,801.7237659305952,39316196,0.5999177967204172,0.00598125454719788,1.017361201936319,794.0005318777902,789.1942967006138,796.1217854817709,1.0146778141517634,1,1.4628021315336677,1.14801153953639,0,8,3,1,0,38978992.85714286,1.0086508941904422,0
2024-08-13,778.0409545898438,792.2118961762867,777.0461148817201,790.0765423217451,54055042,-3.4274942732290814,-0.0348761050872072,1.0195172216990946,790.1215558733259,789.1648297991071,794.4717508951823,0.9847104522162677,1,1.9035322927290577,1.4829545185402653,1,8,3,0,0,40398393.428571425,1.3380492988062744,1
2024-08-14,780.2733154296875,783.1365672163911,778.0408652863015,779.6423953037173,32334428,0.2869207368422666,0.0028650990494977,1.0065494013970777,789.5703822544643,788.8597804478237,792.4852355957031,0.9882251575873061,1,1.6594996758543696,1.4688600787193657,2,8,3,0,0,39112792.571428575,0.8266969928304202,1
2024-08-16,792.0662231445312,793.061122021343,781.8263002104013,790.3191371152319,27849246,1.511381650716781,0.015000740696969212,1.0143699717033288,791.7126552036831,789.3433489118304,790.2762878417968,1.0004465861932663,1,1.705284878950503,1.525722386078542,4,8,3,0,1,36646106.28571428,0.759951024069819,0
2024-08-19,791.79931640625,794.7596647587319,787.9896251482922,794.7596647587319,19502164,-0.03369752812102389,-0.0003370320701383139,1.0085915339420435,792.270751953125,790.261958530971,788.7297810872395,0.999404956518068,1,1.634777041800013,1.505180440193199,0,8,3,1,0,33382663.42857143,0.5842003602177698,1
2024-08-20,794.783935546875,798.8119905444514,789.8095595425733,789.8095595425733,31134494,0.376941363648986,0.003762327199134917,1.0113982299822908,791.9241071428571,791.0297720772879,788.5615417480469,1.0036112404941626,1,1.571537043823927,1.4995335401664873,1,8,3,0,0,32976598.285714287,0.9441390446111508,0
2024-08-21,789.0088500976562,793.2552686183906,785.1264103072706,790.1250159925943,47630904,-0.726623323764719,-0.007292760892579147,1.0103535662593985,790.2324741908482,791.378152029855,788.4070536295573,0.9984515644026843,0,1.5737605612407524,1.5160696148284714,2,8,3,0,0,35974639.14285714,1.3240133920692083,1
2024-08-22,791.6780395507812,795.0751744192786,790.0765094162431,792.0177293410987,21300638,0.33829651629315727,0.003377255809024859,1.006326811319487,788.2358049665179,791.118168422154,788.3229370117188,1.0043670111945873,0,1.5545366236094253,1.4674597021291178,3,8,3,0,0,33400988.0,0.6377247882607544,0
2024-08-23,788.6448364257812,792.988292052303,787.6499375770427,792.988292052303,20333422,-0.3831359433338788,-0.0038387178921728622,1.006777572396796,789.7506452287946,789.9361005510602,788.3059529622395,0.9985998000638632,0,0.7107362627554924,1.4233581285594703,4,8,3,0,1,28583613.714285713,0.711366386463501,1
2024-08-26,795.8759155273438,799.7583555491682,792.1148017562012,792.1148017562012,22364266,0.9168993148214177,0.009127213123523287,1.00964955303956,791.9795880998884,790.7749851771763,788.5979431152343,1.0049197321319903,1,0.7622285606532523,1.2534328965846124,0,8,3,1,0,27159304.85714286,0.8234476588276238,0
2024-08-27,794.8082275390625,799.4914324239653,792.1147612152419,797.550212512406,35773244,-0.13415256919463436,-0.0013424263431253312,1.0093126293940116,792.3713030133929,792.0419791085379,788.84140625,1.0030754830675996,1,0.5436274777267299,1.2220783470000498,1,8,3,0,0,28291304.57142857,1.2644607430414307,0
2024-08-28,794.4927978515625,795.7788679404401,791.1441815277424,794.808257947526,26921188,-0.039686263499894014,-0.00039694140581595467,1.0058582070385045,792.756086077009,792.5134190150669,789.0840596516927,1.0021907265110355,1,0.5437870264392576,1.170565435885654,2,8,3,0,0,29351165.14285714,0.9172101982653831,1
2024-08-29,795.1964721679688,798.035494358065,791.6052035874162,796.8707505966252,49052604,0.08856899877620616,0.0008852979958233325,1.0081231032104234,792.8150198800223,792.3695635114398,789.3881856282552,1.0030037931020868,1,0.5254875074838804,1.125958957531656,3,8,3,0,0,31910895.14285714,1.5371741776720362,0
2024-08-30,794.395751953125,806.5768953841255,786.7521983416328,803.6650654368904,445342100,-0.1006946387300589,-0.001007453698399349,1.0251981463595277,793.5845772879464,791.9085257393973,789.745692952474,1.0010221653600562,1,0.42273930579990465,1.117937997392898,4,8,3,0,1,88726780.28571428,5.019252344849299,0
2024-09-02,789.5668334960938,799.2001837658697,787.7469400055302,799.2001837658697,34049680,-0.6078731469999377,-0.006097282172841083,1.0145392424631432,793.282976422991,790.7593906947544,790.063564046224,0.9953154888768018,1,0.48043390064968045,1.110345047139819,0,9,3,1,0,90548072.0,0.37603981231096784,1
2024-09-03,794.6140747070312,795.8758557711201,788.4264363868309,792.9883149182248,37282860,0.6392417964909969,0.006372073117009005,1.0094484647400055,794.135724748884,791.9431849888393,789.979443359375,1.0006023529017014,1,0.5120847503756351,0.5968279242544999,1,9,3,0,0,92969420.28571428,0.4010228297156425,1
2024-09-04,796.7737426757812,798.2296576209254,792.0177301584446,795.4148650304477,24682744,0.27178828534422106,0.0027141960884591197,1.0078431671740962,794.2639857700893,793.1217869349888,790.3579813639323,1.003159852329523,1,0.3846215646502422,0.5965790411507214,2,9,3,0,0,93300631.42857143,0.2645506640423594,1
2024-09-05,798.5450439453125,800.7046866194709,796.8707654853739,798.8119853769339,22876318,0.22230919201513544,0.0022206245074887438,1.00481122071502,794.7978166852679,793.5845598493304,791.0276997884115,1.004714692443007,1,0.38491107262495294,0.4526110454510704,3,9,3,0,0,91458213.42857143,0.2501286340768763,0
2024-09-06,794.419921875,799.6612390821284,793.0368146024134,795.0751309568867,26029602,-0.5165797598507216,-0.005179186460259047,1.0083532370222132,794.7874058314732,793.771745954241,791.3568969726563,0.9995376323859979,1,0.4446472596800323,0.47792276800301303,4,9,3,0,1,91330844.0,0.2850034102389331,1
2024-09-09,799.0546264648438,800.0252363967779,791.0956131747174,794.9295342541234,23792914,0.5834073973000065,0.0058171216654935584,1.011287666210441,795.3385707310268,794.0767953055246,791.8155090332032,1.004672294128023,1,0.4973704342197569,0.49258986650344244,0,9,3,1,0,87722316.85714285,0.2712298859906668,1
2024-09-10,800.923095703125,802.694470803164,794.9295907953946,802.694470803164,26606646,0.23383498153908278,0.0023356201299394056,1.0097680097680097,796.2710484095982,794.9278128487723,792.5483194986979,1.00584229114297,1,0.4942720805802253,0.44197816936599116,1,9,3,0,0,27902966.285714287,0.9535418466825165,0
2024-09-11,797.7928466796875,801.9664575454252,795.5118777911906,800.9473289635273,22226684,-0.3908301608769871,-0.003915958977551879,1.0081137440363006,797.4461931501116,795.3645847865513,793.0069295247396,1.000434704601456,1,0.4455535874434395,0.4555070088337412,2,9,3,0,0,26213966.85714286,0.8478947166267439,1
2024-09-12,808.8092651367188,810.4593139115112,799.32158835399,802.6944342572692,32424046,1.3808620248827896,0.013714149928650412,1.0139339731589843,799.4740774972098,796.8049011230469,793.829520670573,1.0116766608227414,1,0.6310899470306864,0.5573087260931706,3,9,3,0,0,25519850.57142857,1.2705421573393225,0
2024-09-13,808.4938354492188,812.4005643686717,804.1746683722245,812.4005643686717,23860532,-0.03899926732994219,-0.0003900687402197061,1.0102289916854728,801.1483764648438,797.7061811174665,794.268721516927,1.0091686623853469,1,0.6405705740775918,0.5174703312531286,4,9,3,0,1,25402391.714285713,0.9393025770318073,1
2024-09-16,810.9202880859375,814.2446744093743,807.5717313009576,809.0033572167779,15172820,0.3001201159895661,0.0029967065462754745,1.008262972624942,802.9162684849331,798.8570425851004,794.4596048990885,1.0099686852977927,1,0.6414826734880279,0.5144803306260128,0,9,3,1,0,24301892.0,0.6243472730435967,0
2024-09-17,809.876953125,814.3417351276187,807.6202731787942,814.3417351276187,20127122,-0.12866060650673639,-0.001287434453266453,1.0083225522835984,805.1244158063616,799.9559108189175,795.3177856445312,1.00590286075709,1,0.5809772991857597,0.5174737603994011,1,9,3,0,0,23458680.57142857,0.8579818433826908,1
2024-09-18,822.4949340820312,824.4846727250206,810.9931700877765,811.3571488361771,40917342,1.5580121039799222,0.015459997044964851,1.0166357783700988,808.4730311802456,801.9058009556362,796.8319396972656,1.0173436866302341,1,0.7567932622288849,0.6409093566980756,2,9,3,0,0,25905027.42857143,1.5795135563095772,1
2024-09-19,829.1435546875,834.2392569551141,824.6059649927001,824.6301946967953,30651776,0.8083479095088997,0.008050982782662967,1.011682297207854,812.5045253208706,804.3877868652344,798.2069702148438,1.020478691315668,1,0.7648129303580966,0.649372339578218,3,9,3,0,0,26482903.14285714,1.15741751705448,1
2024-09-20,845.0130004882812,846.8328941482245,828.6825354394553,833.0259912779876,60623386,1.9139563602785792,0.018958706199615753,1.0219026683109038,819.250261579241,808.3482273646763,799.8003885904948,1.031446726497686,1,0.8127940629464763,0.7214748312523103,4,9,3,0,1,31968146.285714287,1.8963685118987013,1
2024-09-23,854.0396728515625,857.2183847223622,844.551937403139,848.7983557064159,26965350,1.0682288151857122,0.010625635607197651,1.0149978311081382,825.7117483956473,812.5929129464286,801.5733683268229,1.0343072803686713,1,0.7854600438621405,0.737312621635293,0,9,3,1,0,31188332.57142857,0.8645973598698502,1
2024-09-24,858.04345703125,864.6435926298055,851.3462248960326,856.5632532087773,33039036,0.46880540880720467,0.004677099386651962,1.015619224405907,832.790265764509,816.9693211146763,803.3196594238282,1.0303235908305897,1,0.7173889692701846,0.7341047787582097,1,9,3,0,0,32499547.42857143,1.016599879509531,1
2024-09-25,863.4060668945312,867.7252930088929,854.2095613390953,854.2095613390953,31965312,0.6249811497701208,0.006230362419141467,1.0158225010366422,840.2882341657366,821.6022513253348,806.1651631673177,1.0275117891561896,1,0.6852576834427822,0.7288627007452788,2,9,3,0,0,34898474.85714286,0.91595154604464,1
2024-09-26,865.51708984375,867.7252510639614,858.0434410028155,860.4699657541129,31899644,0.24449943429418752,0.00244201020741325,1.0112835896161978,848.2368251255581,826.6806204659598,809.0066223144531,1.020371981274963,1,0.6010624892009656,0.6680915457147029,3,9,3,0,0,36580263.71428572,0.8720452167637657,0
2024-09-27,850.56982421875,862.9693314840181,849.2837541142532,862.3869891777302,35613502,-1.7269752152090256,-0.017420613739532152,1.0161142578125,852.2475237165179,830.3602774483817,810.9567423502605,0.998031441041387,1,1.1148356509442658,0.9161181983681692,4,9,3,0,1,35822572.28571428,0.9941637277176307,0
2024-09-30,840.572509765625,849.987378933711,836.8599148404105,848.7013681367213,26383534,-1.1753666975321542,-0.011823287386799131,1.0156865729383202,853.8802315848214,833.192378452846,812.5825154622396,0.9844150018621499,1,1.2616875792261233,1.0140188239932248,0,9,3,1,0,35212823.428571425,0.7492592593013315,0
2024-10-01,837.7333984375,845.4012405036974,834.7730500291224,836.6657512217993,24572284,-0.33775924089126663,-0.0033833093507825334,1.012731832291668,852.8402884347098,836.0452750069754,814.0141642252604,0.98228637858451,1,1.0157113842785284,1.0111293616025776,1,10,4,0,0,30062666.0,0.8173687589783288,0
2024-10-03,816.282958984375,837.7091852435565,812.0850591484665,832.613483062025,48473398,-2.560532920513059,-0.02593885125854874,1.0315535002231895,847.4464721679688,836.5791102818081,814.9233011881511,0.9632265704005232,1,1.2151714745113174,1.228623305501804,3,10,4,0,0,33135244.285714287,1.4628954469757298,0
2024-10-04,804.4658203125,820.4808848190723,802.2091402837622,812.6431974622866,48683232,-1.4476767574050475,-0.01458257841461808,1.0227767842795297,839.7925240652902,836.2913949148996,815.349560546875,0.9579340101984003,1,1.1378127866552936,1.2944021002613637,4,10,4,0,1,35370129.428571425,1.3763939455837688,0
2024-10-07,785.1264038085938,805.1209448670484,782.7969162571121,801.8208473760044,94458296,-2.4040072325749895,-0.024333751122744763,1.0285182889026658,828.6097150530134,834.448974609375,815.2322794596354,0.9475225664695017,0,1.0267484818055677,1.4357362964850633,0,10,4,1,0,44297698.571428575,2.1323522224905007,1
2024-10-08,801.2627563476562,804.0532597925816,787.1646239424159,791.0470635179641,29734406,2.055255365350872,0.020344199887412193,1.0214550239384248,819.4305245535714,833.8336748395648,815.4118408203125,0.977828787601227,0,1.5752450671932776,1.5598220664129006,1,10,4,0,0,43988378.85714286,0.6759604871224235,0
2024-10-09,792.5758666992188,804.0290527657074,790.4162239204929,800.510591541895,41125642,-1.084149934540124,-0.010900696646566989,1.0172223550494628,811.1456734793527,831.6965985979352,815.3374287923177,0.9771066931782055,0,1.5501396427123713,1.507298909550791,2,10,4,0,0,44775827.428571425,0.9184786605139932,1
2024-10-10,806.7709350585938,808.2510795642027,792.2603056670246,795.4147877416559,21754766,1.791004363846227,0.017751548446303687,1.020183737318147,806.316877092634,830.0985543387277,815.7467000325521,1.0005631259605987,0,1.8655076584184975,1.581608993893052,3,10,4,0,0,44114574.85714286,0.4931423700772117,0
2024-10-11,801.2385864257812,807.7659152352597,797.4774725282647,807.7659152352597,23672594,-0.685739705336641,-0.006881017043573453,1.0129012330271567,801.1033325195312,826.9718104771206,815.9481038411458,1.0001688345320254,0,1.8629316660848934,1.464693054079937,4,10,4,0,1,43986047.71428572,0.5381841567982397,1
2024-10-14,819.2433471679688,821.1603374358971,802.6944587482099,803.689357680797,18527508,2.247116033503116,0.02222240348573555,1.0230048662806075,801.5262451171875,824.4863586425781,816.776357014974,1.0221042070159423,0,1.9135543238034258,1.5828158848226765,0,10,4,1,0,39708063.428571425,0.46659308967127244,0
2024-10-15,817.3021240234375,824.0478752509669,813.1285129464045,822.1066552857113,19651130,-0.23695317773917424,-0.0023723435604314667,1.0134288272157566,803.3600027901786,821.5762634277344,817.7008666992188,1.0173547614828173,0,1.8054503625400706,1.5681304954455653,1,10,4,0,0,35560620.28571428,0.5526093145201525,1
2024-10-16,824.9214477539062,828.8766360391955,815.3609038822862,815.3609038822862,20470682,0.9322530196006484,0.009279343609396268,1.0165763799718077,809.0450090680804,818.8273620605469,818.711112467448,1.019623677926292,0,1.3816565034574504,1.5846701042532876,2,10,4,0,0,24990961.14285714,0.8191234375893895,0
2024-10-17,811.988037109375,823.8780090897097,808.1298269832027,822.5676501021808,14695732,-1.5678354199355926,-0.015802559528480597,1.019487193246283,810.5771920340402,815.0038582938058,819.2182556152344,1.0017405437621487,0,1.4724082772376446,1.6094123550610273,3,10,4,0,0,22842579.14285714,0.6433481923426035,1
2024-10-18,816.210205078125,820.6507576909523,802.7429912839654,807.1107362982874,24809724,0.5199790853792186,0.005186318623004824,1.0223082189460715,813.9535260881696,812.5495997837612,819.8070943196615,1.002772491202048,1,1.3598793508506166,1.583341407980111,4,10,4,0,1,20511733.714285713,1.2095381280579363,1
2024-10-21,838.9466552734375,848.3858722296796,830.3810701774502,832.2980010606213,46548354,2.785612095248946,0.02747519707468778,1.0216825776729013,818.5500575474331,812.4334673200335,821.291318766276,1.0249179601637528,1,1.5627847795899439,1.7559943702950283,0,10,4,1,0,24053674.85714286,1.9351867968805287,0
2024-10-22,832.0796508789062,844.4306385333365,830.2111793718472,839.6018778313584,38875280,-0.8185269410595719,-0.00821895265848769,1.0171275207017183,822.9559238978794,812.0296282087054,822.3921529134115,1.0110865317522875,1,1.5812733099691128,1.7677790743151975,1,10,4,0,0,26225487.14285714,1.4823472978113277,1
2024-10-23,842.3924560546875,847.5851959404977,827.4693270680456,827.4693270680456,38036090,1.2394011997394871,0.01231783501052919,1.0243101081990897,826.262939453125,813.8945922851562,823.7744649251302,1.019521045700341,1,1.440827638755312,1.6368677959753222,2,10,4,0,0,29012427.42857143,1.3110274930853276,1
2024-10-24,849.1138305664062,858.3346247570413,843.5085346118838,843.5085346118838,30832258,0.7978911092340502,0.007947247894942014,1.017576692513229,830.8074689592634,817.083735874721,825.4851643880208,1.0220344210796215,1,1.4165440433759862,1.5675843517751324,3,10,4,0,0,30609731.42857143,1.0072697982322334,0
2024-10-25,846.0806884765625,853.0933215296461,838.9466699408074,851.7102142266036,26130478,-0.3572126587339297,-0.00357852186588921,1.0168623967359414,833.8302176339286,821.4376133510044,826.7275451660156,1.0146918048585427,1,1.4429860847913127,1.3690320801543692,4,10,4,0,1,31418273.714285713,0.8316968092399876,0
2024-10-28,841.6158447265625,849.7689918168825,839.043763962605,845.4012471416386,22012142,-0.5277089775018173,-0.005291062792856625,1.0127826798969637,838.062761579241,824.3199768066406,827.831612141927,1.0042396384975107,1,1.2507737737003126,1.3229955730093108,0,10,4,1,0,32463475.14285714,0.6780587076132322,1
2024-10-29,850.1815185546875,856.0779859182065,837.1996103215174,837.7092042477628,35794926,1.017765276378313,0.010126209211190737,1.0225494318964614,842.9158063616071,828.4346662248884,829.1403198242188,1.0086197365599803,1,1.2648492736128827,1.2645187082483513,1,10,4,0,0,34032789.71428572,1.0517776033204413,0
2024-10-30,841.8099975585938,851.5889046504595,836.7628139716957,845.4012662208864,32715724,-0.9846745445990623,-0.009895545254376937,1.0177183909600283,843.3248552594866,830.9374564034598,830.2047546386718,0.998203707988155,1,0.93407755388904,1.2657832088108816,2,10,4,0,0,32056699.714285713,1.0205580827592369,1
2024-10-31,842.3438110351562,843.8968224808245,834.4333755848933,838.6069864702176,22895912,0.06341258456310506,0.0006339248727938939,1.0113411653618216,844.7911638532366,833.8735438755581,830.8663838704427,0.9971030085034063,1,0.8529812578034797,1.2358623908700859,3,10,4,0,0,29773932.85714286,0.7689918597538317,1
2024-11-01,843.120361328125,846.4203996311912,837.6849100339031,841.0335262277963,1759692,0.09218923232954257,0.0009214676415547327,1.010428132932387,844.8951503208706,835.5790448869977,831.3322774251302,0.9978993973488053,1,0.7140473309864382,1.1113455852705585,4,11,4,0,1,24591590.285714287,0.07155665735949732,0
2024-11-04,831.8612060546875,846.8571409139798,830.3082539054162,846.8571409139798,28089248,-1.3354149407211025,-0.013444117926866709,1.0199310158976798,842.4304896763393,836.6189793178013,830.8938842773438,0.9874538211150067,1,0.77649929350627,1.1819461472138304,0,11,4,1,0,24199731.714285713,1.1607255952931994,1
2024-11-05,853.0933227539062,855.447039991069,823.999313734677,826.4743572133567,44232406,2.5523628875443682,0.025203339586590403,1.0381647481159408,843.4322945731027,838.6312561035156,830.8623392740885,1.0114544205183575,1,1.321880425655592,1.3355814913848438,1,11,4,0,0,26785721.42857143,1.6513427169752755,0
2024-11-06,851.8316040039062,859.7178102794018,847.0270726401069,859.7178102794018,27787910,-0.14789926451739266,-0.0014800874343861086,1.0149826824303727,844.8916887555804,841.4772251674107,830.6552775065104,1.0082139703120379,1,1.298186306677285,1.2373517743544207,2,11,4,0,0,27610831.14285714,1.006413383799519,0
2024-11-07,847.6094360351562,854.5977803501312,843.4600547619757,846.5174998307751,18895456,-0.4956575864178192,-0.00496890042828422,1.0132048050471087,844.5242483956473,843.7200273786273,830.1287231445312,1.0036531664370443,1,1.2608333860597558,1.256235728645994,3,11,4,0,0,25196621.14285714,0.749920233068892,1
2024-11-08,851.4432983398438,855.0103373353861,847.2696873607207,850.2543248355499,19902986,0.45231472677098594,0.004512948578990525,1.0091359930493653,845.9004342215402,844.6126447405134,829.6595967610677,1.0065526200177501,1,1.1960485804098357,1.0327547251810285,4,11,4,0,1,23366230.0,0.851784220218666,1
2024-11-11,857.1942138671875,865.2017460745226,849.8660612419557,851.4918803256005,24565362,0.6754314161092179,0.00673160597599576,1.018044825569521,848.0219203404018,846.4065420968192,829.8804097493489,1.0108161042854928,1,1.2093595873401393,1.006209157435383,0,11,4,1,0,23604722.85714286,1.0406969041183405,0
2024-11-12,833.8509521484375,861.4162973605047,829.2163253609564,859.9603824917264,31395406,-2.7232173690765027,-0.02760984160125995,1.038831811452255,846.6977190290179,845.7964346749442,829.6563578287761,0.9848272097681887,1,1.6579562549128122,1.2292053389562578,1,11,4,0,0,27838396.285714287,1.127773513882732,0
2024-11-13,815.9674682617188,839.2863948751228,811.9151837654287,833.1472753910937,35728500,-2.1446859106704297,-0.02168018509404278,1.0337119093927452,844.4271850585938,843.4288373674665,828.9308268229166,0.9662970149464098,1,1.778546816495849,1.3185057132415567,2,11,4,0,0,28929718.0,1.2350103101592624,1
2024-11-14,821.5,827.3721783747438,811.4784403744485,811.9637453515568,27146470,0.6780333718533482,0.006757450634263897,1.019586149439733,839.9138532366071,841.673073904855,829.1047281901042,0.9780764977674206,0,1.380938236318098,1.3424096651703603,3,11,4,0,0,26488870.0,1.0248255210584671,1
2024-11-18,827.4934692382812,834.190701332557,822.5919010273279,825.0184258091194,27081968,0.7295762919392823,0.007269277583575151,1.0141003093888274,836.4369768415179,840.6643327985491,829.8723164876302,0.9893076133039833,0,1.4589606044825796,1.3608713082365769,0,11,4,1,0,26388021.14285714,1.0262977982845334,1
2024-11-19,845.5225830078125,851.1035901563789,826.3287477699067,831.8127176211167,50981272,2.178762061545614,0.021553662569547556,1.0299818231585607,836.1388549804688,840.3315516880581,831.8855224609375,1.011222691029665,0,1.7517621166433601,1.4663132647684392,1,11,4,0,0,30971709.14285714,1.646059368724169,0
2024-11-21,845.0130004882812,853.6514527573436,841.6158656563873,848.9925368361551,35716512,-0.06026835116792473,-0.0006028651983902632,1.014300570595315,835.2202410016741,840.5603376116071,833.3438639322917,1.0117247631293786,0,1.739301106100219,1.4405675636798514,3,11,4,0,0,33230784.285714287,1.0748019575136634,1
2024-11-22,847.1483764648438,851.370565411524,839.3592669406547,846.1535367827626,24773612,0.2527033282716973,0.002523845703061571,1.0143100802528204,833.7851213727679,840.9035208565848,835.1629475911458,1.0160272170245426,0,1.715257480404039,1.441724594606435,4,11,4,0,1,33260534.285714287,0.7448350584867334,1
2024-11-25,866.560546875,875.2718066744363,856.5147576427843,866.293664684976,427737274,2.2914723027816386,0.0226561237957724,1.0218992712784931,838.4579206194196,842.5778198242188,837.1559346516927,1.0335170383205627,0,1.4975290993942392,1.5614837045908891,0,11,4,1,0,89880801.14285715,4.758939268021782,0
2024-11-26,866.5363159179688,878.4019987795361,858.8927626136716,878.4019987795361,30935566,-0.00279622204341079,-2.796261138428161e-05,1.022714402792843,845.6820417131696,845.0546133858817,839.3325256347656,1.0246597103594075,1,0.9830366934994683,1.4995917575115818,1,11,4,0,0,89196096.28571428,0.3468264564057459,1
2024-11-27,879.5181884765625,881.9689429401197,866.3421471774458,868.6473457001546,32714976,1.4981336985099514,0.014870225117905388,1.0180376723140925,853.9703543526786,846.9421037946429,841.3416870117187,1.0299165351509767,1,1.0054073021881456,1.4011677113162422,2,11,4,0,0,89991597.14285715,0.36353367468372205,0
2024-11-28,870.224609375,891.0684339141281,867.725276958314,882.7697308653094,35722392,-1.056667073327977,-0.010622894413956063,1.0269015523411282,860.0748029436384,848.2558898925781,843.1057698567708,1.011801074042192,1,1.272047669539253,1.4403869893547896,3,11,4,0,0,91225943.42857143,0.391581502557659,1
2024-11-29,871.6320190429688,875.7813410106078,865.2502468100779,874.1798701470966,27669536,0.16172947223125345,0.0016159883095830572,1.0121711542289122,863.8047223772321,849.9717886788504,844.6627888997396,1.0090614191645022,1,1.1065304437255445,1.4279470680614408,4,11,4,0,1,87895695.42857143,0.3147996709632463,1
2024-12-02,875.8298950195312,877.5042327860683,861.4163604593637,875.2475527258944,15110876,0.4816110336528956,0.004804549979586581,1.0186760700924296,868.2071358816964,851.7136884416852,846.7908508300782,1.0087798853784975,1,1.0843820311813412,1.4283519623682361,0,12,4,1,0,84952033.14285715,0.17787538968713354,1
2024-12-03,886.3124389648438,891.6993119709169,881.3622930133588,884.5652937811867,43410242,1.1968698493762586,0.011897640044789074,1.0117284560951842,873.802001953125,853.7935616629464,849.1275919596354,1.014317244620355,1,1.1044144681170913,1.4480450855366016,1,12,4,0,0,87614408.85714285,0.4954692106726568,1
2024-12-04,902.7157592773438,905.0937654692016,888.6662041479593,891.9905313310416,44669084,1.8507379103985144,0.018338201728664752,1.0184856375144735,878.9670322963169,858.7124764578683,851.2532287597656,1.027018905269954,1,1.00337277142533,1.2247158304183081,2,12,4,0,0,32890381.714285713,1.3581199630954204,1
2024-12-05,905.457763671875,912.349070670313,890.6316728815866,902.6672600453907,39682714,0.3037505844282862,0.0030329019439658627,1.024384263944332,884.5272391183036,865.1046404157366,853.6991658528646,1.0236629508147594,1,0.9795987151073103,0.950543736717724,3,12,4,0,0,34139974.28571428,1.1623533652339348,0
2024-12-06,900.6531982421875,904.7054828102569,894.9023463139778,901.2113107944992,17783156,-0.5306228100804722,-0.005320356128989224,1.0109544203752032,887.5465262276786,870.7584402901786,855.641190592448,1.0147673069830108,1,0.9813476047636717,1.0105989557530644,4,12,4,0,1,32006857.14285714,0.555604566878526,1
2024-12-09,907.520263671875,912.3733132102273,897.3288596413352,899.5855395249345,26947912,0.7624538993577179,0.007595619103674054,1.0167658193618172,892.8744768415179,876.4746398925781,857.5880716959635,1.016402962801855,1,0.7658392255714013,1.0108014218072796,0,12,4,1,0,30753360.0,0.876259114451234,0
2024-12-10,906.5982055664062,911.2571214453396,901.9635786325839,911.2571214453396,13325480,-0.10160193026853559,-0.0010165358001743199,1.0103036785884916,897.869646344866,880.8371843610491,859.605322265625,1.0097214102927672,1,0.7970061033980956,0.9287272148485803,1,12,4,0,0,28704209.14285714,0.4642343544001093,0
2024-12-11,904.1716918945312,908.4423993938311,901.0900171351183,903.492253077643,14045426,-0.2676503942955599,-0.002680092183691009,1.00815943148731,901.918474469866,885.0628051757812,861.690517171224,1.0024982495518673,1,0.8582172876044286,0.9399945609675151,2,12,4,0,0,28552002.0,0.49192438414651274,0
2024-12-12,902.3032836914062,906.8651623497835,897.183292457994,898.299517608064,17293790,-0.2066430767380112,-0.0020685687813179147,1.0107914068097104,904.202880859375,889.00244140625,863.427909342448,0.9978991471845751,1,0.8202458085019326,0.9567289330093868,3,12,4,0,0,24821080.285714287,0.6967380066029357,1
2024-12-13,908.3695678710938,909.9468090067054,887.7441068669418,903.8804969466607,19009002,0.6723109944662742,0.006700610628287013,1.025010250102501,905.0105678013393,891.9888000488281,865.646561686198,1.0037115589466705,1,0.4957761549840103,0.8033160404424834,4,12,4,0,1,21155354.285714287,0.898543306969637,0
2024-12-16,905.1907958984375,907.4959944793276,900.3620351992098,905.1422772502634,13107082,-0.349942587806662,-0.0035055631910357677,1.0079234341311818,904.972429547991,894.7498343331473,867.7414611816406,1.000241296136011,1,0.5102209007892905,0.819901511605134,0,12,4,1,0,17358835.42857143,0.7550668968510791,0
2024-12-17,889.6853637695312,903.8077269850552,886.4095551207139,900.8958970749953,21079532,-1.712946287032946,-0.017277869309359768,1.0196276898910144,903.4055960518973,895.4760611397879,869.2936279296875,0.9848127658912821,1,0.8172667045647098,0.9079736093257723,1,12,4,0,0,17829746.285714287,1.1822676364660072,0
2024-12-18,878.74169921875,891.0199388482123,877.0189020931173,888.0353013877913,23422312,-1.2300600860076782,-0.01237687941093236,1.01596435005184,899.2943725585938,896.0844247000558,870.8563110351563,0.9771457778820865,1,0.7838650357055781,0.9257667282810549,2,12,4,0,0,17326089.14285714,1.3518522158623483,0
2024-12-19,870.3944702148438,874.0827761662058,863.3575480971324,873.3548187057529,25380770,-0.9499070103680562,-0.009544474028909587,1.0124226956638211,894.1224103655134,895.9960283551898,871.4330159505208,0.9734623135763147,0,0.7853991204250598,0.96448636604967,3,12,4,0,0,19048273.42857143,1.3324446488640882,0
2024-12-20,859.7177734375,872.3599918831414,857.5581899695972,864.9105130352275,25692348,-1.2266503456425215,-0.012342357961249651,1.0172604052840648,887.7718505859375,894.8451625279018,871.695888264974,0.9683994518074418,0,0.8056546346450555,1.0052707353840524,4,12,4,0,1,20712119.42857143,1.2404499736786265,1
2024-12-23,874.0342407226562,876.4607655442072,864.4737566222769,864.8134464007626,11044592,1.66525198471974,0.016515386950001383,1.0138662496462203,883.733415876116,893.9681483677456,872.5767150878906,0.9890247726529111,0,1.211091633983614,1.0591020243120037,0,12,4,1,0,19819376.85714286,0.5572623236143549,0
2024-12-24,872.6268920898438,877.7711131439431,868.4775699633949,874.5438823482602,14485834,-0.16101756284158109,-0.001611473354424592,1.010700959359192,878.6273193359375,891.8189435686384,873.2828348795573,0.993170679861595,0,1.1202291822608257,0.8993108067659347,1,12,4,0,0,19173210.0,0.7555247139107119,0
2024-12-26,869.0598754882812,879.3726061062491,864.2068257857081,872.8452779528201,10481678,-0.4087676685072039,-0.0040960540725741845,1.0175487856240348,873.4657592773438,889.2190944126675,873.6783569335937,0.9949558597549288,0,1.118553559491611,0.8863561618374797,3,12,4,0,0,18798152.285714287,0.5575908653514624,1
2024-12-27,872.69970703125,876.4365317952429,868.2591544798911,871.0254284954694,7259330,0.4188240241702168,0.004179493976011261,1.0094181296830096,871.0392368861607,887.222416469029,874.9733154296875,1.0019063092393234,0,1.0448269745146004,0.9026188450318341,4,12,4,0,1,16823837.714285713,0.43149072900506213,0
2024-12-30,862.82373046875,880.8285332674382,859.4751142791366,869.7635560951499,22222218,-1.1316580586575586,-0.01138110030824579,1.0248447204968945,868.7652413504464,884.02980695452,876.5351908365885,0.9931609707675911,0,1.0303237205968154,0.8856371201993003,0,12,4,1,0,16652395.714285715,1.334475734379532,0
2024-12-31,860.3729248046875,864.7164399349241,856.8544636879918,859.1354326463724,14117236,-0.2840447680699576,-0.0028444894075698216,1.0091753927651768,867.3335920061384,880.7280011858259,877.8309549967448,0.9919746366731272,0,0.9853686795879566,0.882936697174553,1,12,4,0,0,15043319.42857143,0.938438890899801,1
2025-01-01,865.1773681640625,870.637048653108,854.6705045302124,860.6640085965884,7313806,0.5584140575397134,0.0055686070631284215,1.018681519998952,868.1135341099331,877.9426923479352,879.0870849609375,0.9966177627343629,0,0.8900363784692064,0.9172031733115947,2,1,1,0,0,12417813.42857143,0.5889769597578336,1
2025-01-02,870.5158081054688,875.2232427161829,860.4457297678027,862.4354683380634,18558576,0.6170341640737265,0.006151383030189,1.017174253340031,867.6109008789062,875.6721583775112,879.9201924641927,1.0033481681980019,0,0.6325155832125299,0.9502006026403294,3,1,1,0,0,13491239.714285715,1.375601975283898,0
2025-01-03,848.8953857421875,871.2437021466147,847.4880487953375,869.1811561312279,24426194,-2.4836335149771127,-0.025149960686585576,1.02803066472152,864.220685686384,871.4240025111607,880.0496053059895,0.9822669137663319,0,1.118980391341325,1.0796740134496172,4,1,1,0,1,14911291.142857144,1.638100535090197,0
2025-01-06,830.1141967773438,852.777916424571,827.8332869896011,844.4792128300473,18816348,-2.212426793723632,-0.02237268035105606,1.0301324310425841,858.6570172991071,866.0613882882254,879.4817993164063,0.9667587640388191,0,1.3151160275052631,1.1734741904753796,0,1,1,1,0,16101958.285714285,1.1685751301873593,1
2025-01-07,831.521484375,835.2097900189746,825.018386421997,832.2979604198381,13527906,0.16952939765633168,0.0016938585877715009,1.0123529411764705,852.7744140625,861.9068254743304,878.3138305664063,0.975077899457309,0,1.2845142987836755,1.1448890403744845,1,1,1,0,0,16997469.14285714,0.7958776619215009,0
2025-01-08,822.2522583007812,830.6722879270967,816.9381331798057,829.022239132803,19738190,-1.1147307975073906,-0.01120990483835171,1.0168117439858424,846.9784894670759,857.8718654087612,876.8376953125,0.9708065417554435,0,1.283540003990488,1.1394452671980024,2,1,1,0,0,16642608.0,1.1860034196563423,0
2025-01-09,809.3916625976562,819.6801043914131,804.6841687860751,817.3263871062876,40420222,-1.5640693684079388,-0.015764299885402684,1.0186358029485785,839.6954520089286,853.5145220075335,874.5001444498698,0.9639109758915901,0,1.3088984341930243,1.170840389620186,3,1,1,0,0,20400177.42857143,1.981366198481663,0
2025-01-10,804.0289916992188,812.8372885629307,802.6944030605147,810.9445873725031,17453280,-0.6625557373826418,-0.006647603813005651,1.0126360486179338,830.9599696568081,849.5367518833706,872.293623860677,0.9675905230805378,0,1.161174843024246,1.1539122990077686,4,1,1,0,1,21848673.714285713,0.7988256050795526,0
2025-01-13,791.4596557617188,799.1760171914914,788.2809435229427,795.9002084068898,21669066,-1.5632938696571452,-0.01575642170828724,1.0138213079461962,819.6662336077009,843.6385672433036,869.6212117513021,0.9655877274316487,0,0.9089439932405123,1.0074622593577256,0,1,1,1,0,22293029.42857143,0.9720108282918365,1
2025-01-14,799.1031494140625,803.7620652641559,794.4442335639691,795.8516298211142,26661432,0.9657464656221082,0.009611129426136497,1.0117287423163561,812.5530569893973,838.3868713378906,867.0636535644531,0.983447348502794,0,1.1042598330434257,1.0951596806968318,1,1,1,0,0,22612349.14285714,1.179065113118594,0
2025-01-15,797.3803100585938,806.9165047926833,794.1045016943054,803.9076378434971,14022892,-0.21559661687380327,-0.002158293609656037,1.0161339006025556,807.8767874581473,833.2669023786273,864.0992492675781,0.9870073288866499,0,0.9408439392342789,1.0992501104671735,2,1,1,0,0,21927569.714285713,0.6395096302379625,1
2025-01-16,801.7481079101562,805.873200199019,797.2832665938832,802.1363163454865,21212454,0.5477684608542033,0.005462736656141009,1.0107740046292872,803.6234479631696,828.1989310128348,860.7336608886719,0.997666394556099,0,0.9993869084253032,1.1090061490540115,3,1,1,0,0,23025362.285714287,0.9212647226472056,0
2025-01-17,794.3229370117188,800.9958805790999,790.31917087129,797.5987456720695,23112076,-0.9261226593714089,-0.009304378385043211,1.013509364445809,799.633544921875,823.3060171944754,857.0291666666667,0.9933586979387226,0,0.9829378932339087,1.1027424175995668,4,1,1,0,1,23507346.0,0.9831852562173543,1
2025-01-20,801.3598022460938,806.0672365854673,789.1058522041777,789.1058522041777,17557618,0.8858947547011553,0.008819937295087222,1.0214944349150523,798.4861363002232,819.0907941545759,853.7193868001302,1.0035988927236554,0,0.9721689104459798,1.169485085494439,0,1,1,1,0,20241259.714285713,0.8674172580083208,0
2025-01-21,797.0648803710938,806.115829748555,792.5272908307279,804.756952160241,31158144,-0.5359542446429111,-0.005373956318286544,1.0171458309070764,797.4912632533482,814.2256164550781,850.0375406901042,0.9994653447606248,0,0.9619140293148933,1.129188012679364,1,1,1,0,0,22199097.42857143,1.403577064349373,1
2025-01-22,808.5423583984375,811.3813805875693,788.8389294808721,797.0648841596673,30619306,1.4399678507978075,0.014296987772519152,1.0285767477544905,799.9316493443081,809.7989414760044,846.7690124511719,1.0107643060018785,0,0.8770118932368047,1.2143885885919563,2,1,1,0,0,23477703.14285714,1.3041866069132755,0
2025-01-23,807.9843139648438,818.70954271768,801.3598888041311,818.70954271768,34909158,-0.0690185774186447,-0.0006904240620361228,1.021650264950795,801.2003871372768,806.8767220633371,843.5627665201823,1.0084672036315487,0,0.8339799621883365,1.077713334322183,3,1,1,0,0,24655949.714285713,1.4158512815174,0
2025-01-24,800.6561889648438,810.6049411699597,798.0840488445496,805.6062761215885,24236200,-0.906963770625735,-0.009111017258705644,1.0156886888586956,801.6683698381696,804.7725786481585,840.1745300292969,0.9987374069984448,0,0.9222762541973571,0.9531520362893503,4,1,1,0,1,26114993.714285713,0.9280568957878801,0
2025-01-27,790.9500732421875,797.6472463633178,789.1058906376462,796.433983923838,22804166,-1.212270117490144,-0.012196780419241025,1.0108240932262837,800.1257934570312,801.8746207101004,836.260546875,0.9885321529566007,0,1.004125739067986,0.9772137964847533,0,1,1,1,0,26342381.14285714,0.8656835491192282,1
2025-01-28,810.6533813476562,817.3991318429769,799.2972339352833,799.2972339352833,30179312,2.4910937835434854,0.024605718898575088,1.022647267048042,802.4587140764509,801.0461294991629,833.1092997233073,1.0102119487612975,1,1.3553843541348491,1.2085804674246863,1,1,1,0,0,27351986.285714287,1.1033682045885786,1
2025-01-29,814.0020141601562,815.8704263644069,809.9011517987993,812.8857890816031,12619890,0.41307825138940935,0.004122274254271122,1.0073703742146183,804.2647443498884,801.3754403250558,830.5865214029948,1.0121070454457615,1,1.3328539911719661,1.137071723364941,2,1,1,0,0,26646596.57142857,0.47360232163876026,1
2025-01-30,820.8933715820312,823.9993352943973,811.696865930955,815.7976693049923,25744846,0.8466020110509342,0.00843038434970588,1.0151564825242145,807.6688145228794,802.5800388881138,828.6582438151041,1.0163737373801711,1,1.3022749946659125,1.1362106734387232,3,1,1,0,0,25873268.285714287,0.9950364876869772,1
2025-01-31,824.4118041992188,827.2993450265934,817.2292670650723,818.830797136207,15821686,0.42861018726545463,0.004276942700127697,1.0123222189504861,809.9358782087054,804.9337637765067,827.12548828125,1.0178729284379018,1,1.2252344657070577,1.0237252616511514,4,1,1,0,1,23759322.57142857,0.665914861521605,0
2025-02-01,820.6264038085938,831.3274019434516,813.3954072501344,823.8051750140157,5587528,-0.4591637785077429,-0.004602211734096874,1.0220458519109916,811.7418910435268,806.4711390904018,825.8224426269531,1.0109449972498592,1,1.252562147876548,1.0229165910326734,5,2,1,0,0,19570518.285714287,0.2855074106074481,0
2025-02-03,814.3417358398438,818.6124432523412,807.2805248629369,810.4592960980566,20276540,-0.7658378940261223,-0.007687854912807175,1.014037150705857,813.6969691685268,807.6826695033482,823.8326924641927,1.0007923916344137,1,1.232206443866692,1.0501094919404244,0,2,1,1,0,19004852.57142857,1.0669138276022858,1
2025-02-04,835.161376953125,837.5393832746403,815.3366797744094,819.5345205841194,28616502,2.556622139943454,0.02524487118891516,1.0272313316093837,820.0128696986607,810.069331577846,822.5838419596354,1.0184734993976754,1,1.3084049059087872,1.229714050449146,1,2,1,0,0,19835186.285714287,1.4427140530870737,1
2025-02-05,843.363037109375,846.4689416589049,834.1907609306318,841.0335494558958,23675506,0.9820449535359987,0.00977254231245471,1.0147186726385886,824.6856776646206,813.5721958705357,821.7272806803386,1.0226478523279872,1,1.0863695886759546,1.188533543877888,2,2,1,0,0,18906071.14285714,1.2522700153355124,1
2025-02-06,846.299072265625,848.7984047453597,836.6657803207547,842.2467875560731,26760716,0.3481341992783049,0.00347529614944997,1.0145011600928076,829.299543108259,816.7821437290737,820.8472595214844,1.0204986597407866,1,1.0882258199458592,1.1815212069827605,3,2,1,0,0,20926189.14285714,1.2788145905263593,0
2025-02-07,840.9121704101562,857.5338653093327,837.1510569658171,849.2836809798144,23509600,-0.6365246083807619,-0.006385590640685171,1.0243478260869565,832.1593715122768,819.9140930175781,820.116874186198,1.0105181762022015,1,1.16532642117073,1.187917783745398,4,2,1,0,1,20606868.285714287,1.1408623413339343,0
2025-02-10,832.6619873046875,836.3988118099606,829.1435263354559,833.4142336911924,17195950,-0.9810992628926596,-0.009859437539306353,1.00875033723844,833.3379690987723,821.6369236537388,819.1931762695312,0.999188826359591,1,1.2669666730287612,1.1994382055122554,0,2,1,1,0,20803191.714285713,0.8266015251972806,0
2025-02-11,825.6979370117188,830.3568531530897,819.5345279806279,826.4744131617251,22724704,-0.8363598193681487,-0.008398769323142171,1.013205453587329,834.0624738420759,822.9021824428013,817.8771952311198,0.9899713305745238,1,1.3046135789059783,1.2306309577842018,1,2,1,0,0,23251359.714285713,0.9773494659771603,1
2025-02-12,828.3185424804688,830.8421046157138,815.8946879155817,821.6213102303759,22809570,0.3173806486951092,0.0031687805944750733,1.0183202770180049,836.0591605050223,824.8780648367746,816.4706197102864,0.9907415427158554,1,1.2484840748713126,1.1917109840349398,2,2,1,0,0,23613221.14285714,0.9659660518996901,0
2025-02-13,823.9022216796875,831.9340426083429,821.8882534526111,824.5331418355402,12602434,-0.5331669610529555,-0.005345933684424658,1.012222816317828,834.4507097516741,827.2317897251675,815.6375142415365,0.9873587643359717,1,0.7395343828465681,1.1403507208325308,3,2,1,0,0,21325497.14285714,0.5909561646126086,0
2025-02-14,822.5191040039062,825.9405276867242,815.3123371576534,825.9405276867242,19959892,-0.16787400730168267,-0.0016801507361120396,1.0130357288178944,831.4730050223214,828.079341343471,815.3843444824219,0.9892312787494829,1,0.5348229932143023,0.9530253336205126,4,2,1,0,1,20794695.14285714,0.9598549948858524,1
2025-02-17,833.4384765625,834.7245465784594,815.918979031997,817.8359099627821,12938946,1.327552455066372,0.013188176981921183,1.0230483271375466,829.6357770647321,829.4676600864956,815.4482442220052,1.0045835770381335,1,0.8079834676331473,1.0054386270811468,0,2,1,1,0,18820156.57142857,0.6875046948144412,1
2025-02-18,836.2047119140625,840.329803960056,828.003046468469,831.3516624481879,16350910,0.3319063649391163,0.003313567715182815,1.0148873334997521,828.9632829938616,830.5613272530692,815.9133260091146,1.0087355243214728,0,0.8068329332578413,0.9881894831311547,1,2,1,0,0,17797486.57142857,0.918720176266302,1
2025-02-19,838.21875,843.4115489066289,831.0605014404679,833.268662828246,11884112,0.24085466838943415,0.002405650784337506,1.0148617909824291,829.7571062360491,831.5475376674107,816.8742289225261,1.0101977358197445,0,0.7044064987501261,0.9851909725861544,2,2,1,0,0,17038652.57142857,0.6974795659562886,0
2025-02-20,818.7579956054688,832.152400807599,817.8844822121968,830.3567961314325,26390510,-2.321679680218469,-0.02349055207692294,1.017444906836734,828.7656860351562,831.414079938616,817.3651957194011,0.9879245839948265,0,1.1285213728573231,1.176965919027346,3,2,1,0,0,17562339.14285714,1.50267625430371,1
2025-02-21,821.378662109375,822.5676355898997,813.9777613134116,815.7491363030065,15680940,0.3200782792928125,0.003195671192195752,1.0105529594108662,827.7742745535714,831.9167175292969,818.3624959309896,0.9922737240805827,0,1.1286940830411987,1.158957165520854,4,2,1,0,1,16543963.42857143,0.9478345420492778,0
2025-02-24,813.9049682617188,817.3506217636291,806.1400885993494,815.8461881773111,20693646,-0.9098962746929784,-0.00914061113907436,1.013906433041629,826.3460954938616,830.3984026227679,818.8558898925781,0.9849444109435678,0,1.1605107347864254,0.9349627051583748,0,2,1,1,0,17699850.85714286,1.1691423937422039,1
2025-02-25,816.4528198242188,819.1948048046805,810.9931388087847,810.9931388087847,24138708,0.3130404238644191,0.0031255147247414156,1.0101131139135686,825.4794834681919,828.4762442452567,819.491640218099,0.9890649448899101,0,1.1746979230501493,0.8868665151420712,1,2,1,0,0,18296824.57142857,1.3192840050340664,1
2025-02-27,825.358154296875,830.235493033587,816.5499163188684,816.5499163188684,35786800,1.0907347315639804,0.010848291244883904,1.016760245076523,824.3251517159598,826.980464390346,820.278641764323,1.0012531494141175,0,1.1292732355873347,0.9443027018069685,3,2,1,0,0,21560803.714285713,1.6598082554913505,1
2025-02-28,840.7423706054688,843.0960879421323,817.738902393146,817.738902393146,54516728,1.8639443044819348,0.018467857519384744,1.0310089020771513,824.973388671875,826.9683358328683,821.8259562174479,1.0191145340566443,0,1.3595112579720599,1.0773230520021988,4,2,1,0,1,27013063.42857143,2.0181616255466324,0
2025-03-03,825.770751953125,845.9109095874281,822.1551941342151,844.3336683269105,21205364,-1.7807617619606586,-0.01796808107761044,1.0288944418556274,823.1951032366071,826.4761047363281,822.6396545410156,1.0031288435832417,0,1.52554652702236,1.152166387433353,0,3,1,1,0,28344670.85714286,0.7481252510172031,1
2025-03-04,829.8715209960938,831.9583561196923,821.7426625301964,824.04786119963,19920958,0.4965989692986339,0.004953699836909949,1.0124317429960874,824.7827497209821,826.7742178780692,823.7332092285156,1.0061698323307964,0,1.2132990966249178,1.1374484749306826,1,3,1,0,0,27420449.14285714,0.7265000619141677,0
2025-03-05,820.1654052734375,830.2597724194886,819.316121569752,825.9647760106438,21583872,-1.1695925787411077,-0.011764861163298362,1.0133570554290685,824.6094273158482,826.1918509347098,824.1206441243489,0.994610755231266,0,1.3149303682382047,1.178447343251244,2,3,1,0,0,28263725.14285714,0.7636598463544964,1
2025-03-06,820.7477416992188,824.9699304836942,811.5512362127743,818.7094845214233,32966088,0.07100231514729494,0.0007097712042869719,1.0165346236591792,825.5869663783482,825.966530936105,824.5460917154948,0.9941384434636148,0,1.254380010150856,1.1709899190574613,3,3,1,0,0,30016931.14285714,1.098249779203183,0
2025-03-07,819.8013916015625,825.5765323887408,814.1475770525966,816.2829306934012,13372914,-0.11530340561120012,-0.0011536993113030387,1.0140379406120936,826.0653337751116,825.7724086216518,825.1842651367188,0.9924171346775649,1,1.2542069411662977,1.1705669408690629,4,3,1,0,1,28478960.57142857,0.4695717024664283,0
2025-03-10,818.9521484375,824.969941998729,816.7925649870414,819.6801059027778,15604050,-0.1035913298955804,-0.0010364502279772514,1.0100115713122553,825.1501900809152,824.7376708984375,826.1176676432292,0.9924885896920081,1,1.1698491178287649,1.104731409460113,0,3,1,1,0,25595710.57142857,0.6096353510661334,0
2025-03-11,817.9815673828125,822.1066598317914,810.4836289220838,816.4771337496867,19898430,-0.11851498973893815,-0.0011858527429020934,1.0143408583405513,821.8986467633929,823.436017717634,826.3619405110677,0.9952341089792449,0,0.7928579282106762,1.097107131982839,1,3,1,0,0,20650239.42857143,0.9635931858721583,1
2025-03-12,830.4296264648438,833.9966062113717,820.9176607269924,820.9176607269924,18784106,1.5218019058619747,0.015103386530244432,1.0159321039247673,822.5642002650669,822.8796517508371,826.9095275878906,1.0095620818377973,0,0.8088155661500775,1.1824534398953785,2,3,1,0,0,20304345.42857143,0.9251273854693088,0
2025-03-13,828.221435546875,835.1128015457978,825.0427235934661,832.8076029783965,15736264,-0.2659094578994048,-0.0026626362508041603,1.012205523016398,822.3284737723214,823.5556117466518,827.1537963867188,1.0071661896219164,0,0.7950906392252247,0.9923751976436439,3,3,1,0,0,19706532.0,0.7985303553156893,1
2025-03-17,830.065673828125,836.6658099001849,827.4450150114936,827.4450150114936,18950652,0.2226745411427533,0.002224269888089584,1.0111436950146628,823.7427978515625,824.1761125837054,827.3422587076823,1.0076757890849588,0,0.6150042812665695,0.9909534862467498,0,3,1,1,0,19330357.714285713,0.980357025984827,0
2025-03-18,830.065673828125,830.065673828125,830.065673828125,830.065673828125,0,0.0,0.0,1.0,825.0739310128348,825.3304486955915,827.6569010416666,1.0060500551861606,0,0.6175503221027248,0.9500491398894608,1,3,1,0,0,14620916.57142857,0.0,1
2025-03-19,846.42041015625,849.7690263917825,840.6452690024086,842.004146653194,15221406,1.970294260296268,0.019511352137495618,1.0108532786964959,828.8766479492188,827.4709908621652,828.7261901855469,1.0211657093373754,1,0.8995914087806898,1.068496974046086,2,3,1,0,0,14884986.857142856,1.0226012388244539,1
2025-03-20,858.3831176757812,860.930968625773,848.9439602337709,851.2248697686616,17833978,1.4133292836502998,0.014034349031350675,1.0141199053806818,834.5096435546875,829.8299168178013,829.5002482096354,1.0286077869866213,1,0.9233219880886276,1.0909604450367731,3,3,1,0,0,15203548.0,1.1730142201017815,1
2025-03-21,859.15966796875,860.9795616616999,851.9771897387066,851.9771897387066,33508264,0.0904666316214886,0.000904257352275054,1.0105664471202032,840.3922293526786,831.1454380580357,830.0268025716146,1.022331761242637,1,0.896270052107981,0.9921498379712632,4,3,1,0,1,17147810.0,1.9540841658497499,1
2025-03-24,873.5489501953125,875.6843039218336,860.7611760226637,863.3575457763671,17393736,1.6748088583559806,0.016609385875777774,1.017337129409258,846.5521327427456,834.5581665039062,830.9351318359375,1.0318903188691992,1,0.9209639473541092,0.8976707223675173,0,3,1,1,0,16949185.714285713,1.0262284155243868,1
2025-03-25,883.958740234375,894.7567761384419,874.2769294910811,875.9269782864857,39101416,1.1916664815102784,0.01184622045392233,1.0234248965705661,854.5146048409598,838.4215393066406,832.3700174967448,1.0344571470477035,1,0.8173788982422295,0.9219426378476032,1,3,1,0,0,20287064.57142857,1.927406296871,0
2025-03-26,876.7277221679688,886.8948376499686,874.5195608455505,885.681575218163,24478442,-0.8180266495797062,-0.008213908468250802,1.0141509433962264,861.1806117466518,842.4617047991071,833.8388753255208,1.0180532517909155,1,1.0348144198780846,0.8780014335761746,2,3,1,0,0,21076748.85714286,1.1613955342882172,1
2025-03-27,885.8514404296875,893.4464752752693,872.6268796196651,873.548970937254,41658100,1.0406558422902057,0.010352782950439886,1.023858531225486,869.1500069754464,847.1119689941406,835.8439921061198,1.0192158238741322,1,0.9756436206933407,0.8814055818278065,3,3,1,0,0,27027906.0,1.541299573855259,1
2025-03-28,887.2344970703125,891.0198994245295,876.3879431494396,887.6227647317345,28773648,0.1561273795473106,0.0015600562746317399,1.0166957525938887,874.9805908203125,851.9286193847656,837.8078572591146,1.0140047749385066,1,0.893061260233303,0.8685293134244282,4,3,1,0,1,28963940.57142857,0.9934300178886473,0
2025-04-01,857.9464111328125,878.3535095734435,856.7331486628899,874.5195883202217,28511006,-3.3010535584685363,-0.03356767871196478,1.025235816945214,874.9182041713169,854.7139238630023,838.9426635742187,0.9806018517415815,1,1.6786169403608835,1.3475218365444988,1,4,2,0,0,30489230.285714287,0.9351172769146231,1
2025-04-02,872.0444946289062,873.16066049231,859.3294691298255,859.3294691298255,11573564,1.6432359076459013,0.0162988089075583,1.0160953299745326,876.7588936941964,858.5755615234375,840.5935099283854,0.9946229241594274,1,1.7906589599707985,1.3830700427345286,2,4,2,0,0,27355701.714285713,0.42307684594893963,0
2025-04-03,871.0496215820312,875.490173946712,862.3869396359797,864.3766781830471,11250038,-0.11408512444062158,-0.0011415025105661403,1.0151941474395048,876.4018467494419,861.4769897460938,841.8472147623698,0.9938929553979582,1,1.6733684615650302,1.355951574075187,3,4,2,0,0,26478030.57142857,0.4248819778967808,1
2025-04-04,881.94482421875,893.9075454015215,878.9358975919937,879.857988965376,33540454,1.2508130842110443,0.012430550427656818,1.0170338335827964,876.1141444614956,865.3143746512277,843.371885172526,1.0066551599401905,1,1.6806913988534522,1.3635010412635684,4,4,2,0,1,25683607.42857143,1.3059089963619486,0
2025-04-07,853.0205078125,863.7700245665659,843.5570610557007,855.4956105111871,37995450,-3.279606117295597,-0.03334590728802249,1.0239615841583602,872.7273995535714,866.9540056501116,843.8652770996093,0.977419189828173,1,2.0844368260672246,1.6918672718082368,0,4,2,1,0,27614608.57142857,1.375918470896305,1
2025-04-08,858.5773315429688,864.8134887917699,849.4293443655757,856.5633039940931,35563872,0.6514290898725017,0.006493164604684329,1.01811115253816,868.8310982840402,868.9905526297433,845.1925882975261,0.9881982047358538,0,2.04529700738503,1.6946483760419573,1,4,2,0,0,26744004.57142857,1.3297885851393385,0
2025-04-09,856.5632934570312,861.4163432783175,850.982286162552,856.5632934570312,22454608,-0.2345785303134007,-0.002348540967786781,1.0122611919019104,864.4494977678571,869.7150442940848,846.365409342448,0.990877194872356,0,2.032000582148216,1.6239565475315816,2,4,2,0,0,25841284.57142857,0.8689431803567129,1
2025-04-11,876.8247680664062,882.9638878798253,861.2950087869681,861.2950087869681,32775766,2.3654381134639912,0.023378951221950033,1.0251584867807086,867.1464059012277,871.0323050362723,848.4627360026042,1.0111611627509658,0,1.8422775852682722,1.7013888949705895,4,4,2,0,1,26450536.0,1.2391342844621371,1
2025-04-15,905.0452880859375,910.8204293176711,900.2407568346184,905.0938067366918,49298344,3.2184902898858336,0.03167782048607537,1.0117520478857815,871.8608049665179,874.3098493303571,851.4158182779948,1.0380616755913163,0,2.107151688462177,1.8861337862776526,1,4,2,0,0,31839790.285714287,1.5483250221694747,1
2025-04-16,911.4027709960938,914.2175636339349,902.9099336731801,914.2175636339349,19136820,0.7024491474455941,0.00699993466654384,1.0125235414287155,877.6255405970982,877.01369367327,854.2839721679687,1.0384870640569723,1,2.0866908015895005,1.8527489940049475,2,4,2,0,0,32966473.42857143,0.5804933925208534,1
2025-04-17,925.3309936523438,931.6399584740437,910.7718440638052,913.3439841876462,35703084,1.5282181599061362,0.015166585283381407,1.0229125598757274,883.8235648018973,879.9688546316964,857.103592936198,1.0469634783496071,1,2.102185603354473,1.867063958258824,3,4,2,0,0,33275420.57142857,1.072956656501463,1
2025-04-21,935.231201171875,946.6843866809207,926.9324979858176,933.7267676045618,34247298,1.0699098579260324,0.01064226822043327,1.0213088749590968,895.5679495675223,884.1476745605469,860.752274576823,1.044288377697646,1,1.1581334723791266,1.8447609586246998,0,4,2,1,0,32739970.285714287,1.0460393733143802,1
2025-04-22,952.0227661132812,956.3419923313835,939.0651467003056,939.0651467003056,45961750,1.795445331631984,0.017795175787839474,1.0183979201994509,908.9172973632812,888.8741978236607,864.8239827473958,1.047425072528652,1,1.1269189169741618,1.8732665669763555,1,4,2,0,0,34225381.428571425,1.342914178938296,0
2025-04-23,933.67822265625,960.3699954066212,932.0281739470523,960.3699954066212,30570642,-1.9269017622261853,-0.019457084977510655,1.0304087604342946,919.9337158203125,892.1916067940848,868.607743326823,1.0149407577954477,1,1.628855428141036,1.9848446399941169,2,4,2,0,0,35384814.85714286,0.8639480557810222,0
2025-04-24,930.2326049804688,933.6782584739785,924.5545011964061,926.9325074354753,25931754,-0.3690369542923122,-0.003697195755945456,1.0098682741425908,927.5634068080357,897.3549063546317,872.2572387695312,1.002877644970513,1,1.6447029783332128,1.7004783761104514,3,4,2,0,0,34407098.85714286,0.7536745282613855,0
2025-04-25,927.5148315429688,938.094503546439,918.099962552793,934.1150265036636,18500878,-0.2921606298197932,-0.0029258825208691532,1.0217781742829515,930.7733415876116,901.3170732770648,875.8476867675781,0.9964991369014878,1,1.3059599021622117,1.6871434959604776,4,4,2,0,1,30007460.85714286,0.6165426021241022,1
2025-04-28,931.882568359375,936.4929655182809,926.156005327847,927.5148236825167,13920492,0.47090749041072133,0.004698021896923962,1.0111611436204797,933.6990269252232,905.6622837611607,879.6120340983073,0.9980545566467709,1,1.298701846514012,1.6791983303575226,0,4,2,1,0,29262271.14285714,0.4757146816130833,0
2025-04-29,926.3501586914062,936.0562581779409,922.1764885191324,931.2032084346736,18918308,-0.5936809911262553,-0.005954502828301809,1.0150510990375576,933.8446219308036,908.8340933663504,883.2243204752605,0.9919746143379807,1,1.2161160360569898,1.687798706141576,1,4,2,0,0,26864446.0,0.704213591450946,1
2025-04-30,934.2120361328125,939.9871769317172,927.0780770079656,928.3883766867898,31936870,0.848693916403298,0.00845112757371435,1.0139245013380256,933.6990269252232,914.6334882463727,886.6837341308594,1.000549437444825,1,1.186870998235284,1.3234066124591628,2,4,2,0,0,26534384.85714286,1.2036031802486966,0
2025-05-02,932.7077026367188,942.4138027541906,931.7856112772921,936.5416240313868,17840404,-0.16102698722668674,-0.0016115677502739928,1.0114062627156577,930.9397321428571,919.9285147530692,890.1666097005208,1.001899124543532,1,0.8822464243844336,1.3414832376940016,4,5,2,0,1,22517049.714285713,0.7923064622751771,1
2025-05-05,939.9386596679688,947.3152712805899,937.754787372496,941.0063068714467,15068024,0.7752650708049647,0.0077227533347248595,1.010195078752817,931.8340802873884,925.8838980538504,893.829042561849,1.0086974489901472,1,0.5883803556667152,1.320042586565857,0,5,2,1,0,20302390.0,0.7421798123275142,0
2025-05-06,937.4635620117188,941.5401354999643,933.8723527219415,936.638567281111,17490156,-0.2633254447821476,-0.0026367275607147526,1.0082107396751534,932.8670741489956,930.2152404785156,897.4089721679687,1.0049272699081124,1,0.5756441904340863,1.245767587626113,1,5,2,0,0,19096447.42857143,0.915885327122774,1
2025-05-07,944.2093505859375,945.7137841650697,932.9502988258117,938.5798247058746,21420778,0.7195787492521699,0.007170021345014349,1.0136807773740164,935.2520054408482,933.01267351423,900.668603515625,1.0095774669211932,1,0.5841772291399802,0.9733734521821901,2,5,2,0,0,19513576.0,1.0977371856393723,0
2025-05-08,935.91064453125,948.6741890736062,931.348765916796,948.6741890736062,34803430,-0.8789053031022953,-0.008827904570627014,1.0186025083092858,935.8274448939732,934.7632359095982,903.2528544108073,1.000088904891314,1,0.7107296190010001,1.014878876666327,3,5,2,0,0,22496852.85714286,1.5470354996321072,0
2025-05-09,917.0807495117188,931.3002083857921,915.6734125356725,926.9809824392288,17188796,-2.0119329905647354,-0.0203244799413487,1.017065905415825,934.5032435825893,934.1739327566964,905.1835571289063,0.9813564113441937,1,1.05038540155088,1.0948856832314555,4,5,2,0,1,22249779.714285713,0.7725378057996568,1
2025-05-12,949.8389282226562,951.1492872756219,928.0487809799312,930.62086195116,18618972,3.572005925146615,0.03509689424542437,1.0248914785182939,936.7356567382812,935.2173418317523,907.7265563964844,1.013988227511271,1,1.7490637878372202,1.442313943943592,0,5,2,1,0,20347222.85714286,0.9150620765655909,0
2025-05-13,933.0473022460938,952.0227142931207,931.7855212010662,946.3446699698328,24242102,-1.7678393122908864,-0.017836522333217943,1.021718724568685,936.7841709681919,933.8619515555246,909.362841796875,0.9960109608617361,1,1.9100612392628582,1.4383725506265403,1,5,2,0,0,21261751.14285714,1.1401742893667581,0
2025-05-14,927.2236938476562,936.7356597192896,923.5353878045329,932.8047011833116,15445308,-0.6241493206634363,-0.00626105275502381,1.0142931955711378,934.9677472795759,933.4009137834821,911.0460408528646,0.9917173042017202,1,1.8910613734008985,1.3530838119836948,2,5,2,0,0,21315648.85714286,0.7245994763525244,1
2025-05-15,938.4827880859375,943.8211428321799,920.6235412383402,928.6310733577037,32241458,1.2142802554537813,0.012069670153915406,1.0251977062878888,935.1133510044643,933.99021257673,912.8004191080729,1.0036032391985996,1,1.9612732675033797,1.3892522982732551,3,5,2,0,0,23422977.714285713,1.3764884376906477,1
2025-05-16,938.9195556640625,943.3358785376587,935.8621697223413,938.4828285590543,15868010,0.04653975370350061,0.00046528927319044896,1.0079859076016875,934.357666015625,934.8048357282366,914.5232543945312,1.0048823804998472,0,1.9383028322323448,1.3853669455328754,4,5,2,0,1,22629725.14285714,0.7012020649755256,1
2025-05-19,940.8607177734375,943.9181627683963,937.1238932163359,940.0357230243618,10202964,0.2067442410443876,0.002065308192459237,1.0072501294665976,935.0648193359375,935.4461321149554,917.2870646158855,1.0061983921516973,0,1.9054126091954775,1.3816644269597296,0,5,2,1,0,19115372.85714286,0.5337569963322714,0
2025-05-20,929.3104858398438,938.8709699179398,928.3883945615378,935.7164876572758,23879090,-1.2276239952846102,-0.012352215422238475,1.0112911529461253,936.8119245256696,935.6575840541294,919.1959309895833,0.9919925883846706,1,1.7800960161810109,1.415324510843731,1,5,2,0,0,20071129.14285714,1.1897233000714373,1
2025-05-21,935.0856323242188,944.8402502940019,932.3193584728106,935.1826696209016,15132040,0.6214442398286169,0.0061952123792337185,1.0134298314278287,934.7043108258929,935.7199837820871,921.3304646809896,1.0004079594946866,0,1.0482349499426589,1.4065134696773183,2,5,2,0,0,19572996.0,0.7731080106489574,0
2025-05-22,931.737060546875,933.8238364554871,924.603041661345,929.4560915529987,21306670,-0.3581032219499125,-0.0035874594640786977,1.0099727065331454,934.5171334402902,935.650652204241,922.9902058919271,0.9970251236773148,0,0.8091510536350923,1.4094024745374563,3,5,2,0,0,19153648.57142857,1.112407900799803,1
2025-05-23,938.3856811523438,940.0357299039,929.1163680438908,931.8340640363383,9566072,0.7135726254750896,0.0071103874293667,1.0117524157743536,936.1117030552456,935.5397251674107,925.8357116699219,1.0024291738792246,1,0.7998468343824248,1.406892068313133,4,5,2,0,1,18313757.714285713,0.5223434834751555,1
2025-05-26,941.588623046875,946.2961165204464,935.1341028748952,939.0650610496285,10802860,0.34132467692793433,0.0034074348637490185,1.0119362705426267,936.5553937639509,935.8343723842075,928.6027547200521,1.0053741928309183,1,0.6677317251655138,1.4075563738478098,0,5,2,1,0,15251100.857142856,0.7083331296009677,0
2025-05-27,934.8429565429688,945.3740503477449,929.989907003196,937.415037254252,26162148,-0.7164133400505701,-0.0071899190324741374,1.0165422691458263,935.9730224609375,935.1653442382812,931.2120768229166,0.9987926298185417,1,0.7277916959294549,1.406585066407036,1,5,2,0,0,16721692.0,1.5645634425033066,0
2025-05-28,933.4840698242188,938.8224242656362,930.6692774222134,931.8825397952628,18157594,-0.1453598927219968,-0.0014546564270518883,1.0087605200270557,934.9192156110491,934.9920174734933,933.1007202148437,0.9984649520911896,0,0.7184012785495919,1.3873480638044542,2,5,2,0,0,17858067.714285713,1.0167726033133293,1
2025-05-29,935.42529296875,941.8798725130029,925.6221566559584,935.6679454442282,28917794,0.20795460868408,0.0020773868238835183,1.017564095392638,935.7927594866071,936.3023420061384,934.1133870442708,0.999607320622935,0,0.5251471522023865,1.2621075857132389,3,5,2,0,0,18577882.57142857,1.5565710402580248,1
2025-05-30,943.86962890625,945.7623300992254,934.406182182701,937.560664423884,28748078,0.9027269201477672,0.008986766974044779,1.0121533313167914,937.0476161411831,935.8759634835379,935.195615641276,1.0072803266851693,1,0.5800431329063277,0.8343346491914926,4,5,2,0,1,20523030.85714286,1.400771562451483,0
2025-06-02,937.6576538085938,939.5503549048592,925.9618167140865,936.6870439378242,14668822,-0.658139101779831,-0.006603143866863169,1.0146750524109014,937.8934151785714,936.2052743094308,935.606504313151,0.9997486266923702,1,0.6313766778387004,0.6995680688945028,0,6,2,1,0,19574766.85714286,0.7493740337779465,0
2025-06-03,934.0179443359375,947.3153125176999,931.7855532960983,940.5210428582492,24377584,-0.3881704007717923,-0.0038892573736762706,1.0166666666666666,937.2694527762277,936.6905779157366,935.5660624186198,0.9965308712124789,1,0.5863942561466887,0.685093253915063,1,6,2,0,0,21690697.14285714,1.1238727754782039,1
2025-06-04,942.073974609375,943.0931624292062,932.2223193620798,932.2708380103269,12961542,0.8625134369516951,0.008588150407014933,1.0116612130404314,937.3387887137277,936.9470912388393,935.2344360351562,1.0050517336449345,1,0.6732614267613177,0.6445291174523342,2,6,2,0,0,21999080.285714287,0.5891856310200811,1
2025-06-05,946.1505126953125,950.6638723983343,941.5886343458625,945.3740366284826,22255418,0.4327195311416787,0.0043178599227962754,1.0096382196231335,938.9541538783482,937.4635881696429,935.6501790364583,1.007664228106601,1,0.603277459572583,0.653528554152161,3,6,2,0,0,21440976.0,1.037985304400322,1
2025-06-06,960.2728881835938,968.8143027617217,942.8019098505041,943.432829986841,30127008,1.4926140501737573,0.014815841867449182,1.0275905178377738,942.7811279296875,938.8501717703683,936.6515218098958,1.0185533627431824,1,0.7570658151383295,0.758199818559165,4,6,2,0,1,23150892.285714287,1.3013324768734924,1
2025-06-09,960.3700561523438,968.1834546397668,958.9141411829606,968.1834546397668,13202588,0.010118787059987255,0.00010118275145262177,1.0096664686218633,946.3446655273438,941.0687125069754,937.7466959635417,1.014820594584516,1,0.7693480126664011,0.649787497413876,0,6,2,1,0,20905862.85714286,0.6315256198807935,0
2025-06-10,953.7698974609375,962.2627345803987,951.7315810074685,962.2627345803987,15533126,-0.6872516119306504,-0.006896240618696145,1.0110652559850775,947.7589896065848,942.403302873884,938.4762736002605,1.0063422324876579,1,0.8219348899797606,0.6834960155227189,1,6,2,0,0,19018012.57142857,0.816758635617686,0
2025-06-11,946.538818359375,954.8860400853163,944.8887696252715,954.8860400853163,11096394,-0.7581576144112478,-0.007610462387313903,1.0105803675325822,949.0277273995536,943.4605712890625,939.149228922526,0.9973774116726827,1,0.8390575827836688,0.7137754814650954,2,6,2,0,0,18507665.714285713,0.5995566470295012,0
2025-06-12,943.1416625976562,951.68301796828,939.2107043054103,946.3446634564742,16349130,-0.35890295208462764,-0.003595485539152799,1.0132795693295398,950.3311157226562,943.8002842494419,939.4468831380208,0.9924347914047484,1,0.8360675951947529,0.7020478925548115,3,6,2,0,0,17360743.714285713,0.9417298169401993,0
2025-06-13,930.6207885742188,938.0944968797781,928.3883975845915,931.7855323379068,12117762,-1.3275708750848492,-0.013364618744487645,1.0104547830632515,948.6949462890625,943.016867501395,939.3773193359375,0.9809483988656806,1,0.9263842298977459,0.7836055736567473,4,6,2,0,1,17240203.714285713,0.7028781214434772,1
2025-06-16,939.2592163085938,940.957783641244,931.8340268436207,933.7267280054107,16513746,0.9282435811056589,0.009239618764138924,1.0097911822650736,947.7104753766741,943.3323146275112,939.3546712239583,0.9910824462874894,1,0.9964794108769413,0.8040032344243001,0,6,2,1,0,16419964.857142856,1.005711409474567,0
2025-06-17,936.4444580078125,942.268117646221,931.3487558242051,940.0357266330969,16978736,-0.29967853941785805,-0.0030012847468393056,1.011724245889342,944.306413922991,943.5437709263393,939.3207010904948,0.991674359297723,1,0.7073322195642765,0.8077399208978936,1,6,2,0,0,14541640.285714285,1.1675942786646922,1
2025-06-18,938.5313110351562,939.6960548333931,930.329645039179,930.329645039179,18433816,0.2228485640016764,0.002226006248734884,1.0100678397642802,941.1865931919643,943.765629359654,939.1314331054688,0.9971787930512239,0,0.7299022702244758,0.8080082714000422,2,6,2,0,0,15288958.57142857,1.2056946791947243,1
2025-06-19,939.2107543945312,944.7917616817875,934.5032605291775,938.5313155721643,16876220,0.07239431986829636,0.000723681278208245,1.0110095936388537,939.1067156110491,943.4328526088169,939.2414367675781,1.0001107848360071,0,0.7236469716618855,0.7682566418516528,3,6,2,0,0,15480829.142857144,1.0901367003192262,1
2025-06-20,953.4786376953125,956.0022590492599,937.4150552584099,937.4150552584099,32900408,1.5191354266358648,0.01507712109568434,1.0198281472935447,940.0981183733259,944.5629228864398,940.4546997070313,1.0142331093536696,0,0.9240873466857564,0.8481118448924208,4,6,2,0,1,18595688.285714287,1.7692492740521462,0
2025-06-23,945.5682373046875,950.1786346265085,942.3652362767411,945.5682373046875,11739518,-0.8296358279977323,-0.008330964597523487,1.0082912633541512,940.4447719029018,945.387943812779,940.312343343099,1.0054479173629929,0,0.9792169183906029,0.8763141760456042,0,6,2,1,0,17937172.285714287,0.6544798596459772,1
2025-06-24,951.634521484375,960.4185295373859,949.0623814631601,953.6242600004867,22625322,0.6415490643995492,0.006394998979917085,1.0119656497781717,943.4467337472098,946.0708400181362,940.9319173177083,1.0086785903690023,0,0.7839705881591581,0.8632496242444183,1,6,2,0,0,19438252.285714287,1.1639586557186512,1
2025-06-25,961.0009155273438,961.8744882040819,953.0904797513926,954.1096083800328,18405932,0.9842427771912687,0.009794306574996258,1.0092163426655782,946.5526907784598,947.1315830775669,942.0578247070313,1.0152640469882364,0,0.7914366496593025,0.8928763883245157,2,6,2,0,0,19708564.57142857,0.9339052538957103,1
2025-06-26,981.1895751953125,983.7616558949239,960.9038045145849,961.5832432953354,50084830,2.1007950504282613,0.020790326129960016,1.0237878664575442,952.9448503766741,948.6256321498325,943.4813842773438,1.0296394117744316,1,0.9724267760232226,0.9759852149311814,3,6,2,0,0,24438006.57142857,2.049464626077813,1
2025-06-27,988.5982666015625,991.0024333509556,978.0494242399598,987.6660313444861,28213384,0.7550723727140385,0.00752235970253378,1.013243716309185,960.0972726004464,950.6419328962054,945.1373413085937,1.0296855275131866,1,0.9519511940678234,0.9875162042066578,4,6,2,0,1,25835087.714285713,1.0920568303083094,0
2025-06-30,982.023681640625,988.0586250503452,979.0798184930638,986.9301202198938,13649020,-0.6650411176158055,-0.006672623696934668,1.0091706583954523,966.2134050641741,952.6600603376116,946.5094401041666,1.016363131057368,1,1.0724903072944558,0.9859776608350065,0,6,2,1,0,25374059.14285714,0.5379123585688588,1
2025-07-01,987.2244873046875,989.138010315157,983.250284063281,983.740927917604,14389386,0.5296008397041696,0.005282033862359038,1.0059880239520957,971.0342407226562,955.566179547991,948.4399068196615,1.0166731984342614,1,1.0006850219020123,0.9477100625679539,1,7,3,0,0,22729627.42857143,0.6330673938769608,0
2025-07-02,974.418701171875,991.0515399227539,970.4444979040134,991.0515399227539,18878250,-1.2971503743565704,-0.013056368378365562,1.0212346425408647,975.1557355608259,957.8002537318638,949.7510091145833,0.9992441880183097,1,1.1136300965766435,1.0280547507062583,2,7,3,0,0,23749446.285714287,0.794892216554775,1
2025-07-03,974.9583740234375,985.2128423794024,973.584607191008,978.7854199779471,16860506,0.05538408190579602,0.0005536875058363345,1.011943733603127,978.4877144949777,960.9672241210938,951.191719563802,0.9963930661374101,1,1.1175922688926772,0.9275619763327145,3,7,3,0,0,22925901.14285714,0.7354348208577662,1
2025-07-04,976.037841796875,983.0049605598704,971.4748300017685,974.9583893832662,7863944,0.11071937040580959,0.0011065812171616783,1.011868686868687,980.6358468191964,963.5942687988281,952.4467915852864,0.9953112003428841,1,1.0834574669932615,0.913096709775326,4,7,3,0,1,21419902.85714286,0.3671325706959322,0
2025-07-07,975.1055908203125,980.5026731224453,973.3392849545877,975.8906089947405,11349426,-0.09551381479699916,-0.0009555945830730432,1.0073596003763394,979.7667061941964,966.3557782854352,953.564023844401,0.9952426273066681,1,0.7008704096747822,0.9047428578436875,0,7,3,1,0,15886273.714285715,0.714417125382527,1
2025-07-08,981.974609375,983.740915249207,970.0028875050783,970.0028875050783,15224316,0.7044384340888499,0.00701968857533224,1.0141628730399597,978.8204694475446,969.4588710239956,955.135078938802,1.0032223886053748,1,0.6909255399438181,0.9109970934569726,1,7,3,0,0,14030692.57142857,1.0850723100442003,1
2025-07-09,986.7828369140625,988.058558773539,980.3554147849677,984.7221568062151,13861428,0.48964886598470425,0.004884539848188772,1.0078575013432867,979.5003487723214,972.8568769182477,956.9117045084636,1.0074349010195542,1,0.6693541206869179,0.9088294518708689,2,7,3,0,0,14061036.57142857,0.9858041353911157,0
2025-07-10,984.3296508789062,989.6286283244265,981.2876830187669,989.1379844829171,17030310,-0.24860444906277257,-0.002489139830398221,1.0085000000000002,979.0868007114956,975.0605207170759,958.5418497721354,1.0053548369394836,1,0.6446647000126136,0.8562861569945471,3,7,3,0,0,14438311.42857143,1.1795222789210213,0
2025-07-11,973.2902221679688,983.642855752239,971.9164552660966,980.306453474884,12516922,-1.1215174409386575,-0.011278538684276253,1.0120652350545212,978.9255894252232,977.0406624930246,959.5225362141927,0.9942433139779672,1,0.5885654522194934,0.887098566227749,4,7,3,0,1,13529550.285714285,0.9251543277987954,0
2025-07-14,972.94677734375,975.7434233970494,966.8627814826074,972.94677734375,13088850,-0.035286990087468606,-0.00035293217410815506,1.0091850075155693,978.6382184709821,978.56296648298,960.6988403320313,0.9941843257091222,1,0.5877538319717248,0.8802023288482698,0,7,3,1,0,12990742.285714285,1.0075521253618895,1
2025-07-15,979.079833984375,983.0540373178538,968.0403470063502,968.0403470063502,14498168,0.6303589038414659,0.0062838045198200625,1.015509364209801,979.0727887834821,979.8543178013393,962.2009033203125,1.0000071957886825,0,0.6387961301711985,0.8596108301416207,1,7,3,0,0,13938488.57142857,1.0401535235117725,1
2025-07-16,979.4722900390625,992.4252390812768,977.6568719540081,990.1192370651518,17994612,0.04008417302299172,0.00040076141464541216,1.0151058797323764,979.6966029575893,979.7316545758929,963.4475138346354,0.9997710383828528,0,0.6358309655857917,0.6477284574135449,2,7,3,0,0,14887800.857142856,1.2086816698227503,0
2025-07-17,974.8602294921875,983.6427659529008,972.7994894879338,983.2502269350301,22529158,-0.47087197808231007,-0.004719840725819113,1.0111464660314273,978.6802629743304,978.7503662109375,964.4045043945313,0.9960967502598517,0,0.5927353275522508,0.6184674063308172,3,7,3,0,0,15931349.714285715,1.4141399444516618,0
2025-07-18,960.38623046875,979.8157138677898,958.2273856704023,974.8602232374529,16129446,-1.4847255622456923,-0.014958579398171204,1.0225294418842805,974.9093191964286,977.204833984375,964.4082824707032,0.9851031388851127,0,0.7201595461049841,0.7085087574054993,4,7,3,0,1,16255352.285714285,0.9922544720347318,1
2025-07-21,981.5330200195312,982.2689857931025,969.7575676423911,970.5916382285527,22309078,2.2019047004099512,0.02178012859815878,1.012901593726284,974.5098005022321,976.7983006068638,965.1137145996094,1.007206925485695,0,1.2195824467948622,0.9371792263559112,0,7,3,1,0,17009462.0,1.3115687021729434,1
2025-07-22,984.771240234375,990.1192700741381,982.7596124670459,987.7151032772119,14836814,0.32991454681567944,0.00329371522790395,1.0074887668497252,976.1499459402902,977.5377676827567,966.1470926920573,1.0088319364560125,0,1.1235308077710735,0.867190127762689,1,7,3,0,0,17340875.14285714,0.8555977641135034,1
2025-07-23,993.2103881835938,995.9089294093236,982.7596500249109,986.6848008986999,13634916,0.856965313813407,0.008533142103661719,1.013379954482339,979.0447474888393,978.8414829799107,967.702811686198,1.0144688388667504,1,1.1463367036938843,0.8916289398018159,2,7,3,0,0,17418884.57142857,0.782766309983175,0
2025-07-24,988.2548217773438,999.7849522880986,985.4091233743482,999.7849522880986,19107176,-0.4989442785946707,-0.005001931614452556,1.0145886906998822,980.3554600306919,979.7141244070871,969.2065836588541,1.0080576505856402,1,1.1713726906232442,0.9077148009016491,3,7,3,0,0,18077314.285714287,1.0569698406526886,0
2025-07-25,985.9922485351562,991.1076548914018,983.237817433207,991.1076548914018,9306598,-0.22894633978292056,-0.0022920882262185117,1.0080040020010006,981.286882672991,980.4917428152902,971.0522989908854,1.0047950970763493,1,1.1795512150574303,0.910539199288815,4,7,3,0,1,16836169.42857143,0.5527740760440706,1
2025-07-28,987.9105224609375,994.2555908496133,983.9756037755068,985.205265864704,12059580,0.1945526375720652,0.0019436362903582508,1.0104474003569421,983.1512102399554,980.9157366071429,972.6740091959635,1.0048408751079303,1,1.15230415095476,0.8938217585301105,0,7,3,1,0,15340515.42857143,0.7861261283006993,1
2025-07-29,994.3539428710938,996.7640925817828,981.9097985152405,983.6804999207345,19895696,0.6522271262082935,0.006501093286664544,1.015127961946203,988.0037405831473,981.4565298897879,974.604325358073,1.0064273059170792,1,0.8849244902686185,0.9010455375519114,1,7,3,0,0,15878551.142857144,1.2529919021578957,1
2025-07-30,996.4197998046875,999.764444634085,992.091365270063,997.5018784172968,15154036,0.2077587109102108,0.002075431909564431,1.0077342466960524,990.1304234095982,982.3201119559152,976.5339416503906,1.0063520686228702,1,0.4697086516649521,0.8973333042565937,2,7,3,0,0,14856402.285714285,1.020034037081233,0
2025-07-31,992.6815795898438,999.1742313953042,987.664582321978,990.9108782036614,22183032,-0.37516518796359977,-0.003758706976588531,1.0116533986125809,991.2604718889509,983.7052089146206,978.3163024902344,1.001433637011859,1,0.5147078763114792,0.8401039608764775,3,7,3,0,0,15905862.0,1.394645068591693,0
2025-08-01,989.7304077148438,997.6494796779898,988.3040477115343,990.6157884442932,11317258,-0.2972929019413595,-0.0029773569510193857,1.0094560292332053,990.7633318219866,984.9040396554129,979.5246948242187,0.998957446169063,1,0.41227517332887975,0.8472991515559705,4,8,3,0,1,15574768.0,0.72664055092185,0
2025-08-04,979.7947387695312,992.8291567300697,977.8764539291843,988.6974801605747,13933946,-1.0038762947834123,-0.010089491112820342,1.0152909938068395,989.5547485351562,984.9551042829241,980.6655782063802,0.9901369683889923,1,0.5310894525029707,0.8841745276604271,0,8,3,1,0,14835735.142857144,0.9392150686047182,0
2025-08-05,972.7118530273438,980.975205994727,966.7603007320947,977.0894619202779,23978058,-0.7228948535774382,-0.007255203993663643,1.0147036501725069,987.6575491768973,984.4722159249442,981.3681559244792,0.9848675321096779,1,0.5784430087010398,0.9053600691453214,1,8,3,0,0,16931658.0,1.4161671585854143,1
2025-08-06,976.499267578125,977.8272785976125,968.9737116887809,969.5147509914575,14080204,0.38936654662875547,0.0038861047704312522,1.0091370558375634,986.0273699079241,984.5892900739398,981.8847676595052,0.990336878447209,1,0.6042569368802765,0.9034720664060316,2,8,3,0,0,17220318.57142857,0.8176506109103839,1
2025-08-07,981.4671020507812,984.5166400056098,972.3184281442016,973.9415460716062,13081186,0.508739190862606,0.00507449485349862,1.0125454907654996,984.1863926478794,986.0950666155134,981.8940185546875,0.9972370166693911,0,0.5735985489341542,0.7999551125580248,3,8,3,0,0,16246817.142857144,0.805153765502377,0
2025-08-08,970.8920288085938,980.1882863803764,968.9737439061473,977.3846207407715,13895264,-1.0774760784228898,-0.01083322888502743,1.011573628846764,980.539568219866,985.3349958147321,981.3038106282552,0.9901609891900772,0,0.629943236622286,0.6139929685510244,4,8,3,0,1,16066992.57142857,0.864832913703434,1
2025-08-11,981.5654296875,982.5491593344192,970.4984711596596,971.8757166821836,9105854,1.099339634295271,0.010933408209833581,1.01241700892157,978.9515468052456,985.1060093470982,981.2885355631511,1.002670084020792,0,0.8390972724108152,0.683617269260426,0,8,3,1,0,14198824.285714285,0.6413104223820544,0
2025-08-12,968.924560546875,981.7622208654035,967.7440729221851,979.7455870293594,12937802,-1.287827459922819,-0.012961918479483438,1.0144853875476494,975.9792829241071,983.3713073730469,980.6785380045573,0.9927716474102856,0,0.9435735834746268,0.7114593034358923,1,8,3,0,0,14430330.57142857,0.8965700360057092,1
2025-08-13,974.0399169921875,980.7784409396806,968.5309950398891,980.7784409396806,13577396,0.5279416637375078,0.005265529373683404,1.0126453835370413,975.1571655273438,982.35595703125,980.6659118652344,0.9988542887499041,0,0.9304543865858979,0.7281552011755598,2,8,3,0,0,14379394.857142856,0.9442258269481717,1
2025-08-14,979.35205078125,981.7622004561191,969.5639286580633,972.908633518138,17511716,0.5453712621415141,0.005438894980426911,1.012581193913576,976.1057652064732,981.8816571916852,980.8123677571615,1.0033257518708438,0,0.9076967905067612,0.7468539068977204,3,8,3,0,0,13455631.714285715,1.3014413869107297,1
2025-08-18,985.5003662109375,996.8132573563983,981.5654475516468,988.6483131467888,19284796,0.6277942058509955,0.006258317870449775,1.015534175375452,977.3916364397321,981.7095031738281,981.1277852376302,1.008296295434594,0,0.9246460412236395,0.7662953361031412,0,8,3,1,0,14199144.857142856,1.3581660159131919,0
2025-08-19,979.35205078125,986.7300232295675,977.1878335213248,982.8935135816985,12352438,-0.6238775388107243,-0.006258317870449658,1.0097649493586685,977.0894862583706,980.637939453125,981.2693339029948,1.002315616486207,0,0.9471372829887722,0.7566964495861132,1,8,3,0,0,14095038.0,0.8763678395191272,0
2025-08-20,977.9256591796875,979.7947696044055,973.4005266300795,977.3354453835109,9950228,-0.1456464608844854,-0.0014575262844104028,1.0065689742294088,978.0942905970982,979.3169294084821,981.1343688964844,0.9998275918599753,0,0.8335543049196693,0.7513048093217626,2,8,3,0,0,13531461.42857143,0.7353402330209713,1
2025-08-21,979.4012451171875,982.5000176251586,975.4663263982883,982.5000176251586,12439850,0.15088937729046403,0.0015077565365312104,1.007210593576142,977.7851213727679,978.3683340890067,980.8883158365885,1.001652841415863,0,0.713670867779179,0.7513146054082566,3,8,3,0,0,14007746.57142857,0.8880693219688461,0
2025-08-22,966.317626953125,981.7621945267439,962.6286407512459,978.7618310909676,19833502,-1.3358792659587615,-0.01344882403625706,1.0198763603798096,977.4127022879464,976.6959926060268,980.2879150390625,0.9886485255318967,1,0.7278829235061656,0.8210227197711657,4,8,3,0,1,14992846.57142857,1.322864334368373,0
2025-08-25,966.0717163085938,972.6135426708398,962.5794879672083,964.1534314319724,17518044,-0.025448220923651732,-0.00025451459532849896,1.0104241310240483,976.2743879045759,975.7157767159598,980.0472981770833,0.9895493810732037,1,0.6851996538950215,0.7852346854386196,0,8,3,1,0,15555796.285714285,1.1261425437981436,0
2025-08-26,957.5625,969.6623631247153,952.2503356808104,963.5632270654481,16917731,-0.8808058620231485,-0.008847078865943889,1.0182851365775116,973.1615949358259,974.6336800711496,979.5344889322917,0.9839707043342021,0,0.6678396730452957,0.7959648190495682,1,8,3,0,0,15470941.285714285,1.0935165926601806,0
2025-08-28,942.2162475585938,956.3819785474136,939.4618165446824,951.2665723546679,25438255,-1.6026371585568855,-0.016156182680858815,1.0180104839864201,966.9781494140625,972.1848929268973,978.3057027180989,0.974392490801914,0,0.6728907322503197,0.8742027662154618,3,8,3,0,0,16350006.857142856,1.5558559224020596,0
2025-08-29,936.1171264648438,947.6267755693488,934.6415319653455,938.4781016808785,14823813,-0.6473164848890711,-0.006494206634254011,1.0138932875973297,960.8017316545759,968.9456089564732,976.8605305989583,0.9743083256654593,0,0.6728692136724764,0.8511750007928071,4,8,3,0,1,16703060.42857143,0.8874908321976204,0
2025-09-01,935.1333618164062,941.8719458039564,930.9525108908947,934.1496321868741,20178344,-0.10508991029281045,-0.0010514516845626573,1.0117293146377704,954.6885463169643,966.3914184570312,975.5363016764323,0.9795166868022049,0,0.678000194781815,0.8251121995566759,0,9,3,1,0,18164219.85714286,1.1108841535005487,0
2025-09-02,929.1326904296875,939.2650942089082,928.6408255856272,935.5269334024698,14196320,-0.6416915096540965,-0.006437591998297459,1.0114406650349246,947.50732421875,962.646222795759,974.4945170084635,0.98060739656634,0,0.5845933127608179,0.7293930770401297,1,9,3,0,0,18415144.14285714,0.7709046364161348,1
2025-09-03,938.9207763671875,940.740652202688,924.7058709175366,929.6245191670979,16083481,1.053464810604532,0.010479545354908625,1.0173404125457115,943.593488420759,960.5030953543527,973.0741088867187,0.9950479606833744,0,0.8303173302563902,0.7744406762303636,2,9,3,0,0,17879426.85714286,0.8995523809855586,1
2025-09-04,945.610107421875,949.9877162864987,940.6914592688354,944.5772033181551,17597657,0.7124489331857609,0.0070992300597215565,1.0098823657066993,940.6704014369419,958.472394670759,971.7687377929688,1.0052512612041236,0,0.9279431834737126,0.7895994971894421,3,9,3,0,0,17890800.14285714,0.9836148668300798,1
2025-09-05,947.7251586914062,951.7584261964354,938.5272505370174,951.7584261964354,11602111,0.22367054380347806,0.002234207736148733,1.0140978065920272,939.2650669642857,956.2133309500558,970.2525634765625,1.009007139757112,0,0.9067128313945074,0.7704224364005825,4,9,3,0,1,17131425.85714286,0.6772414098364474,1
2025-09-08,950.2828369140625,957.3165278914954,944.823149393627,953.2340258485783,11711307,0.26987552237063284,0.0026951201225243774,1.013222980941869,940.4174368722098,953.6977931431362,968.9868306477864,1.010490447810777,0,0.6422726143733415,0.7452436219630246,0,9,3,1,0,15170433.285714285,0.7719823672424914,0
2025-09-09,949.4467163085938,958.5462157684692,947.0365666053971,958.1526998830964,13985539,-0.08798649970191974,-0.0008802523054284277,1.0121533313167916,942.3216639927456,951.5616978236607,967.7686462402344,1.0075611678985055,0,0.5598842963265185,0.7386839478469418,1,9,3,0,0,15050679.857142856,0.9292297180424475,1
2025-09-10,950.1845092773438,958.0543466125587,946.0528326679372,958.0543466125587,18091100,0.07770767501502629,0.0007767749823335012,1.0126858813062019,944.4718279157366,949.5801871163504,966.5111124674479,1.0060485460685618,0,0.5472103405136969,0.7427842754445,2,9,3,0,0,14752502.142857144,1.2263072273986644,1
2025-09-11,952.0535278320312,953.4799478098324,944.2820997482355,944.6755555766032,15113633,0.19670059198386713,0.0019650738968132954,1.0097405722972501,947.7462332589286,947.6267787388393,965.1010986328125,1.0045447762512245,1,0.3954079332266766,0.7445609057096588,3,9,3,0,0,14883546.857142856,1.0154590935255947,0
2025-09-12,951.5617065429688,954.9555859441327,946.5938836721522,954.1194397337725,14363519,-0.051658995496028925,-0.0005167234335221745,1.0088334632372045,949.5520804268973,946.5727844238281,963.6058288574219,1.002116393779231,1,0.2673263261381855,0.6690703890240032,4,9,3,0,1,14637838.0,0.9812595958501522,0
2025-09-15,951.3157348632812,956.5294899386951,949.2991011128589,953.824233432933,14486377,-0.025849262112609406,-0.0002585260361021563,1.007616555011334,950.367170061384,945.5187857491629,962.2269673665364,1.0009981035033397,1,0.14538357223746387,0.6690666019716637,0,9,3,1,0,14193369.42857143,1.0206439755480994,0
2025-09-16,951.1190185546875,953.5783427584718,945.560981879392,945.560981879392,18661794,-0.020678340679602947,-0.00020680478943245964,1.0084789463955508,950.8520071847098,945.0585370744977,960.9399210611979,1.000280812753152,1,0.13586021648122518,0.6310342812344397,1,9,3,0,0,15201895.57142857,1.2275965133633853,0
2025-09-17,950.7747192382812,958.5462075924,948.6596764461077,949.4467082101403,17361476,-0.036199393523794754,-0.0003620594708586641,1.0104215783507626,950.9222760881696,945.6698564801898,959.972587076823,0.9998448276440685,1,0.09760399444209848,0.44544652291352077,2,9,3,0,0,16009062.57142857,1.0844779900470303,1
2025-09-18,961.0055541992188,963.7108108355188,953.4799980850369,957.4640913046234,17791598,1.0760524816156192,0.010703042362250259,1.0107299710230204,952.5735386439732,947.4476013183594,959.5823771158854,1.0088518263558413,1,0.4075190854406379,0.4707083068859249,3,9,3,0,0,16552785.285714285,1.0748401367445308,0
2025-09-19,951.168212890625,960.8087513537787,946.4462625851606,959.0380500102757,31243267,-1.0236508275741407,-0.010289261642218276,1.0151751761683625,952.7140677315848,948.5929478236607,958.7380086263021,0.998377419948631,1,0.6120506426164356,0.568631305187377,4,9,3,0,1,18431666.285714287,1.6950864081244525,0
2025-09-22,948.5121459960938,955.3982535857159,946.298754270858,948.315388056543,10854415,-0.2792426048868313,-0.002796332143836392,1.0096158842794518,952.2081560407366,949.9771946498325,957.6395100911458,0.9961184852059966,1,0.615109816457529,0.5385944768986778,0,9,3,1,0,17823206.57142857,0.6090046118525121,0
2025-09-23,941.6260375976562,952.447063800625,939.9536851760515,951.2665762064279,21022298,-0.7259905344918827,-0.007286386703675075,1.0132914832098705,950.7887747628348,950.170427594866,956.6639770507812,0.9903630149951401,1,0.6658324969964137,0.5182905457411342,1,9,3,0,0,18774460.714285713,1.119728460908807,0
2025-09-24,935.5761108398438,940.8882751893465,927.6570988338277,936.7074240016012,15117220,-0.6424978193304343,-0.006445707202353135,1.0142630034008815,948.5402570452009,949.4537135532925,955.1309997558594,0.9863325292637112,0,0.6874300398075008,0.5057581770830726,2,9,3,0,0,18864581.14285714,0.8013546595877621,0
2025-09-25,934.3955688476562,942.4129893816753,931.9854792780051,937.0024763946197,31413279,-0.12618342628776258,-0.001262631046073865,1.011188489880495,946.1511928013393,948.5015999930246,953.9800333658854,0.987575321953696,0,0.683064197887135,0.49845707390732824,3,9,3,0,0,20686221.85714286,1.5185604803495394,0
2025-09-26,929.6737060546875,935.9695999150294,925.9847198182591,929.7228805294212,14874656,-0.5053387398649578,-0.005066198940096365,1.0107829858129085,943.1367623465402,947.029519217355,952.5011596679688,0.9857252343145267,0,0.6814778006226481,0.4972681623878155,4,9,3,0,1,20330961.85714286,0.7316257885149738,1
2025-09-29,934.8382568359375,941.232499440892,923.8204729543667,930.6574059019287,32398179,0.5555229482790303,0.005539856104304532,1.018847846520268,939.3985770089286,945.9860578264509,951.0173665364583,0.9951454895881243,0,0.5110932821005475,0.5324687784359288,0,9,3,1,0,22417616.285714287,1.445210703363045,1
2025-09-30,935.5269165039062,944.3804835370663,930.9033750448373,942.4621986714628,28296687,0.0736661837417385,0.0007363906352673745,1.0144774515309711,937.1641060965402,944.9390869140625,949.3515848795573,0.9982530385212328,0,0.44985281817177897,0.5323606317156055,1,9,3,0,0,21996676.285714287,1.2864073932104574,1
2025-10-01,949.5450439453125,953.8242439027433,930.6082481971154,937.1992488555558,25350832,1.4984205365028425,0.014873051155952902,1.0249471200697013,937.3116629464286,944.7599094935825,948.3580179850261,1.0130515616976625,0,0.7924777415724236,0.6824928440288978,2,10,4,0,0,24067593.0,1.0533181278244153,0
2025-10-03,949.4467163085938,951.0206597658967,936.5106471136629,936.5106471136629,26658296,-0.010355236683690094,-0.00010355772875340233,1.0154936974789917,938.4289027622768,944.6088387625558,947.4087198893229,1.0117407014147644,0,0.7236388340772576,0.6824193116196517,4,10,4,0,1,24872735.57142857,1.0717878587758762,1
2025-10-06,957.6116333007812,961.4973774003239,946.3479168763192,956.0868643620497,18542683,0.859965793966011,0.008562891516726328,1.0160083413867593,941.5768345424107,945.0585457938058,946.6823994954427,1.0170297294603294,0,0.6811989043983837,0.7211749180582346,0,10,4,1,0,25362087.42857143,0.7311181720441082,1
2025-10-07,966.514404296875,973.7447933808842,955.201513050652,958.1527020714059,25535736,0.9296849251305472,0.009253899541075247,1.0194129511698635,946.1652396065848,946.1582162039621,946.6889587402344,1.0215069882494852,1,0.6789300010835888,0.7578528705941874,1,10,4,0,0,24522438.42857143,1.0413212403154803,0
2025-10-08,962.7762451171875,969.8591107869768,958.6937429483099,960.1201629857547,15939710,-0.38676704279507756,-0.0038751692066682623,1.0116464386263015,950.8941737583706,947.0154680524554,946.5791097005208,1.0124956821555162,1,0.6509802502275737,0.7690282888616214,2,10,4,0,0,24674589.0,0.6459969809426208,0
2025-10-09,961.2022094726562,963.0713198098597,954.3653364923583,958.6445364195181,15370950,-0.16348924815232646,-0.0016362303766449605,1.009122275280344,954.6604527064732,947.0295148577009,946.7004333496094,1.0068524434500634,1,0.696427770574343,0.7166354520126335,3,10,4,0,0,22242127.714285713,0.6910737226873992,1
2025-10-10,964.9404296875,970.1541847807785,962.1859386567031,963.0713193511867,13757080,0.3889109053228923,0.00388156601941051,1.0082813994717068,958.8623831612723,948.0132446289062,947.4579060872396,1.0063388100659336,1,0.681835830909708,0.6578744592189911,4,10,4,0,1,20165041.0,0.682224251366511,0
2025-10-13,961.1038818359375,965.0388004923793,956.1852335153851,958.4477997344204,18634254,-0.39759426940012554,-0.003983867767554601,1.009259259259259,960.5136457170759,948.9126543317523,948.2907979329427,1.000614500503448,1,0.5592942296544857,0.6639207621900817,0,10,4,1,0,19205529.85714286,0.9702546161760598,1
2025-10-14,961.25146484375,964.4977607253469,951.2665847409552,954.2177737318785,22934382,0.015355572961639474,0.00015354394114212212,1.013909009521232,962.2000383649554,950.314470563616,949.1614013671875,0.9990141618339391,1,0.5579620166286607,0.6215018799994108,1,10,4,0,0,18673542.14285714,1.2281752344866548,1
2025-10-15,962.3335571289062,968.8753835018975,957.5132576917447,959.1364356766506,23310447,0.11257119752032807,0.0011250788365876566,1.011866285629865,962.8745989118304,952.2257167271206,950.2680969238281,0.9994380973560466,1,0.47034520549411246,0.5788063509634122,2,10,4,0,0,19354651.285714287,1.204384757745829,1
2025-10-16,978.1715698242188,980.384961573746,965.5306676270898,966.6619807603523,22936566,1.6457924155284243,0.01632396036707134,1.0153845905103795,964.5399082728794,955.3525739397321,951.5764567057291,1.0141328123745013,1,0.7066798378946828,0.6852078909297213,3,10,4,0,0,18983341.285714287,1.2082470443314777,1
2025-10-17,986.2381591796875,992.5832274986775,969.9574453059425,977.7781081157631,25210511,0.8246599680788558,0.00821278226953513,1.0233265720081135,967.8916102818081,959.3928920200893,952.9307250976562,1.018955168846373,1,0.6948310323227054,0.6519125878654434,4,10,4,0,1,20307741.42857143,1.2414236752360237,1
2025-10-20,986.6316528320312,1003.4042311581684,980.7784494751901,980.7784494751901,22195202,0.039898441231578374,0.00039890483920006654,1.0230692076228687,971.5243879045759,963.0924203055246,954.227608235677,1.01555006247454,1,0.6738825192288795,0.6584876254511507,0,10,4,1,0,21282634.57142857,1.0428784991589588,1
2025-10-21,991.3043823242188,993.5669485153896,987.664570603417,989.6320299074079,3471600,0.47360425532414485,0.004724862788373615,1.0059760956175299,975.2906668526786,967.0765250069754,955.5949930826823,1.01641942860298,1,0.6749196623143736,0.6524538190704936,1,10,4,0,0,19813280.285714287,0.1752158123207434,1
2025-10-23,992.386474609375,1003.8961237048558,989.6320435542233,999.4693402098319,43526526,0.10915842847574186,0.0010909889398387712,1.0144135188866799,979.7596086774554,970.1366271972656,957.026318359375,1.0128877183954992,1,0.5996187724278947,0.5764630965739574,3,10,4,0,0,23369319.14285714,1.8625500269785964,0
2025-10-24,978.5650634765625,995.4852253636408,975.1711841959709,994.5506701933195,17707768,-1.392744811264468,-0.014025345050669522,1.0208312566007771,982.2329799107143,972.2165091378348,957.9723368326823,0.9962657368372163,1,0.9228018651989105,0.7338131496360344,4,10,4,0,1,22622660.0,0.7827447347040534,1
2025-10-27,986.6316528320312,992.6323796093756,979.9914777728962,980.286584655995,15700796,0.8243283616533814,0.008209493322457129,1.012898991596546,985.7041364397321,974.2893676757812,959.124940999349,1.0009409683474082,1,0.9429718535573124,0.7314748829774335,0,10,4,1,0,21535567.0,0.7290635068953606,1
2025-10-28,987.2218627929688,991.5994716753507,978.8109864255694,981.4178939740924,33904289,0.059820699978896386,0.0005980281453061134,1.013065326633166,986.9970354352679,975.7684718540737,960.3136128743489,1.0002277892938165,1,0.7544114602121422,0.7025580483611168,1,10,4,0,0,23102384.57142857,1.4675666442645265,1
2025-10-29,991.451904296875,996.0262711888014,983.729650556841,988.5499498614066,17769445,0.4284793179051949,0.004275639590931182,1.0125,987.7418561662946,977.8167332240513,961.6514851888021,1.0037560908322547,1,0.7073643757147872,0.6879383195520039,2,10,4,0,0,22039375.14285714,0.806259019814316,0
2025-10-30,981.9097900390625,993.0750977302371,980.8768258561881,983.7296659041476,19962917,-0.9624384416891729,-0.009670998131246323,1.012436089376871,987.0673043387277,979.2958461216518,962.6778442382813,0.9947749112173051,1,0.8102192543772877,0.7516737046649333,3,10,4,0,0,21720477.285714287,0.919082796266625,0
2025-10-31,971.2362670898438,988.1072545286754,965.1863657946757,977.8272677237645,23221330,-1.087016654431583,-0.010929678467287767,1.023747630039436,984.2004307338169,979.7455487932477,963.3598958333333,0.9868277200058659,1,0.8507921989988491,0.8170032332018283,4,10,4,0,1,24541867.285714287,0.9461924689616846,1
2025-11-03,976.499267578125,978.3683179002891,967.3013592642496,968.9737116887809,16607180,0.5418867341157929,0.005404238104990927,1.0114410659408741,981.9308297293527,980.845219203404,963.8763529459635,0.9944684880168955,1,0.8988748939042325,0.8160323859186275,0,11,4,1,0,20696246.42857143,0.80242473229704,0
2025-11-04,969.2196655273438,980.7784892471573,967.6948965344255,970.9411924643373,20024544,-0.7454795197989084,-0.007482721057986358,1.0135203696532735,980.5957728794643,981.4143763950893,964.4780680338541,0.9883987799389393,0,0.7850289734627299,0.8480067928906568,1,11,4,0,0,21027214.42857143,0.9523155845498481,0
2025-11-06,968.6294555664062,974.9252895070431,958.1527104344483,965.0388182096445,22279516,-0.060895376139147306,-0.0006091392490393192,1.0175051209373396,978.0240304129464,981.8640834263393,965.1486450195313,0.9903943312695768,0,0.6673350186468916,0.848483275071413,3,11,4,0,0,21967031.57142857,1.0142251549807877,0
2025-11-07,966.317626953125,968.8753600783504,958.8904800750938,964.0550607577244,15004568,-0.23867007140820906,-0.002389553424178803,1.0104129514378686,975.0377110072544,981.0173732212612,965.9716979980469,0.9910566699567741,0,0.6528114160707054,0.7147821335372851,4,11,4,0,1,19267071.42857143,0.7787674455677525,1
2025-11-10,968.4818725585938,974.8269410200376,964.2518469316628,966.3176552483678,15988262,0.22396834592501857,0.002237179106858712,1.0109671494247334,971.7562779017857,979.7490670340402,967.0685567220052,0.9966304253261301,0,0.6182572316113186,0.6727941767432534,0,11,4,1,0,19012616.714285713,0.8409290651710624,1
2025-11-11,975.564697265625,977.3353986115102,962.0875891716729,967.4981021987119,10200530,0.7313327082023147,0.007286714378353791,1.015848670756646,970.849836077009,978.9585702078683,968.4408610026042,1.0048564268266942,0,0.6606923730003346,0.7103632577232423,1,11,4,0,0,17617990.0,0.57898375467349,0
2025-11-12,973.4005126953125,982.7459446009269,971.629811290036,982.549186657653,13137263,-0.22183916416598226,-0.0022208559175582927,1.0114407083662162,971.1590140206473,977.6797223772321,969.8984212239583,1.0023080655611538,0,0.5060792841504379,0.6929102068469198,2,11,4,0,0,16177409.0,0.8120746035412717,0
2025-11-13,970.596923828125,973.9907432290495,966.6127705451346,967.990016129637,14124839,-0.28802007299384424,-0.0028843564895936614,1.0076328110994788,970.3158220563616,976.1233258928571,971.0903767903645,1.000289701317214,0,0.4622820800055186,0.6905861987969396,3,11,4,0,0,15822788.857142856,0.8926895964755067,1
2025-11-14,973.4988403320312,975.5155341538173,960.169315545859,960.169315545859,21386965,0.2989826603262635,0.0029853659605243695,1.0159828254866006,970.9271327427456,975.761452811105,972.3561075846354,1.002648713278844,0,0.37393592211156557,0.5995936165210773,4,11,4,0,1,16017420.42857143,1.3352315433920012,1
2025-11-17,980.3357543945312,981.7129998984626,969.5639028977658,975.121999344663,18396408,0.7023032569990706,0.0069984859376059005,1.0125304757782199,972.5994611467634,975.311745779855,973.3824645996094,1.007954243814454,0,0.4374690918795125,0.5868870231216303,0,11,4,1,0,15462690.714285715,1.1897287697156016,0
2025-11-18,976.302490234375,982.7459073482096,973.8923406153428,981.4178963551165,20002640,-0.41141661334664903,-0.00412265259943847,1.009090909090909,974.0258701869419,974.5317905970982,974.277657063802,1.0023373301645429,0,0.468319245347912,0.5939386555250664,1,11,4,0,0,16176701.0,1.2365092239758897,1
2025-11-19,978.41748046875,980.3357652840727,967.9899702531849,973.8923481205824,19813847,0.2166326784506456,0.002163983681978141,1.0127540526351309,975.4452427455357,973.6007603236607,974.9711853027344,1.0030470574799755,1,0.4681288314648834,0.5826397666099663,2,11,4,0,0,16723213.142857144,1.1848110067569722,1
2025-11-20,992.4356689453125,995.1409255797437,976.3025381325072,979.106143718625,19850865,1.43274100845443,0.014225742681081564,1.0192956452651152,977.8553815569196,974.3526088169643,975.8352274576823,1.014910474149233,1,0.6527475548546084,0.6548533584532701,3,11,4,0,0,18101832.42857143,1.0966218518666622,0
2025-11-21,981.8114013671875,991.8946306513916,980.3358068377918,986.7792242744008,17499897,-1.0705245599864077,-0.01076295900186453,1.0117906779829704,979.0569370814732,975.1079755510602,976.4697326660156,1.0028133851887362,1,0.8134017875703089,0.652607049432241,4,11,4,0,1,18725065.85714286,0.9345706516340232,1
2025-11-24,982.8934936523438,994.9933562138265,977.4337461176169,983.7296398293618,32204053,0.11021386425635882,0.001101531733660776,1.0179650131438132,980.8135899135044,975.5647059849331,977.1927754720052,1.0021205902530599,1,0.7933120171150381,0.639131383299632,0,11,4,1,0,21307810.714285713,1.511373150053795,0
2025-11-25,973.6956176757812,989.7303993265384,972.3184321597589,987.6645910314578,24989383,-0.9357957943524453,-0.00940201872670022,1.0179076798205946,980.8417009626116,975.8844168526786,977.4846150716146,0.9927143357793443,1,0.8940334817127751,0.6590326561940734,1,11,4,0,0,21822441.85714286,1.1451231334966554,1
2025-11-26,987.5662231445312,990.566586579224,965.3338969506472,965.3338969506472,19494356,1.4245319807291823,0.01414480865679182,1.0261388206798532,981.8746250697544,977.237043108259,978.3666931152344,1.0057966647975778,1,1.0204744952833231,0.7550047618297634,2,11,4,0,0,21979291.57142857,0.8869419624671252,1
2025-11-27,993.0750732421875,1000.2562876177888,984.7133712881919,985.7954498771661,25536848,0.5578208294847675,0.005562707707909477,1.0157842035893794,984.2707083565848,979.1482892717634,979.427480061849,1.0089450644125162,1,1.0036330762638577,0.7542007740969074,3,11,4,0,0,22769892.714285713,1.1215181520806339,0
2025-11-28,991.2059936523438,995.583602701878,987.8613487922537,990.615779865885,15988807,-0.18821130851079948,-0.0018838864854499055,1.0078171434878644,986.097638811384,980.7714407784598,980.3898946126302,1.005180374275226,1,1.0173097250725867,0.7611191776382836,4,11,4,0,1,22223458.42857143,0.7194562921603644,0
2025-12-01,985.7954711914062,1000.9449320171519,983.0410401436599,1000.9449320171519,16746566,-0.5458524762346428,-0.005473476944698148,1.0182127613623086,985.1490391322544,981.5022103445871,980.6440246582031,1.0006561769168665,1,0.8801292582318903,0.7649982535492792,0,12,4,1,0,21779987.14285714,0.7688969644544589,0
2025-12-02,973.6956176757812,978.2208101938114,968.9737272569581,971.9249162739843,27316662,-1.2274202782653676,-0.012350152934553141,1.009543171993972,983.9896414620536,981.5232892717634,980.2259399414063,0.9895384835850741,1,0.9106541810398107,0.8388812098158842,1,12,4,0,0,23182382.14285714,1.178337145495494,1
2025-12-03,984.2214965820312,985.9921979107919,969.957416921422,969.957416921422,15448777,1.081023547315052,0.010752222591783489,1.0165314277819155,984.1793561662946,982.4964730398996,980.1456013997396,1.0000428178212362,1,1.0182320407484495,0.8807907315049166,2,12,4,0,0,20788771.285714287,0.7431308367231956,0
2025-12-04,980.9752197265625,988.3531921071142,976.8435431850351,983.7296507402166,14528169,-0.32983193993855187,-0.003303770845189241,1.0117824896344725,985.2192993164062,983.030500139509,979.8012959798177,0.9956922488294855,1,0.9462770505068369,0.8860570833550555,3,12,4,0,0,19294312.14285714,0.7529767784636161,1
2025-12-05,986.9759521484375,991.5994935414243,974.0891176678615,975.8598190407668,12843366,0.6117109077992566,0.0060984755166644256,1.0179761538815726,985.1349748883929,983.5047999790737,979.6209452311198,1.0018687563704183,1,0.7960796594267208,0.8813102319262618,4,12,4,0,1,18344170.714285713,0.7001333666175542,0
2025-12-08,986.7791748046875,990.1238795871441,981.2703128546212,983.7296369469886,12901022,-0.019937400026992513,-0.000199393877908017,1.0090225563909774,984.2355608258929,984.2531345912388,979.8947489420573,1.0025843548841704,0,0.7568878685982406,0.8716388895926173,0,12,4,1,0,16539052.714285715,0.7800339126349515,0
2025-12-09,980.8768310546875,986.4841021884776,977.82729309106,978.7126738119038,15294322,-0.5981423099213901,-0.005999383465204779,1.008853106431558,982.7599661690848,984.4288024902344,979.7029215494791,0.9980838300508537,0,0.7813638837541059,0.8888306591633177,1,12,4,0,0,16439840.57142857,0.9303205790560152,0
2025-12-10,973.6956176757812,982.2540778335763,969.2688341502419,981.2703481612342,15322830,-0.7321218272822949,-0.007348149920145884,1.0133969474988005,981.0314156668527,983.0902273995536,979.2520467122396,0.9925223617980827,0,0.8001597789827535,0.8091902242824659,2,12,4,0,0,16236449.714285715,0.9437303271119756,1
2025-12-11,984.0247802734375,986.3857555063869,972.4167821359742,973.892376646044,11844809,1.0608204874447358,0.010552332657722024,1.0143652121467186,982.5070103236607,983.2483258928571,979.0044759114584,1.0015447929977384,0,0.764468222133603,0.8196715778996205,3,12,4,0,0,14026185.0,0.8444783096757956,1
2025-12-12,985.2052612304688,988.3532081724247,981.9589653386773,986.6808557305643,11988618,0.11996455584211141,0.0011989265586606578,1.0065117210183443,982.6475481305804,983.4134521484375,979.1143249511719,1.0026028794400945,0,0.6474408863191282,0.8197589989447669,4,12,4,0,1,13531876.57142857,0.8859538391972158,0
2025-12-15,979.89306640625,985.5003373398883,975.8597989154725,975.8597989154725,9790060,-0.5391967575958834,-0.0054065566994817155,1.0098790199525893,982.4929547991071,983.8561270577567,979.4028849283854,0.9973537841872986,0,0.6705082194920442,0.7905239067627592,0,12,4,1,0,12855003.857142856,0.7615758119403576,0
2025-12-16,978.1223754882812,982.4508099496376,973.9906989646398,973.9906989646398,20049088,-0.1807024642456856,-0.0018086592810043257,1.008686028515458,981.2281581333706,983.1815665108817,979.4569885253907,0.9968348007348284,0,0.611597499994794,0.68490301302854,1,12,4,0,0,13884392.714285715,1.4440017948621837,0
2025-12-17,967.989990234375,979.7947462128429,964.8420432983647,979.7947462128429,19080922,-1.0359015914392256,-0.010413043961905259,1.0154975656568215,978.5439889090402,981.3897748674665,979.4159993489583,0.9892145894366674,0,0.6965871950368746,0.7053065848213059,2,12,4,0,0,14767235.57142857,1.292111980452014,0
2025-12-18,963.7599487304688,971.334679033018,957.464054962666,957.464054962666,14912404,-0.43699227745961355,-0.00437949879495336,1.0144868353004572,976.0987200055804,979.4293430873325,979.2536824544271,0.9873590949130217,0,0.6866106360138065,0.708648098625668,3,12,4,0,0,14712675.857142856,1.0135752425185238,1
2025-12-19,969.465576171875,971.9249003123414,962.7762265182249,970.9411706561548,25952384,0.5920174882679152,0.005902719506065423,1.0095023885531549,975.4944283621652,978.262922014509,979.3586140950521,0.9938196959254677,0,0.7132622615177953,0.7306007114538623,4,12,4,0,1,16231183.57142857,1.5989212299763194,1
2025-12-22,971.6298217773438,976.745228147207,967.8916609831689,971.9249286743926,13540411,0.2232410988758149,0.0022299228616735464,1.0091472708371563,973.7237200055804,978.1153651646206,979.463545735677,0.9978495971853036,0,0.5440936877364081,0.660468339851146,0,12,4,1,0,16473412.42857143,0.8219554423657577,1
2025-12-23,980.3849487304688,982.647574967353,971.6297908389565,974.3842218605324,17927849,0.9010763931792232,0.008970409235077708,1.011339487768158,973.0351039341518,977.841326032366,979.6242207845052,1.007553524807687,0,0.6791257259253322,0.6389367434060405,1,12,4,0,0,17321874.0,1.0349832241015031,1
2025-12-24,980.9752197265625,983.1394369666097,976.8435431850351,976.8435431850351,13699996,0.06020808426916435,0.0006018996647399437,1.0064451403968404,973.189697265625,977.841326032366,979.8767110188802,1.0080000050173286,0,0.6468427550518098,0.6331468011904199,2,12,4,0,0,17880436.285714287,0.7662003197844628,0
2025-12-26,975.9581909179688,980.9752483081762,971.6298163538564,979.7947606844748,9360853,-0.5114327770677218,-0.005127450707404863,1.0096183050345136,972.8805280412946,977.0543430873325,980.055419921875,1.0031634540809142,0,0.6751956631097792,0.6209683311576799,4,12,4,0,1,16353545.57142857,0.5724051068383869,0
2025-12-29,975.564697265625,981.1719682293385,971.1379138798658,976.9418827381613,13545749,-0.04031869971536928,-0.00040326829888496466,1.0103322650738502,973.962629045759,976.2533089773996,980.1242818196614,1.0016448970135905,0,0.5133834175248644,0.6208446965693578,0,12,4,1,0,15562806.57142857,0.8703924281156559,0
2025-12-30,974.7777709960938,978.8110386964976,966.219310709625,974.0891482066822,33155849,-0.08066366810288716,-0.0008069621874518475,1.0130319564588548,975.536603655134,975.8176618303571,979.9390157063802,0.999222138199431,0,0.4652197662099527,0.6027527292720605,1,12,4,0,0,18169013.0,1.8248569143519244,1
2025-12-31,975.0728759765625,981.3687099365719,971.531413084593,974.8761180311038,10963454,0.030274077769254504,0.000302694960950137,1.0101255571559395,976.337646484375,975.91603742327,979.8980285644532,0.9987045767287918,1,0.4257462851197426,0.569195517836761,2,12,4,0,0,16027737.285714285,0.6840300539348033,0
2026-01-01,975.023681640625,981.3195154723957,973.4005036762727,977.3354223369146,7132074,-0.005045195815567283,-5.0453230898522124e-05,1.0081354095937027,976.8224836077009,975.2731018066406,979.784901936849,0.9981585170312293,1,0.4219575695711673,0.48278444508508583,3,1,1,0,0,15112260.57142857,0.4719395861585386,1
2026-01-02,985.3035888671875,986.8775923251652,972.7118614138294,975.0236621058955,11751459,1.0543238508079034,0.010488046167361882,1.0145631316664998,977.525146484375,975.2801252092634,979.5471659342448,1.0079572811101456,1,0.4741817696611014,0.5674161528568425,4,1,1,0,1,14229919.142857144,0.8258275315569005,0
2026-01-05,961.5957641601562,990.0255759869466,960.4152765333309,989.3861276768052,27647379,-2.406144154441614,-0.02435564695269591,1.0308307251843136,974.7566528320312,973.9731750488281,978.8733113606771,0.9864982827933129,1,1.050676158497876,0.852307496483303,0,1,1,1,0,16222402.42857143,1.7042715542123728,0
2026-01-06,946.544677734375,950.9714611429873,940.445541918535,947.0365425575541,31988783,-1.5652197094406572,-0.015775986144139123,1.011192481388108,970.5547223772321,971.7176252092634,977.6616841634115,0.9752615240652809,0,1.1592678643543983,0.9348283572882677,1,1,1,0,0,19454963.85714286,1.644247876012135,0
2026-01-07,933.608642578125,940.8882662408619,930.6082790568153,940.4455758755977,52884712,-1.3666586966833316,-0.013760834445883531,1.0110465245317455,964.5610002790179,969.2618146623884,976.3254516601562,0.9679104196707732,0,1.1927922538682834,0.9605858306354303,2,1,1,0,0,25074815.714285713,2.1090767965193993,0
2026-01-08,931.296875,937.4943598087852,926.083119844739,929.3294156929511,21928849,-0.2476163429401379,-0.002479234192253767,1.0123220472542025,958.3494437081473,966.9430236816406,974.4498067220052,0.9717717071932837,0,1.1818323007295928,0.9591379737035467,3,1,1,0,0,23470958.57142857,0.9342971201310117,0
2026-01-09,923.72216796875,935.1334082207486,918.1148967937476,929.6245460388378,38183839,-0.8133504186030871,-0.008166761586769525,1.0185363634621694,951.0136282784598,963.6756373814175,972.1380432128906,0.9713027663345758,0,1.1440563141517315,0.9386693648295182,4,1,1,0,1,27359585.0,1.3956293196698708,0
2026-01-12,921.7055053710938,926.6733280832916,914.4750564356341,922.246544668881,21071666,-0.21831917297068237,-0.0021855783670618194,1.0133390971812866,943.396745954241,960.109614780971,969.8213602701823,0.9770072976442093,0,1.1231163534089876,0.9255966486722568,0,1,1,1,0,29350955.285714287,0.7179209601486468,1
2026-01-13,922.0989990234375,932.2806373194226,917.4262830054705,932.2806373194226,32042827,0.04269190647672172,0.00042682796075172477,1.0161913328505148,934.3675188337054,955.9463326590402,967.69814453125,0.986869706445295,0,0.8854804453101756,0.8609469707027536,1,1,1,0,0,32249722.14285714,0.9935845914597138,0
2026-01-14,910.3926391601562,924.7550683892156,905.2280583696796,914.8685971701506,36688248,-1.2695339519595006,-0.012776613946010032,1.0215713707048633,927.0527866908482,950.9047197614398,965.5880452473958,0.9820289116543611,0,0.6425424420544402,0.8755314205837273,2,1,1,0,0,33541274.85714286,1.0938238977576302,0
2026-01-15,910.3926391601562,910.3926391601562,910.3926391601562,910.3926391601562,0,0.0,0.0,1.0,921.8882097516741,946.2214660644531,963.1270833333333,0.9875304071904614,0,0.5928984658519381,0.8868878676011359,3,1,1,0,0,28971448.714285713,0.0,1
2026-01-16,915.95068359375,920.7218085803552,904.2443363942556,906.9987674975428,37780235,0.6105106955523132,0.006086546294957257,1.018222367033898,919.3656441824777,941.9633222307477,960.9595987955729,0.9962855251223094,0,0.6114791547499027,0.9284579598753013,4,1,1,0,1,26813666.285714287,1.4089917655210191,0
2026-01-19,912.8027954101562,920.9185652819042,904.5394420693568,920.6726328615482,38191942,-0.3436744182823248,-0.003442663353787753,1.0181076937618951,916.7236328125,937.5365382603237,958.4871602376302,0.9957229886281925,0,0.6119497664349541,0.9231572391039385,0,1,1,1,0,29136965.285714287,1.3107728147215565,1
2026-01-20,916.049072265625,919.2953681382725,904.637772173591,914.1799618930222,36022727,0.3556383560383569,0.0035500745820425173,1.0162027238034328,915.6274762834821,933.320552280971,956.1294901529948,1.0004604448785812,0,0.6030241521298635,0.9404937830704891,1,1,1,0,0,28828235.0,1.2495640818801428,0
2026-01-21,905.3755493164062,916.9836070913005,900.6044845836736,909.9499161549952,32766854,-1.1651693421642073,-0.01172010633821507,1.0181868098460543,913.2946254185268,928.345685686384,953.6127807617188,0.9913291112399883,0,0.7235502518671273,0.9501970095215156,2,1,1,0,0,30498976.14285714,1.0743591472225207,0
2026-01-22,903.75244140625,913.1962220288154,898.3419283315923,912.9011151422527,44444755,-0.1792745464997081,-0.0017943543563241806,1.0165352336663287,910.6736886160714,922.5206037248884,951.2813415527344,0.9923998603491669,0,0.7132327687610431,0.8438470344316874,3,1,1,0,0,32270680.14285714,1.3772487844461343,0
2026-01-23,901.1947021484375,911.0319985807623,894.4561781091321,905.0312717738813,30985247,-0.28301326122368575,-0.0028341450097377667,1.0185317300917651,909.3596976143973,918.2062421526227,948.5203389485677,0.9910211597375826,0,0.5690467548018349,0.6693132471160528,4,1,1,0,1,31455965.714285713,0.9850356298528156,1
2026-01-27,911.3272094726562,916.0490999795524,890.2753700750383,891.2590997657288,44753093,1.1243416433832643,0.01118067904436115,1.0289502897315261,909.4932076590402,915.6907087053571,946.0577372233073,1.0020165096321463,0,0.7471365808573677,0.7123538125044919,1,1,1,0,0,37849264.71428572,1.1824032339288357,1
2026-01-28,917.524658203125,926.1322926560076,913.2946327089841,917.3279002643548,35347138,0.6800464932957384,0.006777446071683697,1.0140564276710406,909.7180611746652,914.5418526785714,943.9787902832031,1.0085813367477607,0,0.7567426078952451,0.6787866768203731,2,1,1,0,0,37501679.428571425,0.9425481348728627,1
2026-01-29,920.2791137695312,924.0172745375145,909.310503842987,914.9669494914904,37175628,0.30020507261359075,0.0029975535700671337,1.0161735409767871,910.7861066545759,913.7548697335379,942.0506815592448,1.0104228721162911,0,0.7431903341701186,0.6867262888935601,3,1,1,0,0,37356491.71428572,0.9951584395111559,0
2026-01-30,914.1307983398438,923.6238136980638,912.6552038308206,914.8685955943554,29691233,-0.6680924664804744,-0.0067033419432125435,1.0120183502172595,910.5120675223214,913.0697719029018,940.2553751627604,1.003974390836323,0,0.7882178490830923,0.6758504024184732,4,1,1,0,1,36451992.571428575,0.8145297665640445,0
2026-02-02,912.9994506835938,914.6718030723491,894.5053455447564,900.1126164754811,28032106,-0.12376212007129128,-0.001238387686308956,1.0225448149952767,911.6011962890625,912.4479108537946,938.5633585611979,1.001533844405013,0,0.6174284204803662,0.6747516102227354,0,2,1,1,0,35775600.0,0.7835537628998536,1
2026-02-03,933.2643432617188,977.8272849855383,929.6245315003357,967.7440559401642,50336968,2.219595265139751,0.021953207895365222,1.0518518518518518,915.8171822684152,913.2454354422433,937.3566507975261,1.0190509212221681,1,0.981223463523639,0.9110803686888449,1,2,1,0,0,36617344.71428572,1.3746755367644605,1
2026-02-04,937.5927124023438,941.62604002273,932.5265406922532,937.0024986247718,24366770,0.46378811875502635,0.004627159354871773,1.0097578984976898,921.0168980189732,915.1882978166852,936.222080485026,1.0179972967043533,1,0.9254560294139328,0.8259354485478602,2,2,1,0,0,35671848.0,0.6830812353764234,0
2026-02-05,934.248046875,940.4947060438036,931.2968579683982,940.4455315704454,28103169,-0.35672904482948464,-0.00357366840139119,1.0098763868864225,924.2913033621652,916.8922555106027,934.6841837565104,1.0107723003306603,1,0.946886885940453,0.838441778419851,3,2,1,0,0,33293287.42857143,0.8441091634550512,0
2026-02-06,925.7879638671875,932.674071523322,922.3449100391202,929.6245335781572,18120272,-0.9055499806620904,-0.009096750061614358,1.0111988057523553,925.4717755998884,917.5949183872768,932.8446085611979,1.0003416509024212,1,1.0422215296412614,0.8767283610697849,4,2,1,0,1,30832306.57142857,0.5877040680696768,0
2026-02-09,922.0006103515625,934.5431633331389,920.1315000080592,929.6245151050697,23947829,-0.40909513446303336,-0.004099342178229018,1.0156626127080242,925.7177036830357,918.2519051688058,931.0460225423177,0.995984636226914,1,1.0575977783803372,0.8793300316122801,0,2,1,1,0,28942621.0,0.8274243372775396,0
2026-02-10,917.2295532226562,925.5912552799808,914.8194035624206,914.868578036692,31525385,-0.5174678926825216,-0.005188113945804462,1.0117748395755635,926.160382952009,918.3362252371652,929.1015177408855,0.9903571455940634,1,1.0424161234878457,0.8888216736155676,1,2,1,0,0,29204642.714285713,1.0794648408617262,0
2026-02-11,912.0157470703125,920.7709650928405,910.2450456843219,916.098249190927,24869804,-0.5684298040796065,-0.005700515147348439,1.0115638304854548,926.0198538643973,918.81052507673,927.0094502766927,0.9848770987623603,1,1.0682105988293165,0.8410057724775187,2,2,1,0,0,28752885.285714287,0.8649498564360226,0
2026-02-12,905.6215209960938,913.4913584500406,903.5557126812706,911.9174149760892,33872203,-0.7011091743491349,-0.007035784932371132,1.0109961628589412,922.0708792550223,918.9440307617188,924.694405110677,0.9821604188690801,1,0.43418320782458986,0.8634739378388665,3,2,1,0,0,26400776.0,1.28300027999177,0
2026-02-13,889.1932373046875,913.097855324917,886.3403973585059,898.1451529282086,50188359,-1.814034153399624,-0.01830689482658746,1.0301886927935975,915.1566685267857,918.0867832728794,921.8333902994792,0.9716295229931571,0,0.5027590708963964,0.99194992647015,4,2,1,0,1,30089574.42857143,1.667965066077633,1
2026-02-16,910.7368774414062,914.3766890728148,887.4224732532938,889.1932346170704,18806989,2.4228299578640033,0.02393945057518973,1.0303736006602433,911.7979300362723,918.0446166992188,919.3478332519531,0.9988363073002109,0,1.312940868259689,1.1606966726377392,0,2,1,1,0,28761548.714285713,0.6538934737773237,0
2026-02-17,910.6385498046875,912.9994649414832,903.6540332583628,907.9824677389611,22599629,-0.010796492286002657,-0.00010797075149183962,1.0103418247904268,909.6337280273438,917.552751813616,917.6492594401042,1.0011046443710072,0,1.2939533984643532,1.1442018205128106,1,2,1,0,0,29401456.85714286,0.7686567747240591,0
2026-02-18,909.6548461914062,910.4418179261975,904.5886143276533,908.1792516728873,12738702,-0.1080234977414718,-0.0010808188517367832,1.0064705696112421,907.8700474330357,916.7938755580357,916.4195983886718,1.0019659187605285,0,1.291944465455768,1.1398454485882175,2,2,1,0,0,27800153.0,0.4582241687662654,0
2026-02-19,900.702880859375,914.0816406792112,897.6041683586819,913.8848827326366,21209234,-0.9841057154273192,-0.009889800410988185,1.0183571700103167,905.5090942382812,915.834738595145,915.3227396647136,0.9946922527785883,0,1.3235923339849571,1.1554748419835343,3,2,1,0,0,26326417.14285714,0.8056255389751913,0
2026-02-20,897.0138549804688,902.9162328649714,893.6200357305538,896.1777087970013,22654907,-0.4095718973815776,-0.004104129403130474,1.0104028521773438,903.365966796875,914.6929103306362,914.1799723307291,0.9929683959216116,0,1.3186142305041142,1.158457630771316,4,2,1,0,1,26010003.285714287,0.8710074639799436,1
2026-02-23,908.5726928710938,910.5893867142319,900.3585742006053,901.5882362795462,23270122,1.2885907866915458,0.012803590954059018,1.0113630422442639,903.7875627790179,912.92922101702,913.674989827474,1.005294529698287,0,1.4111536166121685,1.0338500095210779,0,2,1,1,0,24495420.285714287,0.9499784746935377,0
2026-02-24,895.6858520507812,912.8519465614362,894.3578410316289,912.8519465614362,31313985,-1.4183610096832222,-0.014285158856812093,1.0206786419052072,904.7150791713169,909.9358738490513,912.8076680501302,0.9900198113987377,0,1.3293656636804325,1.0647107472076351,1,2,1,0,0,21799081.14285714,1.4364818771391465,0
2026-02-25,892.8330078125,901.0963609031212,888.4062243801156,895.7350222932594,27884303,-0.3185094675492883,-0.003190177886079909,1.0142841598525045,902.1573835100446,906.9776567731585,911.8321350097656,0.9896643580510686,0,0.853661322209848,1.0646606630017827,2,2,1,0,0,23095840.285714287,1.207330092997204,0
2026-02-26,883.9794311523438,897.1614323550999,880.4380284625158,897.1614323550999,41165937,-0.9916273908654127,-0.009965767620055025,1.0189944134078213,898.3489379882812,903.9913330078125,910.9516947428385,0.9840045374037889,0,0.8821109488212804,1.0685554524236982,3,2,1,0,0,25748170.0,1.5987907878501657,0
2026-02-27,873.3060302734375,884.3238147843207,870.6007736322075,883.9794733683615,34620755,-1.2074263837782429,-0.012147749887076642,1.0157627256576625,893.15625,900.5131487165179,909.7154744466146,0.9777751992145132,0,0.9145358240926843,1.0944191933697722,4,2,1,0,1,28874177.57142857,1.199021337122265,0
2026-03-02,865.0918579101562,873.3059762779105,857.3695443137591,861.9439110956672,38378924,-0.9405834929033241,-0.009450349143180468,1.0185875881291153,888.0689610072544,896.7890276227679,908.0201802571614,0.9741268931738845,0,0.9114518586641105,1.1042669710599902,0,3,1,1,0,31326990.42857143,1.2251072788976543,0
2026-03-04,854.5167846679688,864.993469417403,834.202743374385,834.202743374385,39862322,-1.22242200588204,-0.012299550369187607,1.0369103629634064,881.9979509626116,892.6819588797433,906.0773132324218,0.9688421427003884,0,0.938816247532595,1.1250529713689974,2,3,1,0,0,33785192.571428575,1.1798755302555453,1
2026-03-05,863.4686889648438,867.0593261570968,849.4505416361635,859.6321193633155,31324582,1.0475984155599027,0.010421491280846561,1.0207296171558338,875.5545218331473,889.6710423060825,904.3246337890625,0.9861963674826332,0,0.85495998267503,1.1911455008041734,3,3,1,0,0,34935829.71428572,0.8966319751435865,0
2026-03-06,843.10546875,857.5171318697022,841.1871839599715,853.9264946975441,34439647,-2.358304415097656,-0.023865574935064714,1.0194129775406893,868.0430385044643,886.3790588378906,902.248964436849,0.9712715053882249,0,1.0370483938169481,1.2505890908487607,4,3,1,0,1,35382352.85714286,0.973356609128029,0
2026-03-09,827.0215454101562,828.7430723323081,808.1339237415574,811.5769775858611,35592613,-1.9077000370653519,-0.019261314210614097,1.0255021451089852,858.6414010184152,880.39939226423,899.6912679036458,0.9631745504342613,0,1.0731210638247,1.0204726252044616,0,3,1,1,0,36483540.0,0.9755800286923911,1
2026-03-10,835.629150390625,842.8595391904452,826.923107096334,836.2193641547399,52866024,1.0407957360046627,0.010354167478444453,1.0192719636896719,851.7342180524554,875.0415780203683,897.5057495117187,0.981091439887603,0,1.342961623774203,1.1085417920596794,1,3,1,0,0,38154981.0,1.385560223447628,0
2026-03-11,820.38134765625,835.0388833093358,814.1346283989498,831.2515482012323,42261076,-1.8247092896708117,-0.01841562438422919,1.025676656146534,844.1735491071429,868.6648995535714,894.4742207845052,0.9718159832465052,0,1.3940371827764573,1.1435649076093075,2,3,1,0,0,39246455.428571425,1.0768125564081878,0
2026-03-12,819.2008666992188,822.7915039414563,806.7566625998296,806.7566625998296,46107561,-0.14389417316761355,-0.001439978002537935,1.0198756850547144,837.617693219866,862.8433271135602,891.1967610677083,0.9780128492154319,0,1.4206077423833607,1.1511704390745459,3,3,1,0,0,40350546.428571425,1.142675008915174,0
2026-03-13,803.7071533203125,810.3965031755142,798.7885048911796,806.6583423777922,41700464,-1.8913204329647049,-0.019094346602420296,1.014532004671144,830.3591744559152,856.1785627092634,887.3110290527344,0.9679030208185919,0,1.4777007543325462,1.1928448479228833,4,3,1,0,1,40613138.14285714,1.0267727613984956,1
2026-03-16,826.9231567382812,830.7597265616207,802.3791489072894,803.7071599773169,52182605,2.8886147550208685,0.028476806950271483,1.035370532363635,825.1383841378348,850.346452985491,884.4041076660156,1.0021629979101159,0,1.9595836912132187,1.4538474732365125,0,3,1,1,0,43592855.71428572,1.1970448860247382,1
2026-03-17,831.5958251953125,835.0881134427475,821.5125964091002,833.907625869114,38826979,0.565066828635219,0.0056347631486199715,1.0165250260227134,823.4941493443081,845.7685939243862,881.6906534830729,1.0098381705048605,0,1.8294705952378227,1.4708617186148836,1,3,1,0,0,44219617.428571425,0.8780487317131987,0
2026-03-18,829.333251953125,833.0222380629118,818.0695356894909,831.5958180920426,23507063,-0.2720760703261216,-0.00272446869990493,1.0182780334935935,823.8243931361607,841.2328970772879,878.2262837727865,1.0066869333596606,0,1.6697938697603396,1.4714005634652632,2,3,1,0,0,42493110.28571428,0.5531970439900422,0
2026-03-19,785.2130126953125,802.3791069663046,757.4718247668609,757.4718247668609,171637393,-5.319965062766618,-0.05466703233906636,1.0592857459922889,816.622087751116,834.1781529017857,873.1469604492188,0.9615378085813224,0,2.5438454154878354,1.9545342219990267,3,3,1,0,0,59460448.71428572,2.886580856877441,0
2026-03-20,767.7518310546875,780.8354236248008,765.5384393026802,772.2277890336613,103129469,-2.2237509259669497,-0.022488490444394726,1.0199819937664456,809.1035853794643,826.6385672433036,867.5970865885416,0.9488918908876381,0,2.5734470320528144,1.9884214909483446,4,3,1,0,1,68155933.42857143,1.5131399984138054,0
2026-03-23,732.04248046875,756.1930326018271,728.9928823726722,750.7333447737776,72341738,-4.651157983808685,-0.0476279985755421,1.0373119558323065,796.6523873465402,817.1350402832031,861.1389038085938,0.9188982448254621,0,2.892741774960256,2.2275468311468645,0,3,1,1,0,71903673.0,1.0060923869633196,1
2026-03-24,752.454833984375,760.1770877270425,735.5346719806084,742.7158864237038,61269986,2.788411063597618,0.027502427833767513,1.0335027248682624,789.3306274414062,809.8449009486607,855.4873779296875,0.9532821961101863,0,3.3130417662444525,2.4645420547096593,1,3,1,0,0,74699319.0,0.8202214801985008,1
2026-03-25,769.5717163085938,781.8683373030494,755.7011518436857,755.7011518436857,59230640,2.2748052841367272,0.02249317397942538,1.0346263670440672,781.1375645228794,803.1379743303571,850.5654500325521,0.9851935833845731,0,3.2026711824233214,2.5582606028686707,2,3,1,0,0,75706181.14285715,0.7823752183224261,0
2026-03-27,743.8963623046875,762.2921184952538,742.2731843894259,760.6197661066401,65485199,-3.3363172606009073,-0.03393242036522728,1.0269697660198986,768.6090698242188,796.0516095842634,844.9614705403645,0.9678474942727607,0,3.2289574091025437,2.6171088411780463,4,3,1,0,1,79514498.28571428,0.8235630031229813,0
2026-03-30,719.6473999023438,738.7809532430898,714.8271607333363,733.0753333889118,103500135,-3.2597232129509712,-0.03314035745356986,1.0335099081646246,752.9396623883929,788.3820277622768,838.7623331705729,0.9557836249714312,0,3.2317633385279816,2.682937064482713,0,3,1,1,0,90942080.0,1.1380884954467723,1
2026-04-01,730.17333984375,743.6012737142313,727.0745673991486,730.9111370884557,78862761,1.4626523965534544,0.01452058809687678,1.022730414535336,745.0768519810268,780.8494698660714,833.461669921875,0.9799973491356616,0,3.069578751726745,2.709311715285402,2,4,2,0,0,77688561.14285715,1.0151141923581732,1
2026-04-02,738.6826171875,742.7158847301245,714.8271732077576,718.1226435138951,49310300,1.1653777095683715,0.01158639483534907,1.0390146213905347,740.9241071428571,775.0138462611607,827.7265279134115,0.996974737447806,0,3.1099601343191137,2.7504343919960124,3,4,2,0,0,70000108.42857143,0.7044317659924277,1
2026-04-06,758.45556640625,760.1770933079504,732.8785952952741,746.6508105088765,42976659,2.6767855041769595,0.02641586356626505,1.037248322147651,744.6974051339286,770.6748962402344,822.6537618001302,1.0184748344461427,0,2.6875286521780515,2.894696069675147,0,4,2,1,0,65805097.14285714,0.6530901231967093,1
2026-04-07,759.4392700195312,761.4067292682865,748.6182441513773,753.5368922732654,51309793,0.1296982521919121,0.0012961421666269769,1.0170827858081473,745.6951817103794,767.5129045758929,817.6465759277344,1.018431241942086,0,2.4977974047526708,2.8707775500767014,1,4,2,0,0,64382212.428571425,0.7969560390134998,1
2026-04-08,802.82177734375,804.4941298279846,783.0488345582994,786.9837533249241,70269512,5.712439300525385,0.055552384926165856,1.0273869193379006,750.4451904296875,765.7913774762835,814.3838724772136,1.0697940203788538,0,3.217388794929153,3.19757185069097,2,4,2,0,0,65959194.14285714,1.065348249219167,0
2026-04-09,784.72119140625,805.674621946626,780.1959987742106,801.7397031581198,48879392,-2.2546206951919445,-0.022804258778951383,1.0326566955129808,756.2773088727679,762.4431893484933,810.6407836914062,1.0376103873536517,0,3.0135307492666317,3.236719967216357,3,4,2,0,0,63586936.0,0.7687017974887168,1
2026-04-10,797.1161499023438,799.0344347920734,787.9674758614352,790.9186649096054,38156026,1.5795366089045526,0.015671917540624757,1.0140449438202248,767.3442731584821,760.1419677734375,806.9255655924479,1.0387985911738378,1,2.4229442272890283,3.27836322054982,4,4,2,0,1,54252063.28571428,0.7033101358570318,0
2026-04-13,781.7699584960938,785.5081191272287,774.5395096022282,778.6220116333144,47549328,-1.9252139613693764,-0.019439875504534927,1.0141614590205135,774.7152186802456,759.8960353306362,803.128369140625,1.0091062362604237,1,2.747354967733638,2.9856047618744235,0,4,2,1,0,49778715.71428572,0.955214037118159,1
2026-04-15,796.72265625,801.5428954413671,790.9186273804953,791.8531825431569,39769515,1.912672339401622,0.018946107052142572,1.0134328206380208,783.0066528320312,761.9653799874442,799.9246907552083,1.0175170969088958,1,2.7687440837198274,2.9520381283233914,2,4,2,0,0,48415746.428571425,0.8214169548882747,0
2026-04-16,782.5077514648438,806.7074765090769,779.3106301457999,804.6908427624061,62861293,-1.7841722804849969,-0.01800280520904854,1.035155232462505,786.4426792689732,765.5700422014509,796.5423014322917,0.9949965484988847,1,2.8621765763282783,2.667478112143852,3,4,2,0,0,51256408.428571425,1.2264084614434234,1
2026-04-17,786.8853759765625,790.8694690755784,775.3757269911107,777.2447773125524,37282544,0.5594352903883548,0.005578762629647865,1.0199822377011878,790.3635515485491,768.0293666294643,793.6616129557292,0.9955992712908232,1,2.857979346613657,2.586322923396826,4,4,2,0,1,49252515.71428572,0.7569673032800268,0
2026-04-20,782.5077514648438,796.7718311959621,777.146412936798,784.130869340026,52148044,-0.5563230230687499,-0.005578762629647836,1.0252531800089002,787.4615478515625,768.953369140625,790.9088094075521,0.9937091577357215,1,1.7261768278071918,2.534489607821246,0,4,2,1,0,46663734.571428575,1.1175283007016197,1
2026-04-21,798.5425415039062,801.6413139109341,782.2618278432276,782.2618278432276,49135752,2.0491541469136454,0.020284414619140687,1.0247736568217034,789.4360264369419,772.856667654855,789.0430013020833,1.011535469324938,1,1.7021255290338286,2.368083875821116,1,4,2,0,0,46700357.428571425,1.0521493775535558,0
2026-04-22,786.8853759765625,799.8213849297669,785.0162656130275,796.8210214869076,23876412,-1.4598051977781523,-0.01470565198949276,1.0188596338257754,787.9744873046875,777.6593802315848,786.490224202474,0.9986178342755101,1,1.697713518810507,2.188348984689984,2,4,2,0,0,44660412.571428575,0.5346213934278542,0
2026-04-23,771.5883178710938,783.6882404572269,769.7684420568696,779.1138736217773,37677616,-1.9440008128864261,-0.019631450239249663,1.0180830982927316,786.5199672154018,780.6175929478237,784.1063191731771,0.9810155495515618,1,1.7009587032552518,2.2799525451452216,3,4,2,0,0,43250168.0,0.8711553675352197,1
2026-04-24,772.0802001953125,774.7854567622786,764.3579463755373,764.6530532653331,27720358,0.06374932238164543,0.000637290111328554,1.0136421822212838,782.9996163504464,783.0031345912388,782.2749409993489,0.986054378664923,0,1.44746126429589,2.271191367171113,4,4,2,0,1,41528859.85714286,0.6674962446683248,1
2026-04-27,776.9496459960938,780.0975928052393,772.227755803421,774.6870798664892,18115375,0.6306917078756191,0.006287111707506324,1.0101910828025478,782.2056012834821,784.3241402762277,780.3189575195313,0.9932805962028857,0,1.358419400373584,2.1729585995171927,0,4,2,1,0,35136585.85714286,0.5155701545293239,0
2026-04-28,769.817626953125,781.5732082997206,765.6367759332712,772.2277766082829,35366803,-0.9179512571661053,-0.009221903917875435,1.0208146119248565,779.767351422991,785.06545148577,778.6335001627605,0.9872401371361486,0,1.354763691543409,2.193280439405322,1,4,2,0,0,34862908.571428575,1.014453596937818,0
2026-04-29,766.3253784179688,777.1464043006358,764.7022005187322,772.7196209849993,25799963,-0.4536462160496746,-0.004546783130585717,1.016273267911956,777.455583844866,782.4585658482143,776.8709838867187,0.9856838054055083,0,1.3521414629580635,1.4900044101989318,2,4,2,0,0,31098897.0,0.8296102270122313,0
2026-04-30,759.1441650390625,766.1286213727735,749.847908057028,757.4718126650201,47998755,-0.9370971627915337,-0.00941515542928,1.0217120207188832,771.8272443498884,780.6316353934152,775.3855509440104,0.9835674635695079,0,0.8795180743415778,1.397233235122299,3,4,2,0,0,30936468.85714286,1.5515266212716992,0
2026-05-01,759.1441650390625,759.1441650390625,759.1441650390625,759.1441650390625,0,0.0,0.0,1.0,767.8642142159598,777.9193507603237,773.1262512207031,0.9886437614679034,0,0.8464451590799109,1.3005328039534412,4,5,2,0,1,27525552.85714286,0.0,1
2026-05-04,766.7189331054688,773.8017387354295,760.0295232783589,760.0295232783589,29028060,0.9978036340457797,0.009928584419149563,1.0181206322060552,767.1685878208706,776.8442775181362,770.9636881510417,0.9994138775719701,0,0.7382119577102242,1.2605123084059116,0,5,2,1,0,26289902.0,1.104152461275816,0
2026-05-05,759.734375,764.2595672860843,751.2743242683289,761.8002432312857,38887657,-0.9109672141757286,-0.009151418931474852,1.0172842896373464,765.4048985072544,774.2022574288504,768.6437255859375,0.992591472149821,0,0.7945794081246563,1.1271348557554066,1,5,2,0,0,27885230.42857143,1.3945610777580448,1
2026-05-06,783.58984375,785.9508189360297,760.9148872376333,762.5380651832903,35530831,3.1399749089936924,0.030916859363349022,1.0329024075074742,766.353498186384,774.2795497349331,768.5896199544271,1.0224913771574173,0,1.4995041695639064,1.3795242231039444,2,5,2,0,0,30373152.714285713,1.1698104353615035,0
2026-05-07,783.0979614257812,788.5084744009563,775.7199891869062,781.0813276889071,46137553,-0.06277293256695682,-0.0006279264302125718,1.0164859554894992,768.2506888253348,774.0090201241629,769.1011576334636,1.0193260778238262,0,1.4331537006524582,1.3707564637330607,3,5,2,0,0,31911831.285714287,1.445782054527658,0
2026-05-08,768.145263671875,775.9167518274592,764.5546865191014,771.2440360478325,38016841,-1.9094287675940236,-0.0192789378748839,1.0148610236896034,768.5106724330357,772.9831281389509,770.3045837402344,0.9995245235046589,0,1.6430927907913475,1.4560874609809884,4,5,2,0,1,33657099.571428575,1.129534080003507,0
2026-05-11,751.2251586914062,762.2428825536997,749.5036318326614,759.3901026416063,41123422,-2.2027220345781418,-0.022273441999053685,1.0169969165991748,767.3793858119419,769.6033150809152,770.263594563802,0.9789488388413726,0,1.8284028583378973,1.411023381548243,0,5,2,1,0,32674909.14285714,1.2585627038840514,0
2026-05-12,738.2399291992188,747.3394284783378,735.6330216051203,744.2898305325124,43937132,-1.7285402840883424,-0.017436539588413902,1.015913378722008,764.39306640625,766.128640311105,769.2192016601563,0.9657857477305639,0,1.9214193825162438,1.4278937402335616,1,5,2,0,0,38951642.28571428,1.1279917718928676,0
2026-05-13,737.4037475585938,747.5853858194506,735.1903557682459,739.7647228184694,28960919,-0.11326692143731609,-0.0011333111689416557,1.0168596200343956,760.2051827566964,763.6868852887835,769.0027811686198,0.9700062092244374,0,1.8322244221399342,1.3624179485214463,2,5,2,0,0,38942050.71428572,0.7436927041280806,1
2026-05-14,757.0291748046875,765.6368096362314,734.846082190099,738.7810009702333,50992358,2.6614222277917543,0.026266224815799998,1.0419009207402525,759.8187255859375,762.611812046596,770.2488403320312,0.9963286627621624,0,2.177097094055886,1.5777749039018019,3,5,2,0,0,40671293.71428572,1.2537677891000805,0
2026-05-15,755.0125122070312,769.1782432932904,752.9467039429112,760.4230253238243,24347873,-0.26639166161285255,-0.0026674711560660653,1.021557354943425,755.7362496512277,761.0448739188058,771.0768127441406,0.9990423412340873,0,1.6724652708821643,1.5626913549576544,4,5,2,0,1,39073728.28571428,0.6231264347738684,1
2026-05-18,756.143798828125,761.5050772404568,739.1252283144738,746.6507839481793,29812079,0.149836804397685,0.0014972466106527192,1.0302788324206154,751.8856549944196,760.0681719098773,771.6588521321614,1.0056632864391288,0,1.6839881268149854,1.5506038287017285,0,5,2,1,0,36741517.71428572,0.8114003137221674,0
2026-05-19,750.044677734375,758.2587962302428,747.8804605130283,754.2255287138954,40307830,-0.8066086243387116,-0.00809879311338434,1.013876998083484,749.2998570033482,758.9052647181919,771.3784891764323,1.0009940222516598,0,1.5769182017790437,1.5593460370205252,1,5,2,0,0,37068801.85714286,1.0873788194002016,0
2026-05-20,747.1427001953125,749.8479568451309,742.8635000569833,747.2410491475586,24013451,-0.3869072903534665,-0.0038765771286175276,1.0094020729078919,748.7166486467634,758.0480172293527,770.968603515625,0.9978978049248729,0,1.3505070442050626,1.5446313580552713,2,5,2,0,0,34624520.28571428,0.6935388794370589,0
2026-05-21,746.7984008789062,755.7503168336749,742.8634822100684,754.5206547496631,34664725,-0.04608213615903134,-0.0004609275723846843,1.0173475139540678,749.9392874581473,757.1661769321987,769.1011576334636,0.9958118121936419,0,1.139361674699644,1.5444446343704132,3,5,2,0,0,33299890.714285713,1.0409861490965426,1
2026-05-22,754.3239135742188,762.390509033052,746.7984174780529,746.7984174780529,25604071,1.0077033756975995,0.010026598991190589,1.0208785814084258,752.3564540318081,756.2808183942523,768.0879150390625,1.0026150630221449,0,1.1711977487006244,1.544991078841437,4,5,2,0,1,32820341.0,0.7801281223738656,1
2026-05-25,774.0476684570312,775.0313981291084,762.5872538025895,763.3742255318324,26043952,2.614759326580973,0.025811589488299386,1.0163183219552478,754.7876674107143,757.3031964983259,767.3189656575521,1.0255171114710817,0,1.15575005568963,1.684612634563296,0,5,2,1,0,29256283.0,0.8902003032989529,0
2026-05-26,766.22705078125,777.9825721015808,764.1120080103449,771.2932224692265,31528062,-1.010353495589067,-0.01015492208597672,1.01815252730729,756.3897443498884,756.0629970005581,766.800868733724,1.0130056052515846,1,1.2494704448145155,1.4686463400814143,1,5,2,0,0,30282024.285714287,1.0411477681455246,0
2026-05-27,746.3065185546875,761.3083956280444,744.584991677417,756.9799611769273,63680153,-2.5998210590779114,-0.026342138165498092,1.022460033626185,754.9844185965402,753.43503679548,765.1203308105469,0.9885058554480047,1,1.6441598773485975,1.60706321310711,2,5,2,0,0,35120320.571428575,1.813199650911094,0
2026-05-28,746.3065185546875,746.3065185546875,746.3065185546875,746.3065185546875,0,0.0,0.0,1.0,754.4503958565848,751.8751264299665,763.913623046875,0.9892055496999893,1,1.6206404467311692,1.5425461949550652,3,5,2,0,0,29362059.14285714,0.0,0
2026-05-29,732.4359130859375,748.1264133157719,725.7465633447872,733.9115075895189,101299431,-1.858566838678044,-0.01876055219960015,1.0308370044052864,752.3494262695312,750.5330374581473,762.0986409505208,0.9735315632759456,1,1.7595991384781553,1.510494868023712,4,5,2,0,1,40402913.428571425,2.507230850544675,0
2026-06-01,730.6160278320312,740.1089829912345,727.1729740345589,736.8135126590627,47996441,-0.24847023765377507,-0.0024877943723425385,1.017789452329207,750.0376586914062,749.9884730747768,760.3689168294271,0.9741057923767988,1,1.7569609657541585,1.443339211777046,0,6,2,1,0,42307444.28571428,1.1344679833616584,1
2026-06-02,736.0757446289062,741.3386744827858,721.2214502442791,725.0087855549667,47314447,0.7472758041013217,0.007444975307888749,1.027893269441297,747.4307774135044,749.8936157226562,758.286690266927,0.984807913819267,0,1.7271783970675783,1.4593370559267749,1,6,2,0,0,45408926.571428575,1.0419635647095518,1
2026-06-03,741.3878784179688,744.5849997963322,730.5176176978582,732.3375535846441,36109480,0.7216830370820881,0.007190913666789286,1.019256732154942,742.7650931222098,748.7763802664621,756.770107014974,0.9981458273726194,0,1.2778173738135403,1.2662132303831313,2,6,2,0,0,46846859.14285714,0.770798313071234,1
2026-06-04,741.9288940429688,744.9784318589446,732.8785694984622,736.9610714527732,42673538,0.07297335723297493,0.000729467446246012,1.016510050728817,739.293927873884,747.8418361118862,755.7814595540365,1.0035641658476253,0,1.286382859468727,1.2668879971007871,3,6,2,0,0,48439070.0,0.8809735199292638,0
2026-06-05,734.8952026367188,746.355676758121,732.5342875674706,741.6829610502508,22116568,-0.9480276968216628,-0.009525500844115454,1.0188679075167213,737.6637398856027,746.3240792410714,754.5419596354167,0.9962468844553573,0,0.9284625154446265,1.2829551643269426,4,6,2,0,1,42501415.0,0.5203725099505511,0
2026-06-08,726.6319580078125,729.4355636015806,722.5494557860566,725.9925096938186,21550700,-1.1244112901075853,-0.01130780583564831,1.0095302927161334,734.8530883789062,744.6517421177456,752.8647033691407,0.9888125524664669,0,0.9806318272226159,1.2973260476564237,0,6,2,1,0,45580086.428571425,0.47280954663769914,0
2026-06-09,726.3367919921875,731.8457142768752,720.3852393810432,727.4189306755471,38539563,-0.04062111669768109,-0.0004062936930823397,1.0159088141584895,733.9817853655134,743.1656058175223,751.415342203776,0.9895842192193928,0,0.7320125710573594,1.2971682355320848,1,6,2,0,0,36614391.0,1.0525796537214016,1
2026-06-10,734.698486328125,743.6504624272108,724.418559222074,724.5169081730804,44458159,1.1512144817837466,0.011446384293906518,1.0265480542433771,734.5649937220982,742.3013262067523,750.3611124674479,1.0001817301493643,0,0.8685719385695657,1.3461919939309739,2,6,2,0,0,36108922.14285714,1.231223652262754,0
2026-06-11,732.485107421875,743.699649970007,728.0583237911012,730.9111639255492,32632007,-0.3012635723958046,-0.003017182845804936,1.021483616995764,734.0520455496652,740.7414114815848,749.4724772135417,0.997865358270861,0,0.8241726821908603,1.3076314794323027,3,6,2,0,0,34011430.71428572,0.9594423496655105,1
2026-06-12,759.8819580078125,761.8494172504803,740.8467538097462,742.4207572291352,36088159,3.7402604241833837,0.03672009328658465,1.0283495383258812,736.6940569196429,739.7295750209263,749.4970703125,1.0314756185018321,0,1.6656638150589254,1.5126339783577336,4,6,2,0,1,34008384.85714286,1.0611547461484434,1
2026-06-15,764.7022094726562,780.5894671305239,762.980682607529,777.1464134002696,39990334,0.6343421388081083,0.0063233865721772555,1.023078938857031,739.9473876953125,739.6206577845982,749.4298461914062,1.0334548404237858,1,1.6628110734765917,1.5021048374821657,0,6,2,1,0,33625070.0,1.1893011375143605,1
2026-06-16,772.1294555664062,774.8838866823837,766.7681167622869,767.8010209255166,27820970,0.9712599233722363,0.00966573514551492,1.0105843862605635,745.2665666852679,741.4651532854352,749.8430155436198,1.0360446719092966,1,1.5492876002945477,1.3194631785000763,1,6,2,0,0,34439984.571428575,0.807810176055662,1
2026-06-17,774.2935791015625,781.376444549763,770.3586605239058,774.8346784396643,32405604,0.2802798830629616,0.0027988783138918135,1.014302148584095,752.0753696986607,743.4642290387835,749.5331400553385,1.029542530307573,1,1.3487694102753656,1.317482420277348,2,6,2,0,0,35990685.14285714,0.9003886386539476,1
2026-06-18,786.0,789.8857441736253,773.4082723338255,773.7033792240301,41492071,1.5118840210480489,0.015005689591172117,1.021305011116674,760.5986851283482,747.2902352469308,749.6298746744792,1.033396474866855,1,1.2910132404994248,1.2011629503310197,3,6,2,0,0,36412472.0,1.1395016246081837,0
2026-06-19,779.7999877929688,789.0499877929688,776.2000122070312,788.7000122070312,33798761,-0.7888056243042341,-0.007919331534763678,1.016554979881281,767.0417567661831,750.8033752441406,750.0183654785156,1.0166330332269964,1,1.4825209361288136,1.2356641545637945,4,6,2,0,1,34889700.85714286,0.9687317509081046,1
2026-06-22,786.4000244140625,789.9000244140625,783.0999755859375,789.9000244140625,25194765,0.8463755737895706,0.008428138983862457,1.0086835002427845,774.7438877650669,754.397966657366,751.1908610026042,1.0150451482523088,1,1.3929310679932951,1.2376358291970042,0,6,2,1,0,33827237.71428572,0.7448070461088786,0
2026-06-23,774.6500244140625,790.9000244140625,772.5499877929688,783.0499877929688,28289062,-1.4941505131252697,-0.015054253919755725,1.023752555706481,776.8536115373884,756.7738342285156,752.404530843099,0.9971634461234402,1,1.0592193311000517,1.341728625879014,1,6,2,0,0,32713081.0,0.8647629980190493,1
2026-06-24,793.2000122070312,794.9000244140625,772.6500244140625,773.0,34701292,2.394628181545566,0.023664066076691862,1.0287969964368708,780.9247262137277,760.43605695452,754.2644063313802,1.0157189106468938,1,1.331322226335032,1.4478295128985021,2,6,2,0,0,31957503.57142857,1.0858574081807972,1
2026-06-25,796.2999877929688,804.4500122070312,794.75,798.5,46707966,0.3908189029538711,0.0039005718984687016,1.0122051113017065,784.3776593889509,764.8221130371094,755.5734334309896,1.0151997296981987,1,1.31738038379353,1.3886845330660815,3,6,2,0,0,34655645.85714286,1.3477736410551715,0
2026-06-26,796.2999877929688,796.2999877929688,796.2999877929688,796.2999877929688,0,0.0,0.0,1.0,787.5214320591518,769.7984008789062,756.9496826171875,1.0111470689894286,1,1.327573026894468,1.3127344919233352,4,6,2,0,1,30026273.85714286,0.0,1
2026-06-29,798.9000244140625,805.9000244140625,793.2999877929688,800.0,46695977,0.32651471316733627,0.003259828113883163,1.0158830667023557,789.3642926897321,774.9814889090402,758.3748901367187,1.012080267390659,1,1.235830425360678,1.3011917601397938,0,6,2,1,0,30769689.0,1.5175966516918646,0
2026-06-30,797.9500122070312,806.0999755859375,792.75,806.0999755859375,45778356,-0.11891503041673301,-0.0011898579044079326,1.0168400827321822,791.9571533203125,779.4994550432477,759.9717346191406,1.0075671503964494,1,1.166963039807013,1.3108219218263468,1,6,2,0,0,32481059.714285713,1.4093861592781074,0
2026-07-01,796.1500244140625,802.25,793.5,793.5,26094378,-0.22557651048719096,-0.002258313175596629,1.0110270951480782,793.3500104631696,784.0469491141183,761.605312093099,1.0035293551572,1,1.158985637694808,1.3069714851028837,2,7,3,0,0,32609575.85714286,0.8002059920777609,0
2026-07-02,795.9000244140625,805.4500122070312,794.0,795.0,34143823,-0.03140111691687375,-0.0003140604809991661,1.0144206702859335,796.385724748884,786.6196681431362,763.2420328776042,0.9993901192352806,1,0.9119729332801718,0.9513039734691565,3,7,3,0,0,33445970.285714287,1.0208650760711757,1
2026-07-03,801.0499877929688,807.0,798.5499877929688,803.0,25871958,0.6470615932820944,0.006449771367345385,1.0105816947419728,797.5071498325893,789.2159380231585,764.7995686848958,1.0044423902169695,1,0.3174010378418339,0.9516173371654502,4,7,3,0,1,32184636.85714286,0.8038604914151187,1
2026-07-06,829.8499755859375,831.5,805.0,805.0,63203327,3.595279724342504,0.03532158029294231,1.0329192546583852,802.3000052315848,793.3388323102679,766.6596455891927,1.0343387388442062,1,1.354362415515071,1.2859528636552537,0,7,3,1,0,34541117.0,1.829799742724012,0
2026-07-07,829.2999877929688,843.0,826.0999755859375,843.0,57611729,-0.06627556897623732,-0.0006629754094001864,1.0204576018805418,807.0142909458706,797.2678615025112,768.7620768229167,1.0276149965336772,1,1.3594697318847335,1.2943106209930768,1,7,3,0,0,42771364.0,1.346969645391716,0
2026-07-08,810.2999877929688,834.3499755859375,806.9500122070312,825.9000244140625,38754632,-2.2910889038555315,-0.023177422335627095,1.0339549699044759,808.6428571428571,799.0035749162946,770.8951924641927,1.0020492738363715,1,1.7482793355911341,1.4545557130110132,2,7,3,0,0,41636886.14285714,0.9307764242271129,1
2026-07-09,817.5499877929688,822.8499755859375,812.2999877929688,813.0,39891798,0.8947303602641066,0.008907513647510199,1.0129877975520265,811.442853655134,801.7000034877232,773.2699747721355,1.0075262652327583,1,1.757908447924548,1.4335141989200775,3,7,3,0,0,40795949.28571428,0.9778372289027505,1
2026-07-10,824.9500122070312,827.7000122070312,820.2999877929688,824.0,23595785,0.9051464160667821,0.00901074518539137,1.0090211197417818,815.5571376255581,804.4535740443638,776.3537780761719,1.011517126327678,1,1.7470073384318763,1.4351719069735376,4,7,3,0,1,40439007.428571425,0.5834907061375804,0
2026-07-13,817.9500122070312,821.9500122070312,811.0,817.0,21741736,-0.8485362623697035,-0.008521568270638118,1.0135018646202605,818.7071358816964,807.5464303152902,779.2649108886719,0.9990752203792022,1,1.8160768040993105,1.3806268189775,0,7,3,1,0,38667280.71428572,0.5622773465931228,0
2026-07-14,809.4000244140625,818.4000244140625,807.0,811.4000244140625,25605395,-1.0452946592541479,-0.010507962359187736,1.0141264243049102,819.8999982561384,808.7035740443638,781.709053548177,0.9871935920668271,1,1.8896672857401788,1.3018106165549235,1,7,3,0,0,38629200.28571428,0.6628507660167455,1
2026-07-15,815.4500122070312,819.7000122070312,809.7000122070312,811.0,21488739,0.7474657289945563,0.007446860467687855,1.0123502529939978,817.8428606305804,810.0714329310825,784.1777913411458,0.9970741953757423,1,1.2131187308561806,1.3102986595986095,2,7,3,0,0,32669973.42857143,0.6577519582922919,0
2026-07-16,808.2999877929688,818.0,806.5,814.5,18698186,-0.8768194625089043,-0.008806861434919797,1.014259144451333,814.8428606305804,810.9285757882254,786.3901611328125,0.99197038698658,1,1.2319309198623691,1.340067635897484,3,7,3,0,0,27110895.85714286,0.6896926644743694,1
2026-07-17,819.5999755859375,823.7000122070312,808.5,810.0,17415322,1.3979943045431487,0.013883124939272731,1.0188002624700447,816.1714303152902,812.4071437290737,789.2136535644531,1.004200766093127,1,1.0422144485953335,1.3829771906624526,4,7,3,0,1,24062423.0,0.7237559575775058,0
2026-07-20,777.5999755859375,790.0,774.5499877929688,790.0,56061789,-5.1244511043297525,-0.052604164827423104,1.019947082112873,810.4642857142857,810.9535696847098,790.912587483724,0.9594500205528688,0,2.1916932632483337,1.9853196965575273,0,7,3,1,0,26372421.714285713,2.125773264486811,0
2026-07-21,761.4500122070312,772.5,760.0999755859375,769.1500244140625,42246009,-2.076898647886005,-0.02098769542054655,1.0163136755852462,801.3928571428571,808.4749973842075,792.0830281575521,0.9501582219259715,0,2.1180726922256294,2.05020050231554,1,7,3,0,0,29036739.42857143,1.4549157319788797,0
2026-07-22,753.1500244140625,761.3499755859375,750.3499755859375,760.25,23385446,-1.0900239884311769,-0.010960082764236904,1.0146598258917916,792.1357160295759,805.4214259556362,792.6980794270834,0.950784075472671,0,2.1149151031155484,2.0591111059903264,2,7,3,0,0,29271555.14285714,0.7989136855172018,0
2026-07-23,747.25,751.0,743.25,749.4000244140625,32532090,-0.7833797016275179,-0.007864642400712779,1.010427177934746,783.2571411132812,801.5785696847098,793.1902425130208,0.9540289654274935,0,2.1194414259469996,2.039965086081712,3,7,3,0,0,30261083.0,1.0750471157955583,0
2026-07-24,742.7999877929688,748.25,737.25,738.5,23835513,-0.5955185288767151,-0.005972988119302858,1.0149203119701593,772.8785661969866,795.3607134137835,792.6208435058594,0.9610824006259845,0,1.978854425893937,1.6706639808078765,4,7,3,0,1,30596336.42857143,0.7790316025464393,0
