Date,Close,High,Low,Open,Volume,daily_return,log_return,high_low_ratio,ma_7,ma_14,ma_30,price_to_ma7,ma_crossover,volatility_7,volatility_14,day_of_week,month,quarter,is_monday,is_friday,volume_ma_7,volume_ratio,target
2021-09-06,3346.226806640625,3368.4655743015705,3313.216261819144,3344.2287575634564,1723693,0.2589764519713933,0.002586416858104688,1.0166754320021631,3282.8924734933034,3208.4883858816966,3020.483601888021,1.0192922350210052,1,1.7443012035334315,1.416742843185,0,9,3,1,0,2671840.0,0.6451333163662495,0
2021-09-07,3314.866943359375,3361.820145679296,3308.2214838221244,3356.651431363143,1585039,-0.9371708821116376,-0.00941589959632359,1.0162016546108776,3294.7750069754466,3224.7982003348216,3038.3889322916666,1.0060981209161146,1,1.8179698766551344,1.4081657934980691,1,9,3,0,0,2334741.5714285714,0.6788926960469348,0
2021-09-08,3278.598388671875,3314.084807552508,3262.831595587738,3309.7413150131206,4147175,-1.0941179633214615,-0.011001474540722998,1.0157082002129927,3303.8156389508927,3238.0520368303573,3055.5080729166666,0.9923672344238236,1,1.8781595028069271,1.471967335788814,2,9,3,0,0,2636750.285714286,1.5728357070705865,1
2021-09-09,3293.582763671875,3308.611287198441,3270.6492125926957,3292.106018927721,1441148,0.45703600208470974,0.004559947638989127,1.0116068927415338,3304.429861886161,3252.4413713727677,3072.6966959635415,0.996717407036113,1,1.6672901802635414,1.466092313428596,3,9,3,0,0,2384417.1428571427,0.6044026332880392,1
2021-09-13,3340.449951171875,3346.5741060930313,3272.38733704224,3272.38733704224,1691473,1.4229849638801806,0.01412955565421793,1.0226705342032785,3320.612479073661,3265.344656808036,3091.50546875,1.0059740400974908,1,1.49277484628327,1.4099351455209483,0,9,3,1,0,2248436.714285714,0.7522884630254533,1
2021-09-14,3375.675048828125,3384.883336759516,3322.771400771243,3344.445383569817,1991188,1.0545015842519323,0.010489804956901591,1.0186928104575164,3326.7118791852677,3282.265607561384,3112.309334309896,1.014718187634226,1,0.9368136062452271,1.3839982711224725,1,9,3,0,0,2046646.857142857,0.9729025762557404,1
2021-09-15,3435.31103515625,3457.419365314023,3358.387755352767,3372.3738833477837,2461369,1.7666388341741612,0.017512151591382055,1.0294878427315055,3340.6729910714284,3300.604422433036,3133.5967610677085,1.028329035597845,1,1.109335818023299,1.410631355808796,2,9,3,0,0,2148726.4285714286,1.1455013385005137,0
2021-09-16,3390.790771484375,3458.9401238604128,3381.0613910627826,3413.984978155691,2946666,-1.295960197381374,-0.013044310268553305,1.0230338121051243,3347.0392717633927,3314.9658726283483,3151.503523763021,1.0130717019337308,1,1.287891592813383,1.495993249020905,3,9,3,0,0,2323436.8571428573,1.2682358855336102,0
2021-09-17,3325.247802734375,3427.0157522153695,3305.3979561925175,3405.2982886398604,6477148,-1.9329700110428116,-0.019518961645721537,1.0367936925098553,3348.5222516741073,3321.6486293247767,3167.542618815104,0.9930493372328357,1,1.475314105644757,1.5994269135698995,4,9,3,0,1,3022309.5714285714,2.143112029698007,0
2021-09-20,3321.46923828125,3362.732423535169,3307.874189447231,3308.873108045843,2002008,-0.1136325674741534,-0.0011369717822664954,1.016584135594681,3354.646658761161,3329.2311488560267,3183.1661783854165,0.9901100104259078,1,1.392352231664439,1.5891840537415898,0,9,3,1,0,2715857.1428571427,0.7371551207195834,1
2021-09-21,3355.739013671875,3363.209906018723,3319.861721221568,3351.438998276078,1568129,1.0317655510896362,0.010264791811965837,1.0130572260043422,3363.526123046875,3333.9779924665177,3199.1835367838544,0.997684837551389,1,1.4269574616227962,1.4963475839208356,1,9,3,0,0,2733997.285714286,0.5735664070311283,0
2021-09-22,3355.04345703125,3385.187461325402,3346.6171249272134,3355.3475863065564,1744067,-0.020727375930940095,-0.00020729524348383842,1.0115251715264644,3365.610909598214,3343.1116943359375,3214.804158528646,0.9968601680791955,1,1.3349474496365947,1.3789812167504136,2,9,3,0,0,2741510.714285714,0.6361700470152667,1
2021-09-23,3361.2119140625,3369.6817250496706,3331.458988287055,3361.86343798459,2003869,0.18385624836907422,0.001836874396473372,1.0114732724902216,3363.544747488839,3345.1283133370534,3230.3060953776044,0.9993064360365412,1,1.2667440826174516,1.0775860425697923,3,9,3,0,0,2743322.285714286,0.7304533668665355,1
2021-09-24,3362.99267578125,3426.494411341155,3348.832847265645,3379.237295943802,2320754,0.052979751478909876,0.000529657221634883,1.0231906361462386,3353.213553292411,3346.94327218192,3245.569124348958,1.0029163434816841,1,0.9919308458057596,1.077385831327685,4,9,3,0,1,2723234.4285714286,0.8522050013951372,0
2021-09-27,3333.15234375,3391.3986149404177,3303.573120278085,3387.923821277569,1673362,-0.8873148088054617,-0.00891274889648266,1.0265850009867317,3344.9794921875,3346.0093819754466,3259.618863932292,0.9964642089839045,0,0.9338171471129287,1.1042883004541981,0,9,3,1,0,2541333.8571428573,0.6584581538929752,0
2021-09-28,3282.9423828125,3344.4897663332904,3258.7057755734427,3344.4897663332904,2253075,-1.506380619885217,-0.015178417775079793,1.0263245584805065,3338.935860770089,3343.7290562220983,3268.761922200521,0.9832301426884328,0,0.8108019522576166,1.1500920965094292,1,9,3,0,0,1937894.857142857,1.1626404764404143,1
2021-09-29,3294.017822265625,3306.2665561909757,3233.4261006959136,3266.13272711656,2489161,0.33736319927846203,0.003367954062953364,1.0225273295961164,3335.014229910714,3344.8304443359375,3277.9976318359377,0.9877072765455076,0,0.8345189991804678,1.1144449590020307,2,9,3,0,0,2007488.142857143,1.2399380832493085,0
2021-09-30,3279.814453125,3305.397579887502,3257.7061201389893,3305.397579887502,2252412,-0.4311867727192831,-0.004321190637931703,1.0146395831882091,3324.1678641183034,3343.846993582589,3284.440462239583,0.9866572890400445,0,0.6653623216867377,1.1141168431912767,3,9,3,0,0,2105242.8571428573,1.0699060169508776,0
2021-10-01,3240.418701171875,3309.740875307835,3235.9015119479486,3285.2001457205783,1578374,-1.2011579470780354,-0.012084301415076153,1.0228187919463088,3307.792898995536,3336.701904296875,3289.3529296875,0.9796316758996247,0,0.7226645388131443,1.0718646961270588,4,10,4,0,1,2081572.4285714286,0.7582604277110017,1
2021-10-04,3277.86083984375,3286.8517441179865,3220.6569457419955,3235.728952987364,1356860,1.1554722437052467,0.011488476446084426,1.0205531975280715,3295.8856026785716,3329.715175083705,3295.5438883463544,0.9945311321423982,0,0.9361411487504216,1.081336907734218,0,10,4,1,0,1989142.5714285714,0.6821331057358669,1
2021-10-05,3329.981689453125,3335.801926439112,3250.3220869079396,3261.093862461569,1877966,1.590087320847311,0.015775778656751945,1.0262988827708734,3291.169747488839,3322.191650390625,3301.2164794921873,1.0117927499770862,0,1.1927177027437934,1.0573456067773983,1,10,4,0,0,1925887.142857143,0.9751173670612652,0
2021-10-06,3310.523193359375,3350.9611529611852,3296.710971356703,3332.32761162696,1678154,-0.5843424351364979,-0.005860563957382664,1.016455850111166,3287.93701171875,3316.458251953125,3306.941194661458,1.0068694082520815,0,1.1660551743214216,1.0178533495242488,2,10,4,0,0,1926571.7142857143,0.8710571153704412,1
2021-10-07,3381.75634765625,3387.055493405651,3318.4717883990315,3327.115296164053,1647233,2.151718931912705,0.021288962661248755,1.0206672557067924,3302.053292410714,3320.4945765904017,3313.714152018229,1.0241374224421882,0,1.2433966025922332,1.0571180897504708,3,10,4,0,0,1840022.857142857,0.8952242052893753,1
2021-10-08,3418.893310546875,3466.0202061548184,3387.924292552639,3409.641755966438,2934339,1.0981560784638633,0.010921701281147358,1.0230512570112178,3319.892647879464,3327.453438895089,3321.3529134114583,1.0298204409502958,0,1.2668626615302954,1.0852582185539732,4,10,4,0,1,1903619.7142857143,1.5414523068758181,0
2021-10-11,3201.675048828125,3264.1343817040797,3179.436283975231,3261.962635608468,11845402,-6.353467101434774,-0.0656427796886581,1.0266393442622952,3308.7298758370534,3316.4488699776784,3320.35244140625,0.9676447364921728,0,2.921007964071977,2.0352874549950424,0,10,4,1,0,3274046.8571428573,3.6179696005747015,0
2021-10-12,3173.225341796875,3220.265279866949,3153.896800529802,3219.3965813830355,5752877,-0.8885882107762089,-0.0089255970011295,1.0210433262515115,3299.1308244977677,3303.4618617466517,3318.9494873046874,0.9618367717442489,0,2.9074045185679287,2.038836975450609,1,10,4,0,0,3870404.4285714286,1.4863761930231654,1
2021-10-13,3175.266357421875,3192.857500067075,3166.4056761360216,3170.749168147182,3545655,0.06431990814255162,0.0006429923175518147,1.0083538960691014,3284.4744698660716,3290.1800362723216,3315.14892578125,0.9667502020654617,0,2.8474000553629004,2.036555002477972,2,10,4,0,0,4183089.4285714286,0.8476163516329318,0
2021-10-14,3143.280517578125,3194.240445106672,3140.4518305354554,3155.0740091312496,6442299,-1.0073435184102308,-0.010124515558386416,1.0171276674420588,3257.8028738839284,3274.486310686384,3312.3525553385416,0.9648467507890461,0,2.7080161745032973,2.038693801973834,3,10,4,0,0,4835137.0,1.3323922362489418,1
2021-10-18,3174.352783203125,3179.1833532142864,3134.577130685672,3136.3178613209348,3590107,0.9885298321684832,0.009836758385925745,1.0142303796234413,3238.3499581473216,3263.143484933036,3307.065006510417,0.9802377211322739,0,2.7917398094617045,2.069966799755739,0,10,4,1,0,5108273.142857143,0.7028024734777579,0
2021-10-19,3163.037841796875,3211.7349483513485,3155.248115175907,3193.370156269083,3135441,-0.3564487685843276,-0.003570855608833388,1.0179025012022842,3207.1044573102677,3254.578874860491,3301.246826171875,0.9862596881080854,0,2.534201538093364,2.042224229292059,1,10,4,0,0,5320874.285714285,0.589271768441921,0
2021-10-20,3141.017578125,3159.425717349317,3114.427878418704,3143.759143544279,2933693,-0.6961745250371631,-0.006986091258438517,1.0144481878172307,3167.4079241071427,3243.6502859933034,3294.4065185546874,0.9916681568606034,0,2.3819688488298203,2.0382106044699473,2,10,4,0,0,5320782.0,0.5513650061212807,0
2021-10-21,3074.5654296875,3139.7992665819975,3056.070167017759,3136.883670314862,4871211,-2.1156248503762853,-0.021383249295067484,1.027397636503204,3149.2494070870534,3228.9896414620534,3286.3964680989584,0.9762851499689148,0,0.9638948858414176,2.094268290154772,3,10,4,0,0,4324469.0,1.1264298576310756,0
2021-10-22,3045.2783203125,3099.89375374522,3033.223673514387,3098.5010839917413,2691670,-0.9525609405546698,-0.009571268206094134,1.0219799419386657,3130.971261160714,3215.051042829241,3278.619132486979,0.9726305565588468,0,0.9676810783233445,2.088360348173216,4,10,4,0,1,3887153.714285714,0.6924526781917111,0
2021-10-25,3040.143310546875,3058.943291455498,3002.7611526090886,3048.890526837576,2595594,-0.16862201826919332,-0.0016876434521329899,1.0187101590806158,3111.66796875,3198.071219308036,3270.171150716146,0.9770140455468141,0,0.9454940093684472,2.0408730330432636,0,10,4,1,0,3751430.714285714,0.6918944258028794,0
2021-10-26,3031.134521484375,3071.5193896414444,3024.519659678101,3041.491784387086,3878763,-0.2963277761034,-0.002967676961429797,1.0155395683453239,3095.6471121651784,3176.7249930245534,3259.860636393229,0.9791602245529589,0,0.9345061768106118,1.9514071973225078,1,10,4,0,0,3385211.285714286,1.145796428237292,1
2021-10-27,3037.35791015625,3056.0707678303984,3031.4829432120405,3031.4829432120405,2510813,0.2053154892257103,0.0020510500503032763,1.008110824002297,3076.076416015625,3157.2131870814733,3248.5833984375,0.9874130221025113,0,0.7541186978780967,1.9648542076731703,2,10,4,0,0,3231026.4285714286,0.7770945411641634,0
2021-10-28,2978.085693359375,3061.9454848556675,2972.297848431525,3061.9454848556675,2424942,-1.9514399866634724,-0.01970731970206017,1.0301610541727673,3049.6546805245534,3128.379568917411,3233.3425537109374,0.9765321012827366,0,0.8882177454176715,1.8246826006530956,3,10,4,0,0,3129526.5714285714,0.7748590544457523,0
2021-10-29,2957.28369140625,3012.3342965071097,2947.0133383911043,2959.2855740900413,3960501,-0.6985024641671611,-0.00700953412587846,1.0221651382655996,3023.406982421875,3095.407453264509,3218.8923177083334,0.9781295434587316,0,0.8881493976122342,1.7352461876620198,4,10,4,0,1,3276213.4285714286,1.2088653826582203,1
2021-11-01,3025.738037109375,3034.963994875041,2970.513397796722,2992.2725316859896,2020718,2.314771014429584,0.022883865739233292,1.0216967872038965,3016.431640625,3082.8405238560267,3208.908658854167,1.0030852336777791,0,1.3151622081239474,1.1227069294459984,0,11,4,1,0,2869000.1428571427,0.7043283023289199,1
2021-11-02,3032.5263671875,3058.1152313923385,3019.9496326293856,3041.055988589113,3087414,0.22435286845288172,0.002241015731935281,1.0126378262572953,3014.609933035714,3072.790597098214,3199.2772298177083,1.0059432014588183,0,1.2808405906254587,1.1246256853032601,1,11,4,0,0,2925535.0,1.0553331271032478,1
2021-11-03,3039.533447265625,3063.5989646219014,3016.729917190848,3049.9342708836666,1537639,0.23106411056941223,0.0023079756796401656,1.0155363750543163,3014.5228097098216,3063.095389229911,3188.7370442708334,1.0082967153127003,0,1.283728678089894,1.1298518039751495,2,11,4,0,0,2774398.5714285714,0.5542242617318863,1
2021-11-04,3053.80712890625,3057.8108942881813,3050.63038055364,3057.5497421995287,328991,0.4696010716205734,0.004685018856377132,1.0023537803138374,3017.7617536272323,3056.704432896205,3178.695833333333,1.0119444072202495,0,1.2864853220102288,1.1282442534951094,3,11,4,0,0,2267288.285714286,0.1451032945712745,0
2021-11-08,3048.67236328125,3088.0563970942476,3029.915946668684,3088.0563970942476,2526082,-0.16814308855317428,-0.0016828460770300954,1.0191887997716529,3019.378104073661,3047.7272600446427,3168.2778483072916,1.0097020837397166,0,1.2897871803168237,1.075627282869493,0,11,4,1,0,2269469.5714285714,1.1130715440303955,1
2021-11-09,3051.23974609375,3076.7414931890703,3042.7972447493607,3053.2416288846557,1782692,0.08421314285596004,0.0008417770348382206,1.0111556064073226,3029.828683035714,3039.741681780134,3157.886083984375,1.0070667570011196,0,0.9436654688380832,1.0797449129834722,1,11,4,0,0,2177719.5714285714,0.81860494041047,0
2021-11-10,3032.614013671875,3063.4248618840948,3029.0454307612417,3044.5379763984556,1516489,-0.6104316268729759,-0.006123023777170084,1.0113499225774942,3040.590157645089,3031.9985700334823,3147.8681396484376,0.9973767776781229,1,0.927793566415378,1.077267681832072,2,11,4,0,0,1828575.0,0.82932830209316,1
2021-11-11,3036.008056640625,3055.0256225632647,2990.5750325787967,3028.871104008793,1284514,0.11191806650792113,0.0011185548492890999,1.0215512365623183,3042.057303292411,3029.244471958705,3139.636995442708,0.9980114619651514,1,0.3483295959220255,0.9348403803647697,3,11,4,0,0,1723403.0,0.7453358268495529,1
2021-11-12,3068.951904296875,3076.0017364113014,3033.832576061058,3051.5010358519503,1747259,1.0851040920063504,0.010792590824973695,1.0138996333162833,3047.2609514508927,3030.9354422433034,3132.134798177083,1.0071181802909444,1,0.5267869473398064,0.9480853353232884,4,11,4,0,1,1531952.2857142857,1.140544007991297,1
2021-11-15,3092.669189453125,3106.8561869215628,3070.64890396437,3070.64890396437,1809157,0.7728138431574383,0.007698429335599136,1.0117914109002977,3054.8517717633927,3034.6872907366073,3125.896622721354,1.0123794607775363,1,0.5745567066213825,0.9639159821802886,0,11,4,1,0,1570740.5714285714,1.1517860001251456,1
2021-11-16,3095.3671875,3112.034811133801,3082.8340116924446,3106.333875700264,2013204,0.08723849469822742,0.0008720046404008326,1.0094720634749081,3060.7889229910716,3039.2753383091517,3121.061572265625,1.011297173826393,1,0.5682627429939713,0.9563878482263468,1,11,4,0,0,1811342.4285714286,1.1114430757235536,0
2021-11-17,3065.339599609375,3100.9812302018886,3051.8489368672776,3090.3192548089405,1632914,-0.9700816113799138,-0.009748175562862886,1.0160991891640105,3063.1699567522323,3041.2740304129466,3113.977530924479,1.0007082998618344,1,0.7153881583518192,1.002050536299894,2,11,4,0,0,1683747.0,0.9698095972851029,0
2021-11-18,3025.128662109375,3064.425783307155,3004.152985656586,3059.4645310524397,2136598,-1.3117938875393809,-0.013204738963394526,1.020063158546966,3059.4398018973216,3044.6342424665177,3103.8157633463543,0.98878515610385,1,0.8878492331236577,0.9134487527065764,3,11,4,0,0,1734305.0,1.2319620827939721,0
2021-11-22,3010.071044921875,3060.1606067143043,2994.317561657031,3027.478349628783,3167936,-0.4977512981877763,-0.004989942060707542,1.0219893326948382,3056.2193777901784,3048.404767717634,3093.8006917317707,0.9849001896906787,1,0.8784326105833568,0.9011746034650692,0,11,4,1,0,1970226.0,1.6079048799477826,1
2021-11-23,3015.163330078125,3029.6983897266873,2966.0312458584126,2998.4087961663104,2153461,0.1691749158160505,0.0016903197624456977,1.0214654326238726,3053.2415597098216,3047.649431501116,3081.5809244791667,0.9875285892429305,1,0.8810324981229223,0.6479475228926914,1,11,4,0,0,2094361.2857142857,1.028218490615175,0
2021-11-24,2996.92822265625,3040.228886833887,2980.1301335523576,3022.081689312596,2161746,-0.6047800873660303,-0.0060661628920168,1.0201664862231672,3042.952462332589,3045.106706891741,3067.515421549479,0.9848751368133241,0,0.7206985768599672,0.6613484331547677,2,11,4,0,0,2153573.714285714,1.003794755508054,1
2021-11-25,2999.191650390625,3014.074981759771,2988.877949258958,2997.450919820738,1849619,0.07552492306168723,0.0007549641734338145,1.008430264777811,3029.5985281808034,3042.2251499720983,3060.765974934896,0.989963396962555,0,0.5753594468391219,0.6569717269881217,3,11,4,0,0,2159354.0,0.8565612678606658,1
2021-11-26,3000.018798828125,3037.574977522078,2969.5993607935234,2981.0012315223835,1941251,0.02757904575361181,0.00027575243433868013,1.0228905008621736,3015.9773297991073,3038.383126395089,3054.992423502604,0.9947086701172103,0,0.5666923793315736,0.638187148792058,4,11,4,0,1,2149075.0,0.9032960692390912,1
2021-11-29,3048.019775390625,3071.8243552064773,2964.8563149772426,3000.280145939352,2981745,1.600022525900524,0.015873570867884903,1.0360786590867408,3013.5030691964284,3038.33651297433,3050.750870768229,1.0114540139504158,0,0.9025432015996693,0.7866704688380163,0,11,4,1,0,2341765.1428571427,1.2732895137221276,1
2021-11-30,3071.64990234375,3101.764629552227,3038.44554802296,3038.44554802296,5588446,0.7752616024315762,0.0077227189178126765,1.0208393010598682,3020.1489606584823,3039.7943812779017,3048.36318359375,1.017052450841378,0,0.7603382122024988,0.8134935392146718,1,11,4,0,0,2834886.285714286,1.9713122279936246,1
2021-12-01,3113.992919921875,3124.6113337667334,3076.741243695098,3076.741243695098,2102118,1.3785105374742201,0.013690955070834883,1.0155586987270155,3034.994942801339,3045.607160295759,3046.3511881510417,1.026029030891109,0,0.7947808124029057,0.8614145361633004,2,12,4,0,0,2682626.5714285714,0.7836044056182464,1
2021-12-02,3170.653564453125,3175.092512337047,3110.7726037312136,3123.914991843836,3152938,1.8195495618747781,0.01803193860943816,1.0206765060643408,3057.207833426339,3055.22469656808,3046.605045572917,1.0371076280082805,1,0.9192236555299909,0.9638884841354178,3,12,4,0,0,2825409.0,1.1159226858837075,0
2021-12-03,3168.521484375,3190.715800719207,3160.16610454034,3173.7436764559898,2486263,-0.0672441827775927,-0.0006726680181874116,1.0096671172236722,3081.7211565290177,3062.3368094308034,3047.5218424479167,1.0281661848808368,1,0.8050261299687022,0.9419968898283129,4,12,4,0,1,2871768.5714285714,0.8657602234163319,0
2021-12-06,3077.959716796875,3183.796220721799,3065.4265416572375,3168.5212674324416,1849642,-2.858171169888357,-0.028998122501660003,1.0386144236229415,3092.9737374441966,3061.2861328125,3047.6349853515626,0.9951457652337753,1,1.6085168629104496,1.2358037241736768,0,12,4,1,0,2871771.8571428573,0.6440769295093726,1
2021-12-07,3119.8251953125,3131.5751297905913,3067.4292336936974,3100.6771539407955,1484458,1.360169799726707,0.013510025237740959,1.0209119400024924,3110.088936941964,3063.033133370536,3050.119881184896,1.0031305401768058,1,1.6381341704535874,1.2904680729437523,1,12,4,0,0,2806515.714285714,0.5289327233921471,1
2021-12-08,3156.728515625,3173.7442034794462,3134.1861343953483,3134.1861343953483,1428660,1.1828650005117902,0.011759238352572098,1.0126214804698348,3125.6187569754466,3069.5609130859375,3054.0060546875,1.00995315202154,1,1.6017103125795784,1.2860332847123501,2,12,4,0,0,2584646.4285714286,0.5527487180479231,0
2021-12-09,3134.838623046875,3163.560681646319,3103.7230595641445,3142.019137696736,1567957,-0.6934360199103429,-0.006958514603113408,1.0192793045429052,3134.6457170758927,3077.3973388671875,3057.462858072917,1.0000615399596615,1,1.6568737799191153,1.2392264221545721,3,12,4,0,0,2010290.857142857,0.7799652445459918,1
2021-12-10,3165.3447265625,3169.8705838544292,3111.6432273189575,3120.259759230678,1510718,0.9731315446781963,0.009684271152307756,1.0187127354525285,3141.981689453125,3088.4883161272323,3061.7290852864585,1.0074357648829715,1,1.6196916227424165,1.2321953680263285,4,12,4,0,1,1925805.142857143,0.7844604661085722,0
2021-12-13,3141.714111328125,3187.2778211020996,3134.7947494906152,3176.8334371989795,1883864,-0.7465416021223525,-0.007493421709209114,1.0167421077950998,3137.847481863839,3097.527657645089,3067.1833658854166,1.0012322553873743,1,1.489129054067243,1.2673089553397356,0,12,4,1,0,1744508.857142857,1.0798821641326475,1
2021-12-14,3154.029541015625,3163.777589025462,3113.035253971401,3137.6666323072327,1747007,0.3919971471336048,0.003912308402646961,1.0162999551609084,3135.7772042410716,3108.749180385045,3073.741560872396,1.005820673978326,1,1.5019693539082535,1.2401801297323385,1,12,4,0,0,1638900.857142857,1.0659625885153343,0
2021-12-15,3107.508056640625,3153.3326932279297,3096.8894326431996,3150.721597980984,1603233,-1.4749856895766356,-0.014859717660413224,1.0182257913342925,3139.9983956473216,3116.486066545759,3076.4672281901044,0.9896527529912962,1,1.1122588112608816,1.3344209694168352,2,12,4,0,0,1603699.5714285714,0.9997090655650948,1
2021-12-16,3117.30029296875,3140.6694726505343,3107.203970979604,3117.648354075334,2072320,0.3151153963124598,0.0031461994829662227,1.0107702944459034,3139.6376953125,3124.8633161272323,3079.2930257161456,0.9928853566839575,1,0.9842501907528328,1.332746287565674,3,12,4,0,0,1687679.857142857,1.227910608300034,1
2021-12-17,3119.694091796875,3178.0085695838147,3110.4245734298493,3135.4911377231397,4333992,0.07679076775259919,0.0007676129872790089,1.0217282221633945,3134.3470633370534,3129.98291015625,3081.965047200521,0.9953250322175305,1,0.8394501521794546,1.2779718030157536,4,12,4,0,1,2102727.285714286,2.0611289107459148,0
2021-12-20,3095.80224609375,3138.5372672585236,3055.112668377628,3123.7410571799337,2312310,-0.76583937399336,-0.007687869826695873,1.027306553942967,3128.770438058036,3131.708077566964,3083.364884440104,0.9894628920155777,0,0.8474484450318502,1.2885065187932006,0,12,4,1,0,2209063.4285714286,1.046737712504407,1
2021-12-21,3140.539794921875,3169.1747341346345,3104.071353920143,3118.214792929339,2340989,1.4451035716048777,0.01434761466953194,1.0209735449967259,3125.226876395089,3133.6042829241073,3086.4271321614583,1.0048997782024864,0,0.9647486043291568,1.2938454577966196,1,12,4,0,0,2327673.5714285714,1.0057204879304689,1
2021-12-22,3160.07861328125,3165.344365511799,3138.7546647787667,3154.203647877505,1224328,0.62214840872159,0.006202210553771437,1.0084714173526863,3127.8503766741073,3132.8489292689733,3090.0550944010415,1.0103036375548793,0,0.9524641106335403,1.2057657656297773,2,12,4,0,0,2233454.1428571427,0.5481769141827019,1
2021-12-23,3187.88720703125,3194.676099434365,3159.4263018517217,3175.0928785551187,1792861,0.8799968973279837,0.008761474912505502,1.0111570247933885,3132.687186104911,3134.232195172991,3095.2308675130207,1.0176206616387298,0,0.9953845239734207,1.229084522127328,3,12,4,0,0,2240004.714285714,0.8003826905211233,1
2021-12-24,3195.024169921875,3224.7037142044237,3172.3077611305043,3207.2964067053445,2209923,0.22387752223114177,0.002236272899126886,1.0165166676814632,3145.1894880022323,3142.5939418247767,3100.5314046223957,1.0158447311711247,1,0.6920810963741245,0.8999586284202825,4,12,4,0,1,2326674.714285714,0.9498203536709012,1
2021-12-27,3216.957763671875,3220.352103865812,3179.5320500323537,3195.111506294972,1534135,0.686492263704408,0.006841466344869695,1.012838384136761,3159.42626953125,3149.531982421875,3105.4649332682293,1.0182094751491575,1,0.6987279800737981,0.8540676675865029,0,12,4,1,0,2249791.1428571427,0.6819010755157082,1
2021-12-28,3226.052734375,3242.110932603277,3214.9991369151708,3229.0554523377605,1456218,0.28271961807617707,0.0028232071783324546,1.0084329091652946,3174.620361328125,3154.483712332589,3109.9110514322915,1.0162011097999,1,0.6844549698095435,0.8089062332903756,1,12,4,0,0,1838680.5714285714,0.7919907474024075,0
2021-12-29,3215.738525390625,3237.715248491065,3207.296024757275,3213.606172974233,1456923,-0.3197160689430989,-0.003202282527474402,1.0094843829503053,3191.7541155133927,3160.262276785714,3113.9234293619793,1.0075144917212315,1,0.5579757024637948,0.7844316892427365,2,12,4,0,0,1716482.4285714286,0.8487841039028571,1
2021-12-30,3249.726318359375,3255.1661012826416,3202.9441852192836,3204.1192633273176,1966475,1.0569202906390407,0.010513739342843628,1.016304347826087,3207.3521902901784,3166.289533342634,3120.0696533203127,1.0132115606753378,1,0.4652945661847456,0.7911976653465573,3,12,4,0,0,1662980.4285714286,1.1825003867840382,1
2021-12-31,3253.73046875,3272.573794030178,3247.5943503878843,3257.6035521515405,1207141,0.1232150033066981,0.0012313915591868011,1.0076916760368517,3220.731026785714,3174.290701729911,3127.6897135416666,1.010245947795653,1,0.4797304503225707,0.7446984609024007,4,12,4,0,1,1660525.142857143,0.7269633978097806,1
2022-01-03,3322.837158203125,3333.4991332376317,3259.5180819777884,3263.8699085224853,2346158,2.1239217604792637,0.02101680909941637,1.0226969292389854,3240.009591238839,3186.348388671875,3138.1152506510416,1.0255639882018424,1,0.8014422796542472,0.8976809741642751,0,1,1,1,0,1739567.5714285714,1.3487018489734683,1
2022-01-04,3381.15185546875,3384.9813780824193,3317.571622986017,3334.456838580845,2488606,1.754967050421441,0.017397453363498235,1.0203190052113267,3266.5992606026784,3205.894374302455,3150.3148681640623,1.035067844485135,1,0.8870664734598592,0.7942386283964531,1,1,1,0,0,1779379.4285714286,1.3985808535495843,0
2022-01-05,3360.43701171875,3368.3138605317376,3318.180732029534,3363.9620338385444,1733031,-0.612656415194579,-0.006145408553146148,1.0151086190147154,3287.0962960379466,3223.2612827845983,3162.4318277994794,1.0223117028147923,1,1.0410895129162392,0.8567604245106477,2,1,1,0,0,1807793.142857143,0.9586445257011074,0
2022-01-06,3313.87255859375,3337.8511668408105,3283.0181489761508,3317.8327634933953,1810293,-1.385666595226076,-0.013953565727808271,1.0167020148462353,3299.6419852120534,3237.131173270089,3172.92119140625,1.0043127628529014,1,1.2940613092696147,0.9956484859483203,3,1,1,0,0,1858375.2857142857,0.9741267083759109,1
2022-01-07,3353.95263671875,3363.874716003597,3304.2546937860716,3324.7953995758726,2460591,1.2094634726088627,0.01202207906843189,1.018043410010023,3319.3868582589284,3255.570486886161,3184.718986002604,1.0104133021958013,1,1.283000152158673,0.951071967286999,4,1,1,0,1,2001756.4285714286,1.229215984961778,1
2022-01-10,3376.88720703125,3462.3134841433975,3360.480734609768,3462.3134841433975,3937092,0.6838072208120716,0.006814798629726311,1.0303030303030303,3337.5526994977677,3272.4524448939733,3195.6812337239585,1.0117854341414299,1,1.2690137917878495,0.9188952036703241,0,1,1,1,0,2283273.1428571427,1.7243193230370035,1
2022-01-11,3408.263671875,3416.1840817490493,3356.1288711399575,3356.1288711399575,1906106,0.929153475378719,0.009248633982667792,1.0178941908713695,3359.6288713727677,3290.179949079241,3206.9016927083335,1.0144762419791802,1,1.2596535576681116,0.9250720791045299,1,1,1,0,0,2383125.285714286,0.7998345749701906,0
2022-01-12,3359.523193359375,3419.6655251847706,3339.200289545301,3416.1840637185605,3203744,-1.4300677179946986,-0.014403917315085448,1.024097157601297,3364.8697335379466,3302.4396623883927,3215.08603515625,0.998411070679711,1,1.2926421846974565,1.05737339266143,2,1,1,0,0,2505637.5714285714,1.2786142882481637,1
2022-01-13,3392.597412109375,3414.4436699625035,3356.9995501007843,3410.091842700252,6684507,0.9844914544830718,0.009796769107553581,1.01711174487944,3366.504813058036,3316.5520368303573,3222.484163411458,1.0077506495609723,1,1.1606742693953462,1.0681945040734997,3,1,1,0,0,3105052.0,2.1527842367857284,1
2022-01-14,3453.739990234375,3461.4428081583696,3359.653628525893,3375.146173409217,3348123,1.802235004564956,0.017861872745528553,1.030297521973162,3379.833809988839,3333.4650530133927,3231.991446940104,1.0218668089617637,1,1.2820180166825295,1.1283462227631489,4,1,1,0,1,3335779.4285714286,1.003700356001613,1
2022-01-17,3498.12841796875,3518.8867142278687,3448.64828088195,3475.10729954909,3442604,1.2852278359078984,0.012770388728748533,1.0203669460104978,3406.156075613839,3352.8990304129466,3245.9970703125,1.0270017991874714,1,1.036208768657544,1.1442058017922148,0,1,1,1,0,3568966.714285714,0.9645940339594891,0
2022-01-18,3473.280029296875,3517.755570912798,3464.0540716471287,3511.0102394918767,2389041,-0.7103338043348284,-0.00712868686116996,1.015502500294441,3423.2028459821427,3371.294852120536,3257.7788981119793,1.0146287513675996,1,1.1514393007992028,1.1724078849003636,1,1,1,0,0,3558745.285714286,0.6713155362903386,0
2022-01-19,3413.16259765625,3498.0416342208123,3409.5443196960337,3498.0416342208123,3102539,-1.7308547290612486,-0.017460091413474866,1.0259557601329752,3428.3850446428573,3382.9688720703125,3266.326700846354,0.9955598782551004,1,1.419833953946792,1.3098709155511754,2,1,1,0,0,3439523.4285714286,0.9020258371342474,0
2022-01-20,3336.348388671875,3417.8268980433213,3322.7903848069127,3409.1079518748434,6176776,-2.250528850782607,-0.022762397375436845,1.0286014169509314,3418.1114327566966,3388.8701520647323,3273.043693033854,0.9760794679479247,1,1.6268186218534548,1.4847113257637692,3,1,1,0,0,4049619.1428571427,1.5252733114161636,1
2022-01-21,3342.408935546875,3358.1466802945424,3288.002781595916,3319.3037218278214,3112358,0.1816520989108339,0.0018148731101590735,1.0213332844762923,3415.6665387834823,3390.268136160714,3278.945833333333,0.978552472144222,1,1.5513421419661722,1.376881666765146,4,1,1,0,1,4036564.0,0.7710414104669219,0
2022-01-24,3288.22021484375,3356.4894006591326,3260.9735050308036,3348.075701814863,3258414,-1.6212474819230605,-0.016345334940396618,1.0292906076915294,3400.7555106026784,3383.6301618303573,3283.8293701171874,0.9669087367768507,1,1.5707238338981557,1.350858602967467,0,1,1,1,0,3547122.1428571427,0.9186077808348055,0
2022-01-25,3286.9560546875,3321.3958985887766,3245.366716144262,3286.6073819205503,3330501,-0.038445118442598236,-0.00038452510472902475,1.0234269927235966,3376.9292340959823,3378.381522042411,3288.26025390625,0.9733565102578856,0,1.2564278435846366,1.345758649878346,1,1,1,0,0,3544604.714285714,0.9395972946086715,0
2022-01-27,3181.76123046875,3255.131072717178,3160.705061941806,3253.038610914272,5718297,-3.2003720910333655,-0.03252703562858184,1.0298749832473646,3331.7339215959823,3368.944998604911,3290.735359700521,0.954986594170944,0,1.2198258408166487,1.546431094838601,3,1,1,0,0,3869703.714285714,1.4777092568844141,1
2022-01-28,3217.3349609375,3251.992773976616,3178.927958254504,3178.927958254504,3143862,1.1180515410174063,0.011118475445315022,1.022984105548032,3295.170340401786,3359.186593191964,3294.0698486328124,0.9763789511850258,0,1.5324632604934423,1.539841992305138,4,1,1,0,1,3977535.285714286,0.7904045531139582,1
2022-01-31,3257.616455078125,3276.580164117389,3244.668734105354,3268.733112101142,2739393,1.2520143109030712,0.01244241422933794,1.0098350348300915,3272.949462890625,3350.667253766741,3298.6672607421874,0.9953152323351311,0,1.7233064198256207,1.574455335615497,0,1,1,1,0,3925657.285714286,0.6978176648198058,1
2022-02-01,3313.766845703125,3320.1753575502544,3257.7476054923573,3287.043355557894,2105169,1.7236648758164996,0.01708978297515777,1.019162857169367,3269.7235281808034,3343.91748046875,3305.9327473958333,1.0134700433057184,0,1.762813281468975,1.6332513566320308,1,2,1,0,0,3343999.1428571427,0.6295363455749348,1
2022-02-02,3362.20068359375,3369.0015056035154,3313.766884903713,3337.5260181924546,1984212,1.4615946186264717,0.014510162749067919,1.0166682276147518,3272.5509207589284,3344.108729771205,3313.3214436848957,1.0273944592477209,0,1.858678119994377,1.646904625837233,2,2,1,0,0,3182835.4285714286,0.6234101776636897,0
2022-02-03,3334.648681640625,3385.1313015453898,3327.1939390990083,3357.6666174504307,1960538,-0.819463338032389,-0.008228393951950502,1.0174132808326979,3279.1835588727677,3339.9695347377233,3319.140445963542,1.0169143086295918,0,1.756894747498231,1.6360353717837057,3,2,1,0,0,2997424.5714285714,0.654074173771655,0
2022-02-04,3326.191162109375,3334.7357731436837,3286.1712786456783,3326.5400477247117,2307366,-0.25362550417421525,-0.002539476785155419,1.0147784428686322,3284.78857421875,3330.858904157366,3323.7505777994793,1.0126043387436199,0,1.7639135756542168,1.5406302960659917,4,2,1,0,1,2851262.4285714286,0.8092436448075606,0
2022-02-07,3294.889892578125,3340.9259728140128,3274.9670146178178,3305.3526284106038,1919149,-0.9410544375146435,-0.009455103317466998,1.0201403427581979,3300.9498116629466,3316.341866629464,3327.0794352213543,0.9981641892695822,0,1.136871707984693,1.482980324716399,0,2,1,1,0,2308527.0,0.831330541076626,0
2022-02-08,3263.894287109375,3312.938365711903,3244.3202929778845,3305.832508802573,2946443,-0.9407174891813197,-0.009451701830015783,1.0211502153109042,3307.601143973214,3301.3857421875,3328.6439860026044,0.9867859348931846,1,1.2156796924876228,1.4877639490808996,1,2,1,0,0,2280324.285714286,1.2921157830308596,1
2022-02-09,3278.803955078125,3293.974839092935,3266.205118089426,3269.6054225829375,1638721,0.4568060928822115,0.004557659004218113,1.0085021362711455,3310.6279296875,3291.7886962890625,3330.4023600260416,0.9903873297497436,1,1.136871862876349,1.4554773813736281,2,2,1,0,0,2123085.4285714286,0.7718582483525661,1
2022-02-10,3287.348388671875,3304.3066986400545,3276.580403583315,3304.3066986400545,2112459,0.26059604998696084,0.002602570872352718,1.008461960837713,3306.8538643973216,3288.2886962890625,3332.78935546875,0.9941015005424192,1,0.8975173954235187,1.3439579778356117,3,2,1,0,0,2124126.8571428573,0.994506986669077,0
2022-02-11,3221.60791015625,3271.785502541707,3217.29207311896,3271.785502541707,3851488,-1.9998025990237367,-0.020200693023871983,1.0169376693766938,3286.7691824776784,3279.6600516183034,3331.8520751953124,0.980174673454767,1,0.8383773650751507,1.432673848335577,4,2,1,0,1,2390880.5714285714,1.6109077325007093,1
2022-02-14,3255.43701171875,3307.3147491669633,3234.7295114768162,3246.9360379352192,5951745,1.0500688633105382,0.010445939338897123,1.0224393530997304,3275.4532296316966,3277.3183942522323,3331.9089599609374,0.9938890234389952,0,1.0337970995799273,1.4141968303367924,0,2,1,1,0,2961053.0,2.010009614822835,1
2022-02-15,3328.719482421875,3343.7160280319836,3267.861192454726,3300.993189603413,3931683,2.251079361674835,0.022261164983503844,1.0232123799359658,3275.8144182477677,3280.301496233259,3332.1050374348956,1.0161502018793866,0,1.4267473475067745,1.543612670456265,1,2,1,0,0,3193098.285714286,1.2313066019890757,0
2022-02-16,3324.621337890625,3360.3690159904736,3318.430801171281,3351.5627955077257,3256906,-0.12311474586221838,-0.001231905943256151,1.0126379657530873,3280.061767578125,3290.505789620536,3330.2206868489584,1.0135849790247704,0,1.3672134586239133,1.223119251495743,2,2,1,0,0,3384206.4285714286,0.9623839646728743,0
2022-02-17,3299.424072265625,3343.716368163964,3294.8902621360157,3334.997420658973,3134372,-0.7578988120489849,-0.007607854595896587,1.01481873511511,3285.137451171875,3296.369297572545,3328.1869222005207,1.0043488655516237,0,1.3447703290058244,1.2318276627333455,3,2,1,0,0,3411053.4285714286,0.918886808909556,1
2022-02-18,3307.88134765625,3327.1066691225346,3276.2317390898334,3286.171253915909,3688883,0.25632580733454535,0.0025599785303846963,1.0155284894611376,3289.2913643973216,3299.959647042411,3327.9872151692707,1.0056516681556833,0,1.3395834106495812,1.1937734007317733,4,2,1,0,1,3703933.714285714,0.9959365594941224,0
2022-02-21,3242.925048828125,3337.4385616421955,3230.8494350012497,3321.918793472412,7465922,-1.963682853199944,-0.019832192835875402,1.0329910535248772,3282.9451729910716,3294.8995186941966,3324.2862955729165,0.9878096885405843,0,1.55155304641727,1.2183150166804382,0,2,1,1,0,4468714.142857143,1.6707092378987,0
2022-02-22,3126.963134765625,3198.0225543570805,3112.6641465214116,3182.415724034496,5408531,-3.5758431760365306,-0.03641342630368398,1.0274229418329832,3269.424490792411,3278.096836635045,3315.9554931640623,0.9564261672266798,0,1.9277343274254986,1.4317580413374993,1,2,1,0,0,4691148.857142857,1.1529224854514772,0
2022-02-23,3107.2587890625,3158.787644989509,3100.152718590323,3148.412181820984,2426203,-0.6301432045696886,-0.006321369870640816,1.0189135606280222,3248.256173270089,3261.8547014508927,3305.9219970703125,0.956592898870521,0,1.8172161365926518,1.4294737559382718,2,2,1,0,0,4187500.0,0.5793917611940298,0
2022-02-24,2965.880859375,3037.550782181064,2956.682539532843,3028.962533260586,5039136,-4.549924524637216,-0.046566845084716695,1.0273510062602116,3196.4220842633927,3236.11825125558,3292.8005859375,0.927875224607103,0,1.8262983722635022,1.789746535507994,3,2,1,0,0,4345707.571428572,1.1595662886132663,1
2022-02-25,3069.723388671875,3077.78841497173,3018.499572983606,3023.7309413943226,2549723,3.501237380073241,0.0344133820088941,1.0196418255343733,3160.0080915178573,3220.034929547991,3282.038118489583,0.9714289646636267,0,2.6497318651554727,2.1252568928358695,4,2,1,0,1,4244681.428571428,0.6006865398278249,1
2022-02-28,3098.887939453125,3107.2145759792743,3013.1806523150753,3042.9123451891032,3288942,0.9500709702012555,0.009455861793799302,1.0312075293567118,3131.3600725446427,3208.248761858259,3270.209716796875,0.9896300226293906,0,2.7630062014769274,2.153833031225551,0,2,1,1,0,4266762.857142857,0.7708284031989457,0
2022-03-02,3091.869384765625,3114.3643111770593,3056.8628968064095,3097.4060013989642,2761341,-0.22648623714798255,-0.0022674310514646952,1.018810596455184,3100.501220703125,3194.8962925502233,3256.6677490234374,0.9972159869249971,0,2.736426625854692,2.141897860654117,2,3,1,0,0,4134256.8571428573,0.6679171361182272,0
2022-03-03,3090.343505859375,3120.162475048833,3077.8755818754444,3106.4301334512893,1928039,-0.049351337859493416,-0.0004936351964031543,1.0137389871840181,3078.703857421875,3180.8245152064733,3243.9031982421875,1.0037806976495776,0,2.7111920234268667,2.1361725336730215,3,3,1,0,0,3343130.714285714,0.5767166063119193,0
2022-03-04,3072.862060546875,3104.9912513670993,3040.340346833838,3052.93918222262,2370257,-0.5656796818656162,-0.005672857088874391,1.021264364234941,3070.9751325334823,3170.1998116629466,3232.559847005208,1.000614439365986,0,2.3903160208629286,2.0883928436000074,4,3,1,0,1,2909091.5714285714,0.8147756582430421,0
2022-03-07,3038.46630859375,3093.482959335582,2991.950845591034,3008.0372631645314,3054130,-1.1193392763944487,-0.011256510225736833,1.0339350875012425,3061.147635323661,3154.701904296875,3222.6304443359377,0.992590580582203,0,2.4112181722914965,2.0594649924332966,0,3,1,1,0,2998795.4285714286,1.018452266167063,1
2022-03-08,3138.77734375,3146.6680335114793,3016.755720684322,3016.755720684322,3300992,3.3013706577077473,0.03248045875913168,1.0430635838150288,3085.8471330915177,3141.134608677455,3215.842724609375,1.0171525705505233,0,1.8661376885922143,2.1817729603529497,1,3,1,0,0,2750489.1428571427,1.2001472569242748,1
2022-03-09,3167.24462890625,3185.9030894951516,3136.2487311522195,3143.1802511302744,2719654,0.9069545889559327,0.009028664555738284,1.015832404442198,3099.778738839286,3129.8934151785716,3211.810205078125,1.0217647437933672,0,1.4600391893877136,2.2089052727569984,2,3,1,0,0,2774765.0,0.9801384982151642,0
2022-03-10,3157.086669921875,3212.059666339231,3151.898939689555,3212.059666339231,2005441,-0.32071911628381855,-0.003212345223404342,1.0190871369294605,3108.092843191964,3119.7264578683034,3207.4812255859374,1.0157633086274203,0,1.467468532891606,2.2053719946628103,3,3,1,0,0,2591407.714285714,0.7738809253922331,0
2022-03-11,3138.079833984375,3173.5661198059825,3132.5870674744247,3141.654687525225,1623423,-0.6020371920283818,-0.006038567425207683,1.0130815365858596,3114.6943359375,3107.5977783203125,3206.025179036458,1.0075081197461504,1,1.4954669578765427,2.2008884498923096,4,3,1,0,1,2428848.0,0.6683921760439517,1
2022-03-14,3176.3125,3180.9772219494284,3121.383132034038,3121.383132034038,1765688,1.2183458687563542,0.0121098377235504,1.0190922060492318,3126.9756208147323,3102.8397391183034,3204.657763671875,1.0157778266184285,1,1.5334621648165563,2.186024439137512,0,3,1,1,0,2405655.0,0.7339739073142242,0
2022-03-15,3133.50244140625,3190.262874496947,3126.091336067845,3190.262874496947,3651133,-1.3477911444088053,-0.013569562937992038,1.020527723450915,3135.6385323660716,3103.3068324497767,3200.5206298828125,0.9993187700247421,1,1.6405340034679945,1.9876372561521771,1,3,1,0,0,2588637.285714286,1.410445959404675,1
2022-03-16,3187.559326171875,3198.1093357897653,3152.9887910440943,3174.1322347171863,3090475,1.7251266203375026,0.017104152630639902,1.0143104044244728,3156.9375348772323,3109.0425851004466,3196.313712565104,1.0096998407337299,1,1.5843028562140307,2.0264577974192743,2,3,1,0,0,2593829.4285714286,1.1914719472136233,1
2022-03-17,3202.251220703125,3234.7292978853975,3191.3961743923683,3223.0459941926397,3600452,0.46091360278757154,0.004598546487035994,1.0135781084908018,3166.0052315848216,3125.92618233817,3190.9820638020833,1.011448493122091,1,1.0940985844202709,1.495689839679764,3,3,1,0,0,2636609.4285714286,1.3655613762827215,0
2022-03-21,3162.100341796875,3238.173151385832,3151.8992167802776,3222.5226847081344,2413831,-1.2538328862728654,-0.012617596998350623,1.0273720473504495,3165.270333426339,3132.5245361328125,3185.2304524739584,0.998998508406695,1,1.1919703801904946,1.3038756438305399,0,3,1,1,0,2592920.4285714286,0.9309313827767178,1
2022-03-22,3226.838623046875,3235.6012072887484,3160.618263654463,3173.696684055792,2907611,2.047319004848913,0.020266431534607745,1.0237241379310345,3175.2348981584823,3141.6638706752233,3181.918701171875,1.0162519393189842,1,1.4079248501728778,1.3817956891412242,1,3,1,0,0,2721801.8571428573,1.068266961597341,1
2022-03-23,3236.822509765625,3251.99360859533,3217.2921493437784,3232.986257389358,1596195,0.30940148811418045,0.0030892382671730816,1.0107859210916328,3189.340994698661,3152.01766531808,3179.983121744792,1.0148875630250538,1,1.3492408347636435,1.3735408768206323,2,3,1,0,0,2717912.1428571427,0.5872871955022199,1
2022-03-24,3269.474609375,3276.7548028095052,3221.6510972508927,3226.010570995481,1879046,1.0087701599597265,0.010037160350306173,1.017104181643268,3202.6498674665177,3164.812744140625,3180.1691324869794,1.0208654535068937,1,1.3315947165122703,1.379775070613336,3,3,1,0,0,2734106.1428571427,0.68726154063514,0
2022-03-25,3232.50634765625,3295.3264108407147,3201.597719435667,3278.237187540887,1690133,-1.1307095523160227,-0.011371506723756246,1.0292755991285405,3216.793282645089,3176.21590750558,3178.62587890625,1.0048846984032,1,1.2852454373019047,1.4183003367888034,4,3,1,0,1,2453963.285714286,0.6887360580490696,1
2022-03-28,3232.723876953125,3237.3449613508205,3192.1807741513976,3221.6508570404744,1760990,0.006729431390994911,6.7292049749183e-05,1.0141483801810784,3223.245361328125,3190.0914481026784,3176.8050618489583,1.002940674556992,1,1.1596102402829933,1.3578807619967845,0,3,1,1,0,2264036.8571428573,0.7778097756863876,0
2022-03-29,3230.675048828125,3245.1920101542364,3218.163274981001,3221.4328800422795,2689063,-0.06337776447925547,-0.0006339785667417858,1.0083988079111352,3227.305908203125,3196.6555698939733,3177.1072998046875,1.0010439483336353,1,1.1574020813347063,1.085173773949417,1,3,1,0,0,2133838.4285714286,1.2601999120431464,1
2022-03-30,3253.51904296875,3259.1427217856817,3231.416424918209,3259.1427217856817,1583455,0.7070966220793728,0.007046084163747133,1.0085802302215428,3240.36572265625,3202.818028041295,3177.0433675130207,1.004059208570358,1,0.9914797142047511,1.0766061439298524,2,3,1,0,0,2015213.2857142857,0.7857505759936222,1
2022-03-31,3260.842529296875,3273.6593387691028,3243.6226090320506,3260.886166604706,2168110,0.2250943126935745,0.0022484135497005363,1.009260241821417,3245.2234235491073,3210.229160853795,3174.780802408854,1.004812952363904,1,0.6813149232025204,1.066228539065669,3,3,1,0,0,1909570.2857142857,1.135391567526935,1
2022-04-01,3277.234375,3280.9399276687727,3250.4672488832616,3267.8615064848686,1387014,0.5026874360185563,0.005014281810415138,1.0093748610437407,3250.9965471540177,3220.168770926339,3173.201236979167,1.0080707030799376,1,0.6925874790178971,1.0399516898379269,4,4,2,0,1,1879687.2857142857,0.7378961439710603,1
2022-04-04,3287.348388671875,3295.7620876915726,3258.3578888264396,3280.067982512089,1472994,0.3086142922529067,0.0030813905585989963,1.0114794630121509,3253.5499441964284,3228.0999058314733,3172.7987141927083,1.0103881744725434,1,0.596793227948698,1.0070954399309433,0,4,2,1,0,1821679.857142857,0.8085910343820017,1
2022-04-05,3326.10400390625,3344.239456565145,3288.786867502642,3288.786867502642,2314947,1.1789323993746992,0.01172037132146133,1.0168611075440748,3266.9210379464284,3241.857160295759,3173.4061360677083,1.0181158238207753,1,0.4319133178458967,0.9214082155583283,1,4,2,0,0,1910939.0,1.2114185748472348,0
2022-04-06,3274.269775390625,3321.308450856893,3253.1697538188087,3321.308450856893,2051729,-1.5584067261501633,-0.015706775368159603,1.0209453247738143,3272.8561662946427,3248.050763811384,3174.450960286458,1.0004319191018964,1,0.8640460860587227,0.9825082821331382,2,4,2,0,0,1952473.142857143,1.0508359654041701,0
2022-04-07,3212.19091796875,3265.681745359496,3207.7007452082726,3265.681745359496,2494829,-1.8959603722472407,-0.0191416415922909,1.0180755640119599,3270.215576171875,3248.7607421875,3177.291886393229,0.9822566259466451,1,1.1741199677393432,1.125245203435017,3,4,2,0,0,1924725.4285714286,1.2961999477773378,1
2022-04-08,3213.498779296875,3230.370027745647,3175.8766062249715,3217.291606580685,2296773,0.04071555401046201,0.00040707267477965557,1.0171585449553877,3264.4983956473216,3252.432059151786,3180.833219401042,0.9843775030128836,1,1.1260773917694658,1.0632893073553662,4,4,2,0,1,2026628.0,1.1332977734443617,1
2022-04-11,3222.87158203125,3236.778473211479,3187.734394843684,3217.2915409273724,2291660,0.2916697151017944,0.0029124518427316617,1.0153852461632709,3259.073974609375,3252.148699079241,3189.3995768229165,0.9888918162459126,1,1.130255597809141,0.9112153107212411,0,4,2,1,0,2044278.0,1.121011917165865,0
2022-04-12,3218.250732421875,3260.0144049645387,3180.9772326058187,3211.1882999423365,4483476,-0.14337678346038052,-0.0014347966632240869,1.0248468211430655,3250.6477399553573,3250.8221435546875,3194.35048828125,0.990033676323868,0,1.0927176412520172,0.9072278636856539,1,4,2,0,0,2486629.714285714,1.803033227763017,0
2022-04-13,3192.83447265625,3234.598352823879,3187.254432214075,3232.1133680019534,1621672,-0.7897538718649844,-0.007928889449053077,1.014854139076972,3237.145751953125,3245.3478480747767,3197.482039388021,0.986311620578054,0,1.0772188567977168,0.8744607305147736,2,4,2,0,0,2507869.4285714286,0.6466333460286096,0
2022-04-18,3076.088623046875,3147.5403623845255,3071.2495641272826,3147.5403623845255,3820792,-3.6564955248760356,-0.03725020933048507,1.0248403122782115,3201.429268973214,3234.1751534598216,3196.956013997396,0.9608485350149437,0,1.3921624048942196,1.263070023801202,0,4,2,1,0,2722990.1428571427,1.4031604227516485,0
2022-04-19,3027.13134765625,3107.04063053991,2998.5767941194913,3095.2264139082035,3170014,-1.5915430727133195,-0.0160434412398958,1.0361717720997266,3166.123779296875,3219.489972795759,3194.848942057292,0.9561001270545739,0,1.394029416031704,1.3004015762401053,1,4,2,0,0,2882745.1428571427,1.0996511460108263,1
2022-04-20,3101.1552734375,3111.9230458257116,3034.1937144086005,3051.631609318995,2640370,2.4453489881951285,0.02415928979607477,1.0256177880298132,3150.261544363839,3210.2385602678573,3195.7920491536456,0.9844120019132393,0,1.8689984171168068,1.5145255404208835,2,4,2,0,0,2903536.714285714,0.909363393618925,1
2022-04-21,3163.801025390625,3177.1846959049176,3110.397468139204,3121.38342791976,2280996,2.0200778880602455,0.01999944996513368,1.0214722486273333,3143.161865234375,3203.8301304408483,3199.969873046875,1.0065663688480488,0,2.097738571142888,1.617571414073704,3,4,2,0,0,2901282.8571428573,0.7862025567015182,0
2022-04-22,3149.7626953125,3153.6425834822653,3113.9713815059195,3122.3416543216063,1581465,-0.4437172238539122,-0.004447045704949003,1.012739745205096,3132.7177385602677,3195.8958565848216,3200.3360514322917,1.0054409487782534,0,2.0871985792281915,1.6143275813957467,4,4,2,0,1,2799826.4285714286,0.564843943132189,0
2022-04-25,3093.656982421875,3124.870857781857,3080.49149910498,3102.201593746609,1960694,-1.781267934061248,-0.017973234583318193,1.0144065837187901,3114.918631417411,3182.783185686384,3197.8831298828127,0.9931742522000131,0,2.1562678022948707,1.6490664060394682,0,4,2,1,0,2439429.0,0.8037512057124844,0
2022-04-26,3092.000732421875,3128.271430266932,3067.456764808014,3117.1547709894953,1943469,-0.05353696319310153,-0.0005355129934222883,1.0198257612484145,3100.5138113839284,3168.8297816685267,3195.7135986328126,0.9972543005837301,0,2.16014788185751,1.6399408864225102,1,4,2,0,0,2485400.0,0.7819542126015933,1
2022-04-27,3104.991455078125,3111.3126918404437,3057.124519775637,3091.7386978183854,1727648,0.42013970178056415,0.004192595792371571,1.0177252093312783,3104.6427873883927,3153.0360281808034,3194.6106526692706,1.000112305251718,0,1.6327542816747738,1.594803831795566,2,4,2,0,0,2186379.4285714286,0.7901867248764036,1
2022-04-28,3125.1328125,3142.6577715972885,3084.8076749252646,3128.358780932987,1703660,0.6486767423766748,0.0064658188913314305,1.018753226381747,3118.642996651786,3142.38338797433,3192.9046630859375,1.002080974274767,0,1.4443087203133926,1.588895671148641,3,4,2,0,0,1976900.2857142857,0.861783476036294,0
2022-04-29,3092.349609375,3159.0932067613744,3083.76157230088,3136.2059655614885,2051115,-1.0490179167385372,-0.010545588943176214,1.0244284886150545,3117.3850446428573,3133.8232945033483,3191.5329020182294,0.9919690911102303,0,1.2344352835151953,1.5396636525254142,4,4,2,0,1,1892721.0,1.083685868123194,0
2022-05-02,3088.60009765625,3093.4391564370508,3045.310605375588,3068.9824643813376,1324161,-0.12125122293361601,-0.0012132479170363216,1.015804151792105,3106.6420549665177,3124.9019601004466,3188.2342610677083,0.9941924570030769,0,0.8441882780228478,1.537836481014034,0,5,2,1,0,1756030.2857142857,0.7540650128715646,0
2022-05-04,3033.975830078125,3091.259273972882,3021.376993207293,3085.199647886039,2305825,-1.7685768908566657,-0.017844030885709232,1.023129282086512,3090.10107421875,3111.409406389509,3182.6250813802085,0.9818370846802107,0,1.0045941840358033,1.5778327112309538,2,5,2,0,0,1859510.2857142857,1.2400173409711865,1
2022-05-05,3063.31494140625,3080.4041637186206,3038.8584638656703,3062.18164851879,1612262,0.9670186241190093,0.009623729248620505,1.0136714823500206,3085.7664969308034,3100.3425641741073,3179.332234700521,0.9927241560413322,0,0.9701875066176926,1.6200894526314153,3,5,2,0,0,1809734.2857142857,0.8908832709458532,0
2022-05-06,2992.865478515625,3029.3977769803973,2985.8030471346583,3015.883410728218,2010812,-2.2997786462754077,-0.023266361294790976,1.014600671630895,3071.604317801339,3086.059064592634,3171.5331298828123,0.9743655656331166,0,1.264845289627595,1.7006303849380053,4,5,2,0,1,1819354.7142857143,1.1052336216851768,1
2022-05-09,3003.764404296875,3013.2679710271254,2918.1007532108174,2962.6980803096562,2481830,0.3641635703137469,0.003635021001864558,1.0326127251472021,3057.143310546875,3080.893048967634,3163.7645263671875,0.9825396126946855,0,1.2585328076012194,1.4359050343352031,0,5,2,1,0,1927095.0,1.2878607437619838,0
2022-05-10,2998.22802734375,3020.9409278192593,2983.6237904966374,2994.08652734233,1622685,-0.1843146201880974,-0.0018448468859025488,1.0125073199380845,3039.0140555245534,3078.82852608817,3154.7229736328127,0.9865791906731529,0,1.172029307202859,1.3760082996804395,1,5,2,0,0,1915527.142857143,0.8471219037803096,0
2022-05-11,2974.90478515625,3006.6853051327807,2948.878642613765,2994.9583637197297,1841769,-0.7779008792791142,-0.00780942311320846,1.019602930308376,3022.2362234933034,3069.81063406808,3146.1362548828124,0.9843389348691134,0,1.1585236630472022,1.1803689997213846,2,5,2,0,0,1885620.5714285714,0.9767442230462363,0
2022-05-12,2971.983642578125,3007.7749608828694,2920.9343806143934,2945.2601564408105,2807195,-0.09819280915142059,-0.0009824104987213045,1.0297304112152665,3005.576729910714,3056.109392438616,3137.4449137369793,0.9888230811084343,0,1.159963886536145,0.9802889648841064,3,5,2,0,0,2097482.5714285714,1.3383639217026015,1
2022-05-13,2977.433349609375,2999.230718747237,2948.8787960387763,2994.958519542189,2187823,0.18336934810725403,0.0018320143175820094,1.0170749380327528,2997.4992327008927,3043.8001534598216,3129.003523763021,0.9933057920840775,0,1.0450251554800976,0.9943928883973677,4,5,2,0,1,2080625.142857143,1.0515219464259917,0
2022-05-16,2944.214111328125,2990.5988675166236,2935.32082782278,2977.520446813198,1195813,-1.1157004836265472,-0.011219711060061612,1.0188320265266695,2980.4848284040177,3033.125662667411,3118.693359375,0.9878305983207052,0,0.9259396368113404,0.9373694405596745,0,5,2,1,0,2021132.4285714286,0.5916549470463057,1
2022-05-17,3009.431884765625,3022.858978236571,2921.1959692768205,2938.2851908443163,1754076,2.2151165292825903,0.021909392089149483,1.0348018448707221,2982.8514578683034,3027.2278878348216,3110.3130045572916,1.0089110796406595,0,1.0737290612505423,1.1616305113167278,1,5,2,0,0,1984455.857142857,0.8839077945152436,0
2022-05-18,3006.990966796875,3047.2724658323123,3001.977571466822,3021.1156206320347,1866781,-0.08110892893460342,-0.0008114184002345915,1.0150883520236822,2983.3123953683034,3020.227852957589,3101.304890950521,1.0079370070212337,0,1.0675223895089105,1.1491396122295396,2,5,2,0,0,1896591.7142857143,0.9842819548028335,0
2022-05-19,2844.07666015625,2968.8012301822614,2816.2196691596782,2961.8260731069436,4642963,-5.417851547926844,-0.055701433318019127,1.0541795665634675,2961.290771484375,3000.152413504464,3086.5291666666667,0.9604178986890334,0,2.325767309389775,1.770888072124511,3,5,2,0,0,2328060.0,1.9943485133544667,1
2022-05-20,2871.149169921875,2889.3716835160767,2851.139229667737,2885.9713794234453,3065125,0.9518910001581116,0.00947389064244588,1.0134095358972686,2946.4685407366073,2984.352382114955,3071.364005533854,0.9744374087917793,0,2.4098895821915596,1.816875235505476,4,5,2,0,1,2502825.1428571427,1.2246660573742496,1
2022-05-23,2896.21630859375,2911.1692180116047,2848.4800723039907,2881.437735548261,2293690,0.8730698820694549,0.008692806660053856,1.0220079284798744,2935.6446358816966,2970.610682896205,3058.7622233072916,0.9865691075799764,0,2.462936968069902,1.8524562643366274,0,5,2,1,0,2429467.285714286,0.9441123218605654,0
2022-05-24,2866.7900390625,2898.9194468786245,2855.978628927339,2890.4618972135286,1711510,-1.0160245781344224,-0.010212213380561597,1.01503541291113,2919.838448660714,2958.6688406808034,3047.2488606770835,0.9818317312649449,0,2.462048447240927,1.8216656743176303,1,5,2,0,0,2361422.5714285714,0.724779216014947,0
2022-05-25,2780.461181640625,2890.357885421766,2768.523667729061,2890.357885421766,3548046,-3.0113421717520072,-0.03057614392719864,1.0440069265481995,2896.4451729910716,2938.465000697545,3032.814274088542,0.9599564347248896,0,2.6374047299711814,1.9024875894366367,2,5,2,0,0,2697455.8571428573,1.3153305143455014,1
2022-05-26,2832.512939453125,2845.2845046149496,2791.78459666296,2800.9572278964383,2813186,1.8720548287527894,0.018547475498628903,1.0191633366040984,2871.1710379464284,2927.011247907366,3019.8023193359377,0.9865357730409007,0,2.5748368251514364,1.9540155555550962,3,5,2,0,0,2848757.285714286,0.9875134024605515,1
2022-05-27,2862.664306640625,2878.112892084147,2834.4878731863514,2855.554301399254,3103153,1.0644741200483754,0.010588484813850057,1.0153907939809794,2850.5529436383927,2916.9326695033483,3007.9494384765626,1.004248776725674,0,2.665387500877999,1.9831262605684434,4,5,2,0,1,3025381.8571428573,1.0257062237196692,1
2022-05-30,2962.68603515625,2972.64878630767,2884.652556391541,2894.0006985882987,2094624,3.4940083014135093,0.03434353423399598,1.0305049666106774,2867.497140066964,2914.39395577567,3000.277823893229,1.0331958116920956,0,2.0840966406641956,2.231262220241462,0,5,2,1,0,2661333.4285714286,0.7870580880669164,0
2022-05-31,2953.118896484375,2969.8402056716036,2918.578639497407,2944.165491324145,4840965,-0.3229211113951358,-0.003234436267943093,1.0175638804041354,2879.207101004464,2912.837820870536,2996.1788330078125,1.0256708853816474,0,2.1042334944676684,2.2233279413999023,1,5,2,0,0,2915024.8571428573,1.6606942435286265,0
2022-06-01,2945.086181640625,2973.877005426584,2931.7880865359803,2973.877005426584,1493835,-0.2720078373177892,-0.002723784508534033,1.0143560576850332,2886.1885114397323,2910.916573660714,2993.443994140625,1.0204067301797666,0,2.107820241091151,2.2242278096053316,2,6,2,0,0,2800759.8571428573,0.5333677559645931,1
2022-06-02,3004.599609375,3012.4995207055213,2937.274852340207,2944.911390433282,2657939,2.0207703294177204,0.020006237246832682,1.025610360673391,2905.8755929129466,2912.85702078683,2990.2254720052083,1.033973930853347,0,2.1143267856411683,2.291711254036229,3,6,2,0,0,2935964.0,0.9053036753856655,1
2022-06-03,3019.653076171875,3052.262281379866,3011.7970965329273,3036.550107803173,1913622,0.5010140702243593,0.0049976317111214835,1.0134355614106678,2940.0458635602677,2918.24551827567,2985.4205403645833,1.0270768608062482,1,1.3772303578802523,2.266902907636001,4,6,2,0,1,2702474.8571428573,0.7080998348392193,0
2022-06-06,3011.57763671875,3030.932461150583,2964.3536823588743,3000.210585639355,1084210,-0.267429378455708,-0.0026778760963750018,1.0224597959372814,2965.626534598214,2918.3987862723216,2980.8143717447915,1.015494568039654,1,1.4377246931674434,2.193484126244961,0,6,2,1,0,2455478.285714286,0.44154737849152226,0
2022-06-07,2951.669677734375,3000.9564672739875,2945.788676454605,2985.3321578943005,2308256,-1.9892550088679628,-0.020093070561194824,1.0187276810656287,2978.3415876116073,2914.447265625,2976.0814615885415,0.9910447109263175,1,1.7944011049700133,2.259071565087776,1,6,2,0,0,2341921.5714285714,0.985624808345723,1
2022-06-08,2988.053466796875,2996.6556349491925,2937.450233831093,2966.987037508978,2185707,1.2326511105547278,0.012251158260723587,1.0201553716336098,2981.965506417411,2924.7313232421875,2972.616552734375,1.0020415931593984,1,1.2874027942744057,1.6823752200801627,2,6,2,0,0,2354933.4285714286,0.9281396125604764,1
2022-06-09,3008.198486328125,3016.888302906763,2943.243661069149,2971.2443716436987,1279197,0.6741853770389605,0.006719229105454672,1.0250215919299261,2989.8340192522323,2934.5205601283483,2969.3901204427084,1.0061423032040038,1,1.2842279893442787,1.6765693034277165,3,6,2,0,0,1846109.4285714286,0.6929150462060522,0
2022-06-10,2949.21240234375,2978.266606743859,2942.2781213691173,2968.6111594481968,1527582,-1.9608441481657302,-0.019803237607656402,1.0122315035799523,2990.4234793526784,2938.305995396205,2963.5261067708334,0.9862189829321936,1,1.537079510542612,1.7762389750603282,4,6,2,0,1,1850930.4285714286,0.8253049257929197,0
2022-06-13,2826.06103515625,2890.4891000419943,2802.229512994808,2887.8557968837417,3030921,-4.175737464335604,-0.04265427070032323,1.0314962020911917,2964.91796875,2935.3967808314733,2954.6498209635415,0.9531666862094361,1,1.932935223016155,2.1052713280062343,0,6,2,1,0,1904213.5714285714,1.5916917332577116,0
2022-06-14,2818.117431640625,2843.002020001427,2786.6493705312914,2800.0792606285445,2611493,-0.28108393331942594,-0.0028147971603567855,1.0202223681479494,2936.1271623883927,2938.08651297433,2945.6337320963544,0.9598076908045861,0,1.8628187265703624,1.9323429659858469,1,6,2,0,0,2003909.4285714286,1.3031991180667846,0
2022-06-15,2814.386962890625,2838.7010882886284,2809.73475065303,2825.0956872779684,1404536,-0.13237449611275265,-0.0013246218854567854,1.0103092783505154,2907.9570661272323,2936.7918003627233,2938.314103190104,0.9678227356495251,0,1.8719463700914072,1.8651160232508122,2,6,2,0,0,2049670.2857142857,0.6852497251822802,0
2022-06-16,2757.94677734375,2848.2252927417594,2750.090797397265,2843.968032652371,2032028,-2.0054166783414096,-0.020257981073058897,1.0356840928442692,2880.2823660714284,2929.3119768415177,2928.1351643880207,0.9575265292845095,0,1.8734547566780773,1.906591389484338,3,6,2,0,0,2010209.142857143,1.0108540234335246,0
2022-06-17,2711.336669921875,2737.5381225214655,2654.2380502201972,2714.0578356188767,5240434,-1.6900292567199715,-0.01704473220588468,1.0313837985610814,2840.751395089286,2911.3584507533483,2918.750870768229,0.9544434879478979,0,1.6136672311749807,1.602982780222972,4,6,2,0,1,2446598.714285714,2.1419262461804847,1
2022-06-20,2731.964599609375,2755.0938684218168,2693.869560234665,2715.813756717515,1502769,0.7608029617397039,0.007579234517162643,1.0227272727272727,2801.2894112723216,2895.5617152622767,2909.690877278646,0.9752525349990668,0,1.6321572857458047,1.6440308503458976,0,6,2,1,0,2478537.5714285714,0.6063127778748333,1
2022-06-21,2819.346435546875,2841.9928891984864,2743.375584391192,2747.4134022673966,2964461,3.198498104623826,0.03148411370370229,1.035947431102176,2782.737130301339,2886.580304827009,2903.7281575520833,1.013155861847997,0,2.3290830644114164,1.9254049070131944,1,6,2,0,0,2683806.0,1.104573504940372,1
2022-06-22,2829.001953125,2853.2284323936533,2793.9351690902718,2808.769360580185,3336315,0.3424736121955929,0.003418885068274407,1.0212221328394988,2783.1572614397323,2874.037615094866,2898.8647298177084,1.0164721887334358,0,1.7270211076297068,1.8195425934999137,2,6,2,0,0,2727433.714285714,1.2232432936958637,1
2022-06-23,2904.358642578125,2912.434064877153,2829.0021781757464,2829.0021781757464,3692578,2.6637199514791376,0.026288606134162586,1.0294916304218638,2795.4774344308034,2865.8022984095983,2896.610563151042,1.038949056360203,0,1.9795156349382703,1.9872576303407843,3,6,2,0,0,2881874.4285714286,1.2813112061341425,0
2022-06-24,2890.577880859375,2936.1339542506385,2876.884614366657,2930.8673462609513,2132118,-0.47448553758902,-0.00475614793736673,1.0205949656750573,2806.3618512834823,2857.1594587053573,2893.715380859375,1.030008970346207,0,2.0003533669670315,1.988093301041709,4,6,2,0,1,2985814.714285714,0.7140824880387995,1
2022-06-27,2909.537109375,2951.845477755388,2902.3394557167258,2940.5223579770245,2037686,0.6558975158970082,0.006537558677176197,1.0170572818217904,2828.0176130022323,2854.14998953683,2892.5594807942707,1.0288256678451964,0,1.697032229639708,1.9376009939210037,0,6,2,1,0,2986623.0,0.6822709126662455,1
2022-06-28,2912.5654296875,2922.9670648721058,2872.5832738577947,2902.778403463079,1400046,0.10408254642095827,0.0010402841809411564,1.017539540619356,2856.764578683036,2848.757986886161,2889.330598958333,1.019532883955803,1,1.3648624476110336,1.9017028705593744,1,6,2,0,0,2437996.1428571427,0.5742609577549431,0
2022-06-29,2888.295166015625,2925.600300358632,2871.1786926111868,2871.1786926111868,2133994,-0.8332950540609452,-0.00836786366112165,1.0189544481809845,2879.0975167410716,2840.1934640066966,2885.374072265625,1.003194629296532,1,1.540137763673353,1.8931456085688014,2,6,2,0,0,2528171.1428571427,0.8440860524926037,0
2022-06-30,2867.75537109375,2906.20143071572,2857.134294601676,2872.0563477532055,2719603,-0.7111390540534446,-0.007136797000067772,1.017173549107143,2886.0130789620534,2834.3751046316966,2886.163362630208,0.9936737265671471,1,1.2001968409469752,1.8360624954309146,3,6,2,0,0,2493191.4285714286,1.0908119484264,1
2022-07-01,2909.8876953125,2925.599650922588,2854.544400730377,2861.5226108633774,1502879,1.469174276280083,0.014584864655520178,1.0248919758172372,2897.568184988839,2840.362723214286,2887.4546468098956,1.0042516722772852,1,1.2871287585141087,1.4767234489850927,4,7,3,0,1,2231272.0,0.673552574495624,0
2022-07-04,2839.622802734375,2912.3896686210524,2830.8451246154136,2907.166993000027,2622535,-2.4146943090385897,-0.024443260348871353,1.028805724232871,2888.3202078683034,2841.8988211495534,2885.5681966145835,0.9831398869830056,1,1.2356683559132644,1.6340277584803893,0,7,3,1,0,2078408.7142857143,1.2617994632019647,0
2022-07-05,2823.164794921875,2872.0564215860604,2814.9575797580337,2857.134368050925,2170627,-0.5795842953737362,-0.005812704032516606,1.020284086068869,2878.689767020089,2842.525809151786,2884.114021809896,0.9807117207507596,1,1.2385653791199507,1.6425668740482295,1,7,3,0,0,2083910.0,1.0416126416207994,1
2022-07-06,2862.181396484375,2868.9840970357063,2810.8319794194863,2825.095706381955,2182144,1.3820164388802514,0.013725536766381467,1.0206885783433524,2871.9246651785716,2849.9711390904017,2886.838028971354,0.9966074079824129,1,1.3594029757536628,1.5666672598299014,2,7,3,0,0,2104546.8571428573,1.0368711880154995,1
2022-07-07,2885.968994140625,2913.6623972444418,2865.955845113616,2871.1785207492608,1989921,0.831100281955166,0.008276656605388613,1.0166459480567938,2868.125174386161,2862.4448765345983,2888.6198974609374,1.0062214229399116,1,1.4154596660083374,1.4647987872274801,3,7,3,0,0,2188814.714285714,0.9091317721013128,0
2022-07-08,2866.3076171875,2901.023386196763,2852.7461437638367,2896.634545975588,2136916,-0.6812747119959828,-0.006836059824324971,1.0169230769230768,2864.9840959821427,2872.0408063616073,2888.7413411458333,1.000461964590733,0,1.4038522997408769,1.4922204741573306,4,7,3,0,1,2189232.1428571427,0.9761029715245888,0
2022-07-11,2733.19384765625,2830.80159948252,2726.34721488146,2814.2555881350117,6974600,-4.644085259134356,-0.04755382397394491,1.0383129426915647,2845.7610212053573,2865.887050083705,2881.0916015625,0.9604439119411974,0,2.231791435305238,1.7854076339920641,0,7,3,1,0,2797088.8571428573,2.4935210700186143,0
2022-07-12,2707.650634765625,2752.8556822249266,2703.744610417738,2734.159182843163,3734815,-0.9345554803047995,-0.009389498500114836,1.0181640942040013,2816.8700125558034,2857.2190987723216,2872.909326171875,0.9612266887348907,0,2.024435107668736,1.7878267343423633,1,7,3,0,0,3115936.8571428573,1.1986170359769805,0
2022-07-13,2667.316650390625,2729.857600235243,2664.0250214514344,2724.590993932538,3863530,-1.489630303744538,-0.015008367247071958,1.024711696869852,2792.2548479352677,2840.287527901786,2863.650341796875,0.9552554461004775,0,1.9458079179857861,1.5925582615186629,2,7,3,0,0,3293221.8571428573,1.1731763505760078,0
2022-07-14,2639.154541015625,2690.419485413844,2611.2118460002866,2689.539400531471,4764908,-1.0558217514548107,-0.010614350955420947,1.030333670374115,2765.9676688058034,2822.3287179129466,2851.4688395182293,0.9541523463125187,0,1.9421319593087087,1.596766645263271,3,7,3,0,0,3663833.4285714286,1.3005252812101487,0
2022-07-15,2635.501953125,2665.688689015533,2598.890340539718,2656.5799405130747,4574806,-0.13839992444016902,-0.0013849578559364541,1.0257026421753304,2733.584891183036,2802.7547781808034,2838.6638020833334,0.9641193004927725,0,1.7100926795559968,1.5610504034071908,4,7,3,0,1,4005642.285714286,1.1420904997721784,1
2022-07-18,2696.139892578125,2707.976990638422,2652.839761660094,2660.4964567532797,3202795,2.300811782029788,0.022747422246214108,1.020784228951629,2706.4664481026784,2787.29581124442,2828.149210611979,0.9961844878839001,0,2.0513240301085665,1.7466550571590407,0,7,3,1,0,4178910.0,0.7664187551299262,1
2022-07-19,2705.600341796875,2709.736696841863,2666.700641708063,2666.700641708063,1865074,0.3508886628914354,0.0035027448492395553,1.0161383150627041,2683.5082659040177,2774.24618094308,2819.9468994140625,1.0082325350637276,0,2.1100319043415734,1.7597572395718302,1,7,3,0,0,4140075.4285714286,0.4504927584480172,1
2022-07-20,2785.292236328125,2791.584756291882,2726.5465797601073,2735.1274060003793,3402251,2.94544221111106,0.029028974636918028,1.023853682535472,2690.9508928571427,2768.35595703125,2813.188191731771,1.035058738426406,0,1.720438518365372,1.9762322551671956,2,7,3,0,0,3629739.8571428573,0.9373264018645334,1
2022-07-21,2796.29345703125,2802.189982174116,2767.03063765082,2787.228540686377,2420640,0.39497545570399417,0.003941974755319143,1.0127065251988483,2703.6141531808034,2760.2420828683034,2806.124690755208,1.0342797820248903,0,1.634925475506341,1.927105229185406,3,7,3,0,0,3442000.5714285714,0.7032654265351662,0
2022-07-22,2790.74951171875,2813.63172152786,2766.547174420653,2803.070701615963,2075886,-0.19826049725073513,-0.0019845729353046146,1.0170192460633052,2721.2474190848216,2756.751133510045,2800.842594401042,1.0255405267990305,0,1.4375520740303944,1.8254218095378052,4,7,3,0,1,3186622.8571428573,0.6514376168949124,0
2022-07-25,2787.0087890625,2804.3464181965073,2771.475376902359,2785.468640525085,1797504,-0.1340400720502566,-0.0013412998611106192,1.0118604846963815,2742.369454520089,2754.1685616629466,2799.5408528645835,1.0162776516011853,0,1.289041716776825,1.8204506599602612,0,7,3,1,0,2762708.0,0.6506311922939377,0
2022-07-26,2742.255859375,2788.9003489613156,2725.1823019627623,2785.2040361556637,2639367,-1.6057692341384433,-0.016188014076950582,1.0233812053427258,2757.6200125558034,2745.60245186942,2797.0121337890623,0.9944284734260528,1,1.556511100756353,1.8114244326633118,1,7,3,0,0,2486216.714285714,1.0615997329735134,1
2022-07-27,2806.458740234375,2811.079185829187,2737.063961878892,2741.464386254903,1389808,2.3412432738500133,0.0231425657794948,1.0270418320438104,2773.3798479352677,2739.9231480189733,2796.7478597005206,1.0119272851584806,1,1.5640215655425367,1.9247325969254827,2,7,3,0,0,2227218.5714285714,0.6240106013073321,1
2022-07-28,2869.516845703125,2872.597142884527,2817.723762864332,2830.353067253872,2106333,2.2468923046944145,0.022220215364816803,1.0194743646426199,2796.7964913504466,2740.1523786272323,2800.466861979167,1.0260013034833169,1,1.676841939664463,2.0229024064676233,3,7,3,0,0,2261684.1428571427,0.931311742469534,1
2022-07-29,2905.95166015625,2919.5050938055115,2882.2774670596104,2895.4787379011045,2430257,1.2697194828350078,0.01261726135952373,1.0129160454437023,2814.0335518973216,2752.4922223772323,2806.9540283203123,1.032664183480312,1,1.430286264058844,1.5297951536352694,4,7,3,0,1,2122827.8571428573,1.1448205712124562,0
2022-08-01,2903.223876953125,2928.0422261586746,2878.7574757334005,2928.0422261586746,1306913,-0.09386884305495613,-0.0009391292744326779,1.017120146744115,2829.309326171875,2766.461739676339,2812.6626708984377,1.0261245916441586,1,1.4546260632765247,1.487192758087428,0,8,3,1,0,1963724.0,0.6655278440351088,0
2022-08-02,2897.0634765625,2915.6331387759437,2879.3296371550764,2895.4792807916037,1269114,-0.2121917100340931,-0.002124171556174785,1.012608317280663,2844.4970354352677,2782.872227260045,2815.253238932292,1.0184800477808158,1,1.4558239790772496,1.3911862778581396,1,8,3,0,0,1848470.857142857,0.686575065598623,1
2022-08-03,2939.04345703125,2947.4042633920217,2884.082199243072,2886.6784066664172,2895824,1.449052836031095,0.014386543976286163,1.0219557071450907,2866.2162737165177,2804.2928641183034,2818.9212890625,1.025408823466172,1,1.455798424930727,1.3210428785070374,2,8,3,0,0,2005373.7142857143,1.4440320920589365,1
2022-08-04,2952.640869140625,2981.6396243775794,2910.748955728847,2948.284491745122,2150567,0.4626475350966608,0.004615806108548897,1.0243547862515616,2896.2712751116073,2826.945643833705,2820.530696614583,1.0194628156945849,1,1.0449949604360884,1.298483039167333,3,8,3,0,0,1935545.142857143,1.1110911093633569,1
2022-08-05,2961.529541015625,2972.0465119063037,2952.684645379227,2958.141128427601,1106933,0.30104141576781096,0.0030058919345475705,1.0065573770491802,2918.424246651786,2845.9020472935267,2822.895751953125,1.014770057647819,1,0.905284713364927,1.2316451733989662,4,8,3,0,1,1895134.4285714286,0.5840920745840796,1
2022-08-08,2969.8017578125,2973.7180917346627,2935.962544242779,2961.4850004127557,1068836,0.2793224474822553,0.002789330672496558,1.0128596829567598,2932.750662667411,2864.7735770089284,2824.904573567708,1.012633564665668,1,0.6380262333800955,1.2332629469588947,0,8,3,1,0,1746920.5714285714,0.6118400673053743,0
2022-08-10,2952.024658203125,2979.0872677998295,2935.0830245531556,2979.0872677998295,1878359,-0.5985954975819441,-0.006003942622389191,1.014992503748126,2939.33251953125,2876.683035714286,2826.2198811848957,1.0043180343113747,1,0.6499508187623623,1.0862868006023216,2,8,3,0,0,1668078.0,1.1260618508247215,1
2022-08-11,3012.090576171875,3017.547059589707,2970.330590557669,2992.2886658829434,1449248,2.034736322470687,0.02014312150253277,1.0158960316343688,2954.8849051339284,2892.0971156529017,2830.346394856771,1.0193596951741015,1,0.9177198469192059,1.168488272923868,3,8,3,0,0,1688411.5714285714,0.8583499571575347,0
2022-08-12,2993.65234375,3009.0097797642084,2975.7865802362476,3009.0097797642084,1472354,-0.6121407027974701,-0.006140219652421784,1.0111645101663584,2968.6833147321427,2906.590175083705,2834.542960611979,1.0084108092277637,1,0.9818970578737064,1.1935351080888217,4,8,3,0,1,1717445.857142857,0.857292818796284,0
2022-08-16,2985.863525390625,3005.3575317636055,2981.2871276067444,3001.969119488297,839942,-0.260177785026916,-0.0026051683564329658,1.0080738295664209,2975.371895926339,2920.7940848214284,2837.07548828125,1.0035261573447845,1,0.9087282272944976,1.1992264522160767,1,8,3,0,0,1423748.4285714286,0.589951134023577,1
2022-08-17,2993.256591796875,3008.0858922168222,2966.854046980335,2979.1752345613872,1622326,0.2476022880276485,0.0024729625861558907,1.0138974970064514,2981.174142020089,2938.7227085658483,2842.1966145833335,1.0040529164688778,1,0.9031524437787452,1.0406895379982501,2,8,3,0,0,1348285.4285714286,1.2032511555946503,0
2022-08-18,2975.787109375,2985.248022181146,2958.845474815157,2983.4878523567468,1430659,-0.5836279612563389,-0.005853377249269424,1.008923259964307,2983.2109375,2950.8175920758927,2847.2840250651043,0.9975114638956033,1,0.947284555061449,0.9618760141377881,3,8,3,0,0,1394532.0,1.0259061821456947,1
2022-08-19,2979.7470703125,3011.2101014765467,2966.98584088932,2980.8471762972567,1398410,0.13307272301248396,0.0013298425973606455,1.0149054505005561,2984.6316964285716,2958.691179547991,2851.202880859375,0.9983634074107313,1,0.9435668334409612,0.8071091091776708,4,8,3,0,1,1441614.0,0.9700308126863363,0
2022-08-22,2952.288818359375,2978.2953698990436,2945.996082460912,2961.4856625107705,1536532,-0.9214960634308267,-0.009257681031101745,1.010963791713922,2984.66943359375,2962.0009765625,2853.413541666667,0.9891510212588647,1,0.9875176377506201,0.8113258822760817,0,8,3,1,0,1392781.5714285714,1.103211035757735,0
2022-08-23,2890.7265625,2941.155248644901,2877.877238729922,2921.8374306422184,1849256,-2.085238255706501,-0.021072863913438357,1.0219877377198012,2967.331717354911,2961.10831124442,2854.227506510417,0.9741838250146172,1,0.7830520715182134,1.00291072036875,1,8,3,0,0,1449925.5714285714,1.2754144326028953,0
2022-08-24,2864.98388671875,2911.320261402616,2860.4513214801914,2897.2389058456506,1691923,-0.8905261436760292,-0.008945150267613713,1.0177835363043695,2948.950509207589,2958.816911969866,2858.6205078125,0.9715266084572569,0,0.7917907156621032,1.0286461200483166,2,8,3,0,0,1481292.5714285714,1.1421936710101064,0
2022-08-25,2832.288818359375,2885.0498583635745,2829.25256881732,2883.157762017432,1946930,-1.1411955407826246,-0.011477571453519304,1.0197215653919434,2927.0112653459823,2951.191580636161,2862.775113932292,0.9676385095923398,0,0.794538704555098,0.9644592017542039,3,8,3,0,0,1639433.7142857143,1.1875624998039394,1
2022-08-26,2835.81005859375,2866.4370618839894,2831.0576851799706,2846.4591738452973,1457962,0.12432489976126337,0.0012424768035310153,1.012496875951777,2904.5189034598216,2942.846522739955,2868.391560872396,0.9763441564163254,0,0.7697527496259674,0.9490859027459145,4,8,3,0,1,1615953.142857143,0.9022303687730691,0
2022-08-29,2756.90966796875,2765.842442693576,2711.5412538067208,2750.264984792601,2539173,-2.7822875649198386,-0.02821726442461044,1.0200259497474442,2873.2506975446427,2928.2308175223216,2872.3167317708335,0.9595089180086817,0,1.0719917548604116,1.1412341779410549,0,8,3,1,0,1774312.2857142857,1.4310744621698903,1
2022-08-30,2826.08447265625,2839.5938614918264,2765.314783665754,2776.6677926566595,3431525,2.5091429542001276,0.024781808165499894,1.0268609846028476,2851.298897879464,2917.9652971540177,2878.669482421875,0.9911568635466571,0,1.7078808102559915,1.387908208415971,1,8,3,0,0,2064757.2857142857,1.6619507889581764,0
2022-09-01,2756.1611328125,2807.4701123209047,2746.744269766001,2807.4701123209047,3546935,-2.4742126613798154,-0.025053357430110647,1.0221082986222365,2823.2806570870534,2903.9750453404017,2880.6701904296874,0.9762264073512958,0,1.8315770869182428,1.5002737420244046,3,9,3,0,0,2351957.714285714,1.5080777083941743,0
2022-09-02,2755.01708984375,2783.707937331414,2746.1283631926813,2783.707937331414,2052900,-0.04150856621298882,-0.00041517183402997956,1.0136845657480638,2803.8935895647323,2885.6126534598216,2882.317415364583,0.9825683471359661,0,1.7851469104408932,1.3250971242378302,4,9,3,0,1,2381049.714285714,0.8621827539690178,1
2022-09-05,2757.657958984375,2770.463237341752,2739.0442491650956,2749.077131149413,2147912,0.09585672445955318,0.0009581081123969582,1.0114707851785285,2788.5613141741073,2868.7559116908483,2881.396272786458,0.9889178139879327,0,1.8037541233824688,1.3391442425735551,0,9,3,1,0,2446191.0,0.8780638960735282,0
2022-09-06,2752.069580078125,2764.214794894149,2733.85186528633,2759.506254646854,1936453,-0.20264945795918088,-0.0020285506980105288,1.0111062819435679,2777.1014229910716,2852.0563441685267,2879.9221435546874,0.9909863418362351,0,1.7855391985226308,1.3402771536147646,1,9,3,0,0,2444694.285714286,0.7921043589440923,1
2022-09-07,2771.91552734375,2782.7403998797736,2730.0233995480266,2730.0233995480266,1291534,0.7211281069812836,0.007185404112016353,1.0193100910199064,2767.9736328125,2836.246268136161,2879.2943440755207,1.00142410841076,0,1.8282570458445169,1.3682440754586331,2,9,3,0,0,2420918.8571428573,0.533489173414203,1
2022-09-08,2789.560791015625,2801.7500518374727,2781.156152794095,2789.868906651418,1346113,0.6365729221476046,0.006345553543882155,1.0074047978293805,2772.6380789620534,2822.9443882533483,2879.3794108072916,1.0061034695375413,0,1.4817535714719194,1.4035570850439374,3,9,3,0,0,2250481.714285714,0.5981443845800125,1
2022-09-09,2831.8046875,2845.7541171155735,2788.5486067978027,2811.8708533119707,1561185,1.5143565474690757,0.015030046308946386,1.0205144390089949,2773.455252511161,2812.3770751953125,2882.3643717447917,1.0210385348514306,0,1.2505556865981338,1.4934687497197672,4,9,3,0,1,1983290.2857142857,0.7871691860971004,1
2022-09-12,2854.07080078125,2877.7011622955056,2838.273322470928,2851.386499317343,1785928,0.7862870408942957,0.007832119133755908,1.0138914880087209,2787.4423479352677,2805.361502511161,2883.9514404296874,1.023903078352575,0,0.5956361366091429,1.5130524078083605,0,9,3,1,0,1731717.857142857,1.0313042581581873,0
2022-09-13,2842.101806640625,2872.1125680484006,2838.2733519875155,2872.1125680484006,1972678,-0.4193657052007471,-0.00420247509360554,1.0119224654796513,2799.8830217633927,2801.8883056640625,2883.037605794271,1.0150787674160195,0,0.6660059947774101,1.4185407738062725,1,9,3,0,0,1720257.5714285714,1.1467340895711382,0
2022-09-14,2746.217041015625,2764.6988252952656,2740.40860916072,2759.066367460601,5090269,-3.3737273380201716,-0.03431950802126918,1.008863720560995,2798.248604910714,2793.404959542411,2877.7131184895834,0.9814056678867711,1,1.6030950256850514,1.6583833188821793,2,9,3,0,0,2140594.285714286,2.377970002989824,0
2022-09-15,2732.09130859375,2761.4860546857367,2728.2628538047275,2754.6653975512245,2138023,-0.5143705763565931,-0.0051569801573395505,1.0121774193548387,2795.3945661272323,2786.2479945591517,2872.0086995442707,0.9773544463810047,1,1.612403025064197,1.6419889936520675,3,9,3,0,0,2169390.0,0.9855410968060146,0
2022-09-16,2647.9111328125,2723.2905259336594,2640.2544379154365,2707.140883675961,5322221,-3.0811626066984843,-0.0312962856410002,1.0314500325520832,2777.6796526227677,2772.826642717634,2863.703621419271,0.9532816825411323,1,1.9062209903919118,1.8022958061691658,4,9,3,0,1,2745202.4285714286,1.9387353532138691,1
2022-09-19,2665.6005859375,2677.2176610203237,2629.5171131887055,2671.937152813183,2072220,0.6680531270779833,0.006658315409367519,1.0181404211413456,2759.9710518973216,2766.3045654296875,2854.588859049479,0.9658074435617913,0,1.909757254216834,1.694976765785667,0,9,3,1,0,2848932.0,0.7273673081702196,1
2022-09-20,2675.721923828125,2710.61720102937,2666.6570072003938,2684.258703617558,1544295,0.3797019682551417,0.0037898291991734978,1.0164851323999586,2737.673514229911,2755.564383370536,2845.3582275390627,0.9773707163839029,0,1.737677114176575,1.5167461663107111,1,9,3,0,0,2846519.1428571427,0.542520503989986,0
2022-09-21,2641.310791015625,2676.690161452811,2638.626489065098,2664.8971095952425,2253818,-1.2860504115191573,-0.012943916318629036,1.0144255629000372,2707.279227120536,2747.3607875279017,2834.6842692057294,0.9756329397263264,0,1.5942839434782583,1.4206869895808554,2,9,3,0,0,2913360.5714285714,0.7736145062520828,1
2022-09-22,2646.766357421875,2666.612308254682,2622.036108918616,2631.4529712273843,2017983,0.20654768930665757,0.002063346728368338,1.0170006046768174,2679.3741629464284,2739.628592354911,2823.9164225260415,0.9878300664477948,0,1.6545500890554936,1.4256173248817334,3,9,3,0,0,2919832.714285714,0.6911296630545714,0
2022-09-23,2624.45703125,2660.056419935131,2621.772729524154,2643.7748504500028,2652374,-0.8428898950342489,-0.008464623003698102,1.01460221550856,2661.9798758370534,2730.114240373884,2812.9975016276044,0.9859041591833017,0,1.2845899049633613,1.4288375001969111,4,9,3,0,1,2571562.0,1.0314252582671544,1
2022-09-26,2635.325927734375,2663.0047675160854,2575.216305765953,2604.9191687641182,2925489,0.41413886205627914,0.004132836673868666,1.034089742890169,2648.15625,2721.775408063616,2800.438680013021,0.9951549980233889,0,1.3460240424554815,1.4429503444132727,0,9,3,1,0,2684057.1428571427,1.089950341700198,1
2022-09-27,2655.61181640625,2662.256499568145,2619.1323446991073,2648.527090847732,2227447,0.7697677337890063,0.0076682013872933245,1.0164650537634408,2649.25634765625,2713.468000139509,2789.170662434896,1.0023989632998795,0,0.7903489737489865,1.4456524052111317,1,9,3,0,0,2241946.5714285714,0.9935325972468059,1
2022-09-28,2671.629150390625,2684.2144051236332,2622.652520640546,2622.652520640546,2739767,0.6031504260306741,0.00601338754933437,1.0234731379771391,2650.1175711495534,2705.0443115234375,2778.696183268229,1.0081172169398283,0,0.7821485006896567,1.4440208212341827,2,9,3,0,0,2337310.4285714286,1.172187898752736,0
2022-09-29,2637.878662109375,2689.4076788755,2631.4539990051267,2687.7794357731295,2493902,-1.2632924100380971,-0.012713397951082955,1.0220234440321905,2644.7113909040177,2691.192452566964,2766.8502522786457,0.9974164557924382,0,0.8991988122520265,1.3644439204082102,3,9,3,0,0,2472968.5714285714,1.0084648987509517,1
2022-09-30,2644.2587890625,2657.5919876362846,2596.338215395767,2632.2016704566418,2817353,0.24186582365479659,0.00241573799048564,1.023592370160904,2645.1325334821427,2676.205880301339,2755.799308268229,0.9996696783966086,0,0.767353459363395,1.3324498020548465,4,9,3,0,1,2553473.5714285714,1.1033413588157084,0
2022-10-03,2627.0087890625,2658.471817168587,2617.371904545549,2635.853683293181,1763331,-0.6523567236063066,-0.006544938696950668,1.0157027408109869,2642.3100237165177,2660.8420933314733,2744.041365559896,0.9942091448328626,0,0.8002327492800401,1.3323421230806969,0,10,4,1,0,2517094.714285714,0.7005421726851416,1
2022-10-04,2720.4736328125,2726.5022987280186,2660.4959486942544,2666.6124941578328,2145875,3.5578428263787654,0.034960138496551954,1.0248097915977505,2656.026681082589,2659.0032784598216,2736.3141927083334,1.0242644218105679,0,1.5242903233846228,1.482620311713247,1,10,4,0,0,2444737.714285714,0.8777526470265815,1
2022-10-06,2729.97998046875,2749.385900234283,2721.619171873287,2737.9447937352284,1790816,0.34943722819404943,0.003488281148784989,1.0102022827616561,2669.5486886160716,2658.852469308036,2730.9559733072915,1.0226372690299224,1,1.5252665450823355,1.4800975771307174,3,10,4,0,0,2282641.5714285714,0.7845366624420291,0
2022-10-07,2697.37158203125,2732.663065375268,2691.3871778053895,2725.9743355335677,1939879,-1.194455588348342,-0.012016465281960098,1.0153362875138374,2675.5143694196427,2662.3853585379466,2725.368896484375,1.0081693497375417,1,1.64649053327361,1.2446933927509647,4,10,4,0,1,2241560.4285714286,0.8654145457217526,1
2022-10-10,2744.5888671875,2752.0255417803355,2644.6551816597084,2649.055606254816,3064063,1.750492422727068,0.017353477858303646,1.0405990016638935,2685.937186104911,2668.0273786272323,2722.445564778646,1.0218365795693252,1,1.7435420557195713,1.3118652750764963,0,10,4,1,0,2287888.4285714286,1.3392536811391713,0
2022-10-11,2701.46484375,2767.867211299371,2687.2075103085745,2728.263387926248,4730645,-1.5712380077417931,-0.015837127970941823,1.0300161787585709,2695.020926339286,2669.8661586216517,2717.967390950521,1.0023910454081213,1,1.7955687560800588,1.3942516045415914,1,10,4,0,0,2607423.1428571427,1.8142989230418078,1
2022-10-12,2728.92333984375,2736.9760309872313,2694.8640961111873,2714.97390779249,1665247,1.0164298882984424,0.010112989784857472,1.0156267378888655,2707.1158621651784,2676.124197823661,2717.0345133463543,1.0080556129803508,1,1.81126756377807,1.3563385686617075,2,10,4,0,0,2442836.5714285714,0.6816857989915237,1
2022-10-13,2731.167236328125,2737.063761587593,2686.326958190763,2728.922977087694,2054781,0.08222643896267368,0.000821926515465421,1.018887054400482,2721.9956403459823,2682.15283203125,2713.87060546875,1.0033694381600762,1,1.7561720395703442,1.356994057761952,3,10,4,0,0,2484472.285714286,0.8270492739303189,0
2022-10-14,2727.514404296875,2772.2667971102837,2702.740106008153,2767.866373622807,2245977,-0.13374618670957128,-0.0013383570675053146,1.0257245197004232,2723.00146484375,2689.51407296317,2712.9157145182294,1.0016573400754245,1,1.1638182856290678,1.3266429567518654,4,10,4,0,1,2498772.5714285714,0.8988321008806153,1
2022-10-17,2745.69189453125,2760.3831460488755,2710.1326377090127,2711.19142977343,1517005,0.6664489179502908,0.006642379649610181,1.0185417155015488,2725.246023995536,2697.3973563058034,2712.604874674479,1.0075023944097854,1,1.1837394186767973,1.3302617044242384,0,10,4,1,0,2459656.714285714,0.6167547654878901,1
2022-10-18,2774.765869140625,2784.1631609093292,2760.5157980657386,2779.4424344159797,1793722,1.0588942869840245,0.010533272661888176,1.0085662841923093,2736.3023507254466,2705.908360072545,2713.1751383463543,1.014056750126674,1,1.0785720822451215,1.3402952054542232,1,10,4,0,0,2438777.1428571427,0.7355005787443825,0
2022-10-19,2754.604248046875,2787.383938169552,2745.9128887570896,2787.383938169552,1194289,-0.7266062091211389,-0.007292588493465931,1.0151028277634961,2737.7331194196427,2711.8351527622767,2713.259627278646,1.0061624445814532,1,0.9659138878615132,1.365734924508089,2,10,4,0,0,2171666.5714285714,0.5499412367039245,1
2022-10-20,2785.88330078125,2788.2656365638254,2739.735696686924,2739.735696686924,1587601,1.1355189318593917,0.011291203084630105,1.0177133655394524,2749.792898995536,2722.406912667411,2713.7252197265625,1.0131247708868902,1,0.7151260296409804,1.3138340085420392,3,10,4,0,0,1722660.2857142857,0.9215984214448384,0
2022-10-21,2768.32421875,2788.6185576972553,2759.1477342638077,2786.324544285981,1021913,-0.6302877807669027,-0.006322824801814622,1.010681132824992,2755.4215959821427,2731.268729073661,2713.017333984375,1.004682631066938,1,0.764123755167279,1.3422092500613245,4,10,4,0,1,1630755.4285714286,0.6266500678738898,1
2022-10-24,2789.765869140625,2804.1484230161673,2783.8540826356225,2797.177844444988,260949,0.7745353757843576,0.0077155124938111655,1.0072900158478604,2763.7928292410716,2742.8942347935267,2711.6160400390627,1.0093976073838666,1,0.7895870545866589,1.3152633590170246,0,10,4,1,0,1374493.7142857143,0.18985099552500162,1
2022-10-25,2790.11865234375,2809.66289628552,2780.4566102689723,2806.354036786087,2069643,0.012645620445339567,0.00012644820954157033,1.0105041329933657,2772.7362932477677,2747.868879045759,2709.4843017578123,1.0062690271477717,1,0.7778377665243511,0.9623873176669688,1,10,4,0,0,1349303.142857143,1.533860653149848,0
2022-10-27,2785.9716796875,2800.618985502652,2765.6333934178274,2788.8835194484113,2438421,-0.14863069184410937,-0.0014874125682614503,1.0126501191980433,2778.490548270089,2751.8682861328125,2707.6132975260416,1.002692516417617,1,0.7796132803299387,0.9650441594723927,3,10,4,0,0,1480934.0,1.6465426548380955,1
2022-10-28,2791.133056640625,2804.58908417995,2775.0299417165147,2779.4417540244904,1355739,0.18526308040949235,0.0018509168002644755,1.0106518282988872,2780.8287179129466,2758.5655343191966,2709.110498046875,1.0037054920575663,1,0.6854747194774693,0.8843195786862509,4,10,4,0,1,1418365.0,0.9558463442061811,1
2022-10-31,2817.516357421875,2822.678265363278,2803.9722192864997,2822.678265363278,1919414,0.945254140374252,0.009408145683232807,1.0066712665511137,2789.816162109375,2763.774640764509,2711.957999674479,1.0099290396581386,1,0.645204174768655,0.8013754172483457,0,10,4,1,0,1521954.2857142857,1.2611508887070009,1
2022-11-01,2876.2373046875,2878.7962854625307,2826.604408773105,2836.3545585212883,2991060,2.0841386461144307,0.020627175949883243,1.0184645140039528,2802.723876953125,2776.25838797433,2719.5688720703124,1.026229279430228,1,0.8950786081209976,0.7783868733861157,1,11,4,0,0,1722448.4285714286,1.7365164322979108,0
2022-11-02,2860.3544921875,2885.325394187665,2843.0161551154115,2885.325394187665,1405955,-0.5522080001575391,-0.005537383047778706,1.0148818145110174,2815.8710588727677,2785.646327427455,2726.0606689453125,1.0157973971054413,1,0.8795733674452241,0.8033242325088795,2,11,4,0,0,1777311.5714285714,0.7910571351706884,0
2022-11-03,2829.51611328125,2848.310478720669,2819.148353296513,2848.310478720669,1422652,-1.0781313641536006,-0.0108398531387881,1.01034430323259,2821.5496651785716,2792.6712472098216,2731.1871419270833,1.002823430046614,1,1.0377336947086955,0.8873763025539609,3,11,4,0,0,1943269.142857143,0.7320921063503886,1
2022-11-04,2838.912841796875,2841.251231526313,2793.6917665316887,2838.559982987403,1464013,0.33209666032711915,0.00331546437213308,1.0170238769947295,2828.520263671875,2800.6282784598216,2737.773876953125,1.0036742102428882,1,1.034787053292,0.8803172597296537,4,11,4,0,1,1856750.5714285714,0.7884812438073457,1
2022-11-07,2853.296142578125,2861.3257290987463,2819.2370725335154,2849.1490810846317,1474498,0.5066481988980742,0.005053690555959419,1.0149290944615055,2838.1380440848216,2808.314296177455,2744.658203125,1.005340860189974,1,1.022007548475135,0.8760854566795144,0,11,4,1,0,1719047.2857142857,0.8577413851576093,0
2022-11-09,2837.721923828125,2867.50165781084,2825.015774743182,2867.50165781084,1162267,-0.5458325379407603,-0.0054732764674693905,1.0150391666650145,2844.7935965401784,2812.8111572265625,2751.7670328776044,0.9975141701947536,1,1.0770631316723451,0.8710927795501944,2,11,4,0,0,1691408.4285714286,0.6871592812042778,0
2022-11-10,2828.545654296875,2845.61945720835,2797.0895129768896,2797.0895129768896,1573092,-0.32336746790436743,-0.0032389143035517747,1.0173501577287067,2846.369210379464,2818.09268624442,2758.2076904296873,0.9937381433098719,1,1.0452122738332863,0.8456794887240234,3,11,4,0,0,1641933.857142857,0.9580726977256872,1
2022-11-11,2925.869873046875,2948.502600302408,2872.1340832542387,2884.972500644262,3265394,3.4407865611839616,0.0338291524797011,1.026589467912877,2853.4595772879466,2828.091727120536,2767.2162923177084,1.0253763173430865,1,1.5068271750619655,1.195468366171371,4,11,4,0,1,1681124.4285714286,1.942386859951133,1
2022-11-14,2943.1201171875,2955.032010931176,2919.737510949914,2932.972948442887,1342074,0.589576600775521,0.005878453991085621,1.0120882441825325,2865.2832380022323,2840.5771484375,2776.2659912109375,1.0271655095569323,1,1.4662264721448965,1.1619310295525085,0,11,4,1,0,1671998.5714285714,0.8026765231344183,0
2022-11-15,2940.561279296875,2947.046514255534,2904.7372765347063,2930.3257883875335,1400708,-0.0869430328609977,-0.0008698085023711774,1.0145655987763897,2881.1468331473216,2851.3482491629466,2786.3554117838544,1.020621804298898,1,1.340169406965894,1.1659119442186086,1,11,4,0,0,1668863.7142857143,0.8393183865223609,1
2022-11-16,2960.634765625,2971.708241410901,2930.7225510064636,2946.11973180557,1748235,0.6826413198545822,0.006803218736790305,1.0139848415164248,2898.5356794084823,2863.5279715401784,2796.9012776692707,1.0214242959497364,1,1.336823055200535,1.1632905789706167,2,11,4,0,0,1709466.857142857,1.022678499261424,0
2022-11-17,2955.031982421875,2964.7379698230816,2927.4581545775386,2947.090720002706,1417986,-0.18924263364658023,-0.0018942192374977738,1.0127345339461984,2913.0693708147323,2875.6037074497767,2807.835384114583,1.0144049475881196,1,1.3711437712025285,1.1648961753211542,3,11,4,0,0,1701393.7142857143,0.8334261423995588,0
2022-11-18,2950.13525390625,2967.1648955283736,2930.326256203919,2955.9147721418635,1164540,-0.16570813936205298,-0.001658455871617545,1.0125715146040348,2929.12841796875,2886.961007254464,2815.490771484375,1.007171701933119,1,1.329262146417565,1.1742586410911107,4,11,4,0,1,1701718.4285714286,0.6843317792460042,0
2022-11-21,2897.23779296875,2941.5323553991875,2887.972985042399,2931.649936695195,1304194,-1.7930520598151811,-0.01809322017550454,1.0185456618306983,2938.941580636161,2892.6553955078125,2821.0660319010417,0.9858099296895914,1,1.58436239229327,1.29844872394696,0,11,4,1,0,1663304.4285714286,0.7840981948927654,1
2022-11-22,2924.988037109375,2928.5174877257564,2872.311029743995,2894.149505432855,1149739,0.9578172771310456,0.009532592891339202,1.0195683745248059,2938.815604073661,2896.1375906808034,2828.6532470703123,0.9952948504339236,1,0.9144102811088217,1.2047217514694575,1,11,4,0,0,1361068.0,0.8447329597051727,0
2022-11-23,2919.1201171875,2938.2673417659494,2903.855201727249,2938.2673417659494,1150011,-0.20061346738614594,-0.0020081496573628147,1.0118505013673655,2935.387032645089,2900.335135323661,2834.470955403646,0.9944583404925207,1,0.8774217386377835,1.1930868897376596,2,11,4,0,0,1333630.4285714286,0.8623161074930482,1
2022-11-24,2982.517822265625,2993.8121065011505,2919.120199429745,2926.1349389357706,1296591,2.171808714031509,0.021485609444074034,1.0255871296721515,2941.3808244977677,2911.263828822545,2843.839388020833,1.0139856075164566,1,1.2323879549860937,1.2501542855391377,3,11,4,0,0,1318756.5714285714,0.9831920675060144,1
2022-11-25,2990.900390625,3002.9889309440055,2954.1500734010056,2985.0327653272407,1588981,0.28105677346823565,0.0028066254741194938,1.0165322872330496,2945.7044852120534,2922.1200823102677,2852.571956380208,1.0153429869288781,1,1.2159065624536358,1.2503918264572051,4,11,4,0,1,1296006.0,1.226059910216465,1
2022-11-28,2995.841552734375,3015.032938868525,2969.635427166336,2970.032447243622,2195437,0.1652065085438137,0.0016507019270592719,1.015287234010913,2951.534423828125,2932.3018973214284,2861.39443359375,1.01501155756428,1,1.2066861341387347,1.2510696194431596,0,11,4,1,0,1407070.4285714286,1.560289346872981,1
2022-11-29,2997.69384765625,3025.6205301610157,2985.031861631588,2985.031861631588,1576028,0.06182886809165122,0.0006180976192201705,1.0135973987584985,2958.3285086495534,2943.7284633091517,2870.4004150390624,1.013306615168532,1,1.1981532686941383,1.2276972000322035,1,11,4,0,0,1465854.4285714286,1.0751599676483174,0
2022-11-30,2991.914794921875,3013.179601826006,2977.9734243991,2985.0323243680464,3410702,-0.19278328702223568,-0.001929693531757665,1.011822193287037,2971.8537946428573,2955.397687639509,2878.607845052083,1.0067503321715154,1,0.8483343400352331,1.222267500558886,2,11,4,0,0,1766784.142857143,1.9304576701058718,1
2022-12-01,3066.783447265625,3070.6218106972183,3017.6800553403696,3022.0918682867737,2180856,2.5023657916603437,0.024715693218259015,1.0175438596491229,2992.110281808036,2965.4629429408483,2888.341764322917,1.024956688900005,1,1.1467290860510109,1.0578735874076046,3,12,4,0,0,1914086.5714285714,1.1393716629924038,0
2022-12-02,3034.576904296875,3060.827188659679,3011.5032111008086,3051.297846000532,2411749,-1.0501733664131319,-0.010557266001820892,1.016378523980003,3008.6041085379466,2971.9955705915177,2897.6741861979167,1.008632839290893,1,1.2917588513037892,1.1174182158489132,4,12,4,0,1,2094334.857142857,1.1515584491059692,0
2022-12-05,3022.8857421875,3034.577045852439,3006.2091763355406,3029.150602395043,1475065,-0.38526498019610944,-0.0038600903739697333,1.0094364256952597,3014.3709542410716,2977.87588936942,2905.574267578125,1.002824731287451,1,1.109614232002683,1.1266224658273538,0,12,4,1,0,2119831.1428571427,0.6958408007969369,0
2022-12-06,2987.105712890625,3007.046974384895,2971.7966386935204,3000.0763974160222,1166999,-1.183638163941414,-0.011906989317244194,1.0118616244572076,3013.828857421875,2979.766671316964,2912.866984049479,0.9911331579212133,1,1.2234811748683423,1.1749165830001804,1,12,4,0,0,2059548.0,0.5666286971704471,0
2022-12-07,2982.9150390625,2994.473859666086,2959.4441081486752,2972.061936190009,1167505,-0.1402921165474802,-0.0014039061807467053,1.011836598441227,3011.9822126116073,2981.758318219866,2919.3052897135417,0.9903494869832236,1,1.2215629058868782,1.1741584325308803,2,12,4,0,0,1912700.5714285714,0.610396116067454,0
2022-12-08,2956.400146484375,2982.915186541277,2946.605835144837,2964.7384302352993,1285619,-0.8888919808610507,-0.008928661941330398,1.0123224324622486,3006.0831124441966,2982.205810546875,2924.848006184896,0.9834725241780075,1,1.258643108834557,1.2010892398773974,3,12,4,0,0,1871213.5714285714,0.6870509169183178,0
2022-12-09,2905.399169921875,2977.1794466521255,2890.928510850785,2977.1794466521255,1797896,-1.7251039790113776,-0.017401572722053733,1.0298350289457545,2993.7237374441966,2982.7887660435267,2928.828922526042,0.970496754120096,1,1.3857851251328808,1.1933035510815218,4,12,4,0,1,1640812.7142857143,1.0957350490684539,0
2022-12-12,2899.840087890625,2908.266692538365,2855.4132669095334,2872.531012608813,1527610,-0.19133625729642612,-0.0019151953894001367,1.018509904062341,2969.874686104911,2980.9924839564733,2932.452490234375,0.9764183322138287,0,0.5846647594732902,1.1634765715363704,0,12,4,1,0,1547491.857142857,0.9871522056474242,1
2022-12-13,2940.1201171875,2943.9582647380803,2883.384166419189,2891.6782875951694,1378016,1.3890431222424837,0.013794843336858077,1.0210079874282298,2956.380859375,2982.4924839564733,2936.5392822265626,0.9944997809954237,0,0.9921148755158428,1.2242011955689625,1,12,4,0,0,1399815.7142857143,0.9844267255587725,1
2022-12-14,2969.458984375,2979.73842222779,2947.88504703309,2954.8558406430157,1213311,0.9978798830697189,0.009929339376113113,1.0108055011258865,2948.748465401786,2981.5597098214284,2939.6466715494794,1.0070234946168568,0,1.1339407952998934,1.1024360475982697,2,12,4,0,0,1362422.2857142857,0.8905542816806536,0
2022-12-15,2916.297119140625,2968.9299693485373,2910.870459147061,2963.679954235872,1415694,-1.7902879115053394,-0.01806507441322938,1.0199457554076414,2938.6329520089284,2976.2309047154017,2941.51142578125,0.9923992437187387,0,1.2358863170315713,1.1933426587455618,3,12,4,0,0,1397950.142857143,1.0126927682174645,0
2022-12-16,2859.075439453125,2904.7377043992556,2845.7958391238103,2889.7375400691258,2703680,-1.962134767131074,-0.019816402015787684,1.0207119092891754,2920.941580636161,2966.461896623884,2942.4967366536457,0.9788197950985511,0,1.3722190759225128,1.2792233114110274,4,12,4,0,1,1617403.7142857143,1.6716172815233161,0
2022-12-19,2825.369140625,2863.707751618169,2818.7072600660117,2847.384043898269,2120965,-1.1789230309562027,-0.011859274339610268,1.0159649397401784,2902.2228655133927,2954.152988978795,2942.0452799479167,0.9735190133736343,0,1.3868432162964686,1.2932186421092882,0,12,4,1,0,1736738.857142857,1.2212342640212708,1
2022-12-20,2862.33984375,2866.7958175446647,2791.4860905554474,2822.5893692776544,1529971,1.3085264715824607,0.013000392223741886,1.0269783636909444,2896.071533203125,2944.897635323661,2942.3467366536456,0.9883526048765042,0,1.4621912990432935,1.3727936964723562,1,12,4,0,0,1698463.857142857,0.900796913378955,1
2022-12-21,2884.0458984375,2896.8401542703996,2858.854406799651,2866.7956690407614,1432566,0.7583325486278492,0.007554716616113477,1.013287052107446,2893.8152204241073,2931.844953264509,2943.890869140625,0.9966240684900484,0,1.5069227468960171,1.1610469989767538,2,12,4,0,0,1684886.142857143,0.8502449890001045,0
2022-12-22,2876.2373046875,2906.5023847469665,2863.3549400669413,2906.5023847469665,1384101,-0.27075136890957197,-0.0027111856336751055,1.0150688425232453,2884.6891043526784,2920.534981863839,2945.4805908203125,0.9970701176593257,0,1.3631293181508877,1.1477142222481997,3,12,4,0,0,1685755.4285714286,0.8210568250537613,0
2022-12-23,2848.57568359375,2882.5466472441854,2838.5607808688314,2838.5607808688314,1360281,-0.9617294459212,-0.009663839299596699,1.0154958338999847,2867.4200613839284,2908.0842633928573,2942.904117838542,0.9934281070137023,0,1.2471718167187102,1.1583667252207304,4,12,4,0,1,1706751.142857143,0.7970001987066823,1
2022-12-26,2870.237060546875,2887.09027146601,2845.6633927147495,2848.575232221792,870157,0.7604283459232919,0.007575516637771161,1.0145578984701138,2860.8400530133927,2899.736502511161,2940.4746826171877,1.0032847021711626,0,1.2084471514769801,1.1758003746685188,0,12,4,1,0,1628817.2857142857,0.5342262804010026,1
2022-12-27,2876.060791015625,2888.678618824853,2851.3546391063023,2884.619664842959,835883,0.20290067844224158,0.002026951130311241,1.0130899114430216,2863.266531808036,2892.1040562220983,2938.324666341146,1.0044684136336794,0,0.934533747668872,1.1824561367297461,1,12,4,0,0,1361989.142857143,0.6137222197282042,0
2022-12-28,2873.943359375,2881.8846229096966,2846.5017958813237,2867.5020692016337,910795,-0.07362263159524929,-0.000736497463638853,1.01243028445637,2870.2057059151784,2886.214285714286,2935.434952799479,1.0013022249423165,0,0.76220531086395,1.1687647833622627,2,12,4,0,0,1189107.7142857143,0.7659482728586164,1
2022-12-29,2884.22265625,2886.6491533221797,2848.2663814531547,2851.00179159365,1037927,0.35767221512796876,0.003570340892073414,1.0134758364312269,2873.3318219866073,2884.701677594866,2933.074641927083,1.0037903155424155,0,0.6110994980739831,1.0889139159190615,3,12,4,0,0,1118815.7142857143,0.9277014853716493,0
2022-12-30,2873.59033203125,2910.914314338312,2864.3255244227166,2899.4877613719004,1163131,-0.36863742803316946,-0.003693185702786588,1.0162651868715185,2871.8381696428573,2882.8266950334823,2930.52314453125,1.000610118775812,0,0.558124401139456,1.0917526221856633,4,12,4,0,1,1080325.0,1.0766491565038299,1
2023-01-02,2877.78125,2882.546136946802,2854.6192334296225,2877.3842299429016,709547,0.14584256920811,0.001457363222228208,1.0097830572953954,2872.0587332589284,2878.3739188058034,2929.8745930989585,1.001992479009849,0,0.55291536648272,1.0125672897232703,0,1,1,1,0,983960.1428571428,0.7211135584614998,1
2023-01-03,2921.8115234375,2929.4438738683607,2863.5314297904347,2869.443216210816,1245178,1.5300076556374886,0.015184210727750494,1.0230178874211797,2882.52099609375,2874.970528738839,2929.7687093098957,1.0136306127160895,1,0.6216349337719833,1.0673992953717648,1,1,1,0,0,967516.8571428572,1.2869832611259042,1
2023-01-04,2924.722900390625,2935.9290769595705,2899.6197292688294,2917.708161297688,1231668,0.09964287325761045,0.0009959326269951062,1.0125221067177306,2890.3046875,2875.5723702566966,2929.95546875,1.0119081607691662,1,0.6014117911081424,0.9518212988703204,2,1,1,0,0,1019161.2857142857,1.20851136838148,0
2023-01-05,2921.5908203125,2944.708676788832,2895.8698218927307,2938.4438163122472,1826057,-0.1070898059336356,-0.0010714718803689017,1.0168650035740143,2896.8089773995534,2880.037754603795,2927.924568684896,1.0085548764541572,1,0.6183958569760403,0.7646578394249524,3,1,1,0,0,1160614.7142857143,1.5733533079699267,0
2023-01-06,2833.751708984375,2913.1643446061225,2823.5603776621383,2911.7966394640803,2488376,-3.0065507708136097,-0.030526743484940805,1.031734390258789,2891.067313058036,2880.6365094866073,2922.686279296875,0.980174932691887,1,1.3800208879182632,1.0949920138436384,4,1,1,0,1,1385983.4285714286,1.7953865455410516,1
2023-01-09,2929.3994140625,2935.6201129314486,2842.221953738348,2849.148585709542,2885060,3.375302951732695,0.03319589796073407,1.0328609660727779,2897.5211356026784,2885.4264787946427,2920.471541341146,1.0110019140389086,1,1.9388052172060064,1.382631339237432,0,1,1,1,0,1649859.5714285714,1.748670038324474,0
2023-01-10,2899.796142578125,2910.0316341301827,2850.119304301601,2898.5609212000154,3864655,-1.0105577048409753,-0.010156985023564187,1.0210209901522922,2901.264822823661,2886.551496233259,2917.208284505208,0.9994937793220453,1,1.9868852202230298,1.4057954071825285,1,1,1,0,0,2035791.5714285714,1.898354946664832,1
2023-01-11,2937.120361328125,2955.473546603415,2886.340350306403,2903.061294014139,2720512,1.287132505694566,0.012789193562571981,1.0239518517938029,2909.7418387276784,2890.9002859933034,2915.381803385417,1.0094092617551316,1,2.0330963190900784,1.4398634577697562,2,1,1,0,0,2323072.285714286,1.1710836622389094,1
2023-01-12,2942.10546875,2955.9143556162335,2925.5170107746744,2937.384743237744,2250391,0.1697277199638192,0.0016958384524304892,1.010390418079815,2912.6409737723216,2897.580984933036,2911.225870768229,1.0101160751506963,1,1.9607389416899415,1.403390391677145,3,1,1,0,0,2466674.1428571427,0.9123179105422403,1
2023-01-13,2977.576416015625,2981.502886054615,2916.208061086269,2949.6495136518442,1742837,1.2056313970516985,0.011984215533006437,1.0223903177004539,2920.191476004464,2905.2480817522323,2909.3258544921873,1.019651088116207,1,2.0033578382156008,1.421019693420111,4,1,1,0,1,2539698.285714286,0.6862378140755527,1
2023-01-16,3008.709716796875,3025.8105105428135,2976.2226370534986,2993.323430799437,1843607,1.0455919993788143,0.01040163493460318,1.0166613454490783,2932.637032645089,2914.7230050223216,2908.8533203125,1.025940027117223,1,2.014216972923874,1.4356418813778913,0,1,1,1,0,2542205.4285714286,0.7251998517822377,1
2023-01-17,3048.732666015625,3051.8010232130546,2996.933896669197,3005.0556687468916,1688475,1.3302363134373385,0.013214663586629864,1.0183077533357798,2963.3485979352677,2927.2079554966517,2910.9075520833335,1.0288133728646873,1,1.328308050666387,1.454029738680886,1,1,1,0,0,2427933.8571428573,0.695436984427147,1
2023-01-18,3059.2001953125,3076.3009900989787,3043.182259186601,3050.1760059457965,2421189,0.343340346418608,0.003427522791150018,1.0108829271767736,2981.8915666852677,2939.7063511439733,2913.450390625,1.0259260361748064,1,0.8574633138289283,1.4540914605331972,2,1,1,0,0,2361666.5714285714,1.0252035699245314,0
2023-01-19,3043.9501953125,3056.4937336686494,3033.030835211199,3050.1767994685665,1585044,-0.4984963070859827,-0.004997429446138669,1.0077357929187742,3002.4850027901784,2951.87491280692,2916.3687255859377,1.0138102913032998,1,0.7025865349072239,1.4599896943136208,3,1,1,0,0,2036007.857142857,0.7785058365267326,0
2023-01-20,3034.9248046875,3063.3959420455194,3028.1566635753697,3036.639312309069,1529349,-0.296502572180668,-0.0029694301188270297,1.0116372045389959,3016.4570661272323,2963.099452427455,2920.686246744792,1.0061223276696518,1,0.7353197315481871,1.4711723941333663,4,1,1,0,1,1865841.7142857143,0.819656345064334,1
2023-01-23,3081.67041015625,3085.370416009231,3028.1571422247093,3057.3954283238595,1067916,1.5402558045771286,0.015285142777315179,1.0188937598339063,3036.3949148995534,2974.5179443359375,2926.7472574869794,1.0149109376499514,1,0.8192870937343402,1.4717853985921014,0,1,1,1,0,1696916.7142857143,0.6293272916753133,1
2023-01-24,3100.982421875,3115.1051909529156,3083.8364610513177,3090.7850432164355,1387863,0.6266734967861343,0.006247180636303712,1.0101395551601131,3054.024344308036,2987.10791015625,2932.109334309896,1.0153758032919689,1,0.7843448148814426,1.4704922353442567,1,1,1,0,0,1646206.142857143,0.8430675623596177,0
2023-01-25,3095.0712890625,3099.8089883897333,3072.7364208055433,3091.055568934269,874110,-0.19062129378101256,-0.0019080320738336135,1.0088105726872247,3066.3617117745534,2999.4993722098216,2936.2964111328124,1.0093627497296567,1,0.8021771104110218,1.4730016630273621,2,1,1,0,0,1507706.5714285714,0.5797613518204471,0
2023-01-27,3078.1962890625,3109.7357881786565,3052.251743528508,3091.6874086767493,1785879,-0.5452216903576224,-0.005467134485460789,1.0188333235526945,3070.57080078125,3016.959699358259,2941.693050130208,1.0024834106672642,1,0.7545380369197886,1.1418522432316685,4,1,1,0,1,1521621.4285714286,1.1736684082299427,1
2023-01-30,3098.591064453125,3120.971100823279,3055.1848405969054,3086.27313262084,1953798,0.6625560385181473,0.00660370783048039,1.0215326612492357,3076.198067801339,3029.0448172433034,2949.676904296875,1.0072794391512607,1,0.7781579369830667,0.8189545269045441,0,1,1,1,0,1454851.2857142857,1.342953756981936,0
2023-01-31,3030.95458984375,3112.4430679566062,3024.0060077479234,3112.4430679566062,2820375,-2.1828138403062303,-0.022069896781375792,1.029245001492092,3074.341552734375,3038.4132777622767,2956.529752604167,0.9858873966518015,1,1.1810328893357567,1.0119935778154356,1,1,1,0,0,1631327.142857143,1.7288837572213334,1
2023-02-01,3075.760009765625,3085.3706843730665,3027.6158660636556,3034.835218352332,2205161,1.4782610096505833,0.014674412309707284,1.0190760059612518,3080.1751534598216,3048.3161097935267,2963.643758138021,0.9985665933025798,1,1.3046053264697732,1.0272008066631395,2,2,1,0,0,1727871.7142857143,1.2762295845045375,1
2023-02-02,3122.730712890625,3130.49160464965,3086.3634023563964,3092.5900055158118,1813847,1.5271251000034791,0.015155819155436982,1.0142977985870238,3086.0409109933034,3061.2179129464284,2971.599918619792,1.0118889551226047,1,1.3023619692467037,1.0734325094597374,3,2,1,0,0,1834433.2857142857,0.9887778498817035,1
2023-02-03,3142.493896484375,3162.076345772332,3115.9626442696253,3162.076345772332,1804469,0.6328814557133411,0.006308871709114052,1.01479918303498,3091.971121651786,3072.997732979911,2980.475138346354,1.016339989231723,1,1.302705736268862,1.052381893420609,4,2,1,0,1,1893948.4285714286,0.9527550870860189,0
2023-02-06,3122.324462890625,3134.2363491995434,3101.4787169293004,3134.2363491995434,1138714,-0.6418288868059285,-0.006438974643079675,1.0105619400486086,3095.864432198661,3081.1130719866073,2989.60009765625,1.0085468957932284,1,1.3358493711280581,1.0681501749302258,0,2,1,1,0,1931749.0,0.5894730630118095,1
2023-02-07,3133.6953125,3152.1497379876287,3123.6332079139006,3130.401350781037,1455647,0.3641789873064072,0.0036351746123857616,1.0091292825295493,3103.7928641183034,3087.1818324497767,2998.382039388021,1.00963416364777,1,1.3027078653071014,1.0247399570729134,1,2,1,0,0,1884573.0,0.7724014936009377,1
2023-02-08,3176.605224609375,3194.4729446376878,3138.658461421749,3138.658461421749,1986946,1.3693070905206328,0.013600167933714664,1.0177829107250669,3114.937744140625,3095.5679059709823,3008.400187174479,1.019797339636964,1,1.3647545313586633,1.0712983450592806,2,2,1,0,0,1889308.4285714286,1.0516790006078565,1
2023-02-09,3195.330322265625,3201.421650359285,3163.249283575588,3172.0027035874955,1655427,0.589468830158224,0.005877382601000574,1.012067454494307,3138.419991629464,3106.38077218192,3019.1130859375,1.018133433634742,1,0.779174069258274,1.05014827249783,3,2,1,0,0,1722887.2857142857,0.9608446319886111,0
2023-02-10,3192.352294921875,3196.683950073236,3165.8210448180002,3176.5147978181903,1187821,-0.09319935791922696,-0.0009324281552438052,1.0097487839073387,3155.0760323660716,3117.6255929129466,3029.384073893229,1.0118146954854361,1,0.7639445245521752,1.0418576823401375,4,2,1,0,1,1577553.0,0.7529515648602614,0
2023-02-13,3142.583740234375,3202.6849319015614,3134.461969485681,3202.6849319015614,1087939,-1.558993184012547,-0.015712732805354335,1.0217654458979046,3157.912179129464,3121.976545061384,3038.350520833333,0.9951460211603115,1,0.9612630218307834,1.1009600165408575,0,2,1,1,0,1473851.857142857,0.7381603481567202,1
2023-02-14,3158.556884765625,3180.8917554026953,3153.954459659008,3162.9786498154,1579818,0.5082806331219158,0.005069932476232331,1.0085408004738914,3160.2068917410716,3126.0890066964284,3047.709708658854,0.9994778800781181,1,0.950728905086384,1.0974292403949812,1,2,1,0,0,1441758.857142857,1.0957574438840179,1
2023-02-15,3177.1015625,3181.929592578164,3122.505209592746,3146.7352493817516,1429449,0.5871250197778455,0.0058540815764068985,1.0190309956258388,3168.0321916852677,3131.948311941964,3056.219376627604,1.002862777353884,1,0.908450260115093,1.0992472670754165,2,2,1,0,0,1483292.4285714286,0.9637000583740013,1
2023-02-16,3210.851318359375,3226.1472732558686,3182.831170006559,3183.011609706679,1618931,1.0622813024843358,0.010566787364053849,1.01360929968812,3179.0544782366073,3141.423671177455,3065.7569905598957,1.01000198025559,1,0.9596535406756355,1.1001993103989818,3,2,1,0,0,1506618.7142857143,1.0745459250235936,0
2023-02-17,3159.50390625,3193.570220400415,3149.4420234423537,3182.064379197295,1061369,-1.5991837372155704,-0.016121086610789582,1.0140114333363182,3176.6114327566966,3145.774588448661,3073.6874267578123,0.9946145360020157,1,1.0831431725658687,1.2051035354624533,4,2,1,0,1,1374393.4285714286,0.7722453978139343,0
2023-02-20,3147.005615234375,3178.319508405955,3135.9509832133717,3160.271129596154,1296082,-0.39557764087271297,-0.003963621187185648,1.013510582728933,3169.7079031808034,3154.063947405134,3084.1292236328127,0.9928377350090692,1,1.0462375099945358,1.0198652457131108,0,2,1,1,0,1323058.4285714286,0.9796105538584895,0
2023-02-21,3114.248046875,3166.498020154709,3108.607927983963,3153.0520648453344,1139541,-1.0409122945570393,-0.010463676767664541,1.018622513199434,3158.5501534598216,3156.8130929129466,3090.2908447265627,0.9859739106766141,1,1.0886478506305923,1.013180831099117,1,2,1,0,0,1316161.2857142857,0.8658065028721513,0
2023-02-22,3069.62353515625,3110.638436535389,3063.712646370074,3081.7158621873755,1218430,-1.4329144964393081,-0.014432798531579288,1.0153166421207658,3148.127267020089,3153.0197230747767,3095.9517578125,0.975063355066281,0,1.066085072730592,0.9997923289125203,2,2,1,0,0,1334802.857142857,0.9128164458742972,1
2023-02-23,3080.67822265625,3115.5114660865815,3075.444148059151,3087.175595807029,1441570,0.36013170258148985,0.0035948478107984965,1.0130281403590815,3137.0017438616073,3148.604317801339,3100.737019856771,0.9820454287870354,0,1.0479836234694968,0.9866098856098141,3,2,1,0,0,1315053.142857143,1.0962066497692868,0
2023-02-24,3068.630615234375,3098.861651446193,3052.2517986673643,3088.5289980581183,977592,-0.3910699706731191,-0.003918366487675612,1.0152706447086635,3121.5058942522323,3144.76904296875,3104.954524739583,0.9830609709514825,0,0.9638358309658303,0.9789921502808421,4,2,1,0,1,1250502.142857143,0.7817595560183537,0
2023-02-27,3006.724609375,3059.200182190444,2992.421181163278,3059.200182190444,1128022,-2.0173821362545086,-0.020380091786505072,1.0223160434258143,3092.3449358258927,3135.69970703125,3105.926131184896,0.9723121681999471,0,0.8302526862670814,1.0892152322375548,0,2,1,1,0,1180372.2857142857,0.9556493435606151,0
2023-02-28,2989.578857421875,3061.0052327901076,2977.892355176233,3003.701626574845,4116217,-0.570246836030952,-0.005718789509810643,1.0279099670844065,3068.0699288504466,3122.3406808035716,3105.288435872396,0.9744167919086575,0,0.7819120954084705,0.9798603035027825,1,2,1,0,0,1616779.142857143,2.5459364800599142,1
2023-03-01,3055.320068359375,3058.2980952242915,2991.5190869485177,2998.7384391945475,1669307,2.1990124386346954,0.02175182870776757,1.0223227752639517,3054.971993582589,3112.3399483816966,3105.508015950521,1.0001139371416552,0,1.381671075262311,1.1819993316454678,2,3,1,0,0,1670097.0,0.9995269735829715,0
2023-03-02,2997.33935546875,3041.0615092127086,2994.22605417747,3033.0300687433623,1556538,-1.8976968564134444,-0.01915934218383878,1.0156419235514618,3038.270751953125,3098.4104527064733,3103.4459879557294,0.9865280615764535,0,1.4809168963243213,1.2524680115720215,3,3,1,0,0,1729668.0,0.8999056466327642,1
2023-03-03,3016.01953125,3030.3229603301693,3006.047977690829,3026.713284379806,1043190,0.623225252995363,0.006212912357785013,1.0080753809717926,3030.613037109375,3089.3701520647323,3102.5149658203127,0.9951846356889911,0,1.4772158893638456,1.2384669814654852,4,3,1,0,1,1704633.7142857143,0.6119731126150603,1
2023-03-06,3042.8212890625,3072.691222785889,3031.2251179450036,3033.8420446565137,1334132,0.888646692595918,0.00884721465005177,1.0136796520309244,3025.204903738839,3081.1033238002233,3102.778181966146,1.0058232040090536,0,1.5258276460512914,1.2611970931342242,0,3,1,1,0,1689285.4285714286,0.7897611483739786,1
2023-03-08,3059.56103515625,3064.6146692630373,3005.8221644268447,3035.7372636633854,1844590,0.5501389829866588,0.005486312457229116,1.0195595419888732,3023.909249441964,3072.7075718470983,3102.0412027994794,1.0117899654961091,0,1.5441011080897526,1.2593259379397421,2,3,1,0,0,1813142.2857142857,1.0173443168434657,0
2023-03-09,3011.23681640625,3054.68820151513,3005.8223026074047,3054.68820151513,1648500,-1.5794494110339619,-0.015920556286634246,1.0162570817527492,3024.5538504464284,3058.449393136161,3099.0496826171875,0.9955970253139276,0,1.456650657184314,1.2435256694581363,3,3,1,0,0,1887496.2857142857,0.8733792021085529,0
2023-03-10,3005.957763671875,3011.5978825619827,2968.9585837527675,2989.623891239265,1024404,-0.17531177573324452,-0.0017546562666562657,1.0143617021276596,3026.8936941964284,3047.4818115234375,3096.0792317708333,0.9930833611485284,0,1.4370195946413322,1.1997855988289563,4,3,1,0,1,1445808.7142857143,0.7085335631733936,0
2023-03-13,2961.69384765625,3040.9714410429538,2952.7148231102783,3007.7623794090946,1901233,-1.4725395197022095,-0.01483489006180377,1.0298899904731433,3013.5185198102677,3034.2452566964284,3092.1958170572916,0.9828026037293839,0,1.1857140344281831,1.2369830262795278,0,3,1,1,0,1478941.0,1.2855367455496873,0
2023-03-14,2901.231689453125,2981.9530185255367,2896.223220337673,2959.934084802029,2670334,-2.0414722558502074,-0.020625983170291157,1.0296005492897984,2999.7888532366073,3019.029802594866,3085.6171712239584,0.9671452996842946,0,1.2160787888529105,1.3024493744732566,1,3,1,0,0,1638054.7142857143,1.6301860839638793,0
2023-03-15,2886.748291015625,2942.2021194305016,2880.5216875247183,2932.8619938769843,1780522,-0.4992155052680469,-0.005004657485460399,1.0214129378622336,2981.321533203125,3005.96728515625,3080.810294596354,0.9682780803297353,0,1.1199337866180075,1.2744386958522513,2,3,1,0,0,1743387.857142857,1.0212999893884773,0
2023-03-16,2874.20458984375,2905.608815924938,2862.4731425382656,2894.960227384223,1901060,-0.43452701473538635,-0.0043547382713397574,1.0150693722661175,2957.2334333147323,2991.219168526786,3074.0917805989584,0.9719234732924292,0,0.9163209698250314,1.254062989812869,3,3,1,0,0,1824377.5714285714,1.0420321044132235,0
2023-03-17,2869.060791015625,2907.0524989935184,2837.2053560273353,2843.0710795687405,6739966,-0.17896425488641565,-0.001791245872293287,1.0246182895495388,2930.019112723214,2976.964181082589,3065.6361165364583,0.9791952477569563,0,0.7652692742775656,1.2565896563166743,4,3,1,0,1,2523717.0,2.670650473091872,0
2023-03-20,2836.573974609375,2860.352585482065,2793.0322534409083,2860.352585482065,2289468,-1.1323153733089786,-0.01138774871382803,1.0241029554736507,2905.0672781808034,2964.810564313616,3055.438785807292,0.9764228167499377,0,0.7174014782894349,1.1935340310754572,0,3,1,1,0,2615283.8571428573,0.8754185492129316,0
2023-03-21,2803.003662109375,2848.7110949967246,2795.197605797223,2836.5736038648693,1815297,-1.1834809456934048,-0.011905398304176926,1.0191447964496374,2876.0738351004466,2951.4837646484375,3044.7947591145835,0.9745937770792593,0,0.6586986030092948,1.211046187328561,1,3,1,0,0,2728268.5714285714,0.6653659463772943,1
2023-03-22,2825.29345703125,2836.7541342993322,2803.003751733395,2824.616642779389,1123939,0.7952110524572342,0.007920659120343721,1.012040791078166,2856.588065011161,2935.053292410714,3034.514697265625,0.9890447599486878,0,0.8972992417303426,1.0172338545178656,2,3,1,0,0,2617226.5714285714,0.4294389382523026,0
2023-03-23,2819.7431640625,2839.3258306983194,2798.4010449295647,2810.9445796742175,1372218,-0.19645014060175603,-0.001966433569811707,1.014624346229039,2844.946847098214,2922.367850167411,3022.6192952473957,0.9911408949304549,0,0.6683133576674328,0.9431165736339996,3,3,1,0,0,2431781.4285714286,0.5642850890616932,0
2023-03-24,2815.998291015625,2860.668028367099,2802.9132164379207,2841.6269006823486,1329577,-0.13280901234563602,-0.0013289728167617686,1.0206052801030265,2834.8397042410716,2908.0806187220983,3009.974894205729,0.9933536230647332,0,0.6739607191552184,0.8986966691904829,4,3,1,0,1,2367360.714285714,0.5616283956968354,1
2023-03-27,2817.62255859375,2845.1011698701245,2802.913086548761,2829.083234491425,1524217,0.05767999161458981,0.0005766336310133596,1.0150515132002575,2826.7565569196427,2891.9949951171875,2997.4839029947916,0.9967687354245156,0,0.6894033886876727,0.8254368216228298,0,3,1,1,0,2313526.0,0.6588285586589474,0
2023-03-28,2811.846923828125,2842.213451587019,2806.6580152242736,2821.8638616076223,1303530,-0.20498255694358924,-0.0020519293372647995,1.0126682467795793,2818.5831473214284,2874.3011300223216,2986.4593424479167,0.9976100674909288,0,0.688827766708692,0.7713001619514908,1,3,1,0,0,1536892.2857142857,0.8481596349442093,1
2023-03-29,2832.6025390625,2842.619476774167,2801.1985382394446,2823.6686802623394,1740616,0.738148832302632,0.007354378463760667,1.0147868628264942,2818.015799386161,2861.5415387834823,2975.594197591146,1.0051762448171926,0,0.6679738692913034,0.7929659242176026,2,3,1,0,0,1458484.857142857,1.1934412561607477,1
2023-03-31,2893.064697265625,2899.47195965751,2844.4244061128143,2878.6711597054764,2382581,2.1345090731697214,0.02112047495699423,1.0193527918781726,2830.881661551339,2853.4777483258927,2966.1263020833335,1.0219659608378717,0,0.8544012280038558,1.049491547255861,4,3,1,0,1,1539525.4285714286,1.5476074352411753,0
2023-04-03,2887.74072265625,2910.256032039784,2864.0522245407105,2910.256032039784,1521830,-0.18402542516270382,-0.001841949599715984,1.016132320180189,2839.8026994977677,2848.195382254464,2955.355948893229,1.0168807583593609,0,0.8696164900351264,0.9905718010324661,0,4,2,1,0,1596367.0,0.9533083557853551,1
2023-04-05,2923.656982421875,2945.8114118907883,2874.6555889687143,2874.6555889687143,2655065,1.2437494642035585,0.012360784406076243,1.024752816718333,2854.647530691964,2849.797188895089,2947.494384765625,1.0241744211808814,1,0.8980693312485498,0.8995813225677328,2,4,2,0,0,1779630.857142857,1.4919189501257726,0
2023-04-06,2906.421142578125,2939.4949346840967,2901.277397787005,2910.301588759904,1703464,-0.5895301653845997,-0.005912747544289791,1.0131726586800154,2867.5650809151784,2851.202392578125,2939.47490234375,1.0135501934800188,1,0.967459795230422,0.9042023528689812,3,4,2,0,0,1833043.2857142857,0.929309205775906,1
2023-04-10,2944.95361328125,2952.7145035874473,2901.2766286777637,2905.788722968087,2203187,1.3257703826412781,0.013170589582907084,1.0177293934681182,2885.7552315848216,2856.2558942522323,2933.831754557292,1.0205139996103958,1,0.9985576772895117,0.9524040667574089,0,4,2,1,0,1930039.0,1.1415246013163465,0
2023-04-11,2900.194091796875,2953.572085045166,2880.656589162442,2945.4954794330633,2348779,-1.5198718676761813,-0.015315403012782185,1.025312109800608,2898.3762555803573,2858.4797014508927,2928.1841064453124,1.0006271912464841,1,1.2702111831393548,1.053162559929244,1,4,2,0,0,2079360.2857142857,1.1295680773248806,1
2023-04-12,2925.32666015625,2942.7433920921726,2886.838575342086,2912.9635630873936,2417727,0.8665822894564856,0.008628490175462224,1.0193654114322834,2911.62255859375,2864.819178989955,2923.005721028646,1.0047066888948404,1,1.2759845323545569,1.0104662702793419,2,4,2,0,0,2176090.4285714286,1.1110416039039344,0
2023-04-13,2877.678955078125,2914.813409301973,2869.6924586935834,2896.765029058617,4174070,-1.6287994680081352,-0.01642210228871575,1.0157232704402515,2909.4245954241073,2870.1531284877233,2916.640665690104,0.9890886877096209,1,1.2494128260790334,1.0638163501254974,3,4,2,0,0,2432017.4285714286,1.7162993780237241,0
2023-04-17,2833.143798828125,2854.711519840322,2770.6512974524767,2828.2708254758486,5505048,-1.5476068368019513,-0.015597072786029233,1.0303395170894063,2901.6250348772323,2870.7138671875,2910.854638671875,0.976399005651671,1,1.3706690792968697,1.1431478218068112,0,4,2,1,0,3001048.5714285714,1.8343748423170188,0
2023-04-18,2825.248046875,2848.8012689229336,2807.064393679631,2847.08654077672,2617302,-0.2786922413324344,-0.002790813111991491,1.014868513646241,2887.5666155133927,2871.1070731026784,2905.376944986979,0.9784183096232005,1,1.201904683071401,1.144588646595157,1,4,2,0,0,2995653.8571428573,0.8736997412966413,0
2023-04-19,2788.11328125,2833.5951017629236,2771.779412441025,2825.247727657412,3298034,-1.314389568946861,-0.013231041149298272,1.0223018069347225,2870.6654924665177,2869.1152866908483,2896.4700520833335,0.9712428315200223,1,1.2432539476163504,1.1989939067411275,2,4,2,0,0,3223449.5714285714,1.023138078297398,1
2023-04-20,2801.830810546875,2809.2306029576653,2777.6459350798887,2788.474964066555,2419999,0.49200042871733185,0.004907940618766456,1.01137102014295,2850.2193777901784,2867.9873046875,2889.9531005859376,0.9830228621626943,0,1.0553972571671317,1.2079804596939119,3,4,2,0,0,3254422.714285714,0.7436031556002537,1
2023-04-21,2852.4111328125,2855.6597089636048,2798.2208287767953,2806.523039363576,1929184,1.805259692170802,0.017891583710840254,1.0205269289671888,2843.393240792411,2870.884748186384,2884.4994873046876,1.0031715247439978,0,1.3377254353523225,1.3018408937222206,4,4,2,0,1,3194480.5714285714,0.6039116397371824,1
2023-04-24,2864.999755859375,2870.5495443318514,2821.09694130206,2843.612470588807,1640676,0.44133269927546515,0.004403616824132493,1.0175295652927712,2834.7751116071427,2873.1988351004466,2878.5721028645835,1.0106620959555048,0,1.2884063849419343,1.2932164868190468,0,4,2,1,0,3083473.285714286,0.5320869837274876,1
2023-04-25,2866.082763671875,2879.7994885025946,2840.3638219953486,2872.3996967152325,2024090,0.03780132302926287,0.0003779418012916619,1.0138840194350676,2833.1185128348216,2871.271554129464,2872.1228271484374,1.011635323650499,0,1.1459092499236734,1.1517846587338707,1,4,2,0,0,2776333.285714286,0.7290515192880558,1
2023-04-26,2886.07080078125,2895.3205941340657,2870.5944053958196,2870.5944053958196,2000029,0.697399159672818,0.006949785792884972,1.0086136128084722,2840.679513113839,2871.152273995536,2867.9506266276044,1.015979024546016,0,0.9559976316709181,1.1684964808679623,2,4,2,0,0,2275616.285714286,0.8788955381254961,0
2023-04-27,2876.8662109375,2887.018423289877,2861.2543203233117,2874.2041193174095,2434446,-0.3189315328389841,-0.0031944120340745403,1.0090044784846857,2848.053536551339,2867.810076032366,2863.6475748697917,1.0101166196549274,0,0.9599503373830477,1.1141499688360532,3,4,2,0,0,2249494.0,1.082219379113703,1
2023-04-28,2905.11181640625,2912.3311670411026,2884.356183331048,2888.101133346039,2931312,0.9818185274436342,0.009770300068832885,1.0096988658584278,2864.7676130022323,2867.716552734375,2861.761507161458,1.0140828886855984,0,0.683702161602413,1.1408894969365275,4,4,2,0,1,2197105.1428571427,1.3341701053906259,1
2023-05-02,2905.24755859375,2919.325382723846,2896.7649083596743,2919.325382723846,2321159,0.004672528841509482,4.672419682280927e-05,1.0077881619937694,2879.541434151786,2864.8804059709823,2861.895369466146,1.0089271590736935,1,0.7193399083795784,1.075830729502687,1,5,2,0,0,2182985.1428571427,1.0632958302968623,0
2023-05-03,2869.60205078125,2902.1794643631756,2863.510722614443,2902.1794643631756,2468285,-1.226935298751397,-0.012345242884368153,1.0135039626160112,2881.9972795758927,2862.6952601841517,2861.323828125,0.9956990837977242,1,0.7302093521448857,1.0484130259781235,2,5,2,0,0,2259999.5714285714,1.0921617115350908,1
2023-05-04,2906.421142578125,2909.805214192962,2867.887891187279,2869.828004119587,1953253,1.283073093248288,0.012749114495319038,1.0146160953970658,2887.914620535714,2861.3448660714284,2862.397713216146,1.0064082649503598,1,0.8564552342062921,1.0824098283647896,3,5,2,0,0,2304653.4285714286,0.8475256955275705,1
2023-05-05,2915.44482421875,2927.447040179334,2896.809961242115,2905.788985628069,1710027,0.31047398838492946,0.0030999301317574043,1.010576143877965,2894.9663434709823,2864.0424281529017,2863.94384765625,1.0070738234293994,1,0.8535982170795755,0.9830951227103167,4,5,2,0,1,2259787.285714286,0.7567203385957123,1
2023-05-08,2933.4033203125,2937.2386011027506,2915.9865893662864,2928.349685732607,928235,0.6159779099425222,0.006140885208580828,1.0072881033863337,2901.7281319754466,2871.2038225446427,2867.171492513021,1.010915973825394,1,0.8469727986102956,0.8678693374218301,0,5,2,1,0,2106673.8571428573,0.4406163758347027,1
2023-05-09,2962.8671875,2976.177867775832,2929.2520796847634,2935.208133223178,1107375,1.0044260529561644,0.009994152199495537,1.0160197165742453,2914.013985770089,2881.033761160714,2872.500276692708,1.0167649166985726,1,0.8502180820118445,0.8752120751900864,1,5,2,0,0,1917092.2857142857,0.5776325992503826,1
2023-05-10,2966.070556640625,2983.848165339088,2947.345364010718,2968.9582531273554,1559987,0.10811720330021757,0.00108058798745094,1.0123849759088623,2922.7223772321427,2893.7449951171875,2877.1928466796876,1.0148314392588782,1,0.8183488700644115,0.7400212152416613,2,5,2,0,0,1721188.7142857143,0.9063428007935711,0
2023-05-11,2961.8740234375,2986.7357075154237,2952.7145599800533,2986.1040583661356,1719623,-0.14148460473165647,-0.001415847887062871,1.0115219899669543,2930.8118722098216,2905.1766531808034,2881.9305419921875,1.0105984800738022,1,0.8289350352135105,0.7561484269563401,3,5,2,0,0,1635255.0,1.0515931765993682,0
2023-05-12,2954.7900390625,2968.9579707256435,2941.8854056430387,2959.166638227262,1027479,-0.23917237259059032,-0.002394588465785561,1.00920245398773,2942.9815848214284,2912.489432198661,2886.55693359375,1.004012411868961,1,0.5750211643289271,0.6545108867704511,4,5,2,0,1,1429425.5714285714,0.7188055261758994,0
2023-05-15,2937.4189453125,2970.7632825646147,2931.372782209103,2963.5439307236315,1150390,-0.5878960440624637,-0.005896309558491515,1.0134375609252353,2947.409842354911,2917.6622314453125,2890.550146484375,0.996610278998584,1,0.5409150652829126,0.6887785437882445,0,5,2,1,0,1314730.857142857,0.8750003803059747,1
2023-05-16,2940.21630859375,2964.446346309158,2933.2677265181874,2938.456635647952,986306,0.09523201604300091,0.0009518669912712914,1.0106293126635186,2950.9486258370534,2922.9574846540177,2894.8291259765624,0.9963630958704816,1,0.5365663951950631,0.688032836771793,1,5,2,0,0,1211342.142857143,0.8142257790797574,0
2023-05-17,2895.591552734375,2959.9340659758723,2886.161319057114,2938.2308468250335,1588815,-1.5177371722258859,-0.015293726839580048,1.025560853591808,2945.546944754464,2923.637538364955,2896.928759765625,0.9830403680684663,1,0.7662120049005839,0.8057156715864321,2,5,2,0,0,1305710.7142857143,1.2168200678885883,0
2023-05-18,2887.604736328125,2913.864989863039,2883.2279172471003,2911.1577336027135,1369364,-0.27582676150259555,-0.0027620786446502454,1.0106259628080985,2934.795166015625,2924.4045758928573,2896.746761067708,0.9839203668337891,1,0.5609338335266048,0.8043751789134134,3,5,2,0,0,1343137.7142857143,1.0195261330504988,1
2023-05-19,2908.36083984375,2918.873931901369,2890.492901561237,2896.7646688524947,1152449,0.7188000232337455,0.007162289690071794,1.009818751094252,2926.5509207589284,2924.636648995536,2897.4340983072916,0.9937844645770041,1,0.6814255129532525,0.7832182385656534,4,5,2,0,1,1284918.0,0.8969047052029779,1
2023-05-22,2976.809326171875,2985.6079108748772,2903.126907529479,2914.813188789529,1333243,2.3535073568038634,0.02326239379590206,1.0284110912035838,2928.6845354352677,2929.748203822545,2899.205843098958,1.0164322207306138,0,1.211365729311366,1.0026347153811161,0,5,2,1,0,1229720.857142857,1.0841834488338005,0
2023-05-23,2975.320556640625,3003.2052151323046,2969.048788762343,2983.397162487744,1687418,-0.05001225702166989,-0.0005002476732222823,1.0115041647342549,2931.6174665178573,2937.2995256696427,2901.502490234375,1.0149075009348603,0,1.2052019010002424,0.9218026516840929,1,5,2,0,0,1323997.857142857,1.2744869569814798,1
2023-05-24,2981.005859375,2993.5042301988665,2956.324611866416,2956.324611866416,1016555,0.191082023807021,0.0019089969433685723,1.0125762976715125,2937.844168526786,2942.6270054408483,2902.7042317708333,1.0146916202399727,0,1.165865252151127,0.8737674741948795,2,5,2,0,0,1304878.5714285714,0.7790418374999316,0
2023-05-25,2972.11669921875,2983.3969356663692,2948.2929279682253,2972.567908676655,1374917,-0.298193313786832,-0.0029863879586770436,1.0119065535738117,2942.4013671875,2946.6749965122767,2905.1016520182293,1.0100990070092488,0,1.1820526605347472,0.8821294992592842,3,5,2,0,0,1360394.4285714286,1.0106752652933324,1
2023-05-26,3004.0625,3012.861085188572,2969.860908265637,2972.1169557498865,1791115,1.0748501493782925,0.010691146969039618,1.014478852125114,2957.897216796875,2951.72208077567,2907.726180013021,1.0156074670008708,1,0.9525600797441433,0.9092358943768071,4,5,2,0,1,1389294.4285714286,1.2892263606367096,0
2023-05-29,2996.346923828125,3042.9567756365113,2988.8116372799896,3032.84972720672,1210372,-0.2568380708415696,-0.002571684656557638,1.0181159420289856,2973.431815011161,2954.1134905133927,2911.681778971354,1.007706619906762,1,0.9499041423258585,0.8827213066113443,0,5,2,1,0,1366581.2857142857,0.8856933814715324,0
2023-05-30,2992.602294921875,3002.3033006344654,2979.2015029417626,2991.5194360220435,1344224,-0.12497314234447554,-0.0012505129889926715,1.0077543589011657,2985.46630859375,2956.008614676339,2916.997062174479,1.0023902417882204,1,0.9756310844413923,0.8844257053863157,1,5,2,0,0,1393977.7142857143,0.9643080992071609,0
2023-05-31,2968.507080078125,3002.9794392550057,2946.5330909329136,2986.1042492714746,5815424,-0.8051592717360778,-0.008084181837430225,1.0191568689643395,2984.2802734375,2956.482404436384,2921.77236328125,0.9947145737282892,1,0.5777463626247976,0.9137734728738253,2,5,2,0,0,2034289.2857142857,2.858700599191364,1
2023-06-01,2999.640869140625,3014.0795736852247,2975.7267647386316,2990.61667880025,1177314,1.0488029242524455,0.010433411420785438,1.0128885519332826,2987.7546037946427,2959.68603515625,2928.823282877604,1.00397832717951,1,0.7085519147090439,0.9498165462449533,3,6,2,0,0,1961417.2857142857,0.600236374266101,0
2023-06-02,2983.035888671875,3010.3790040313665,2975.681042730873,3001.670750109788,2030661,-0.5535656164568525,-0.005551034688894899,1.011660510922451,2988.044607979911,2962.9443882533483,2934.8634521484373,0.9983237468093149,1,0.750497591132278,0.9479134837483062,4,6,2,0,1,2106289.5714285714,0.9640939344454538,0
2023-06-05,2967.965576171875,3002.347826057909,2964.491395428479,2991.518798732182,1861468,-0.5052005092271883,-0.005064809613875289,1.0127699580062226,2987.451590401786,2964.9264787946427,2938.715266927083,0.993477379083726,1,0.7686231411879587,0.9623155464043152,0,6,2,1,0,2175796.8571428573,0.8555339134207512,0
2023-06-06,2916.888916015625,2967.920753448757,2906.330658002561,2959.9342573409676,2022849,-1.720931690256644,-0.017359118337889397,1.0211917027667199,2974.998221261161,2966.4477190290177,2940.4449055989585,0.980467448743246,1,0.8303457641747128,0.9892814286460075,1,6,2,0,0,2208901.714285714,0.915771393049112,1
2023-06-07,2955.33154296875,2958.896273847872,2924.739630639355,2935.5686573495286,1567196,1.3179324979449847,0.01309323327142258,1.0116785244234034,2969.1388811383927,2971.2853480747767,2943.4198649088544,0.995349716290688,0,1.0619479889766013,1.038524539762466,2,6,2,0,0,2259876.5714285714,0.6934874319305429,0
2023-06-08,2920.633544921875,2950.9097424591514,2917.52024384417,2942.7879725257776,1759366,-1.1740814031314883,-0.011810281661408205,1.0114444788122487,2958.8576311383927,2972.1619698660716,2944.571956380208,0.9870814716415365,0,1.1231971632849311,1.0839070385376137,3,6,2,0,0,2319182.5714285714,0.7586147040231787,0
2023-06-09,2896.133056640625,2932.8614622739865,2892.568546003746,2928.349367716642,1775689,-0.8388758091150916,-0.008424141744534435,1.0139298051643089,2948.518484933036,2966.3993791852677,2945.2141845703127,0.9822333051123467,0,1.1255854161302226,0.8742747537958615,4,6,2,0,1,1742077.5714285714,1.0192938759574672,1
2023-06-12,2930.064208984375,2936.8323515906563,2897.6674545025,2901.2771305591828,2324605,1.1716019837537672,0.011647918677375309,1.0135160082042198,2938.5789620535716,2963.1667829241073,2946.045930989583,0.9971024249546637,0,1.151613292218348,0.9474880422332312,0,6,2,1,0,1905976.2857142857,1.2196400434902728,0
2023-06-13,2927.17626953125,2946.3978370029945,2922.9349445796934,2941.885742306206,1371928,-0.09856232652751817,-0.0009861093112841228,1.0080271688792837,2930.5990164620534,2959.3218122209823,2946.776888020833,0.9988320657614443,0,1.1496659730554433,0.9436742541511661,1,6,2,0,0,1811871.5714285714,0.7571883248426391,1
2023-06-14,2933.8095703125,2938.141225924814,2911.0686537442966,2927.176702001411,1658544,0.22661090998501443,0.0022635453470557557,1.0092998741701595,2925.7195870535716,2956.5855887276784,2948.917138671875,1.0027651259863477,0,1.1573266712225256,0.9467241054019405,2,6,2,0,0,1782882.4285714286,0.9302598833333854,0
2023-06-15,2924.0361328125,2952.3554558246337,2918.3085669348598,2950.4009142583286,2273810,-0.33313128428301697,-0.0033368740195730117,1.0116666514554127,2926.7406180245534,2950.8694196428573,2949.5043050130207,0.9990759395638282,0,0.9445713870112744,0.8865103492969105,3,6,2,0,0,1818734.0,1.2502158094586675,0
2023-06-16,2886.397705078125,2908.6713974620043,2869.2152311642453,2906.4895735209416,4156189,-1.2872080242788297,-0.012955643329372504,1.0137515533408585,2916.8929268973216,2943.0159040178573,2948.536067708333,0.9895453063984648,0,0.8665826325722855,0.9340679869226202,4,6,2,0,1,2188590.1428571427,1.8990257328739553,1
2023-06-19,2918.672119140625,2922.7632059010452,2886.4889920742507,2900.1259479423184,1468186,1.1181554782183634,0.01111950332457056,1.0125668983759843,2916.612723214286,2937.735177176339,2948.045027669271,1.0007060916624095,0,0.9269428724974184,1.0045856637508048,0,6,2,1,0,2146993.0,0.6838336221869378,1
2023-06-20,2934.39990234375,2938.76377229002,2910.171667991738,2921.9448612962487,1528452,0.5388677645557394,0.005374210670810991,1.0098248858006418,2922.079415457589,2935.2989501953125,2947.0961181640623,1.0042163422462054,0,0.8647867264765245,1.0038323250969257,1,6,2,0,0,2111673.4285714286,0.7238107840538655,1
2023-06-21,2962.12841796875,2965.0375906543964,2930.9907039438817,2954.673593600641,1645987,0.9449467198677564,0.009405100260471463,1.0116161701450304,2926.6600167410716,2932.6194893973216,2946.9647135416667,1.0121190712364239,0,0.8252888240607733,0.9952128467253559,2,6,2,0,0,2014728.0,0.8169772793151234,0
2023-06-22,2944.218505859375,2970.719565585934,2936.5819000456095,2963.7648075039565,1529603,-0.6046298330865896,-0.006064651207994124,1.0116249662710903,2929.0946219308034,2929.8468191964284,2946.3761962890626,1.0051633306125844,0,0.8723851926021886,0.9971529472377806,3,6,2,0,0,2037253.0,0.7508164179903036,0
2023-06-23,2924.08154296875,2954.1281240159633,2917.535626765662,2943.1277797551047,1119505,-0.6839493349610426,-0.006862989881787354,1.0125422623513487,2927.704903738839,2926.712245396205,2945.352579752604,0.9987623886664732,1,0.9148187156980387,1.004014242445599,4,6,2,0,1,1960247.4285714286,0.5711039247815072,0
2023-06-26,2899.8076171875,2921.8540288219324,2884.670685198081,2913.762857251765,1978803,-0.8301384699622716,-0.008336033079852386,1.0128899786775134,2924.2436872209823,2925.4921526227677,2944.098868815104,0.9916436273282324,0,0.9592217142692168,0.9180473516946547,0,6,2,1,0,1918103.5714285714,1.0316455427514901,1
2023-06-27,2906.80810546875,2917.9902315635795,2893.1256488765357,2911.035472947951,863542,0.24141216264683685,0.0024112123161998127,1.0085943666832096,2927.1594587053573,2922.026192801339,2942.9852620442707,0.9930474053348606,1,0.8102806387543695,0.8372671309923894,1,6,2,0,0,1447725.4285714286,0.5964818901137331,1
2023-06-28,2923.262939453125,2937.354458913725,2903.2165722164345,2916.4899632002866,1575872,0.5660791282856792,0.0056448292141778695,1.0117586428184475,2927.8152901785716,2922.2140066964284,2943.9076416015623,0.998445137321088,1,0.7165038674127994,0.7960902704370232,2,6,2,0,0,1463109.142857143,1.0770707077413617,1
2023-06-30,3002.17578125,3009.2215416572035,2922.036027465169,2927.3998078961313,2672406,2.699478063770666,0.026636848789112356,1.0298372481969933,2937.49755859375,2929.78848702567,2947.7266764322917,1.022018136650712,1,1.2452334111783907,1.0326126404672284,4,6,2,0,1,1626531.142857143,1.643009426370827,0
2023-07-03,2974.947021484375,3017.2215789622455,2971.719564640637,3013.13049275471,1687264,-0.906967537866421,-0.009111055275915542,1.015311678417782,2939.328787667411,2932.994402204241,2949.9462158203123,1.0121178120550542,1,1.2895671439921697,1.0411796605173211,0,7,3,1,0,1632427.857142857,1.0335917710649214,1
2023-07-04,3008.176025390625,3013.7670882199945,2979.4929186666623,2991.0388296361334,1656681,1.116961198511368,0.01110769252013032,1.0115033566076304,2948.465576171875,2938.780099051339,2950.9917724609377,1.0202513638623771,1,1.3038263692450758,1.0723376185666422,1,7,3,0,0,1650581.857142857,1.0036951471571973,1
2023-07-05,3018.26708984375,3026.4947634355667,3004.6756362735196,3018.312590749799,1453008,0.3354545866980807,0.003348931929298227,1.0072617246596067,2961.920654296875,2944.8127790178573,2952.4233235677084,1.019023614108343,1,1.2284449368832504,1.0729361696740933,2,7,3,0,0,1698225.142857143,0.8556038674326877,1
2023-07-06,3020.949462890625,3025.9951812448,3001.9487253976645,3006.085313308048,1848238,0.08887129491956802,0.000888318277658474,1.0080102820023848,2979.226632254464,2951.7351597377233,2953.754777018229,1.014004584338919,1,1.1110421867954725,1.0624334790019732,3,7,3,0,0,1679573.0,1.1004213570949284,1
2023-07-07,3026.72265625,3051.860025287149,3001.9488506232638,3001.9488506232638,1789326,0.19110526112049442,0.0019092288732999528,1.016626257523849,2996.3572823660716,2961.758370535714,2955.5749755859374,1.010134096511999,1,1.1138441465339148,0.9684506354340701,4,7,3,0,1,1811827.857142857,0.9875805766788788,0
2023-07-10,2974.629150390625,3022.6312796193856,2968.4925202267236,3022.6312796193856,1407431,-1.72111923607553,-0.017361026638416238,1.0182377954546866,3003.6953125,2965.755301339286,2954.5938639322917,0.9903231988982322,1,1.4149069302445807,1.0842258327204681,0,7,3,1,0,1787764.857142857,0.7872573366551722,1
2023-07-11,2975.037841796875,2995.5842749230624,2964.4920637140776,2995.5842749230624,1110172,0.013739238929888486,0.0001373829518289807,1.010488208617442,2999.8184640066966,2968.6580113002233,2953.8835611979166,0.991739292724826,1,0.920005527493312,1.0784772334964563,1,7,3,0,0,1564588.5714285714,0.7095616191203165,0
2023-07-12,2963.674072265625,2990.266136197233,2954.764772000077,2982.811311383607,1515240,-0.38197058778877135,-0.003827019584463497,1.0120149544672978,2998.2080426897323,2968.7684151785716,2952.919287109375,0.9884817964822993,1,0.865514337153707,1.0569469905725994,2,7,3,0,0,1540013.7142857143,0.983913315799785,1
2023-07-13,3036.995849609375,3061.4513705800982,2975.356759075,2985.584476908502,4585146,2.4740162229680784,0.02443908019002237,1.0289358952476892,3002.3251604352677,2975.3953683035716,2955.20224609375,1.0115479461155636,1,1.2411797012453953,1.2261972331004856,3,7,3,0,0,1958365.857142857,2.3413122646498055,1
2023-07-14,3195.27490234375,3204.548209497131,3047.4049393977743,3059.223633971811,6306101,5.211698025689859,0.05080430609631429,1.0515662582506713,3027.611990792411,2994.7663225446427,2961.723380533854,1.0553779388049844,1,2.2913700468336478,1.777203240607502,4,7,3,0,1,2651664.8571428573,2.3781666763102036,0
2023-07-17,3174.41015625,3227.321494187628,3161.091486422009,3191.0472847754263,2743228,-0.6529875122308182,-0.006551288023479736,1.020951626376554,3049.5349469866073,3014.380789620536,2968.1025227864584,1.0409489353079189,1,2.3483213768386615,1.7664529335177608,0,7,3,1,0,2779520.5714285714,0.9869428664059434,1
2023-07-18,3179.0927734375,3203.775575367843,3150.1368810015824,3160.1373155444444,2600090,0.14751141021522862,0.0014740271900933492,1.017027417027417,3071.3021065848216,3033.8296944754466,2975.140096028646,1.0350960807865748,1,2.350056686815084,1.7683522614092386,1,7,3,0,0,2895344.0,0.8980245525229472,0
2023-07-19,3154.727783203125,3197.2751275399046,3132.5448697161914,3181.9561925165294,2405370,-0.7664133125636852,-0.0076936535228187535,1.0206637927039741,3097.0304827008927,3050.3628976004466,2983.0680582682294,1.0186298781444072,1,2.207671102552363,1.8089489231209452,2,7,3,0,0,3037906.714285714,0.7917853397830753,1
2023-07-20,3156.778564453125,3170.997743413203,3131.9403423330245,3147.481366184457,1715404,0.06500659933066366,0.0006498547919337399,1.0124706721109138,3122.9934430803573,3061.4059535435267,2989.782958984375,1.0108181851766693,1,2.2044642980208646,1.703283845645573,3,7,3,0,0,3124368.4285714286,0.5490402426017162,0
2023-07-21,3070.18701171875,3130.892412746542,3061.755687476042,3102.772940548675,3770223,-2.7430353750319547,-0.02781359037291079,1.022580745274125,3138.2095772879466,3068.208809988839,2994.768074544271,0.9783244031687706,1,2.577234444704071,1.8717328218208393,4,7,3,0,1,3446508.8571428573,1.0939252316692145,1
2023-07-24,3094.295166015625,3111.3400643191408,3073.6499098603877,3081.7621198317484,1680132,0.7852340657052981,0.007821671475443596,1.0122623446274222,3146.395193917411,3074.360177176339,3001.3734781901044,0.9834413591774787,1,2.4407577386471875,1.86186921345639,0,7,3,1,0,3031506.8571428573,0.5542233876335333,1
2023-07-25,3098.306396484375,3105.279462829651,3081.0336204622276,3096.802519593953,1272980,0.12963309101228226,0.0012954913986533419,1.0078693858471386,3132.542550223214,3080.0772705078125,3006.981551106771,0.9890708096729924,1,1.146114765656469,1.8616800531098465,1,7,3,0,0,2312489.5714285714,0.5504803203127958,0
2023-07-26,3088.416748046875,3118.0859374639376,3085.408771798231,3099.400300884362,1066803,-0.3191953013014337,-0.003197058161523697,1.010590870799483,3120.2577776227677,3084.8963623046875,3012.356233723958,0.9897953849184373,1,1.142402507547387,1.8667909740143356,2,7,3,0,0,2073000.2857142857,0.5146178740792676,1
2023-07-27,3096.25537109375,3109.699914070163,3085.454295510359,3094.4780014441108,1701769,0.25380716678966575,0.0025348562035710474,1.007858038472676,3108.4238630022323,3089.8629847935267,3017.77109375,0.9960853176899982,1,1.151345813897794,1.866910893127743,3,7,3,0,0,1944668.7142857143,0.8750945533800432,0
2023-07-28,3058.428466796875,3093.3387496319633,3036.1880906607657,3085.408792220562,2599831,-1.2216984635706196,-0.01229222543091553,1.018823161564658,3094.666817801339,3095.848650251116,3022.250838216146,0.9882900637974945,0,1.189647859198028,1.8322755462016158,4,7,3,0,1,1972448.857142857,1.3180727046915286,1
2023-07-31,3118.63232421875,3123.37205037006,3063.4412963787145,3066.6315266292045,2743678,1.9684572673666967,0.019493336994067894,1.0195632128032581,3089.217354910714,3106.105398995536,3029.9919921875,1.0095218192599096,0,1.5001909550617856,1.8894303888171553,0,7,3,1,0,2119345.1428571427,1.2945876273371775,1
2023-08-01,3146.5244140625,3153.770750326194,3112.753500683223,3112.753500683223,1956167,0.89436929217801,0.008903934979616652,1.013177159590044,3100.1226981026784,3119.1661376953125,3037.5870686848957,1.0149677030487279,0,1.0067114804602446,1.8819871250581286,1,8,3,0,0,1860194.2857142857,1.0515928443726308,0
2023-08-02,3136.13330078125,3141.374393886134,3111.477553853232,3130.937826905583,1914899,-0.33024098700171756,-0.00330787486056812,1.0096085668353538,3106.0995744977677,3126.247384207589,3044.311515299479,1.0096692734933774,0,1.0156520052925238,1.7966920172905771,2,8,3,0,0,1893732.4285714286,1.011177171129999,0
2023-08-03,3099.035888671875,3129.388702064706,3069.9136819497357,3117.311399129482,2026351,-1.1829029110507983,-0.01189954874625365,1.01937351543943,3106.203787667411,3119.3731689453125,3048.87509765625,0.9976923925519651,0,1.1431921646887877,1.1234627533357444,3,8,3,0,0,2001356.857142857,1.0124885988063241,1
2023-08-04,3138.77685546875,3163.7973343932103,3100.220594527487,3100.220594527487,2248493,1.2823654912207605,0.01274212809099977,1.0205071664829106,3113.3980887276784,3116.8279331752233,3055.3603759765624,1.0081514685940605,0,1.22398489702362,1.1825831883189784,4,8,3,0,1,2170169.714285714,1.0360908574102303,1
2023-08-07,3175.692626953125,3179.2929859139754,3136.680615761602,3148.256552023698,1853889,1.1761196537452445,0.01169257121861144,1.0135851798038504,3124.746268136161,3116.5850655691966,3063.747412109375,1.0163041586244865,1,1.2745989947868868,1.2284718090540687,0,8,3,1,0,2191901.1428571427,0.845790425376327,0
2023-08-08,3163.43310546875,3181.070391665635,3150.6721816427894,3175.692662780692,1634225,-0.3860424456801792,-0.0038678951281346935,1.009648166572187,3139.7469308035716,3117.206874302455,3072.5349283854166,1.007543975736642,1,1.1318712089168124,1.2143572319114118,1,8,3,0,0,2053957.4285714286,0.7956469677838642,0
2023-08-09,3156.0498046875,3160.1515300654332,3121.9143791043803,3158.2373025425936,1794589,-0.23339519234613082,-0.00233667983462073,1.0122479819488268,3145.09228515625,3117.1548200334823,3080.842985026042,1.0034840057263075,1,0.9422236030046224,1.2162478622711423,2,8,3,0,0,1918373.2857142857,0.935474348691112,0
2023-08-10,3137.455078125,3158.236973179639,3126.471525696296,3144.6557951355153,1096701,-0.5891772219463132,-0.005909197185737656,1.010160158895504,3143.7966657366073,3121.9596819196427,3087.9827229817706,0.9979828251360139,1,0.9198520829938986,0.9486540820879132,3,8,3,0,0,1795592.4285714286,0.6107739053413886,1
2023-08-11,3143.562255859375,3159.8322990598804,3111.8422029571116,3133.80930927876,1679974,0.19465387016870395,0.0019446466501316436,1.0154217640139866,3144.8579450334823,3125.478759765625,3092.69560546875,0.9995879975513191,1,0.9133931291305067,0.9316478686227062,4,8,3,0,1,1762031.7142857143,0.9534300582558024,1
2023-08-14,3144.519287109375,3149.213394617888,3109.1076379281085,3136.178979187144,1190425,0.030444164044030053,0.00030439530748763177,1.0128994429785987,3151.3555733816966,3128.7796805245534,3098.3480143229167,0.9978306839348549,1,0.74233610238814,0.9319207902462778,0,8,3,1,0,1642613.7142857143,0.7247139054343357,1
2023-08-16,3152.312255859375,3159.239702558436,3131.165629535196,3144.6557916406823,1328445,0.2478270297767482,0.002475204450220967,1.008966013409967,3153.2892020089284,3133.3436453683034,3103.152555338542,0.9996901818745546,1,0.578275212583616,0.9241300415573896,2,8,3,0,0,1511178.2857142857,0.8790789363229148,0
2023-08-17,3131.6669921875,3154.499972197025,3111.112748256115,3149.2132599891765,1843241,-0.6549244489818751,-0.006570784891928168,1.0139458860709016,3146.999825613839,3135.873046875,3106.932552083333,0.9951277933663856,1,0.3659541976762891,0.9479106577350751,3,8,3,0,0,1509657.142857143,1.2209666338619931,0
2023-08-18,3069.093017578125,3108.196040036422,3059.431087502126,3108.196040036422,2526749,-1.9981043567364298,-0.02018336420599078,1.0159392224042902,3133.5226702008927,3136.6348005022323,3108.5373372395834,0.9794385873651149,0,0.7783718290005102,1.0477229787113522,4,8,3,0,1,1637160.5714285714,1.5433727418656205,1
2023-08-21,3100.585205078125,3107.96839960833,3073.5594819207536,3076.293965445594,1375579,1.0261073000925602,0.010208785570598322,1.0111951364175562,3125.5991559709823,3135.345720563616,3110.9994222005207,0.9919970701153179,0,0.9563397904387311,0.9381452036785841,0,8,3,1,0,1577302.0,0.8721088288736082,0
2023-08-22,3082.81103515625,3109.1077405028673,3067.2246127209246,3099.0813009996327,1222012,-0.5732521039178207,-0.0057490150027774516,1.0136550572815037,3117.7928641183034,3130.794764927455,3114.6054850260416,0.9887799380886882,0,0.9554142394345262,0.9075220984721332,1,8,3,0,0,1595203.5714285714,0.7660539519138847,1
2023-08-23,3097.486328125,3100.9044326583535,3077.2055745604357,3088.143509067167,1330046,0.47603608529338537,0.004749066165550476,1.0077014218009477,3111.2105887276784,3128.03426688058,3118.6871012369793,0.9955887715693681,0,0.9826129786533523,0.9201648109863638,2,8,3,0,0,1545213.857142857,0.8607520530907558,0
2023-08-24,3087.9150390625,3110.975891033685,3079.1192074418814,3106.372799977861,1152881,-0.30900181788029446,-0.0030948021425407624,1.0103460377613214,3103.124267578125,3127.239920479911,3122.828466796875,0.9950987368844577,0,0.9773294942206037,0.8680951720493336,3,8,3,0,0,1539850.4285714286,0.7486967426242604,0
2023-08-25,3082.035888671875,3086.1376132448922,3053.7339446114943,3076.2934297630904,1158046,-0.190392232825487,-0.0019057370921830962,1.0106111629962315,3093.084786551339,3123.186994280134,3124.329801432292,0.996427870995485,0,0.9534939213571175,0.7829050312128539,4,8,3,0,1,1515507.7142857143,0.7641307194175568,0
2023-08-28,3076.79541015625,3093.612439755008,3062.712864151854,3093.612439755008,1037485,-0.17003301405044136,-0.0017017773425112195,1.0100889560901463,3085.2459891183034,3116.1229073660716,3120.3804850260417,0.9972609707647757,0,0.9424568590732941,0.6873324136546104,0,8,3,1,0,1400399.7142857143,0.7408491942810613,1
2023-08-29,3077.342041015625,3089.556200731551,3067.178966440109,3081.8084975473785,944517,0.017766240081185103,0.000177646620716512,1.007295705446694,3086.4244210379466,3109.97354561942,3117.144881184896,0.9970573133233351,0,0.5413106284854258,0.6884594166615895,1,8,3,0,0,1174366.5714285714,0.8042778319643684,1
2023-08-30,3090.83203125,3106.464294438142,3083.6313141767887,3097.2581115677926,1188200,0.43836499337990276,0.004374069727737327,1.0074045752993817,3085.0311104910716,3105.3151332310267,3114.2028564453126,1.001880344330792,0,0.3861296076366097,0.7086661237482572,2,8,3,0,0,1147598.142857143,1.0353798560894947,0
2023-08-31,3059.70458984375,3114.941019553153,3047.7183044022304,3099.9925997056025,3417652,-1.0070893886026333,-0.010121948403504078,1.02205673505121,3081.7301897321427,3099.7615269252233,3111.0354166666666,0.9928528461181388,0,0.5024623774642282,0.7369748652477695,3,8,3,0,0,1461261.0,2.3388374835159498,1
2023-09-01,3080.1220703125,3089.054760630272,3059.704683185733,3068.090387808054,1277950,0.6673023446944093,0.00665085738112585,1.009592454332547,3079.249581473214,3095.2300851004466,3108.4802001953126,1.0002833446319308,0,0.5429768900784625,0.7655589227759291,4,9,3,0,1,1453818.7142857143,0.8790298181213594,1
2023-09-04,3115.9443359375,3129.0243726530603,3071.7824664244235,3079.0288040944492,1828332,1.163014478233504,0.011563034482316843,1.0186347525758446,3083.2537667410716,3093.1890171595983,3110.0054443359377,1.0106026203710705,0,0.7010860595118652,0.8413597434176239,0,9,3,1,0,1550311.7142857143,1.179331861555584,1
2023-09-05,3125.83349609375,3141.9212836855104,3103.775152977507,3117.310934204945,1501842,0.31737281190149513,0.003168702474473639,1.0122902365113045,3089.510567801339,3091.297677176339,3111.0567220052085,1.0117568551701897,0,0.6884111115195533,0.8435315048398598,1,9,3,0,0,1599425.4285714286,0.9389884474585427,1
2023-09-06,3126.3349609375,3139.0958842003674,3097.3496132666887,3130.0721774776193,1314818,0.016042596138809984,0.00016041309451965763,1.0134780622616413,3096.587646484375,3090.916817801339,3111.991007486979,1.0096064823118758,1,0.6750320154811497,0.8258162865100301,2,9,3,0,0,1639044.4285714286,0.8021856986182977,1
2023-09-07,3149.441162109375,3153.770760697037,3119.407464834157,3127.1551675699734,1885092,0.7390827106045661,0.007363648774800671,1.0110159689781684,3106.887520926339,3096.6559709821427,3114.025154622396,1.0136965502923478,1,0.6920057142401784,0.6160373108991171,3,9,3,0,0,1773412.2857142857,1.062974478740984,0
2023-09-08,3137.27294921875,3158.328561978411,3131.029345177259,3149.441490267216,1518917,-0.38636101658350297,-0.003871093188131002,1.0087189271615102,3113.5219377790177,3099.276524135045,3115.3924072265627,1.0076283424091352,1,0.7397263700595941,0.582720075314022,4,9,3,0,1,1820657.5714285714,0.8342683565741514,1
2023-09-11,3172.593017578125,3177.1961089834826,3140.098329969077,3155.5937353709564,1783604,1.1258207026000333,0.011195305081736244,1.0118142093387155,3129.648856026786,3105.689522879464,3119.197892252604,1.0137217188019805,1,0.572523937384225,0.6111763311017372,0,9,3,1,0,1587222.142857143,1.1237267625244642,1
2023-09-12,3263.879150390625,3272.1736158051285,3174.7349547012377,3182.9384041965895,4476016,2.8773351106403666,0.028367171275378095,1.0306919042043496,3155.8998674665177,3117.574724469866,3124.039453125,1.0342150535374213,1,1.064804148603,0.9406395236557668,1,9,3,0,0,2044088.7142857143,2.1897366629530546,0
2023-09-13,3252.075439453125,3271.2168221792035,3231.2477030451937,3255.0377963035894,1754929,-0.3616466907510163,-0.0036230221332335683,1.0123695621033144,3175.34716796875,3129.300467354911,3127.557820638021,1.0241637425533718,1,1.140052320176399,0.9436996496911242,2,9,3,0,0,2033602.5714285714,0.8629655689150668,0
2023-09-14,3244.966064453125,3279.283743631725,3231.79501333232,3254.081009523971,2604721,-0.21861039611047461,-0.0021884969745893904,1.0146942272339354,3192.3661063058034,3140.9383370535716,3131.185579427083,1.0164767938249382,1,1.180894321446335,0.9450287596809566,3,9,3,0,0,2191156.714285714,1.188742449601147,1
2023-09-15,3279.83056640625,3288.0796357921176,3247.153400937542,3252.075604550965,2952897,1.0744180758944566,0.010686872172621804,1.0126037269575128,3214.2940499441966,3155.440848214286,3137.2120686848957,1.0203890855795197,1,1.1700847711220348,0.9485682524669937,4,9,3,0,1,2425168.0,1.2176051308610372,1
2023-09-18,3286.985107421875,3298.971391083146,3258.8200223380063,3263.195239519824,1395753,0.21813751871531117,0.0021789994425990508,1.0123208303833648,3233.943184988839,3170.415352957589,3142.15234375,1.016401624703626,1,1.1831489586679929,0.9428503628594814,0,9,3,1,0,2355262.4285714286,0.5926103957963555,0
2023-09-20,3286.89453125,3304.167306178493,3263.1500568604156,3263.1500568604156,1649396,-0.002755600311987738,-2.7556382793506228e-05,1.0125698324022345,3255.317696707589,3184.4198172433034,3145.8590738932294,1.0097000776834615,1,1.1368292388255241,0.9515335189082932,2,9,3,0,0,2373902.285714286,0.6948036614336515,0
2023-09-21,3267.98095703125,3285.937352425598,3215.7522827621383,3270.9433138676945,2004073,-0.5754238244923937,-0.005770857659192227,1.021825396825397,3268.9445452008927,3199.296700613839,3149.344002278646,0.9997052295759935,1,1.2038247113934881,0.906824105367271,3,9,3,0,0,2405397.8571428573,0.8331565583002752,1
2023-09-22,3284.706787109375,3312.1428582437647,3249.52323591542,3266.796010717758,1989083,0.5118092883050096,0.005105039964094221,1.0192704030044284,3271.919921875,3213.909894670759,3153.632568359375,1.0039080617923704,1,0.5648012305640525,0.9052419995116174,4,9,3,0,1,2050121.7142857143,0.9702267851413978,0
2023-09-25,3260.55224609375,3299.6098718496296,3243.689598958607,3283.658719154224,1238778,-0.735363689398949,-0.007380808168850175,1.017239711502906,3273.1308942522323,3224.239031110491,3157.735807291667,0.9961569981266037,1,0.6288868184691393,0.9342237107248349,0,9,3,1,0,1976385.857142857,0.626789548975435,1
2023-09-26,3268.345458984375,3276.7767822705646,3223.0442313478416,3251.847543695411,1726062,0.23901512082689091,0.0023872993402296364,1.016671366281639,3276.4708077566966,3234.41845703125,3161.8952473958334,0.9975200912051205,1,0.6213990299081742,0.9345305693139228,1,9,3,0,0,1850863.142857143,0.93257138252562,1
2023-09-27,3271.626708984375,3294.140574881683,3241.0004098672084,3272.2647105216497,1541134,0.10039483405832605,0.0010034447214914964,1.0163962228615244,3275.298828125,3244.7964390345983,3166.1321614583335,0.9988788445472234,1,0.4546247285644052,0.9326696177953882,2,9,3,0,0,1649182.7142857143,0.9344834787863322,0
2023-09-28,3223.72802734375,3283.9322808574702,3215.160068443675,3281.38005186612,1755753,-1.4640631679979865,-0.014748863414287718,1.0213899808873543,3266.2621023995534,3250.1026436941966,3168.512687174479,0.9869777520228533,1,0.6848818436648247,1.038064080931557,3,9,3,0,0,1700611.2857142857,1.0324246432732298,0
2023-09-29,3216.299072265625,3252.6219888175337,3195.2890828619466,3224.1377902043046,2243791,-0.2304460864909319,-0.0023071202212221896,1.0179429480303033,3256.1770368303573,3255.7473667689733,3171.3337565104166,0.9877531337781467,1,0.6751235080743705,1.0324384435809748,4,9,3,0,1,1785524.857142857,1.2566562660967076,0
2023-10-03,3202.85498046875,3221.403759691803,3172.0920416447743,3221.403759691803,1948148,-0.417998808406983,-0.0041887486555068736,1.0155454877726247,3246.8733258928573,3257.908935546875,3175.792488606771,0.9864428510120571,0,0.6672965228150352,1.0060731351515757,1,10,4,0,0,1777535.5714285714,1.0959825678393096,1
2023-10-04,3224.6396484375,3233.982467007632,3169.5398507426544,3177.7433011944777,1788138,0.6801640443165446,0.006778613641190029,1.0203318523507057,3238.292306082589,3255.106113978795,3179.92763671875,0.9957839946630374,0,0.7028957874802196,0.6394497979896488,2,10,4,0,0,1748829.142857143,1.0224772427331787,1
2023-10-05,3271.673095703125,3303.256293268838,3236.8994446369993,3239.451673917619,2990768,1.458564441096999,0.014480297036920452,1.0205001266696068,3239.8809988839284,3256.50594656808,3186.223038736979,1.009812735970904,0,0.91373337925762,0.7536101459954782,3,10,4,0,0,1999113.4285714286,1.4960471763411696,1
2023-10-06,3300.88623046875,3313.2370259636054,3258.638592157678,3273.176885530309,2075691,0.8929111775865417,0.00888948298256214,1.0167549828745432,3244.5296805245534,3260.500244140625,3193.003035481771,1.01736971317676,0,0.9678344916551537,0.781666682537923,4,10,4,0,1,2049060.4285714286,1.012996479292286,1
2023-10-09,3316.3359375,3353.388098061812,3309.636364246382,3322.4429058385053,4233074,0.4680472440595551,0.004669553088024871,1.013219498760672,3250.9167131696427,3263.1077706473216,3200.6170654296875,1.020123316006633,0,0.9749193378110591,0.7407379249340551,0,10,4,1,0,2433623.285714286,1.7394121862856693,0
2023-10-10,3307.7216796875,3325.1313103750044,3282.610188963508,3317.8849749699734,1848148,-0.25975226801039364,-0.002600902095481321,1.0129534483120954,3262.9158063616073,3264.58895438058,3208.139925130208,1.0137318508919342,0,0.7002724309592405,0.7449631545010337,1,10,4,0,0,2446822.5714285714,0.7553257116313764,0
2023-10-11,3290.404052734375,3326.9550728215254,3285.9378184990683,3326.9550728215254,2426417,-0.5235515146111425,-0.005249268480396402,1.0124826629680999,3273.5022321428573,3264.8396344866073,3215.260213216146,1.0051632225649816,1,0.7492262074198355,0.7605069014246152,2,10,4,0,0,2472912.0,0.9811982795991123,0
2023-10-12,3229.01513671875,3271.034902918443,3224.959030384727,3258.5930910385287,4241281,-1.8656953684642485,-0.018833190110627767,1.014287273760566,3277.2393973214284,3262.0563616071427,3220.315983072917,0.985285096767086,1,1.10494398101622,0.90197267943967,3,10,4,0,0,2800502.4285714286,1.5144714593814976,1
2023-10-13,3254.81005859375,3260.4156604701616,3213.0179488837907,3217.575421151711,2890357,0.7988479701340756,0.007956740716149364,1.0147517730496454,3281.5494559151784,3259.920880998884,3225.781917317708,0.9918515939861187,1,1.1158019037773823,0.9195954972413057,4,10,4,0,1,2957962.285714286,0.9771446424314498,0
2023-10-16,3212.15234375,3258.273833459736,3207.6404903319494,3250.389494786418,1671104,-1.3106053525648864,-0.013192695702457794,1.015785230071886,3273.0464913504466,3256.4637451171875,3230.8635091145834,0.9813952695871051,1,1.0592329284194295,0.963815847178641,0,10,4,1,0,2769438.8571428573,0.6034088803549269,0
2023-10-17,3196.656982421875,3221.3583510243216,3193.2844971184086,3217.575737682961,1672065,-0.482398082963742,-0.004835653780350075,1.0087915292017502,3258.1565987723216,3251.3431396484375,3234.748006184896,0.9811244136105614,1,0.9300385789748387,0.9634407295059622,1,10,4,0,0,2711778.0,0.6165936149640568,0
2023-10-18,3178.609130859375,3210.9215657245095,3175.6467737942685,3200.2571247966926,1408245,-0.5645851795092027,-0.005661849859889431,1.011107907913856,3238.4813406808034,3244.6990269252233,3236.8368326822915,0.9815122572826552,0,0.8367007757715093,0.9663234120549311,2,10,4,0,0,2308231.0,0.6100970830042574,0
2023-10-19,3157.956298828125,3177.3301625630156,3154.5293497866223,3170.613253198206,1514545,-0.6497443120874191,-0.006518643386002189,1.0072279602590908,3217.0862862723216,3240.001046316964,3237.9075927734375,0.9816200181833757,0,0.8230557904119256,0.9071762164775024,3,10,4,0,0,2260573.4285714286,0.6699826605310132,1
2023-10-20,3193.5048828125,3198.0284103099434,3147.3553086674356,3153.158141056141,1481211,1.1256832147286788,0.011193945508445647,1.0161002164270936,3203.2435477120534,3238.372889927455,3240.146590169271,0.9969597488437901,0,1.0673573672412477,0.9675489143063423,4,10,4,0,1,2125544.0,0.6968620738973176,0
2023-10-23,3116.3759765625,3179.2491127864932,3108.288510708511,3173.8117316083208,1106272,-2.415180470370004,-0.024448242272522486,1.022829477326031,3187.1522391183034,3232.195818219866,3239.0444173177084,0.9777932595477827,0,1.202896025302109,1.1555198977394583,0,10,4,1,0,1677685.5714285714,0.6594036563466388,0
2023-10-25,3098.05322265625,3129.946603916937,3086.2643847938266,3098.418674622007,1518537,-0.5879506851564464,-0.005896859200907528,1.0141537514862093,3164.7584054129466,3223.1539306640625,3237.737093098958,0.9789225039603007,0,1.05897257638698,1.1315937263129465,2,10,4,0,0,1481711.2857142857,1.0248535019208966,0
2023-10-26,3049.298828125,3083.065649974906,3043.1303207181386,3077.9024700555783,1984471,-1.5737106830414072,-0.0158622497575894,1.0131231084600225,3141.4936174665177,3207.2700544084823,3233.6272867838543,0.9706525619441274,0,1.088601842675899,1.061307706701391,3,10,4,0,0,1526478.0,1.3000324930984921,1
2023-10-27,3062.275146484375,3072.3732650438515,3049.5269439177077,3061.4070309033023,1108851,0.4255508918866502,0.004246479847253712,1.0074917590650283,3122.296212332589,3190.226405552455,3226.9071533203123,0.980776626634225,0,1.1744768949951523,1.020829097356079,4,10,4,0,1,1446018.857142857,0.7668302488052913,1
2023-10-30,3087.497802734375,3091.427414880595,3046.5571476248833,3061.407257455826,910972,0.8236574129844909,0.008202838669634135,1.0147281882733408,3109.2803083147323,3173.8808244977677,3221.4212320963543,0.9929943577225548,0,1.2937314266713744,1.0515264432153826,0,10,4,1,0,1374979.857142857,0.6625347966136439,0
2023-10-31,3078.5419921875,3106.1860427295915,3061.4529873832034,3106.1860427295915,999811,-0.2900669447908122,-0.002904884542568686,1.0146117074247885,3097.9354073660716,3157.5108468191966,3215.8737630208334,0.9937398904016981,0,1.2896375694127153,1.0510153359387173,1,10,4,0,0,1301446.4285714286,0.7682306225216449,0
2023-11-01,3043.723876953125,3081.146329295186,3025.7667578631294,3065.9762828845664,1563475,-1.130993675666403,-0.011374380454895016,1.0183026570994411,3076.5381208147323,3139.8908342633927,3208.0035400390625,0.9893340363184197,0,1.129653069088195,1.0642326985976902,2,11,4,0,0,1313198.4285714286,1.1905854941517378,1
2023-11-02,3070.63671875,3085.1211509923114,3055.1924733885676,3055.1924733885676,1245384,0.8842077299014317,0.008803215047549169,1.0097960039717397,3070.0039411272323,3128.5780901227677,3200.791927083333,1.000206116224898,0,0.9597565295288595,1.0564213790498636,3,11,4,0,0,1333071.5714285714,0.9342214076813581,0
2023-11-03,3062.2294921875,3096.0420483703,3056.198197111951,3090.6504056818926,1402598,-0.273794243101555,-0.0027416974509784312,1.013037063923407,3064.8862653459823,3114.822335379464,3193.3030924479167,0.9991331576677014,0,0.9462260039140443,1.0040252148133146,4,11,4,0,1,1316508.857142857,1.0653919967116494,1
2023-11-06,3089.051513671875,3100.063486624272,3069.6321379850096,3084.2537855610026,1099852,0.8758984770019573,0.008720847397567353,1.0099136793176913,3070.5652204241073,3106.0294189453125,3187.3387776692707,1.0060204854548618,0,0.7745908807139169,1.0263176848092803,0,11,4,1,0,1190134.7142857143,0.924140760535752,0
2023-11-07,3080.095458984375,3110.892257060667,3076.028858205322,3086.9950929939328,1191144,-0.28992895223214354,-0.002903500603587345,1.0113338984978462,3073.1109793526784,3097.703595842634,3180.5184000651043,1.0022727716892177,0,0.7851206667304709,1.024596395503781,1,11,4,0,0,1201890.857142857,0.9910583751602833,1
2023-11-08,3090.239501953125,3108.8820129756928,3079.273266502525,3081.009497872084,992899,0.32934183709016907,0.0032880069467527808,1.009615498174606,3073.5026506696427,3091.3914794921875,3174.84130859375,1.0054455301282514,0,0.7278083729129579,1.0319871059229868,2,11,4,0,0,1213594.7142857143,0.8181471032398083,0
2023-11-09,3059.07666015625,3099.3319225842024,3054.1419440386553,3098.0526178451532,2112352,-1.0084280450489036,-0.010135471245586836,1.014796292829072,3070.7218889508927,3084.3286481584823,3167.865681966146,0.9962076576076314,0,0.8224739095530984,1.0484338724453965,3,11,4,0,0,1372529.142857143,1.539021601831197,0
2023-11-10,3046.28271484375,3059.076654645612,3036.139082151722,3050.4407899010757,1338557,-0.41822898651537876,-0.004191060101065947,1.00755484906101,3071.0874372209823,3073.8127790178573,3160.354215494792,0.9919231468057197,0,0.7079253877376986,0.9743745434346724,4,11,4,0,1,1340398.0,0.9986265273448632,0
2023-11-13,3044.546875,3066.8905352612105,3040.388799408238,3066.8905352612105,1030990,-0.05698223068042463,-0.0005699847172345667,1.008716561466787,3067.3603166852677,3068.68212890625,3154.3815104166665,0.9925625165191154,0,0.5956041605789321,0.7686949579818775,0,11,4,1,0,1309770.2857142857,0.787153297982896,1
2023-11-15,3111.029541015625,3118.9800168000415,3066.936137613749,3091.6559037281313,2059802,2.183663735367025,0.021601632971183154,1.0169693390573127,3074.3317522321427,3069.6090087890625,3150.872526041667,1.0119368343240243,1,1.0448637331083834,0.9791233318914655,2,11,4,0,0,1403656.5714285714,1.4674543915707505,1
2023-11-16,3196.5205078125,3225.3068746335257,3120.0765776114918,3134.5612355569488,3951984,2.7479959823514033,0.027109163376653086,1.033726831506998,3089.6844656808034,3080.124843052455,3150.661376953125,1.034578301868167,1,1.4124463265629916,1.1061800668421662,3,11,4,0,0,1811104.0,2.1820856229128753,1
2023-11-17,3200.724365234375,3220.8748683172735,3191.6773098626118,3196.5207753389523,2021292,0.13151354454321584,0.0013142714122763638,1.0091480295844566,3106.917166573661,3090.01407296317,3149.8642008463544,1.0301930156587231,1,1.3819046067141147,1.1072828222891664,4,11,4,0,1,1929696.5714285714,1.0474662337735408,1
2023-11-20,3216.39697265625,3229.4648915192706,3190.489151953326,3190.489151953326,1475621,0.48965814089172444,0.004884632145322824,1.0122162269513069,3124.9396623883927,3099.2211565290177,3148.021663411458,1.0292669043721492,1,1.3788004909521494,1.0992113321075323,0,11,4,1,0,1998656.857142857,0.7383063254336949,0
2023-11-21,3207.80615234375,3234.1708956759758,3199.398750947556,3216.3965027924314,1807236,-0.26709452799308364,-0.0026745186184877743,1.0108683372830978,3146.1867327008927,3108.4543108258927,3144.918994140625,1.0195854298800502,1,1.259666126109957,1.0982824875135881,1,11,4,0,0,1955068.857142857,0.9243848335045854,1
2023-11-22,3226.0380859375,3228.322718442621,3181.213774673943,3198.4855071691995,1798051,0.5683614510318513,0.005667523713833885,1.014808481009267,3171.8660714285716,3121.4767543247767,3141.9090657552083,1.0170789097928494,1,1.167162863807825,1.0190376429346284,2,11,4,0,0,2020710.857142857,0.8898111244586064,0
2023-11-23,3206.024658203125,3238.694901638103,3198.485371256592,3225.9009601530765,2729804,-0.6203717129569797,-0.006223040140462876,1.0125714285714285,3194.934326171875,3131.1473214285716,3138.5191650390625,1.0034712237871062,1,1.2545276449677472,1.0454427214928692,3,11,4,0,0,2263398.5714285714,1.206064205597272,0
2023-11-24,3159.281005859375,3202.6432821116277,3155.5341196594813,3193.230552452981,1989733,-1.4579941618399261,-0.014687273506480164,1.0149290613461122,3201.827392578125,3138.079572405134,3134.148396809896,0.9867118424880201,1,1.3134831269119034,1.1402397703712615,4,11,4,0,1,2253388.714285714,0.8829959018547369,1
2023-11-28,3171.206787109375,3181.350644295862,3137.2572385975423,3159.28118436596,1689195,0.37748402968529327,0.0037677334663715704,1.0140547625983105,3198.2111467633927,3143.9478062220983,3132.2214518229166,0.9915564175050336,1,0.7323443711819584,1.1261859850146037,1,11,4,0,0,1930133.142857143,0.8751701955127892,1
2023-11-29,3211.05078125,3214.934656261117,3176.37010665481,3181.122097340804,1441634,1.2564300222422276,0.012486024374627407,1.0121410756024654,3199.686349051339,3153.3017578125,3130.7628092447917,1.0035517331884827,1,0.8989539153494523,1.1506904399185152,2,11,4,0,0,1847324.857142857,0.7803900837612753,0
2023-11-30,3187.15380859375,3213.7010597281014,3181.122289556821,3197.9828327668433,3266235,-0.7442103624081375,-0.007469934242127423,1.0102412819143205,3195.5087541852677,3160.22420828683,3129.9295247395835,0.9973854098879952,1,0.919007268431734,1.184152758653776,3,11,4,0,0,2103126.8571428573,1.553037558769636,1
2023-12-01,3209.132080078125,3213.9755460252754,3189.392987409543,3198.4857809364726,1172141,0.6895892951608973,0.006872225027159659,1.007707597876077,3195.698172433036,3170.942452566964,3130.345361328125,1.0042037473253806,1,0.9646631524929616,1.1337368048406233,4,12,4,0,1,2012399.0,0.5824595420689436,1
2023-12-04,3209.86279296875,3242.167584431117,3196.657662284584,3239.2888137345485,1625213,0.022769797951327497,0.0002276720602627704,1.0142367206484062,3193.3874162946427,3182.6267438616073,3131.3871500651044,1.005159216382591,1,0.9335604177210001,1.1167932444537234,0,12,4,1,0,1987707.857142857,0.8176317229716498,1
2023-12-05,3227.36328125,3233.21185109275,3201.0442707403495,3233.21185109275,1377656,0.5452098550625006,0.005437289663279616,1.0100490894944607,3196.435791015625,3195.68505859375,3133.700716145833,1.009675617549179,1,0.9225092738410893,1.1102432624921523,1,12,4,0,0,1794543.857142857,0.76769146349725,1
2023-12-06,3293.617431640625,3301.613644771774,3221.468564387526,3228.276947197519,1896572,2.052887903123324,0.02032100177106325,1.024878430064546,3215.626708984375,3208.72705078125,3137.037801106771,1.0242536617942455,1,0.8890464360630558,1.0947327139782446,2,12,4,0,0,1781235.142857143,1.0647510563697131,1
2023-12-07,3303.48681640625,3317.788748405097,3282.2854733793333,3294.4397617823906,1967653,0.2996518257042613,0.0029920376448029267,1.0108166322867738,3234.523856026786,3216.367501395089,3143.2748291015623,1.0213209002156431,1,0.8927723883369508,0.8645036386553147,3,12,4,0,0,1821014.857142857,1.0805255060286636,1
2023-12-08,3314.2705078125,3330.9940617152665,3291.74412143969,3320.027826121142,1641155,0.32643361410418237,0.0032590197623106596,1.0119237519161757,3249.26953125,3224.47794015067,3150.482071940104,1.020004796751193,1,0.8447878272496288,0.8642115740177754,4,12,4,0,1,1849517.857142857,0.8873420679134524,1
2023-12-11,3329.074951171875,3338.304955567598,3303.5785421234236,3310.797891464415,1102503,0.44668784049091137,0.004456931513603035,1.0105117565698478,3269.5439801897323,3232.5263671875,3159.8079427083335,1.0182077290725686,1,0.6631820006000526,0.8633814463038935,0,12,4,1,0,1540413.2857142857,0.7157189633616878,1
2023-12-12,3355.75927734375,3379.793429797475,3318.199834425044,3325.464920258755,2236866,0.8015537818540697,0.007983584032895183,1.018562352614638,3290.49072265625,3243.0944475446427,3169.5907470703123,1.0198355078888695,1,0.6663091764713776,0.8614141497619194,1,12,4,0,0,1692516.857142857,1.3216211056095835,0
2023-12-13,3283.976318359375,3335.5632728478577,3256.058066070388,3329.6689659326335,3850968,-2.1390973860674123,-0.021623076646938376,1.0244176255964075,3301.078369140625,3247.232892717634,3176.140030924479,0.9948192533260874,1,1.2481943574596572,1.079209257549262,2,12,4,0,0,2010481.857142857,1.9154452880627837,1
2023-12-14,3351.327392578125,3361.151312264597,3315.093210605896,3317.286368548256,3290396,2.0509001189264797,0.020301523600509234,1.013893456000377,3318.787527901786,3257.611659458705,3185.232877604167,1.0098047447758465,1,1.4100360268866363,1.1682986446285046,3,12,4,0,0,2283730.4285714286,1.4407987732852883,1
2023-12-15,3528.385986328125,3560.325100013102,3350.8243262846063,3350.8243262846063,8531230,5.283237744605773,0.051484034769202144,1.0625221597220498,3352.3258928571427,3283.976300920759,3201.38828125,1.0525187881781173,1,2.2580772099605606,1.6623413151369038,4,12,4,0,1,3231538.714285714,2.6399900339382776,0
2023-12-18,3526.74072265625,3590.5276934688904,3500.1932538820056,3525.7356184295736,2521612,-0.04662935626232878,-0.00046640231127373746,1.0258084148601498,3384.219308035714,3309.37158203125,3216.591748046875,1.0421135280098792,1,2.279917926766885,1.6745504213073301,0,12,4,1,0,3310675.714285714,0.7616608262534235,0
2023-12-19,3487.445556640625,3522.9945699903956,3463.5026541544753,3513.7645660221524,2004435,-1.114206263113915,-0.011204600377874218,1.017176806769459,3408.9586007254466,3329.1140659877233,3230.765616861979,1.0230237339633506,1,2.408106388141439,1.7406430828361634,1,12,4,0,0,3362572.8571428573,0.5961015820793686,0
2023-12-20,3454.40966796875,3562.9296988605265,3442.072653930527,3497.543479836221,2586083,-0.9472804129936785,-0.009517956511663176,1.0351117065445996,3426.8635602678573,3348.203770228795,3242.9442220052083,1.0080382855098964,1,2.4939243162262006,1.7535523815327707,2,12,4,0,0,3574512.8571428573,0.723478444015748,1
2023-12-21,3461.218017578125,3478.763949441548,3420.871499435154,3432.660113142662,1517562,0.19709155148868174,0.0019689758091493343,1.0169233044900847,3441.9290945870534,3366.2099086216517,3255.6483072916667,1.0056041023684672,1,2.494449337789741,1.7563566947285625,3,12,4,0,0,3471755.1428571427,0.4371166564330615,1
2023-12-22,3494.5732421875,3514.632267300616,3437.9143663988953,3472.640774140298,2413058,0.9636845884881451,0.009590707666680518,1.022315244862274,3472.0143694196427,3386.546369280134,3269.1260986328125,1.0064973442986147,1,2.2135937178538225,1.7523947080617515,4,12,4,0,1,3266339.4285714286,0.7387652302428896,0
2023-12-26,3468.574462890625,3503.71206271633,3463.6395233033168,3490.78113326196,1285231,-0.7439758017662945,-0.00746757105137005,1.011569489013913,3488.7639508928573,3403.7757393973216,3282.776025390625,0.9942129968417424,1,2.2260381493682173,1.7902523629307803,1,12,4,0,0,2979887.285714286,0.4313018838536127,1
2023-12-27,3482.876220703125,3489.2731911736523,3443.3978189924524,3471.727259647645,1293976,0.4123237936942248,0.004114760685892767,1.0133227046634488,3482.2625558035716,3417.2942243303573,3297.329142252604,1.000176225913388,1,0.7744164935668992,1.735822202876103,2,12,4,0,0,1945993.857142857,0.6649435172934404,0
2023-12-28,3472.549560546875,3507.367445431527,3465.421686382815,3494.5735047759663,1682889,-0.29649805223813663,-0.002969384784986738,1.0121040851142402,3474.5209612165177,3429.370134626116,3311.5958984375,0.9994326122387379,1,0.7728555766067376,1.7461141695114686,3,12,4,0,0,1826176.2857142857,0.9215369913435051,0
2023-12-29,3466.609619140625,3493.2943032121766,3441.0217370731516,3465.3303142807017,1574996,-0.17105418663382332,-0.0017120065135416886,1.0151910014330472,3471.5443987165177,3440.2514997209823,3323.4485677083335,0.9985785059877912,1,0.6654005058767501,1.752142984177209,4,12,4,0,1,1764827.857142857,0.8924360490035653,1
2024-01-01,3482.784912109375,3501.884348671573,3447.9670270192705,3463.5025264784085,825907,0.46660266790465865,0.004655174521107176,1.015637423800689,3475.5980050223216,3451.230782645089,3332.990714518229,1.002067818854962,1,0.5668554750768701,1.7522482936013857,0,1,1,1,0,1513374.142857143,0.5457388074840146,0
2024-01-02,3457.288330078125,3482.7849604684966,3442.7124205931514,3482.7849604684966,1344068,-0.7320745516784632,-0.007347673677544102,1.0116398162203861,3475.03662109375,3458.4828578404017,3341.5428466796875,0.9948926319487135,1,0.6482751058963218,1.7688257069149902,1,1,1,0,0,1488589.2857142857,0.9029139285757128,0
2024-01-03,3373.71630859375,3446.916012198502,3369.4212447573177,3442.4837365673884,1803075,-2.4172708060622328,-0.024469663207570137,1.0229994298165488,3457.7713448660716,3464.8928571428573,3346.786824544271,0.9756909789893649,0,0.975152756167358,1.7987624101497461,2,1,1,0,0,1401448.857142857,1.2865792360599877,0
2024-01-04,3350.916259765625,3398.619342238505,3336.477337594187,3382.8553778250566,3598144,-0.6758140502225118,-0.006781080145052049,1.0186250342371954,3440.9630301339284,3464.8634905133927,3351.557161458333,0.9738309393098017,0,0.9726174717619465,1.7301198956943833,3,1,1,0,0,1731865.0,2.077612285022216,1
2024-01-05,3415.890625,3424.892165201283,3358.2723788278463,3358.4093675177683,1963127,1.9390029531480835,0.019204438153470095,1.0198375172881866,3431.3936593191966,3456.828107561384,3357.8855794270835,0.9954820006509331,0,1.3179364306198154,1.0394702248644885,4,1,1,0,1,1827458.0,1.0742391890812264,0
2024-01-08,3361.42529296875,3417.5815111616193,3356.0334267910252,3415.890793989658,1067805,-1.5944694374179447,-0.0160731786050309,1.0183395325801166,3415.5187639508927,3445.019862583705,3363.0656005859373,0.9841624436225992,0,1.4104168005912332,1.0994900986166476,0,1,1,1,0,1739588.857142857,0.6138260748311465,1
2024-01-09,3372.025634765625,3429.0959253055153,3365.491675951761,3390.3484295340677,1370944,0.3153525922187983,0.003148563988304985,1.0188989471607495,3402.006766183036,3436.7755824497767,3370.157088216146,0.9911872216964904,0,1.4384414693404617,1.0880515682931953,1,1,1,0,0,1710438.5714285714,0.8015160689781318,1
2024-01-10,3393.181640625,3407.9860133570014,3370.2895802803837,3372.1172861265227,1292227,0.6273975393679132,0.0062543759449804935,1.0111849240780912,3389.206298828125,3432.4021519252233,3377.55625,1.0011729418177493,0,1.4554999085019789,1.0901001170938953,2,1,1,0,0,1777055.7142857143,0.7271730366199629,1
2024-01-11,3413.7431640625,3447.966909732182,3387.6526197660214,3403.1881186966993,1777909,0.6059658932291212,0.006041373032796894,1.0178041543026706,3382.9855608258927,3429.0110909598216,3384.3126627604165,1.0090918517633574,0,1.4864162599276272,1.104689668862736,3,1,1,0,0,1839033.0,0.9667629672768243,1
2024-01-12,3548.308349609375,3568.824304124089,3492.3805925763054,3516.5062216937445,6813450,3.9418661299269075,0.03866157734605222,1.0218887115883872,3407.9272809709823,3432.8493129185267,3396.3511474609377,1.0411925070767343,0,1.7960484611249399,1.5290503163374163,4,1,1,0,1,2554800.8571428573,2.6669201949539705,1
2024-01-15,3567.4990234375,3623.4267767315314,3550.3185441619166,3618.85751219593,2801505,0.5408400831409699,0.005393827952001668,1.0205920205920207,3438.86767578125,3439.915352957589,3408.2967122395835,1.0374051460491358,0,1.692414787401507,1.5116766083259894,0,1,1,1,0,2440995.285714286,1.1476896397119511,0
2024-01-16,3528.660400390625,3563.1126115927123,3523.405745987789,3563.1126115927123,1432672,-1.0886792902174869,-0.01094648768386894,1.0112694558809012,3454.9776436941966,3443.1856515066966,3418.923299153646,1.021326550934681,1,1.7709262804618155,1.5491093688449187,1,1,1,0,0,2365216.0,0.6057256504268532,1
2024-01-17,3549.95361328125,3573.119654011733,3484.1104570374932,3490.0047645318223,3458696,0.6034361620139927,0.0060162277742809205,1.0255471799966764,3481.9102608816966,3448.714512416295,3429.676310221354,1.0195419603899623,1,1.5191084877793304,1.549867057304899,2,1,1,0,0,2706771.8571428573,1.2777936902487375,1
2024-01-18,3566.40234375,3572.06818699225,3529.299827526345,3562.198531252639,2239110,0.46335057470079377,0.004622804103937744,1.01211808618025,3509.6783621651784,3455.8425641741073,3438.769140625,1.016162159529008,1,1.512378925058434,1.548444484117814,3,1,1,0,0,2830795.5714285714,0.7909825854609576,1
2024-01-19,3628.47119140625,3647.3356893209884,3602.7050479129484,3630.265574324088,2941975,1.740377043129282,0.017254059347461666,1.0123880919516002,3543.2911551339284,3466.2487269810267,3449.601953125,1.0240398072139523,1,1.5476514037694618,1.6009626864322448,4,1,1,0,1,3066473.8571428573,0.9593999939530359,0
2024-01-23,3550.436767578125,3620.051280568456,3536.173365803367,3588.8559304230384,2618854,-2.150614396855166,-0.02174077113204663,1.0237199667799752,3562.8188127790177,3472.902186802455,3457.474161783854,0.9965246492029061,1,1.9538441370075457,1.7126385398259165,1,1,1,0,0,3186608.8571428573,0.8218310176756644,0
2024-01-24,3535.29931640625,3573.8103676439687,3501.9874154730123,3570.4516563375996,2657709,-0.4263546195247603,-0.0042726610252187365,1.020509197678329,3560.960379464286,3484.443830217634,3464.3483072916665,0.9927937802380445,1,1.283093809771754,1.5535408003404807,2,1,1,0,0,2592931.5714285714,1.0249823131798808,0
2024-01-25,3506.3125,3552.9675849710666,3477.233473153438,3533.550863134138,2205154,-0.8199253814728191,-0.008233052572807216,1.021779990444227,3552.2194475446427,3495.5435616629466,3469.366748046875,0.9870765451789938,1,1.2825576572801975,1.5612890042834506,3,1,1,0,0,2507738.5714285714,0.8793396668711765,0
2024-01-29,3497.754150390625,3515.2383200453005,3479.211818227295,3497.570151432114,1646747,-0.24408405153205637,-0.0024438242226892453,1.0103547882969544,3547.804268973214,3501.390956333705,3476.49267578125,0.9858926494281843,1,1.2279519143501112,1.496497207411007,0,1,1,1,0,2538320.714285714,0.648754505580039,0
2024-01-30,3497.34033203125,3540.8207042314343,3484.871312637016,3503.6897568365657,1411621,-0.011830973292636937,-0.00011831673207487229,1.0160549376361565,3540.2880859375,3511.0991734095983,3481.3597737630207,0.9878688533634186,1,1.189015300717343,1.4094175124343353,1,1,1,0,0,2245881.4285714286,0.6285376342854889,1
2024-01-31,3511.511474609375,3528.12148113154,3493.5671947757637,3507.140432085803,2459358,0.4051976997587303,0.004043789847437141,1.0098908320433762,3532.446533203125,3521.0624476841517,3480.7972900390623,0.9940734959759556,1,1.1837423688812938,1.409733347578894,2,1,1,0,0,2277345.4285714286,1.0799231285447757,1
2024-02-01,3546.663818359375,3593.3649569612444,3501.481176697016,3515.2384129880293,2363107,1.0010601988396095,0.009960827816288728,1.0262414034596934,3520.759765625,3532.025460379464,3481.461393229167,1.007357517825354,0,0.9986843648249085,1.419928101967088,3,2,1,0,0,2194650.0,1.0767580251976396,1
2024-02-02,3649.866455078125,3666.522292350957,3563.089715877142,3565.896430136547,2826510,2.9098511165484453,0.028683187124322013,1.0290289003986957,3534.9640066964284,3548.8914097377233,3486.875423177083,1.0325045596402205,0,1.2527406128504757,1.5794457121502044,4,2,1,0,1,2224315.1428571427,1.270732705784368,1
2024-02-05,3656.307861328125,3701.1225020871434,3646.001448771063,3665.233944757109,1691523,0.17648334067230653,0.0017632779180962825,1.0151182203547011,3552.2509416852677,3556.6056605747767,3493.605362955729,1.0292932344451686,0,1.2061605221680285,1.22797645244809,0,2,1,1,0,2086288.5714285714,0.8107809356601813,1
2024-02-06,3806.02783203125,3818.818793148955,3671.675785736143,3678.1173222023467,4474396,4.094840379462483,0.04013222432632213,1.040075163494674,3595.0674176897323,3573.6434326171875,3505.0990234375,1.0586805168947528,1,1.6621175668942398,1.6077356316750808,1,2,1,0,0,2410466.0,1.8562369268017056,0
2024-02-07,3757.624267578125,3823.512074540079,3748.92823811736,3821.6716355150297,2124267,-1.271760654133014,-0.012799167544436251,1.019894709016936,3632.191720145089,3589.9979945591517,3513.867390950521,1.034533570113426,1,1.8452212491593387,1.6221151230554656,2,2,1,0,0,2478683.1428571427,0.8570143409098219,1
2024-02-08,3804.279541015625,3826.272697294097,3760.0629489197368,3763.697771027623,2345173,1.2416162477993042,0.012339714079370586,1.0176086808316287,3676.0401785714284,3608.164132254464,3525.0575602213544,1.034885190643926,1,1.785607467521069,1.6353044579599156,3,2,1,0,0,2612047.714285714,0.8978293111469087,0
2024-02-09,3803.91162109375,3850.8886480018823,3772.9000434452996,3806.533887272955,2100596,-0.009671211537121138,-9.67167922893867e-05,1.0206707317073171,3717.8116280691966,3625.129080636161,3535.758740234375,1.0231587830794076,1,1.823733071305646,1.6411679745176477,4,2,1,0,1,2560796.0,0.8202902534993025,0
2024-02-12,3791.94873046875,3827.745179692485,3778.007045373113,3800.5065922172184,1013716,-0.3144891842035036,-0.0031498474069219544,1.0131651777569568,3752.8523297991073,3636.8060477120534,3546.405379231771,1.0104177828579084,1,1.909016265154222,1.61079960677487,0,2,1,1,0,2368025.8571428573,0.42808485259662643,1
2024-02-13,3818.450439453125,3837.3149373465553,3755.8755196115026,3796.3193423865514,1257415,0.6988941799616288,0.006964632345063736,1.0216832047041529,3776.9357561383927,3655.949881417411,3558.133406575521,1.010991630780921,1,1.707897955070814,1.445140124202243,1,2,1,0,0,2143869.4285714286,0.5865165962266092,0
2024-02-14,3772.9921875,3786.611256823303,3726.4289893837145,3779.3416123963243,1391283,-1.1904895107041291,-0.011976325853850904,1.016150117877207,3793.6049455915177,3672.9279436383927,3567.806982421875,0.9945664457983504,1,1.8449694873488176,1.4975473581906722,2,2,1,0,0,2100978.0,0.6622073148790706,1
2024-02-15,3775.843994140625,3815.5050863277215,3757.2553846357064,3798.665252945431,1091582,0.07558474809656879,0.0007555619721168181,1.0155032585568209,3789.29296875,3692.180193219866,3578.425504557292,0.9964507957763393,1,0.9205655012627829,1.4564930788477668,3,2,1,0,0,1617718.857142857,0.6747661963512643,1
2024-02-16,3798.94189453125,3817.024566750078,3772.9919748251077,3785.092771105926,1307556,0.611728144130641,0.006098646832008857,1.0116704706023159,3795.195486886161,3713.693603515625,3592.5996907552085,1.0009871448409007,1,0.7904880836817585,1.4389026792036341,4,2,1,0,1,1501045.857142857,0.8710966382391858,0
2024-02-19,3776.396240234375,3798.9416158104596,3731.4897126948135,3794.1104639012988,772291,-0.5934719435780389,-0.005952399870154966,1.018076400662762,3791.212158203125,3733.6261683872767,3606.7823567708333,0.9960920367021159,1,0.6661327557496534,1.46610470652543,0,2,1,1,0,1276348.4285714286,0.6050785057685211,0
2024-02-20,3709.08251953125,3771.059390745061,3690.0800773274027,3756.427991026826,1193648,-1.782485640303133,-0.01798563256244942,1.021945137157107,3777.6651436941966,3747.7383858816966,3616.555419921875,0.9818452346742731,1,0.9151424224174903,1.5947749853745719,1,2,1,0,0,1146784.4285714286,1.0408651968591431,0
2024-02-21,3673.0556640625,3739.1735165389455,3663.0253626616636,3692.8403807798604,1885939,-0.9713144768022874,-0.009760625064152298,1.0207883228583354,3760.680419921875,3756.766374860491,3626.9430989583334,0.9766997601297918,1,0.9433680044045633,1.6247552727551855,2,2,1,0,0,1271387.7142857143,1.4833704768490312,1
2024-02-22,3761.02880859375,3768.25239610325,3654.1912461332404,3654.1912461332404,2982052,2.3950942369860284,0.023668617627765412,1.0312137877541865,3752.4773297991073,3764.70654296875,3639.909871419271,1.0022788888627612,0,1.3966628301463204,1.5649618511177712,3,2,1,0,0,1517764.4285714286,1.9647660360618733,0
2024-02-23,3728.8212890625,3800.5062936958448,3723.5758585151752,3800.5062936958448,2538072,-0.8563486527318642,-0.008600363861370225,1.020660364688084,3746.1672014508927,3769.886073521205,3651.097859700521,0.9953696908184785,0,1.3627827570055484,1.5915811159889401,4,2,1,0,1,1681591.4285714286,1.5093273888510372,0
2024-02-26,3681.843994140625,3726.8886902919344,3665.0039336444943,3714.0056182761105,1379284,-1.259843024917029,-0.012678463376554273,1.0168853179335886,3732.7386300223216,3761.015799386161,3660.0345540364583,0.9863653363049981,0,1.4166854365171968,1.1545812394627966,0,2,1,1,0,1722691.7142857143,0.8006563150922783,1
2024-02-27,3776.948486328125,3794.984876771557,3679.9574496143205,3679.9574496143205,2960475,2.5830668637468523,0.025502692813568286,1.0312578144536133,3729.5967145647323,3762.3961007254466,3667.6558919270833,1.0126962176844685,0,1.787387226568811,1.3330201691140182,1,2,1,0,0,1958823.0,1.511354012077661,1
2024-02-28,3790.338623046875,3823.420247389611,3762.7778668644,3768.8514059644444,1939225,0.3545226197079421,0.00353895669618161,1.0161163859974933,3731.5884835379466,3761.400320870536,3675.083878580729,1.0157440027934772,0,1.7769382865447045,1.2922160557654336,2,2,1,0,0,2125527.8571428573,0.9123498398213015,0
2024-02-29,3768.39111328125,3807.9605533454464,3740.2783615123485,3771.97987960793,3772719,-0.5790382324200483,-0.005807211584610328,1.0180954959207185,3740.0611397879466,3758.8631417410716,3683.07490234375,1.0075747353945421,0,1.6195213973517188,1.3008471133292459,3,2,1,0,0,2493966.5714285714,1.512738399632576,0
2024-03-01,3767.700439453125,3809.7083657464814,3760.7527379598155,3779.5253487627083,2043265,-0.018328082392793377,-0.00018329762191067372,1.0130175077166133,3753.5818219866073,3757.131120954241,3690.3331298828125,1.003761371973782,0,1.5389705187031912,1.298782439154835,4,3,1,0,1,2516441.714285714,0.8119659551025905,0
2024-03-04,3755.1396484375,3789.371768720034,3750.722549928762,3777.5010270993284,1749271,-0.3333808304953334,-0.003339377825782034,1.0103044728787007,3752.7405133928573,3752.6089215959823,3696.624373372396,1.0006393021409503,1,1.2625050469675339,1.2829331056148046,0,3,1,1,0,2340330.1428571427,0.7474462546828711,0
2024-03-05,3692.012939453125,3739.7722441428095,3662.4738020886766,3737.9318050462825,2070859,-1.6810748705615164,-0.016953653159492217,1.021105527638191,3747.482177734375,3746.824689592634,3698.742431640625,0.985198264954849,1,1.3864378457125088,1.3208045896130494,1,3,1,0,0,2273585.4285714286,0.9108340394762257,1
2024-03-06,3740.0478515625,3747.1334961978687,3642.6425356235145,3675.4024369976914,1744204,1.3010493976353787,0.012926584518272893,1.0286854830119827,3755.7970145089284,3744.267822265625,3705.0628011067706,0.9958067055046936,1,1.3775189519777578,1.3761255983012506,2,3,1,0,0,2325716.8571428573,0.7499640356662995,1
2024-03-07,3780.813720703125,3794.9850103625763,3715.570026925066,3740.692062833141,2688905,1.0899825552658005,0.01084085061149139,1.0213735666027084,3756.349190848214,3742.9729527064733,3713.246614583333,1.006512847611323,1,1.022798413807303,1.399796411379966,3,3,1,0,0,2286921.1428571427,1.1757751282322935,1
2024-03-11,3793.467041015625,3821.671679534189,3762.77763005425,3762.77763005425,2304068,0.33467187878664095,0.003341130988268987,1.0156517485937882,3756.7961077008927,3744.19229561942,3722.8184326171877,1.0097612253269648,1,1.021740405721938,1.392768946320853,0,3,1,1,0,2339041.5714285714,0.9850479051523606,1
2024-03-12,3857.7900390625,3892.482492505704,3792.270233646347,3793.4667885423355,4039801,1.69562559398575,0.016814103299512724,1.026425400270856,3769.5673828125,3754.8142613002233,3734.81962890625,1.02340392073962,1,1.1540084398302601,1.3520578818155156,1,3,1,0,0,2377196.1428571427,1.699397423363046,0
2024-03-13,3817.990966796875,3902.6511665908765,3802.2551224047547,3869.5232623236584,2837260,-1.0316547002982235,-0.010370131430113217,1.0264043418850406,3776.7517438616073,3765.1667829241073,3745.5079833984373,1.01091923052721,1,1.264860631893789,1.3564755735008343,2,3,1,0,0,2490624.0,1.139176367046973,1
2024-03-14,3871.915283203125,3887.9270110877537,3760.0165129714937,3822.0854919676153,2919608,1.412374122285831,0.01402493048775944,1.0340186000978953,3793.4339773995534,3773.087245396205,3757.521443684896,1.0206887232705633,1,1.3141265027717657,1.2609654753791222,3,3,1,0,0,2657815.0,1.0984993312175604,1
2024-03-15,3882.636474609375,3900.8108113691155,3843.7571972372716,3858.1127125937037,3373143,0.27689633223020316,0.0027651368053910426,1.014843188891549,3820.6659109933034,3784.074044363839,3768.7205322265627,1.0162198331546766,1,0.9415084398382005,1.222685869688542,4,3,1,0,1,2843855.5714285714,1.18611614242616,0
2024-03-18,3821.211669921875,3915.3041186273567,3789.326152475134,3878.9554465113024,1526904,-1.5820385217413357,-0.015946863239276104,1.0332454798249382,3832.2607421875,3794.028878348214,3774.4320393880207,0.9971168265916797,1,1.2332217914695502,1.2567814744714607,0,3,1,1,0,2812812.714285714,0.5428388432138264,0
2024-03-19,3659.9892578125,3734.2509304972355,3650.1429535690677,3728.0394485403954,8931209,-4.219143717643659,-0.043107351017992845,1.0230423788870866,3815.0001046316966,3785.674647739955,3774.554752604167,0.9593680622364854,1,2.0429684215013957,1.5706953922611302,1,3,1,0,0,3704570.4285714286,2.41086225034844,0
2024-03-20,3654.099853515625,3697.4422857548993,3644.253548906764,3667.9952590888574,1817913,-0.16091315799093842,-0.0016104276226522488,1.0145952349731788,3795.090506417411,3775.9433070591517,3769.490486653646,0.9628491988100485,1,2.019913185508571,1.5623928393130628,2,3,1,0,0,3635119.714285714,0.5000971475177984,1
2024-03-21,3655.986083984375,3688.6078209191865,3633.0266519750294,3671.7219275853204,3829582,0.051619565539118284,0.0005160624722442641,1.0152988607760258,3766.2613699776784,3767.914376395089,3766.102547200521,0.9707202248701191,0,1.8040033995770337,1.561256249506813,3,3,1,0,0,3605088.4285714286,1.0622713078684536,0
2024-03-22,3598.886474609375,3623.8245137694216,3547.4462926818487,3586.095512991223,5852485,-1.5618114528699656,-0.01574136222810683,1.0215304798962386,3734.9607282366073,3755.8562360491073,3759.256111653646,0.963567420509003,0,1.8287378398596035,1.601080196790412,4,3,1,0,1,4035834.8571428573,1.4501299500998979,0
2024-03-26,3568.151123046875,3631.8302677248153,3562.5837501208753,3565.850574289269,3440925,-0.8540239259932747,-0.008576916071700854,1.019437162032076,3691.565848214286,3742.49991280692,3751.397428385417,0.9665684616659053,0,1.544976073615359,1.6075772980311938,1,3,1,0,0,4110308.714285714,0.8371451487429117,0
2024-03-27,3534.47119140625,3584.255159090906,3523.8886665462896,3578.2737319961457,1968575,-0.9439042932650632,-0.009483873023516158,1.017130646923582,3641.827950613839,3731.2469308035716,3742.81484375,0.9705211886274051,0,1.4209999447564872,1.5723843571010876,2,3,1,0,0,3909656.1428571427,0.5035161477299082,1
2024-03-28,3567.046875,3602.659324539871,3534.102972131641,3542.937169152786,4311783,0.9216565033251634,0.009174351674285736,1.0193985158182528,3605.5186941964284,3718.889718191964,3734.4347249348957,0.9893297407503797,0,1.6430622201174847,1.545723146349236,3,3,1,0,0,4307496.0,1.0009952417831613,1
2024-04-01,3604.269775390625,3619.499453254275,3577.8595203158884,3586.7395487458493,1569676,1.0435214813549365,0.010381143795933825,1.0116382246709088,3597.558768136161,3706.2794363839284,3728.81064453125,1.0018654336696051,0,0.9749726196075201,1.5424945995278063,0,4,2,1,0,3255848.4285714286,0.4821096664775418,0
2024-04-02,3573.94873046875,3597.920494660374,3564.0103144038126,3579.6540467417585,2142666,-0.8412534802167748,-0.008448119887453517,1.0095146133891686,3586.1086077008927,3690.5995570591517,3722.080802408854,0.9966091720685675,0,1.0022305892217602,1.5355296682389459,1,4,2,0,0,3302241.714285714,0.6488519573629896,1
2024-04-03,3632.38232421875,3663.3936751293795,3543.7651451703696,3543.7651451703696,3973090,1.6349869054315125,0.01621764918366105,1.0337574655933524,3582.736642020089,3674.499005998884,3716.528816731771,1.0138569164186928,0,1.2468142022214381,1.529194302938263,2,4,2,0,0,3322742.8571428573,1.1957259922955217,1
2024-04-04,3683.91455078125,3707.241978924869,3621.2935725878497,3658.7004031789797,3394637,1.4186894980440456,0.01408720276151803,1.0237341725033353,3594.8835100446427,3664.922119140625,3713.44609375,1.024766043319023,0,1.1649958526640316,1.592488003937816,3,4,2,0,0,2971621.714285714,1.1423516606035993,0
2024-04-05,3661.783447265625,3682.718440901434,3644.5293316317166,3660.633172890031,1636819,-0.6007496430917914,-0.0060256140350055725,1.0104784749400328,3608.2595563616073,3649.9127022879466,3711.8694580078127,1.0148337141682757,0,1.1249791465268877,1.5207815066228105,4,4,2,0,1,2713892.285714286,0.6031260004739634,0
2024-04-08,3655.617919921875,3710.9229755652163,3644.0691205793664,3665.2341685019233,2302538,-0.16837498537369822,-0.0016851689536852255,1.0183459349352904,3625.566231863839,3633.697091238839,3711.2881998697917,1.0082888261132625,0,1.005114804133068,1.5104524843991227,0,4,2,1,0,2761601.285714286,0.8337691657050523,0
2024-04-09,3631.6923828125,3695.4636403269888,3611.9076631803105,3666.1545588206272,1876992,-0.6544868099860435,-0.006566379660672824,1.0231334754203285,3634.8013044084823,3620.159999302455,3706.976985677083,0.9991446790799234,1,1.0661828294879843,1.4754359022792851,1,4,2,0,0,2413774.0,0.7776171257126806,1
2024-04-10,3666.75244140625,3671.859704425388,3605.419903259126,3640.756241235992,2101965,0.9653917484772956,0.00960761617753155,1.0184277568075228,3643.7273995535716,3620.643083844866,3704.908024088542,1.0063190901315777,1,1.0570044017642823,1.0063334002823519,2,4,2,0,0,2489815.285714286,0.8442252772968183,1
2024-04-12,3682.166259765625,3693.163062647417,3630.7260789894453,3654.1916765092096,4354821,0.42036703065406744,0.004194859567515359,1.0171968312397035,3659.1870465959823,3622.6478271484375,3704.918766276042,1.0062798684180465,1,0.9409960795159462,1.010372421695447,4,4,2,0,1,2805837.4285714286,1.552057491163066,0
2024-04-15,3626.76953125,3739.95654481705,3606.3867564769034,3682.166707591681,4200329,-1.5044602716866695,-0.015158920781363999,1.0370370116572387,3658.3852190290177,3620.5609305245534,3699.912801106771,0.9913580211251212,1,1.0165456435726568,1.093467675089127,0,4,2,1,0,2838300.1428571427,1.4798748506462698,0
2024-04-16,3563.82568359375,3615.2658574140637,3554.6695456341977,3590.6960447365877,3051420,-1.7355348089779454,-0.017507717668409892,1.0170469606251555,3641.229666573661,3618.0565883091517,3692.362369791667,0.978742350780431,1,0.9718433286120397,1.1127381827668938,1,4,2,0,0,2789269.1428571427,1.093985500758929,0
2024-04-18,3553.8876953125,3621.983938050233,3542.84506135503,3567.5069887926393,3476284,-0.27885730570381684,-0.002792468370147491,1.0223376623376623,3625.815987723214,3617.037772042411,3685.212255859375,0.9801621779333924,1,0.972145141925504,1.0917521640017003,3,4,2,0,0,3052049.8571428573,1.1389997420469025,0
2024-04-19,3520.943603515625,3545.191475811575,3497.6620065717075,3531.8022379238537,2957749,-0.9269874183229665,-0.009313106848577534,1.0135889257311212,3606.5767996651784,3616.071515764509,3676.987027994792,0.9762563780265255,0,0.9813635598369681,1.0906634103065402,4,4,2,0,1,3145651.4285714286,0.9402659726170731,1
2024-04-22,3556.2802734375,3568.6111245390066,3507.876639180684,3530.8821260588365,1728883,1.0036136303515741,0.009986108731464579,1.0173137460650579,3595.803641183036,3615.302472795759,3670.3583821614584,0.989008474408093,0,1.1346311938622085,1.0963225369060798,0,4,2,1,0,3124493.0,0.5533323326376471,1
2024-04-23,3565.57470703125,3584.255209151465,3552.599745949953,3567.7373128762897,1807586,0.2613526741177319,0.002610117419108212,1.0089105065206403,3581.349679129464,3612.5385393415177,3666.1437744140626,0.9955952438294021,0,1.0308713819858235,1.0574142967140232,1,4,2,0,0,3082438.8571428573,0.5864142271018051,0
2024-04-24,3525.406982421875,3587.0156333989953,3519.3334438187635,3579.653877353025,1317312,-1.126542785098994,-0.011329363411125077,1.019231536499932,3558.955496651786,3609.071271623884,3658.989078776042,0.9905734943127351,0,0.9921899325800018,1.0759679036008938,2,4,2,0,0,2648509.0,0.49737871383484067,1
2024-04-25,3544.869384765625,3564.6080473941747,3506.9563876693583,3507.1403866301107,2856271,0.5520611504088002,0.005505428781375992,1.0164392291639333,3547.2554757254466,3602.8203473772323,3651.124267578125,0.9993273416656483,0,0.9895094891127401,0.976579548919406,3,4,2,0,0,2456500.714285714,1.1627397392516243,0
2024-04-26,3516.48095703125,3567.507084546707,3499.1807851009403,3547.5841971159175,2039178,-0.8008314172696096,-0.008040552954862803,1.019526370211191,3540.491943359375,3590.8608049665177,3641.891398111979,0.9932181779503381,0,0.8144869275375108,0.8736340729345486,4,4,2,0,1,2311894.714285714,0.8820375717801782,1
2024-04-29,3561.433349609375,3568.42710744999,3514.502156616341,3531.8023275934233,1110693,1.2783345943689017,0.012702328694071466,1.0153435532062858,3541.569893973214,3583.692940848214,3632.012841796875,1.005608658372086,0,0.9811468079325419,0.9678019913273398,0,4,2,1,0,1973953.142857143,0.5626744505152532,0
2024-04-30,3515.83642578125,3572.0619252249066,3506.036178297648,3563.089785398555,2203078,-1.2802969858505486,-0.0128856342011238,1.0188320209973754,3540.8402971540177,3573.7085484095983,3621.941023763021,0.9929384357174017,0,1.045804671028495,1.0102386368739538,1,4,2,0,0,1866143.0,1.1805515440135081,1
2024-05-02,3555.083984375,3562.261741296734,3476.635273211625,3476.635273211625,2491044,1.1163078664852444,0.01110123134755326,1.0246291202142723,3540.6693987165177,3568.2365199497767,3611.37998046875,1.0040711470163546,0,1.0648121335344651,1.0680487485869608,3,5,2,0,0,1975023.142857143,1.2612733217882004,0
2024-05-03,3536.771484375,3582.966682325397,3494.625611625741,3579.7917453667596,2962234,-0.5151073808800422,-0.005164386325005875,1.0252791230069875,3536.5546526227677,3558.952165876116,3599.8511474609377,1.000061311579639,0,1.0734630819769473,1.0217404542589106,4,5,2,0,1,2139972.8571428573,1.3842390524312391,1
2024-05-06,3608.226806640625,3625.618865765193,3545.6058231496777,3545.6058231496777,2053831,2.0203545120544453,0.020002161427670258,1.0225668183679923,3548.386056082589,3553.6707763671875,3592.7516520182294,1.0168642164669364,0,1.2254075633092247,1.1800267599033294,0,5,2,1,0,2245189.8571428573,0.9147694095739533,1
2024-05-07,3661.5068359375,3669.834866210911,3601.2785227974928,3617.1983629119873,2062112,1.4766263916341948,0.014658304118992056,1.0190366679442953,3565.0485491071427,3556.152012416295,3592.802237955729,1.0270566544891837,1,1.2998076085330736,1.1835086414504525,1,5,2,0,0,2131738.5714285714,0.9673381284357436,0
2024-05-08,3659.666748046875,3666.4304509643703,3624.3764664424393,3644.9892925462136,1247685,-0.050254935278681856,-0.0005026756730360243,1.0116030950182198,3585.503662109375,3562.997802734375,3592.987801106771,1.020684147312757,1,1.2049215417506296,1.0650068400732267,2,5,2,0,0,2018668.142857143,0.6180733591178964,0
2024-05-09,3644.2529296875,3654.1913444311836,3598.104015290975,3645.909369588605,1726486,-0.4211809276787659,-0.00422070392931863,1.0155880232761068,3597.335030691964,3569.452462332589,3592.5966959635416,1.0130424046120916,1,1.211491519018551,1.0705426772629376,3,5,2,0,0,2106638.5714285714,0.8195454234131966,0
2024-05-10,3583.24267578125,3656.5843507790987,3575.098867879944,3646.4619361248674,1672489,-1.6741498211948147,-0.016883221088681188,1.0227925117347807,3606.9644949776784,3573.9023960658483,3592.075236002604,0.9934233288879171,1,1.3045926472026033,1.146183491154643,4,5,2,0,1,2030840.142857143,0.8235453715460899,1
2024-05-13,3632.842529296875,3639.4680646589845,3561.2494084020914,3574.5925909400316,931326,1.3842169789633596,0.01374724195906668,1.0219638242894056,3618.0728585379466,3579.3711286272323,3594.2316162109373,1.004082192740833,1,1.3367852789332786,1.172669050011389,0,5,2,1,0,1808023.2857142857,0.5151073038487257,0
2024-05-14,3589.960205078125,3631.0020839186186,3582.322338430397,3621.983888045264,1058317,-1.180406909270848,-0.011874290260313477,1.0135888791932528,3625.6712472098216,3581.112949916295,3596.08125,0.9901505018803957,1,1.4264669742275673,1.2250899787820535,1,5,2,0,0,1536035.142857143,0.6889926997577994,0
2024-05-15,3570.8193359375,3613.655594732349,3566.3103506592815,3592.996713752849,1115021,-0.5331777525987458,-0.005346042178342138,1.013275693761289,3620.327322823661,3584.356689453125,3596.206998697917,0.9863249970316089,1,1.1982235568481012,1.1908296390708712,2,5,2,0,0,1401919.4285714286,0.7953531260610452,1
2024-05-16,3615.82080078125,3623.745907431527,3562.569994938758,3606.6908950730917,2599399,1.2602559975758432,0.012523808671904486,1.017171848575517,3613.8007463727677,3589.424647739955,3596.592032877604,1.0005589833392197,1,1.15136535795466,1.226118674721435,3,5,2,0,0,1478674.7142857143,1.7579248328836545,0
2024-05-17,3553.857177734375,3633.4784647992665,3550.0567653523444,3632.5515570276343,2765804,-1.7136806955003636,-0.01728534141462151,1.0234986945169713,3598.6850934709823,3592.0943777901784,3595.922314453125,0.9875432513342338,1,1.2855247270119368,1.302392983666653,4,5,2,0,1,1695548.857142857,1.6312145700481986,0
2024-05-21,3540.973388671875,3563.7290220685823,3531.565364339062,3550.6133662673315,1908117,-0.3625297365133173,-0.0036318846810978805,1.0091074790953332,3583.9308733258927,3590.6329520089284,3592.875349934896,0.9880138635000644,0,1.2856396627983078,1.25972162899513,1,5,2,0,0,1721496.142857143,1.1084062011507763,1
2024-05-22,3551.910888671875,3560.4847863024115,3538.517115470372,3554.691612227725,1311168,0.30888399316952864,0.0030840792664029227,1.006208157291651,3579.454903738839,3593.209699358259,3588.4752278645833,0.9923049693856476,0,1.1722864060313711,1.2093522258093714,2,5,2,0,0,1669878.857142857,0.7851874969202215,1
2024-05-23,3608.869140625,3619.574971009692,3545.8858006651926,3560.206480963538,2095742,1.6035946209906893,0.015908728658289302,1.0207815971768397,3576.0301339285716,3597.051496233259,3586.711417643229,1.00918309003743,0,1.2211022156861622,1.2478794300491767,3,5,2,0,0,1836224.0,1.1413324300303231,0
2024-05-24,3568.131591796875,3599.924574735908,3563.3117164748414,3594.7801911641072,1309452,-1.128817566964202,-0.011352370678167646,1.0102749523966115,3572.9117606026784,3599.29150390625,3583.795206705729,0.9986621083513697,0,1.2135435373251915,1.2820119145840327,4,5,2,0,1,1872100.4285714286,0.6994560655056432,0
2024-05-27,3565.8603515625,3622.679839453395,3560.577022873854,3573.2292225989668,1841538,-0.0636534885539719,-0.0006367375598807296,1.0174417843457901,3572.2033342633927,3596.2653285435267,3581.6008056640626,0.9982243500418767,0,1.197237465758912,1.1526847260573039,0,5,2,1,0,1975888.5714285714,0.9320049858219304,0
2024-05-28,3559.233154296875,3587.1331694666214,3550.056857637509,3576.0102759178876,1801993,-0.18585128446549914,-0.0018602420224501065,1.010443864229765,3564.119384765625,3588.9600655691966,3578.0168294270834,0.9986290497199293,0,1.0573687073328124,1.062279084233093,1,5,2,0,0,1861973.4285714286,0.9677866355926208,0
2024-05-29,3525.6328125,3567.57539103945,3522.2496895007944,3567.57539103945,1568095,-0.9440331762562648,-0.009485174135518682,1.0128683953536184,3560.087332589286,3579.386213030134,3572.7990478515626,0.9903220014369067,0,0.9052755340741137,1.0795049784190294,2,5,2,0,0,1690872.142857143,0.927388275112463,0
2024-05-30,3463.020263671875,3517.058806463482,3443.8794821472993,3500.9307015339277,2919230,-1.7759237038563525,-0.017918824546618212,1.0212490955898825,3548.951171875,3566.4410226004466,3567.3407389322915,0.9757869567538384,0,1.1062186488404717,1.1531967485850483,3,5,2,0,0,1835316.857142857,1.5905863822035247,0
2024-05-31,3402.632080078125,3475.718849271696,3386.6893114728173,3466.6351077409063,10956800,-1.7438010463652232,-0.01759184355337096,1.0262880735759494,3527.6256277901784,3553.540265764509,3561.9676188151043,0.9645672299443085,0,1.1834897997660032,1.159447157352551,4,5,2,0,1,3213264.285714286,3.409865801799238,1
2024-06-03,3432.200927734375,3477.3412961491067,3425.851518249575,3459.961773430714,2156773,0.868999261758896,0.00865245196032874,1.0150297751158346,3502.3873116629466,3539.208722795759,3557.9113932291666,0.9799604162295669,0,0.9678886496993413,1.1067188306973017,0,6,2,1,0,3221983.0,0.6693930414902872,1
2024-06-04,3443.46240234375,3471.269635740873,3328.989291525593,3429.5587856451884,3395997,0.3281123351017934,0.0032757522115029656,1.0427398023110122,3484.5774274553573,3528.7445940290177,3555.3286865234377,0.988200857645562,0,1.0182638205085524,1.0982219364631085,1,6,2,0,0,3520060.8571428573,0.9647551953850149,1
2024-06-05,3472.613525390625,3507.2336206771465,3429.5587052821297,3444.389229413079,2799670,0.8465642902630188,0.00843001030839742,1.0226486618454391,3471.2564522879466,3521.72989327567,3552.539794921875,1.0003909457919147,0,1.135036564835431,1.1361241671408726,2,6,2,0,0,3656936.8571428573,0.7655778891920396,1
2024-06-06,3550.427734375,3559.2333589407076,3468.025717115301,3504.638577151665,4328036,2.2407966914665955,0.02216059697644782,1.0262995863540691,3469.99853515625,3517.0589599609375,3552.0348958333334,1.0231784533635626,0,1.5100779322970397,1.256455222584227,3,6,2,0,0,4017800.1428571427,1.0772153532062554,1
2024-06-07,3609.33251953125,3628.8439736397468,3556.8232840964106,3556.8232840964106,4552445,1.6590898213738603,0.01645477282684201,1.0202485993232673,3481.955636160714,3521.021484375,3554.832413736979,1.0365819949133483,0,1.5657107183845238,1.2513240913201957,4,6,2,0,1,4444135.857142857,1.0243712492909194,0
2024-06-10,3576.6591796875,3620.409183775903,3561.0870829656333,3610.305978999996,1734661,-0.9052460438860654,-0.009093682924051579,1.0166584246406203,3498.189767020089,3523.570469447545,3555.8920735677084,1.02243143393969,0,1.3942143876497375,1.2755269391362953,0,6,2,1,0,4274911.714285715,0.4057770349275717,0
2024-06-11,3570.541748046875,3596.3559953752433,3560.2529805994373,3563.960611925237,1419898,-0.1710375893617999,-0.001711840256445528,1.0101405756760935,3522.1768624441966,3524.9012451171875,3557.694099934896,1.0137315323708975,0,1.0659595361450203,1.2753281068745743,1,6,2,0,0,2912497.1428571427,0.48751910486239597,0
2024-06-12,3551.586181640625,3608.9155195936296,3547.693214139478,3591.211490093849,2177001,-0.5308876843862387,-0.005323019005403185,1.0172569333814285,3539.2318987165177,3520.8096051897323,3557.365861002604,1.003490667827838,1,1.1555013284735016,1.2000203505901064,2,6,2,0,0,2915386.8571428573,0.7467280010082464,1
2024-06-13,3594.6875,3605.6714482720763,3570.4489508339425,3574.898153664247,1932323,1.2135794024140667,0.012062745681751329,1.009865005192108,3560.8354840959823,3522.70645577567,3559.9942301432293,1.0095067621223204,1,1.1822994727238632,1.2099304115515854,3,6,2,0,0,2706290.5714285714,0.7140116513726696,0
2024-06-14,3551.956787109375,3604.7441367037127,3548.2027655700213,3604.7441367037127,1860730,-1.1887184321481392,-0.011958401843552178,1.0159352142110762,3572.170235770089,3521.7133440290177,3559.889990234375,0.994341409471949,1,1.3554109368366873,1.2552712544140099,4,6,2,0,1,2572156.285714286,0.7234124964857167,0
2024-06-18,3536.24609375,3561.179823442644,3517.661546809407,3546.395689059985,1774045,-0.4423109373512535,-0.004432920262221954,1.012371365480772,3570.144287109375,3520.0714111328125,3559.8724772135415,0.9905050914939851,1,1.075912237802273,1.2597317393673109,1,6,2,0,0,2207300.4285714286,0.8037170550218972,0
2024-06-19,3523.8251953125,3553.6254156533255,3515.7147523909116,3547.8784064893566,1509050,-0.35124530669550236,-0.0035186362131486076,1.0107832022596919,3557.928955078125,3519.94229561942,3557.059090169271,0.9904147159214773,1,0.7669216577940793,1.2367209990394132,2,6,2,0,0,1772529.7142857143,0.8513538519765295,0
2024-06-20,3510.43115234375,3531.471911667912,3503.7574622284674,3518.5415946390854,2846526,-0.3800995289598097,-0.0038082374295785007,1.0079099223442873,3548.4678083147323,3523.328787667411,3552.023234049479,0.9892808225900048,1,0.7269915969977467,1.1342589501460942,3,6,2,0,0,1931367.5714285714,1.4738395953777534,1
2024-06-21,3532.213623046875,3594.3628314432963,3520.4419401652044,3547.275873620781,4642195,0.6205069906749738,0.006185897729401326,1.0209976169283517,3542.992361886161,3532.5846121651784,3547.774796549479,0.9969577301505816,1,0.8016566536921093,1.006987680868038,4,6,2,0,1,2391695.714285714,1.9409638827681737,1
2024-06-24,3537.82177734375,3575.083426076877,3514.185628169532,3530.3601242080126,1702154,0.15877166262774356,0.001586457536776797,1.017329135211069,3541.0260184151784,3540.1289585658483,3544.227091471354,0.9990951094245666,1,0.789519442396144,0.9923828063576011,0,6,2,1,0,2323860.4285714286,0.7324682580211511,1
2024-06-25,3557.88916015625,3566.41666656242,3515.668465075754,3538.007033326123,1338808,0.5672242434882291,0.0056562158436754785,1.0144348655144229,3535.769112723214,3548.3022984095983,3543.381974283854,1.0062560780208862,0,0.6404545670162394,0.9964123775368183,1,6,2,0,0,2239072.5714285714,0.5979297040585937,1
2024-06-26,3574.017333984375,3584.3058742192884,3560.252663395376,3563.496840516408,1639845,0.4533073713689495,0.004522830279538325,1.0067560403988218,3538.9206194196427,3555.545427594866,3541.421134440104,1.0099173500451355,0,0.47345296187938285,0.9834057620922808,2,6,2,0,0,2207517.5714285714,0.7428457291684396,1
2024-06-27,3646.59375,3653.870065788861,3539.0262950308725,3550.9833135558415,4526556,2.0306677118075322,0.020103245947115145,1.032450668964862,3554.6845703125,3562.4144287109375,3543.3089192708335,1.0258557905404868,0,0.8120795415780762,0.9511039513129075,3,6,2,0,0,2600733.4285714286,1.7404921051391327,0
2024-06-28,3618.787109375,3670.555002133022,3612.94777109011,3631.4395370159273,2731571,-0.7625373850596917,-0.007654595660041184,1.0159446620025538,3568.250558035714,3563.08975655692,3544.9078450520833,1.0141628370870641,1,0.8902198802092426,0.8821072342724569,4,6,2,0,1,2775379.285714286,0.9842153878067116,1
2024-07-01,3687.424560546875,3709.206893822337,3600.1098911444064,3600.1098911444064,2658723,1.8966976806692903,0.01878934626373062,1.0303037979330265,3593.535330636161,3571.0015694754466,3547.294637044271,1.0261272594456705,1,0.9762952537293494,0.969052223754292,0,7,3,1,0,2748550.285714286,0.9673183036958911,1
2024-07-02,3723.75927734375,3729.320724102144,3691.4566765329196,3701.699052905465,2307449,0.9853684109400795,0.009805453140484014,1.0102572103337772,3620.898995535714,3581.9456787109375,3552.958040364583,1.0284073877605684,1,0.9804994087204042,0.9821312861509917,1,7,3,0,0,2415015.1428571427,0.9554594333806603,0
2024-07-03,3675.421142578125,3731.8235725519535,3665.9203376575206,3726.169344471108,1821198,-1.2981004185669498,-0.013065993721364681,1.0179772686867887,3640.5560477120534,3590.791033063616,3557.439632161458,1.009576859800849,1,1.247886193281862,1.0513280440377053,2,7,3,0,0,2432021.4285714286,0.7488412637341658,1
2024-07-04,3727.0498046875,3751.5203059355035,3691.039573096493,3707.4921862442698,2518001,1.4047005800581491,0.013949260899855117,1.0163858261720755,3664.721854073661,3600.2454833984375,3563.277596028646,1.017007552850036,1,1.288922455174862,1.0659388295905954,3,7,3,0,0,2600477.5714285714,0.9682840673825681,0
2024-07-05,3718.569091796875,3732.426319394209,3696.5086389132935,3716.9006123476197,1668616,-0.22754493057642877,-0.002278042074424984,1.0097166499498496,3685.3721051897323,3612.1463623046875,3566.934261067708,1.0090077706292926,1,1.333182017407577,0.9936882073595702,4,7,3,0,1,2604587.714285714,0.6406449630580415,0
2024-07-08,3701.328125,3736.5970115088844,3687.285562563459,3728.023114490228,1758882,-0.4636451917730544,-0.004647233599664582,1.0133733740196524,3693.1913016183034,3623.9379359654017,3571.3741455078125,1.0022031957505508,1,1.2068064971070203,0.9949833860081301,0,7,3,1,0,2209205.714285714,0.7961603523955605,0
2024-07-09,3694.19091796875,3714.0730443794923,3684.551167677433,3693.7274640836704,1305801,-0.19282827110200795,-0.001930144241549914,1.0080123399997911,3703.9632742745534,3636.106916155134,3575.6518310546876,0.9973616487037881,1,1.1473008841756018,0.9875002786135644,1,7,3,0,0,2005524.2857142857,0.6511020630871728,0
2024-07-10,3623.421630859375,3710.6901382951037,3616.794330433944,3692.5226544204043,2669716,-1.9156911129078136,-0.01934278239271516,1.0259610581312468,3694.819998604911,3644.177664620536,3577.7914469401044,0.9806760903717923,1,1.16807337652854,1.1464102177260287,2,7,3,0,0,2007094.7142857143,1.3301395200724744,1
2024-07-11,3636.908203125,3689.0931591530957,3610.8622289094983,3643.674675535382,4872189,0.3722054356237514,0.0037151446521440836,1.0216654431224932,3682.4127022879466,3651.65584891183,3581.500626627604,0.9876427486971588,1,1.0802060358227699,1.1418596400251777,3,7,3,0,0,2373486.1428571427,2.0527564547459214,1
2024-07-12,3878.135986328125,3892.9665108049144,3681.0289111762886,3689.092963601374,13509164,6.632770741803462,0.06422069634102827,1.0575756411434705,3711.3719656808034,3675.9640066964284,3595.3378173828123,1.0449332543839298,1,2.756302029490544,2.0595391817098907,4,7,3,0,1,4043195.5714285714,3.341209635136903,0
2024-07-15,3864.4638671875,3930.088753065226,3853.2015762580986,3926.103230885339,4848030,-0.35254357219097754,-0.0035316647146759602,1.0199541018774816,3731.0025460379466,3697.8622000558034,3610.732210286458,1.035770900583083,1,2.7721764567252944,2.0779095948439945,0,7,3,1,0,4376056.857142857,1.107853521621128,1
2024-07-16,3873.038330078125,3887.961184556231,3841.9402998086507,3867.0595933422346,2029521,0.22187975318981312,0.0022163396356989174,1.0119785528030907,3753.069580078125,3719.2208426339284,3625.426790364583,1.0319655011558573,1,2.7563156660673753,2.080185300645042,1,7,3,0,0,4427614.714285715,0.45837795990959723,1
2024-07-18,4000.11669921875,4008.876158798929,3855.936374706022,3855.936374706022,5613364,3.2811028012227794,0.032284238274299236,1.0396634615384615,3795.753662109375,3744.472481863839,3643.98193359375,1.0538399104107843,1,2.873094478915021,2.1714102675239615,3,7,3,0,0,4978255.0,1.1275766307672066,0
2024-07-19,3997.1904296875,4049.543087779747,3981.2571303488753,4011.12633936727,3903354,-0.07315460400996177,-0.0007318137504736154,1.0171518581179628,3839.039306640625,3771.501290457589,3661.4678304036456,1.0411954946054631,1,2.864117400406745,2.1437132576666498,4,7,3,0,1,5349334.0,0.7296897146448511,0
2024-07-22,3983.2080078125,4013.4954737488206,3962.443412915425,3994.9142619649265,1896386,-0.34980624818751194,-0.003504195007921559,1.0128839848329425,3890.4373604910716,3792.628679547991,3675.893839518229,1.023845814422705,1,2.635258683036605,2.1340163615096532,0,7,3,1,0,5238858.285714285,0.3619845959893988,1
2024-07-23,3997.1435546875,4052.28338639157,3963.6506512942747,3979.166143185961,2365208,0.34985737244119797,0.0034924679522113306,1.0223613892582468,3941.8995535714284,3812.1561279296875,3688.8208740234377,1.0140145633761823,1,2.63671086749724,2.1313318138295507,1,7,3,0,0,4880718.142857143,0.4846024561900683,1
2024-07-24,4000.767578125,4031.2873123813406,3965.32400369121,3983.347690266691,1809793,0.09066533107748853,0.0009062425489222287,1.0166350362867518,3959.4183523995534,3835.3951590401784,3702.9578206380206,1.0104432575811009,1,1.27565293986,2.071285194873461,2,7,3,0,0,3209379.4285714286,0.5639074594572266,1
2024-07-25,4015.864013671875,4034.909753933361,3970.990572951942,3990.314849906467,2810342,0.37733847948122623,0.0037662834369053,1.0160965330456333,3981.046944754464,3856.024745396205,3717.801896158854,1.0087457066948902,1,1.2278089036590785,2.0597798190515717,3,7,3,0,0,2918281.1428571427,0.9630127675939183,1
2024-07-26,4076.578369140625,4108.723954458355,4029.3818216621617,4041.4133370768022,3552210,1.511862833553379,0.015005480871798172,1.0196908946105943,4010.124093191964,3881.596836635045,3735.3016357421875,1.016571625816139,1,1.2653876264030361,2.061495477614314,4,7,3,0,1,3135808.1428571427,1.1327893283558665,0
2024-07-29,4070.30712890625,4116.667158057409,4060.923526939503,4101.802189759301,1746803,-0.15383588064559195,-0.0015395432952997074,1.0137268359643101,4020.151297433036,3907.952479771205,3751.155623372396,1.0124761054404197,1,0.6152439297309237,2.049929756925991,0,7,3,1,0,2583442.285714286,0.6761532896087258,0
2024-07-30,4055.675048828125,4086.008788693186,4020.3240184773604,4079.598360858332,1797906,-0.3594834398173985,-0.0036013113423692873,1.0163381781950755,4028.5062430245534,3933.772774832589,3767.9462320963544,1.0067441389350247,1,0.6489374868172698,2.0559880813791764,1,7,3,0,0,2282664.0,0.787634973872633,1
2024-07-31,4074.25634765625,4100.87384543508,4036.7686584538783,4041.4139618583135,2330091,0.4581555130629633,0.0045710917537752985,1.0158803222094364,4041.5131487165177,3965.975254603795,3785.8799072265624,1.008101717781156,1,0.6031093144605726,1.9179886368319166,2,7,3,0,0,2344621.8571428573,0.993802473051853,1
2024-08-01,4085.17236328125,4105.797235952523,4055.3956995339786,4087.309021156136,2202244,0.26792657833814015,0.0026756829489627035,1.0124282659826107,4054.088692801339,3997.994123186384,3804.5914794921873,1.007667239874427,1,0.6033400522559688,1.92022003223863,3,8,3,0,0,2321341.285714286,0.9486946247640449,0
2024-08-02,3979.212646484375,4086.0083392177967,3967.088587644382,4055.349340765276,2811282,-2.5937636744356896,-0.026279949406099304,1.0299765807962529,4051.0094168526784,4005.213884626116,3820.217529296875,0.9822768196811342,1,1.2619928748012663,1.2488832814427904,4,8,3,0,1,2464411.1428571427,1.140752024331747,0
2024-08-05,3860.293212890625,3938.2880347144414,3818.903743027533,3938.2880347144414,2787771,-2.988516678012043,-0.030340829728869128,1.0312614037221748,4028.7850167410716,4004.9159807477677,3831.153515625,0.9581780107029039,1,1.6458648949602648,1.508810725016592,0,8,3,1,0,2461186.714285714,1.132693827663972,1
2024-08-06,3875.297607421875,3956.172148090316,3865.6350146384816,3875.0653422807904,2203067,0.38868535895526524,0.00387931929097244,1.0234210247757447,4000.0306222098216,4005.0773577008927,3842.4027099609375,0.9688169850262202,0,1.4549000349731456,1.5113297020205116,1,8,3,0,0,2268452.0,0.9711763793106488,1
2024-08-07,3902.472900390625,3943.8160983795406,3883.7519658026845,3928.06833926144,1237666,0.7012440261801922,0.006987967445422654,1.0154654913871262,3976.0543038504466,3998.102800641741,3853.8888346354165,0.981493863554991,0,1.5427729680149067,1.209594087398767,2,8,3,0,0,2195718.1428571427,0.5636725296578855,0
2024-08-08,3876.5517578125,3931.7845938309133,3864.8922283404063,3884.402501608471,2441283,-0.6642235126227414,-0.006664392942751903,1.0173076923076922,3950.465262276786,3989.48575265067,3863.9733154296873,0.9812899242096647,0,1.5395001908441426,1.2162698765263698,3,8,3,0,0,2287629.1428571427,1.0671672931002054,1
2024-08-09,3928.764892578125,3951.898410084894,3907.210505857532,3917.848430860645,1302536,1.3468963663492595,0.013379063514033273,1.0114372911724023,3929.6807686941966,3985.5969587053573,3873.3790201822917,0.9997669337104002,0,1.6751501530407045,1.284092162878588,4,8,3,0,1,2140835.5714285714,0.6084241206487534,0
2024-08-12,3898.0126953125,3938.28755974118,3889.3726138997126,3929.9260150283535,936912,-0.7827446565641827,-0.007858241829627993,1.0125765645766767,3902.943673270089,3978.516183035714,3882.6865397135416,0.9987366002765145,0,1.6409736246058908,1.289878774868404,0,8,3,1,0,1960073.857142857,0.47799831449500046,1
2024-08-13,3899.220947265625,3933.642459984778,3886.260370835221,3914.132187982019,1495593,0.030996614110012644,0.0003099181115205848,1.0121922065503228,3891.516287667411,3971.262852260045,3889.7464192708335,1.001979860555288,0,1.4077123720057643,1.2890445027966224,1,8,3,0,0,1772118.2857142857,0.8439577719255761,1
2024-08-14,3990.547607421875,4000.721002615426,3891.0451248057766,3910.416129361195,3226545,2.3421771013077297,0.023151690382318138,1.02818674014096,3910.1240583147323,3969.4545375279017,3898.639363606771,1.0205680300439892,0,1.1091944818796777,1.4507098180427171,2,8,3,0,0,1834800.2857142857,1.7585265410746924,1
2024-08-16,4102.77783203125,4112.951226936545,4018.280043659057,4041.413561593398,3457058,2.812401596228109,0.027735797852387667,1.0235601257873705,3942.6212332589284,3971.325927734375,3912.884586588542,1.040621857717724,0,1.412582388913496,1.5921495520391633,4,8,3,0,1,2013941.857142857,1.7165629622021292,1
2024-08-19,4171.48193359375,4175.430440991918,4078.901139092339,4107.376754658791,2055210,1.6745752359806687,0.01660708813215438,1.0236655164241266,3981.051095145089,3978.5526994977677,3927.6989908854166,1.0478343115668352,1,1.4456942135723128,1.6475030287914574,0,8,3,1,0,2130733.8571428573,0.9645550020760788,1
2024-08-20,4202.419921875,4241.161933038117,4180.772989851375,4185.418293173432,2212298,0.7416546151644665,0.007389178804064775,1.0144444444444445,4027.603690011161,3989.0344761439733,3943.827351888021,1.043404526690995,1,1.2682867871741532,1.6456301772439927,1,8,3,0,0,2098021.714285714,1.0544685905470679,1
2024-08-21,4228.61962890625,4236.516644581457,4173.851321089861,4197.496096539259,1896990,0.6234433378461635,0.006215079696527339,1.01501378910527,4070.4400809151784,4000.0604248046875,3961.4037353515623,1.0388605518928329,1,1.280559850801253,1.6477000918068085,2,8,3,0,0,2182943.714285714,0.8690054569825307,0
2024-08-22,4182.630859375,4237.39916370202,4178.171549911448,4236.516374666815,1829872,-1.0875598556294164,-0.010935170190123508,1.0141754863540313,4111.099818638393,4007.021745954241,3977.685066731771,1.017399490134564,1,1.3567113011291065,1.6877160473472355,3,8,3,0,0,2310509.4285714286,0.7919777246403173,0
2024-08-23,4147.2333984375,4186.346939264392,4138.964850071652,4180.772575829952,1809253,-0.8462965565837477,-0.00849897979432266,1.0114478114478116,4146.530168805803,4019.0232282366073,3995.145458984375,1.0001695947221094,1,1.4965738689001193,1.5232583010006395,4,8,3,0,1,2355318.0,0.7681565716391587,1
2024-08-26,4183.0498046875,4229.223852321949,4166.83751295139,4170.553755995271,1844164,0.8636216679652975,0.00859913788776984,1.0149721075459865,4174.030482700893,4042.0772705078125,4013.3501790364585,1.0021608184281325,1,1.355901558188627,1.194747338034818,0,8,3,1,0,2157835.0,0.8546362441984674,0
2024-08-27,4178.12451171875,4190.063030371992,4168.50864441272,4185.417727677566,930697,-0.11774406709742502,-0.0011781343988434858,1.0051707667652705,4184.794294084822,4063.707763671875,4023.3497965494794,0.9984061863266495,1,0.9926245644304966,1.208629266245504,1,8,3,0,0,1796926.2857142857,0.5179383302471109,1
2024-08-28,4186.39306640625,4238.838715366386,4141.101365063979,4179.611105918801,1848058,0.19790110764550395,0.0019770554137949815,1.0236017768429817,4186.924455915178,4083.987775530134,4034.080769856771,0.9998730835689721,1,0.776371572202274,1.2111271575109448,2,8,3,0,0,1767333.142857143,1.0456760840304018,1
2024-08-29,4191.73486328125,4232.799517671003,4143.609712206469,4143.609712206469,2133641,0.1275990283345685,0.0012751768995837502,1.02152466367713,4185.398018973215,4106.5008544921875,4044.7039876302083,1.001514036246806,1,0.7181777579214835,1.1698775883113173,3,8,3,0,0,1756096.4285714286,1.2149907973650975,1
2024-08-30,4230.7099609375,4266.478796182319,4169.438229236293,4180.77295069311,3637222,0.9298082757491111,0.009255121684424642,1.023274254614344,4185.696637834822,4128.068359375,4052.3904296875,1.0107540815776757,1,0.7722318878141431,1.1536657942750859,4,8,3,0,1,2004701.0,1.8143463788365446,0
2024-09-02,4200.3291015625,4262.5298880777955,4191.921284875112,4251.3811612563195,1216500,-0.7181030998463345,-0.0072069387054355125,1.0168439716312057,4188.224958147322,4149.662388392857,4059.16171875,1.0028900413746,1,0.6933410833571038,1.148095973065258,0,9,3,1,0,1917076.4285714286,0.6345599903424374,0
2024-09-03,4192.2470703125,4232.707481664155,4176.963840595747,4200.329626081671,1717263,-0.19241423837463856,-0.0019259959237343872,1.0133454928497676,4194.655482700893,4170.592825753348,4066.1296875,0.99942583785526,1,0.5862954690733311,1.15724672268714,1,9,3,0,0,1903935.0,0.9019546360563779,0
2024-09-04,4161.4951171875,4168.695337572208,4121.963766080883,4159.358459046624,1265505,-0.7335434340874247,-0.00736247093728406,1.011337210646021,4191.576241629465,4182.803362165178,4071.6080729166665,0.9928234337853126,1,0.5756136363866674,1.0747596472746634,2,9,3,0,0,1821269.4285714286,0.6948477694443264,0
2024-09-05,4158.4296875,4179.844356547023,4138.175890759279,4163.121262877798,1688793,-0.07366173937918274,-0.0007368888296887,1.0100692833962885,4188.7626953125,4186.77849469866,4076.8634765625,0.9927584802437138,1,0.5752753582819689,0.7980735741019325,3,9,3,0,0,1929568.857142857,0.8752177947671804,0
2024-09-06,4140.5908203125,4198.378570967705,4125.029055295338,4156.570844055927,1649179,-0.42898085402580666,-0.004299036168207816,1.0177815755208335,4182.219517299107,4184.571986607143,4081.021036783854,0.990046266865138,0,0.5761289528375464,0.665710901869224,4,9,3,0,1,1901157.5714285714,0.8674604487206028,0
2024-09-09,4133.9013671875,4171.714314661398,4116.202944403391,4138.964928860649,1184938,-0.16155793738863444,-0.0016168858295545012,1.0134860625211601,4173.957589285715,4179.677804129465,4082.9318033854165,0.990403299209116,0,0.5626468337343866,0.6255359714913771,0,9,3,1,0,1765628.5714285714,0.6711139699338156,1
2024-09-10,4188.0654296875,4217.888362209953,4125.446843253818,4127.30496423786,1385591,1.3102408037579893,0.013017313974857269,1.022407637879834,4167.865513392857,4176.78107561384,4086.857080078125,1.0048465854355746,0,0.692913137383263,0.7092733861792392,1,9,3,0,0,1443967.0,0.9595724833046738,0
2024-09-11,4161.58740234375,4226.621639858806,4154.061921274154,4200.700941634944,1325919,-0.6322257325794833,-0.006342327431609351,1.0174671730849876,4162.330984933035,4175.277971540178,4090.387491861979,0.9998213542863417,0,0.681694368370388,0.6680941098999337,2,9,3,0,0,1459598.2857142857,0.9084136457115206,1
2024-09-12,4197.216796875,4211.05970757852,4116.945606864631,4190.295114701829,2742216,0.856149134611095,0.008525049628320706,1.0228601758927691,4163.040945870535,4178.848214285715,4094.4861735026043,1.008209347793796,0,0.774640841826532,0.6637832717052828,3,9,3,0,0,1606020.142857143,1.7074605273141477,1
2024-09-13,4201.76953125,4224.43851900476,4185.417974074432,4208.644488913913,1458786,0.10847031724425804,0.0010841153070243457,1.009322974472808,4168.79443359375,4180.185337611607,4098.372745768229,1.007909984092889,0,0.6999984779890025,0.625452136540733,4,9,3,0,1,1633631.7142857143,0.8929711557649556,0
2024-09-16,4193.08251953125,4223.555524057743,4175.6163626806965,4205.857102070119,1155120,-0.20674650654067817,-0.002069605221612692,1.0114807389408424,4173.744838169643,4181.253766741072,4105.501741536458,1.0046331728726587,0,0.7085171425406968,0.6275587637666968,0,9,3,1,0,1557392.7142857143,0.7417011710689725,0
2024-09-17,4186.02197265625,4214.033060161901,4149.184809090063,4193.0829242332575,1699364,-0.16838559322674973,-0.0016852752111323375,1.0156291546546126,4180.235002790178,4181.227260044643,4116.359366861979,1.0013843647216505,0,0.6811345714217331,0.6275369020051537,1,9,3,0,0,1564562.0,1.0861595769295176,0
2024-09-18,4037.837158203125,4178.0323301469725,4014.471371819639,4178.0323301469725,2961779,-3.5399913192307952,-0.03604168135380905,1.0407428383909976,4166.51154436384,4170.234566824777,4121.777351888021,0.9691169975672391,0,1.5666360018739682,1.1328185338422303,2,9,3,0,0,1818396.4285714286,1.6287861950580476,0
2024-09-19,3991.383056640625,4108.491401339115,3978.0509481369045,4078.62174424568,2927551,-1.1504699110543748,-0.011571390161766969,1.0327900408775061,4138.4140625,4153.139787946428,4124.741023763021,0.9644716542040372,0,1.406545995837975,1.1006131766529899,3,9,3,0,0,2038676.4285714286,1.4360057137911957,0
2024-09-20,3980.931640625,4023.4828879317256,3927.6036533634933,4010.661579574174,5447908,-0.2618494859378817,-0.002621929113404119,1.0244116369751626,4112.606096540178,4137.468540736607,4128.220353190104,0.967982721217587,0,1.4154130315615163,1.0975189303571682,4,9,3,0,1,2627532.0,2.073393587594747,0
2024-09-23,3965.695068359375,4003.693555186361,3951.294629432452,3994.960476501186,1702319,-0.3827388571593926,-0.003834731766060289,1.0132612044071834,4079.531563895089,4121.2862548828125,4129.451359049479,0.9720956943823656,0,1.2695339558536423,1.0962375357448173,0,9,3,1,0,2478975.285714286,0.6867026911522831,1
2024-09-24,3968.29638671875,3986.5990621222545,3939.216971195143,3950.0404365312907,3012026,0.06559552145422032,0.0006557401699550674,1.0120283018867926,4046.1782575334823,4107.486345563616,4131.7941487630205,0.9807517450152559,0,1.2645125878480268,1.0977988765839448,1,9,3,0,0,2700866.714285714,1.1152071977741327,1
2024-09-25,3971.501708984375,3985.29834930729,3939.2168538730334,3950.69084274909,2713073,0.08077325767179566,0.0008074065363173668,1.0116981362396815,4014.523856026786,4094.134347098214,4134.203507486979,0.9892833749193385,0,1.29161509741934,1.1013785366181725,2,9,3,0,0,2923431.4285714286,0.9280440011297878,1
2024-09-26,3987.9921875,4010.5681761433375,3957.7977213162494,3957.7977213162494,3964251,0.4152202296254792,0.004143605692642628,1.0133332874853287,3986.23388671875,4083.234444754464,4134.118326822917,1.000441093230156,0,1.3539003176926656,1.1180698517987073,3,9,3,0,0,3246986.714285714,1.2209015154138296,1
2024-09-27,4003.043701171875,4067.4274211040574,3995.0069638417276,4027.4778141813813,3012477,0.37742084147136534,0.0037671039603182216,1.0181277424339426,3981.2633928571427,4073.887468610491,4130.793855794271,1.0054707026804126,0,0.5415453527610863,1.130997714532424,4,9,3,0,1,3254229.285714286,0.9257113545208532,0
2024-09-30,3965.695068359375,3993.799150781273,3957.8443250356186,3982.7896922279247,2503416,-0.9330058725455892,-0.009373856359233488,1.009084446681801,3977.593680245536,4058.0038713727677,4123.934293619792,0.9970085904085039,0,0.4748648673427616,1.0532284474587685,0,9,3,1,0,3193638.5714285714,0.7838758031032226,1
2024-10-01,3983.719482421875,3991.012700007254,3941.958474070988,3953.664276557342,1823365,0.4545083207811329,0.0045347855079405685,1.012444125492171,3977.991943359375,4045.2990199497767,4116.644278971354,1.0014398066019368,0,0.5080000206255176,1.073357108885464,1,10,4,0,0,2675846.714285714,0.6814160879490909,0
2024-10-03,3932.481201171875,3975.4502533375357,3911.345072809307,3960.2137504333123,3350119,-1.2861919991125959,-0.012945350641696546,1.0163895486935868,3973.2471051897323,4026.389334542411,4106.772998046875,0.9897399021660117,0,0.7023361764724626,1.0473143420121198,3,10,4,0,0,2911246.714285714,1.1507506332461297,1
2024-10-04,3950.597412109375,3993.101928919065,3924.3977252089007,3925.280514118904,2965463,0.4606814377676294,0.004596235485872626,1.0175069420891856,3970.718680245536,4008.448468889509,4099.038549804687,0.9949325878369917,0,0.7346752548621368,1.0660594504925947,4,10,4,0,1,2904594.8571428573,1.020955811688318,1
2024-10-07,3969.73681640625,3992.405805122665,3929.3689504456147,3970.712148613736,1472619,0.48446860817072945,0.004832988356083943,1.0160424881124746,3970.466552734375,3992.49520438058,4093.1219970703123,0.9998162089219408,0,0.7630045674501138,1.093055287804322,0,10,4,1,0,2727387.1428571427,0.5399376483300867,0
2024-10-08,3951.52734375,3975.8221898436273,3905.724833607358,3969.5047586663354,1541867,-0.45870730223206424,-0.004597625925434313,1.0179473360829485,3965.2572893415177,3975.745588030134,4085.404581705729,0.9965374389126216,0,0.7544575265486684,1.091391102490668,1,10,4,0,0,2381332.285714286,0.6474808279590908,0
2024-10-09,3951.248779296875,3990.3155992244356,3945.4421500779804,3957.7984755986254,1082504,-0.007049538795822485,-7.049787287487068e-05,1.0113734905847165,3957.8580147879466,3969.560703822545,4077.8420572916666,0.9983300978796165,0,0.7248872136874025,0.6155396653717627,2,10,4,0,0,2105621.8571428573,0.5141018062326074,0
2024-10-10,3927.5107421875,3989.247001339516,3900.753978007147,3951.5270497469596,2378875,-0.6007730324082305,-0.0060258493418022235,1.0226861329454002,3952.4031110491073,3964.9983956473216,4069.212646484375,0.9937019660793153,0,0.6769334996968549,0.5622398688888631,3,10,4,0,0,2087830.2857142857,1.1394005615672649,0
2024-10-11,3854.858642578125,3941.0290181370206,3820.7156635830906,3849.098285072824,5759183,-1.8498256116521783,-0.0186714885137833,1.0314897430606231,3933.9944196428573,3955.993181501116,4057.983439127604,0.979884115577389,0,0.8735623193199402,0.7296773226251873,4,10,4,0,1,2650090.0,2.1732027968861436,0
2024-10-14,3843.1982421875,3869.9087330608727,3829.7735893951135,3846.3106857656626,2137590,-0.302485810032882,-0.003029442230154513,1.0104797692941683,3921.2397112165177,3947.243408203125,4045.0663818359376,0.9800977561239667,0,0.7951053853767607,0.7286752485560064,0,10,4,1,0,2476871.5714285714,0.8630201196774664,0
2024-10-15,3824.75634765625,3874.1362795372975,3804.5030088222256,3837.995460690613,2759474,-0.47985800807280876,-0.004810130230482741,1.0183028559981684,3903.2624162946427,3936.990548270089,4032.5472900390623,0.9798870636238395,0,0.7157536035761097,0.7267302745943547,1,10,4,0,0,2447444.5714285714,1.1274919286075178,0
2024-10-16,3804.45703125,3823.0847434688603,3778.675597074724,3795.2129227388323,2359151,-0.5307348903071718,-0.0053214829108492396,1.0117525691881346,3879.6510184151784,3925.0587855747767,4019.620955403646,0.9806183631444524,0,0.5832725509985327,0.7230181903911832,2,10,4,0,0,2574092.0,0.9164983225152792,1
2024-10-17,3817.510009765625,3836.974010815032,3802.5985417542856,3821.0402585925135,2522659,0.34309701511692214,0.0034250978011518387,1.009039994278462,3860.505684988839,3912.8814871651784,4008.15478515625,0.9888626830960519,0,0.6862471740825469,0.7177368691954895,3,10,4,0,0,2714205.1428571427,0.9294282735550676,1
2024-10-18,3839.908447265625,3861.4221966319437,3799.8149930258223,3809.128265067552,2361000,0.586728978907769,0.00585014427678068,1.0162132113587623,3844.599923270089,3901.2289690290177,3997.5374104817706,0.998779723222677,0,0.7853816051886338,0.7351086659856767,4,10,4,0,1,2896847.4285714286,0.8150239383384854,0
2024-10-21,3799.675048828125,3855.647899798256,3790.501385728475,3848.8025545031073,1595450,-1.0477697317536339,-0.010532974847931486,1.0171867801750614,3826.3376813616073,3889.3703962053573,3986.173551432292,0.9930318140337279,0,0.8213174800269057,0.7433732725462263,0,10,4,1,0,2784929.5714285714,0.5728870188920397,0
2024-10-22,3739.743896484375,3808.941544128123,3731.222344636917,3786.7759141091938,1928049,-1.577270465858227,-0.01589841740361562,1.0208294205792683,3809.8927176339284,3871.9435686383927,3973.0349690755206,0.981587717463835,0,0.7481286170689694,0.7815801392182186,1,10,4,0,0,2237624.714285714,0.8616498502589449,1
2024-10-23,3787.009033203125,3831.0606256089795,3720.791581721823,3724.936169449571,1966476,1.263860254259197,0.012559402029875271,1.0296359098501637,3801.8656877790177,3861.5526994977677,3959.6664225260415,0.9960922726377082,0,0.9882497880982879,0.8639086268267147,2,10,4,0,0,2213179.8571428573,0.8885296844056118,0
2024-10-24,3769.9189453125,3798.8833095961822,3729.033775833075,3729.033775833075,2676744,-0.45128194152127543,-0.004523032924147846,1.0187312687312686,3794.0317731584823,3848.6470947265625,3946.610807291667,0.9936445371869121,0,0.9869881622392163,0.8389711128037985,3,10,4,0,0,2201361.285714286,1.2159494297327322,1
2024-10-25,3778.90673828125,3810.990914951962,3755.763166335102,3778.441074679716,1759676,0.23840812227342578,0.002381243809949492,1.0147048006412906,3790.3817313058034,3835.016374860491,3932.667138671875,0.9969726022764994,0,0.9870930924264568,0.8230094702095216,4,10,4,0,1,2115722.0,0.8317141855120852,1
2024-10-28,3809.919189453125,3850.1058589809745,3772.8057171581827,3789.522991511172,1532534,0.8206725733056919,0.00817323367474814,1.0204887682053814,3789.2973284040177,3824.9015066964284,3919.605460611979,1.0054421332669066,0,1.037402758552621,0.8789157512453961,0,10,4,1,0,1974275.5714285714,0.7762513106977612,0
2024-10-29,3795.390869140625,3821.7008604425628,3781.281354135695,3814.5762988806255,1445885,-0.38132883113947136,-0.003820577431512454,1.0106893675771202,3782.937674386161,3813.768798828125,3906.349072265625,1.0032919375962188,0,1.0065135477187466,0.8764255559661059,1,10,4,0,0,1843544.857142857,0.7842960774173111,1
2024-10-30,3804.1455078125,3824.960761415852,3781.234995410785,3795.158291397516,1935002,0.23066500852537697,0.002303993851829046,1.0115638848307857,3783.5763113839284,3804.9569963727677,3893.6198567708334,1.0054364428613964,0,0.9322722432975754,0.8814261344626058,2,10,4,0,0,1892052.2857142857,1.0227000673342914,0
2024-10-31,3695.92529296875,3798.231674391787,3688.0556237919313,3790.5016133417075,3740372,-2.844796935908478,-0.0288604545829006,1.029873749704072,3777.3165108816966,3793.6046142578125,3882.222794596354,0.9784526349119872,0,1.3318163689568467,1.0471298645176603,3,10,4,0,0,2150955.5714285714,1.738935034123372,1
2024-11-01,3710.59375,3724.3308260712956,3703.0035243410357,3715.8558850555814,154895,0.3968818595753376,0.003960963611708945,1.0057594602840825,3766.4000418526784,3784.1328648158483,3872.8631510416667,0.9851831214866843,0,1.21221752106394,1.0633101198573005,4,11,4,0,1,1892158.2857142857,0.08186154465482652,0
2024-11-04,3691.92041015625,3717.7647384247807,3644.51594943524,3693.9228999424704,2269192,-0.5032439847059478,-0.005045145216395428,1.0200983587411359,3755.257393973214,3774.6445835658483,3863.229443359375,0.9831337836073198,0,1.213568126797112,1.063725414233286,0,11,4,1,0,1833936.5714285714,1.2373339598284907,1
2024-11-05,3698.6259765625,3712.2698276535116,3670.45333173397,3670.45333173397,967590,0.18162814094808688,0.001814633964915311,1.0113927333057213,3743.7887137276784,3767.085222516741,3854.327140299479,0.9879366223313896,0,1.209616762221033,1.0661371746892174,1,11,4,0,0,1720781.4285714286,0.5622968634681752,1
2024-11-06,3855.368408203125,3864.8212879793314,3702.258313204772,3728.661529286281,3792017,4.237855696517356,0.041505175785347896,1.0439091389692472,3750.2814592633927,3769.789393833705,3850.5628743489583,1.028021083239009,0,2.0994695410237565,1.5947324690186397,2,11,4,0,0,2043564.7142857143,1.8555893892136521,1
2024-11-07,3865.845947265625,3916.975719116069,3804.518188145807,3883.3551713111415,3724349,0.27176492498632854,0.002713963118039292,1.0295589416080753,3760.3464704241073,3771.642072405134,3847.041015625,1.0280557862609983,0,2.0843972898215855,1.5892799603482881,3,11,4,0,0,2369059.5714285714,1.572079083580905,0
2024-11-08,3862.213623046875,3883.401315336317,3834.879080725745,3869.6642401156896,1648039,-0.09395936279662509,-0.000940035322756523,1.0126528721216914,3768.641915457589,3776.109113420759,3842.848396809896,1.0248290258635315,0,2.0893231402331662,1.558294099535902,4,11,4,0,1,2328064.8571428573,0.7079008108144262,1
2024-11-11,3910.363525390625,3943.518408459811,3834.879186284666,3844.704960664376,1406487,1.246691846779946,0.012389846346556443,1.0283292424344657,3799.275948660714,3788.296229771205,3839.7590576171874,1.0292391440450832,1,1.5988124933364452,1.5023676180028345,0,11,4,1,0,1994652.7142857143,0.7051287624791684,0
2024-11-12,3909.15283203125,3928.3382639573533,3878.3726489183473,3926.475609493647,1587640,-0.03096114597821442,-0.00030965939930549763,1.0128831392859943,3827.641531808036,3797.0207868303573,3837.87431640625,1.0212954372936567,1,1.6256215865243622,1.4801171954534964,1,11,4,0,0,2199330.5714285714,0.7218742014615617,0
2024-11-13,3865.33349609375,3908.5469823117096,3847.358610327207,3891.1778229560005,1098813,-1.120941999976266,-0.011272719022879107,1.015903994969499,3852.4148297991073,3803.836111886161,3833.928116861979,1.0033533943942679,1,1.7195793609448373,1.514495291087573,2,11,4,0,0,2032133.5714285714,0.5407188855344506,0
2024-11-14,3861.18896484375,3874.3207680121654,3833.7616543718636,3851.0375903197846,1825432,-0.10722312199421546,-0.0010728064710749095,1.01057945623564,3875.638113839286,3809.7134137834823,3831.551708984375,0.9962718012953944,1,1.736641394110556,1.5164479394815238,3,11,4,0,0,2154682.4285714286,0.8471930600047988,0
2024-11-18,3743.46923828125,3923.681030197514,3716.181309069103,3923.681030197514,3313944,-3.0487947529722503,-0.030962372741553133,1.0558368130806808,3859.652518136161,3804.9669886997767,3824.6474365234376,0.9698979948819288,1,1.3548251914879195,1.7258351989809018,0,11,4,1,0,2086386.2857142857,1.5883655019642986,1
2024-11-19,3762.142578125,3848.383334503383,3738.440347986104,3743.8418634756777,1776233,0.49882445013287313,0.004975844429025224,1.0294087844885649,3844.8377511160716,3802.592110770089,3817.7276285807293,0.9784918952777482,1,1.3764672149942285,1.731285568593734,1,11,4,0,0,1808084.0,0.9823841148973167,1
2024-11-21,3793.15625,3811.410127525387,3747.660823260738,3767.1254716761578,2384347,0.8243619488354614,0.008209826448172235,1.0170104252415197,3834.972412109375,3801.8071637834823,3812.448592122396,0.9890960983246357,1,1.4500122416988774,1.7458717228737368,3,11,4,0,0,1913270.857142857,1.246215082981306,1
2024-11-22,3953.111083984375,3962.7504103811857,3775.6000484761144,3791.4326091135326,3096553,4.216932376154414,0.04130442894113615,1.0495683757554266,3841.0792061941966,3820.177577427455,3812.5106689453123,1.0291667710495305,1,2.200686684811667,1.8779132337764157,4,11,4,0,1,2154708.8571428573,1.437109700336048,1
2024-11-25,4018.769775390625,4030.8770280377776,3960.1893900708537,3986.0801022933974,4052167,1.6609371710362364,0.016472944668443193,1.0178495599589643,3856.73876953125,3842.1901506696427,3815.55263671875,1.0420124399244879,1,2.266102005040573,1.9029070181935244,0,11,4,1,0,2506784.1428571427,1.6164802268860234,1
2024-11-26,4053.787841796875,4066.733198149224,4014.0199908461996,4024.3109738880953,2060669,0.8713628389634742,0.008675883832662809,1.013132273238109,3883.660818917411,3868.037824358259,3822.1836100260416,1.0438058395961798,1,2.1634289582880073,1.877556975561435,1,11,4,0,0,2644192.1428571427,0.7793189332199492,0
2024-11-27,4035.020751953125,4076.7908603023225,4027.104472178454,4059.608149405842,1558993,-0.4629519495384149,-0.00464026891001054,1.0123379933317176,3908.4939313616073,3892.0660226004466,3828.5776936848956,1.0323722699365787,1,2.189634161928764,1.8986695182147242,2,11,4,0,0,2606129.4285714286,0.5982024464742624,0
2024-11-28,3953.389892578125,4041.9127968053294,3942.3071922245845,4022.4013142494637,2558544,-2.023059220587331,-0.020438033173735368,1.0252658150986298,3938.482596261161,3899.067557198661,3832.865478515625,1.0037850354680038,1,1.9182334383214954,1.714534490016984,3,11,4,0,0,2498215.1428571427,1.0241487837087804,1
2024-11-29,3977.558837890625,4003.496391196353,3907.522850994133,3930.200759120496,2017425,0.6113473745120279,0.006094862279788569,1.0245612230208208,3969.25634765625,3907.047049386161,3838.635538736979,1.0020916991766675,1,1.9157778428576853,1.7181317386868227,4,11,4,0,1,2532671.1428571427,0.7965601873301694,1
2024-12-02,3982.9599609375,3993.7170618183595,3939.5600270221935,3976.766726657372,1670944,0.1357898969444049,0.0013569778583946482,1.0137469754045356,3996.371163504464,3915.67178780692,3844.150537109375,0.9966441549049704,1,1.9327674474407412,1.716025727583756,0,12,4,1,0,2430756.4285714286,0.6874172913252459,1
2024-12-03,4007.268310546875,4027.9903417849596,3972.529986146478,4018.071797558005,2010905,0.6103086610906638,0.006084538207898519,1.0139609658912305,4004.10791015625,3922.5935581752233,3849.72919921875,1.0007892895150525,1,1.1767358716284892,1.6954345247378966,1,12,4,0,0,2275663.8571428573,0.8836564300514631,1
2024-12-04,4055.370849609375,4085.6858211811555,3994.5085294279797,4017.3260445950987,3302642,1.2003822887501014,0.011932348414958036,1.0228256595477172,4009.3366350446427,3933.0377022879466,3858.252392578125,1.0114817534058773,1,1.0912424937122465,1.715011967747905,2,12,4,0,0,2168588.8571428573,1.5229452042612042,1
2024-12-05,4157.4912109375,4180.728007626903,4060.5867928833363,4098.584762623309,3746747,2.5181509932183266,0.024869679773719094,1.0295871559633027,4024.1514020647323,3953.9061104910716,3872.1773030598956,1.0331348887132707,1,1.4080411924975265,1.7620927522558145,3,12,4,0,0,2409457.1428571427,1.555017075571261,0
2024-12-06,4140.21435546875,4158.375232745017,4109.713394915021,4147.199308267314,1842087,-0.41555963902697446,-0.0041642548767245,1.0118406889128095,4039.1790597098216,3973.836495535714,3883.9508138020833,1.0250138194582012,1,1.4034751254156266,1.7726482703133926,4,12,4,0,1,2449899.1428571427,0.7519031978809158,1
2024-12-09,4146.408203125,4162.473596939852,4112.321537472264,4126.198676219265,2066639,0.14960210086873982,0.0014949030840784258,1.0121955588858003,4066.753104073661,4002.617850167411,3896.500455729167,1.019586903117268,1,0.9518882027991138,1.4559511671137735,0,12,4,1,0,2379627.0,0.8684718235252836,0
2024-12-10,4128.154296875,4185.198089234919,4109.108928030726,4122.193893602826,2087828,-0.44023418235191736,-0.004412060664547205,1.0185171925438976,4088.2667410714284,4028.761544363839,3908.142041015625,1.0097565932777464,1,1.0443349260073578,1.4892952796580998,1,12,4,0,0,2389684.5714285714,0.8736835082597871,0
2024-12-11,4123.404296875,4143.148158287083,4104.358476029229,4127.502045111503,1635256,-0.11506352859910196,-0.001151297775009289,1.0094508514508171,4108.330217633928,4052.3506905691966,3918.591544596354,1.0036691498595633,1,1.0645030266263875,1.5031722606578466,2,12,4,0,0,2384586.285714286,0.6857608843079338,1
2024-12-12,4149.015625,4177.00182096417,4122.05352499162,4125.825217645854,1914642,0.6211209544601193,0.006191999486690973,1.0133303208314506,4128.579833984375,4066.3438720703125,3930.3790364583333,1.0049498354972837,1,1.0646957553880714,1.0894289542664741,3,12,4,0,0,2370834.4285714286,0.8075814898443532,1
2024-12-13,4166.66455078125,4186.222421425734,4092.624040484277,4130.389630221359,1967048,0.4253762187567123,0.004244740516174182,1.0228700168927272,4144.478934151785,4076.907784598214,3942.4630045572917,1.0053530532986061,1,1.0193760220075465,1.0232342869944646,4,12,4,0,1,2180035.285714286,0.9023009915894545,0
2024-12-16,4111.99560546875,4167.6887843067,4095.045270300907,4152.787550664486,1646224,-1.3120553537781077,-0.013207388384185456,1.0177393677507391,4137.979561941965,4081.0654820033483,3956.3320149739584,0.9937206174935721,1,0.6482803070484353,1.087789117650701,0,12,4,1,0,1879960.5714285714,0.875669428933312,0
2024-12-17,4031.24951171875,4128.52681305927,4021.470576782156,4107.152673369455,3225027,-1.9636716936810905,-0.019832079005424167,1.0266211661214681,4122.413155691965,4080.7961077008927,3967.020540364583,0.977885854588024,1,0.9470854671178841,1.214837112004781,1,12,4,0,0,2077523.4285714286,1.5523420605743212,1
2024-12-18,4049.27099609375,4062.449184824082,3995.021187516033,4015.60360927398,1575404,0.44704462779125986,0.004460483513916486,1.0168780074355432,4108.536411830357,4087.644757952009,3978.9322265625,0.985575054034825,1,0.9806953261098392,1.0690105270025216,2,12,4,0,0,2007347.0,0.784818967522805,0
2024-12-19,3978.536865234375,4064.3121975674294,3969.3168162310685,3987.9433615911394,3015763,-1.7468361818117617,-0.01762273404534517,1.0239324260910372,4087.1624930245534,4087.714617047991,3988.262589518229,0.973422728365812,0,1.1189061892057353,1.1757033044365945,3,12,4,0,0,2139909.1428571427,1.4092948806104186,0
2024-12-20,3883.91357421875,4081.075721006082,3867.3361322404735,4031.715380245397,4116989,-2.3783439545947416,-0.024070831470918732,1.05526791089705,4052.949532645089,4080.639875139509,3989.2140950520834,0.9582931006012254,0,1.2952964028475418,1.3358166569564223,4,12,4,0,1,2494442.4285714286,1.650464630028686,0
2024-12-23,3872.737060546875,3927.4061398642916,3832.317557835385,3911.6199645875045,2195338,-0.2877642217907317,-0.002881790590540651,1.0248122919340263,4013.4811662946427,4071.030500139509,3989.443798828125,0.9649321624006257,0,1.1627359926832106,1.31681782728425,0,12,4,1,0,2534541.8571428573,0.8661675852040434,1
2024-12-24,3892.481689453125,3928.337783494026,3872.737372652853,3872.737372652853,1181886,0.5098365470611599,0.005085412811647875,1.0143568761552986,3974.312186104911,4059.3955601283483,3990.452734375,0.9794101487704253,0,1.1799848681258276,1.2710305669878799,1,12,4,0,0,2422375.8571428573,0.4879036407644891,0
2024-12-26,3882.7958984375,3911.527430384508,3858.62777832456,3892.48160931481,1208464,-0.24883330965612682,-0.0024914341427196597,1.0137094467512795,3941.5693708147323,4039.7744663783483,3989.5338134765625,0.985088814416811,0,1.195693023941008,0.9844622742370456,3,12,4,0,0,2359838.714285714,0.5120960143099369,0
2024-12-27,3878.838134765625,3893.832593461187,3862.446685286308,3877.1150885157394,858100,-0.10193076781264132,-0.0010198275254840485,1.0081259136325276,3919.796316964286,4021.104736328125,3988.5233235677083,0.9895509412003374,0,1.0994376369251542,0.9896580876243914,4,12,4,0,1,2021706.2857142857,0.4244434545529575,0
2024-12-30,3873.203369140625,3910.922120659606,3829.6174381740902,3865.939198896072,1527169,-0.14526941906898294,-0.0014537503738937209,1.0212304972489057,3894.643798828125,4001.590105329241,3988.785652669271,0.9944948932957742,0,1.031138074646816,0.9787612587341858,0,12,4,1,0,2014815.5714285714,0.7579696234515332,0
2024-12-31,3813.598388671875,3855.6479451405453,3755.1576110916253,3851.0376939335874,1555429,-1.538906553258912,-0.01550870622771487,1.0267606168519003,3871.0811593191966,3979.121826171875,3987.1993001302085,0.9851507193258043,0,0.9959451918624387,1.0184652589383123,1,12,4,0,0,1806196.4285714286,0.8611627037875567,1
2025-01-01,3830.036376953125,3850.1062943866386,3804.890317466962,3813.22564967337,763161,0.43103616600213,0.004301098659583352,1.011883647923333,3863.3844168526784,3958.166974748884,3990.0848714192707,0.9913681797353419,0,0.6729782599531582,1.0468650930685068,2,1,1,0,0,1327078.142857143,0.5750686228295093,1
2025-01-02,3888.9892578125,3895.741379495824,3815.6008619680624,3837.0677703855595,1720835,1.539225089717644,0.015274991925491505,1.0210033807064467,3865.7061593191966,3939.59366280692,3994.313094075521,1.006022987142252,0,0.9352606136530405,1.1477836086165036,3,1,1,0,0,1259292.0,1.3665099119187607,0
2025-01-03,3818.348388671875,3892.901405684608,3811.2704382055867,3892.901405684608,1791953,-1.8164326116025142,-0.018331322833962098,1.0214183088821833,3855.1156877790177,3914.713936941964,3995.15283203125,0.9904627248350296,0,1.1409474513984483,1.1716326934381431,4,1,1,0,1,1346444.4285714286,1.3308778008025581,0
2025-01-06,3813.78466796875,3864.681605615779,3787.148620607623,3823.563603014824,2085593,-0.11952080424784128,-0.0011959228732485725,1.0204726544361802,3845.2569405691966,3893.413155691964,3990.5086181640627,0.9918153004891819,0,1.1423692675851909,1.1603688953243838,0,1,1,1,0,1471748.5714285714,1.4170851193526846,0
2025-01-07,3751.6650390625,3856.020287112112,3736.065309985075,3832.364669490885,2669054,-1.6288184654991378,-0.016422295409189366,1.0321073019806273,3827.08935546875,3873.4428362165177,3981.605126953125,0.98029198970793,0,1.2500280796103678,1.1316401867024781,1,1,1,0,0,1730456.2857142857,1.5423989742094446,1
2025-01-08,3826.26416015625,3842.6556080381715,3741.839449635328,3757.811618423141,2181277,1.9884270135265503,0.01968916020733257,1.026942940700641,3820.3837541852677,3857.5137765066966,3974.021004231771,1.001539218662141,0,1.5629330120694587,1.2947356370454237,2,1,1,0,0,1823900.2857142857,1.1959409278483426,0
2025-01-09,3761.49072265625,3853.5988861539504,3748.8711943929684,3819.3726136468736,2392472,-1.692863712194792,-0.017073564442487255,1.0279357935577031,3812.9398018973216,3842.010480608259,3964.9033365885416,0.986506716099879,0,1.5864194538960057,1.2904773966395486,3,1,1,0,0,1943477.857142857,1.231026117023642,1
2025-01-10,3972.71533203125,4001.9125274108405,3883.633986340052,3911.5737991914198,7894300,5.6154494308001235,0.054634476011090984,1.0304556354916068,3833.322509765625,3848.3534633091517,3965.5475179036457,1.0363634476124859,0,2.724340462894966,1.9460280785539035,4,1,1,0,1,2962212.0,2.6650016946795163,1
2025-01-13,3996.418212890625,4026.0810749677194,3937.0924887364367,3953.4839382998034,4003771,0.5966418149385921,0.00594868955912415,1.0226026151241985,3848.669503348214,3857.187831333705,3966.176163736979,1.0383895549913742,0,2.6906759659910877,1.9440701519958508,0,1,1,1,0,3288345.714285714,1.2175638901366819,0
2025-01-14,3942.3544921875,4017.6523885968354,3929.3159111555674,4006.569685669616,3441709,-1.3528043819022728,-0.01362038151504674,1.0224813884754025,3866.3846609933034,3860.750174386161,3964.822648111979,1.0196488031728015,1,2.6314931856285133,1.9875801418903307,1,1,1,0,0,3524025.1428571427,0.976641442804689,1
2025-01-15,3957.76806640625,3964.1477485251917,3918.5127168051804,3928.338036632813,1653474,0.3909738266635987,0.0039021151032346464,1.011646008324612,3886.9537179129466,3866.1053292410716,3963.172639973958,1.0182184696892471,1,2.6189382598456854,1.9860756163869535,2,1,1,0,0,3462293.8571428573,0.4775660496259767,0
2025-01-16,3917.44091796875,3999.1184848526354,3903.9835145012657,3967.4533641062476,2637705,-1.0189366269286682,-0.010241633209559507,1.0243686916192123,3910.635986328125,3868.8626708984375,3958.5749755859374,1.001740108684218,1,2.543046909127348,2.010164061102778,3,1,1,0,0,3457815.4285714286,0.7628241166966361,0
2025-01-17,3911.750244140625,3946.179768328342,3888.7499900580783,3945.5156582213353,1761466,-0.14526508369335778,-0.0014537069570670384,1.0147681847424206,3922.8482840401784,3871.6160191127233,3950.383610026042,0.9971709229886088,1,2.482576540637133,2.0101640222112445,4,1,1,0,1,3397842.4285714286,0.5184072060518067,0
2025-01-20,3867.64697265625,3932.142300220547,3858.446917151911,3932.142300220547,1287799,-1.127456221174572,-0.011338601889486148,1.0190997529967405,3938.0134626116073,3875.476632254464,3941.298030598958,0.9821314755209872,1,2.413579967741882,1.9874091423528089,0,1,1,1,0,3240032.0,0.39746490158121894,0
2025-01-21,3827.858642578125,3899.1356217063835,3822.3100353871873,3884.2447827685805,1971591,-1.0287477207569173,-0.010340759039979344,1.0200992555831265,3917.319649832589,3875.3210797991073,3930.6797119140624,0.9771626991791984,1,0.7944830326571388,2.0079411456979726,1,1,1,0,0,2393930.714285714,0.8235789733740355,1
2025-01-22,3942.385986328125,3948.598240960883,3835.7784821299006,3841.2796202434547,2409223,2.9919428705147855,0.029480574623735215,1.0294124802452973,3909.600760323661,3879.1351318359375,3924.4874348958333,1.008385824541775,1,1.5321900919739524,2.126825840233164,2,1,1,0,0,2166138.1428571427,1.1122203853638934,0
2025-01-23,3931.810791015625,3975.3452017162494,3926.6887142484056,3953.1984717808796,1822998,-0.2682435294051322,-0.002686039470360693,1.012391226045316,3908.0945172991073,3887.239589146205,3918.1009847005207,1.0060685005471435,1,1.4467955344908918,2.0576286540991293,3,1,1,0,0,1934893.7142857143,0.9421695809648016,1
2025-01-24,3938.355224609375,3962.683237549143,3892.49689011529,3892.49689011529,1910099,0.16644833491745725,0.0016630996320014073,1.0180311890838207,3905.3212541852677,3896.1374860491073,3911.0789713541667,1.0084587075618185,1,1.438387348623053,2.0553248251911107,4,1,1,0,1,1971554.4285714286,0.9688289464998647,0
2025-01-27,3855.649169921875,3942.1492906555827,3832.7913215189947,3890.6001684958624,1551782,-2.1000151070858064,-0.021223790763035984,1.0285322001546506,3896.4938616071427,3903.564923967634,3900.7117919921875,0.9895175783317105,0,1.6065346331809869,2.0919726220140755,0,1,1,1,0,1816422.5714285714,0.8543067149730262,0
2025-01-28,3832.079833984375,3890.6000269864126,3820.6982639395587,3861.007991181617,2468272,-0.6112935824495014,-0.006131696310196529,1.018295546577598,3885.112374441964,3903.9803292410716,3891.3812662760415,0.98634980527038,0,1.6127635198017731,2.0371467367747447,1,1,1,0,0,1917394.857142857,1.2873050070020604,1
2025-01-29,3888.512939453125,3896.148353343233,3845.0734688360117,3845.0734688360117,1217089,1.4726495248945204,0.014619113373203744,1.013283201197891,3888.0932268415177,3913.0533447265625,3886.6233805338543,1.0001079481861983,0,1.6835846033303177,2.00669426760654,2,1,1,0,0,1907293.4285714286,0.6381236267938096,1
2025-01-30,3888.750244140625,3917.0619915773636,3849.3417440444105,3888.6080671418995,1531251,0.006102710501298958,6.102524293497421e-05,1.0175926826028705,3896.7920270647323,3907.055838448661,3881.2726888020834,0.9979363068728703,0,1.6130376838526268,1.284158587663467,3,1,1,0,0,1844387.7142857143,0.8302218606964727,1
2025-01-31,3900.4638671875,3915.6869946237944,3874.713158208757,3898.187645857167,1492943,0.30121818865904704,0.0030076543562828463,1.0105746760449177,3890.803152901786,3900.2019566127233,3878.6702555338543,1.0024829614622135,0,1.079381653124336,1.2734191117311684,4,1,1,0,1,1713490.5714285714,0.8712875488747531,0
2025-02-01,3863.236572265625,3922.7526963272944,3846.970505085766,3901.032960408717,437172,-0.954432503145286,-0.00959016400280304,1.0196991869683802,3881.0068359375,3894.5506766183034,3877.981022135417,0.9954212233002722,0,1.1224645760585028,1.2490767011094839,5,2,1,0,0,1515515.4285714286,0.28846423583565345,0
2025-02-03,3858.968505859375,3866.8882740010763,3792.6234860032378,3823.1639848038094,1265713,-0.11047903296657058,-0.0011054010603629835,1.0195813763933896,3869.6658761160716,3887.49356515067,3877.5220703125,0.9972355829678419,0,1.1103354573501267,1.2399126647915417,0,2,1,1,0,1423460.2857142857,0.8891804096697163,1
2025-02-04,3895.389404296875,3906.5815588564824,3856.5026066809596,3873.242905885086,2547132,0.9437987996584907,0.009393728450652901,1.0129855875343547,3875.3430524553573,3885.91845703125,3877.618994140625,1.0051727941423965,0,0.8456042437405652,1.2478816721414052,1,2,1,0,0,1565653.142857143,1.6268814147121802,0
2025-02-05,3880.261962890625,3936.126411382941,3865.940060914908,3936.126411382941,1693912,-0.3883422127082703,-0.0038909821897482296,1.0181550539744848,3882.2262137276784,3883.6692940848216,3877.534529622396,0.9994940400870749,0,0.8158408509220708,1.2512484629888496,2,2,1,0,0,1455030.2857142857,1.1641764550408966,0
2025-02-06,3872.341796875,3926.1671344471406,3842.749763323274,3893.8244160755,2284536,-0.2041142090758452,-0.002043228060265902,1.021707729168325,3879.9160505022323,3884.004638671875,3877.3179850260417,0.9980478305384335,0,0.5878730463766452,1.2138920526610533,3,2,1,0,0,1607522.7142857143,1.421153169219826,0
2025-02-07,3821.741455078125,3879.218476720966,3801.4444143514993,3879.218476720966,1548940,-1.3067116605695706,-0.013153242474475479,1.0204590818363273,3870.3433663504466,3883.567696707589,3875.602587890625,0.9874424807641419,0,0.7508256780552861,1.2343853116767338,4,2,1,0,1,1610049.7142857143,0.9620448277196054,1
2025-02-10,3828.902099609375,3843.176530616503,3807.4669498989556,3831.7949614241543,1339511,0.18736601142224085,0.0018719070025925782,1.0093788288086112,3860.1202566964284,3875.4617047991073,3876.1127115885415,0.9919126464951715,0,0.7381324787755976,0.8903376695739746,0,2,1,1,0,1588130.857142857,0.8434512773146797,0
2025-02-11,3759.284912109375,3831.7949459001434,3751.1754977809574,3811.308028813468,1810908,-1.8182023381350554,-0.01834934766774209,1.0214917825537295,3845.27001953125,3863.138427734375,3873.754329427083,0.977638733564839,0,0.9224083173884694,0.9896702705435559,1,2,1,0,0,1784378.857142857,1.014867438465182,0
2025-02-12,3746.57568359375,3814.4858114252734,3737.0910418049134,3766.446193388272,1678002,-0.33807569292463313,-0.0033864846008407655,1.020709896749794,3829.2139020647323,3849.4398890904017,3869.0072102864583,0.9784190122086355,0,0.9150913588878027,0.9799112776473609,2,2,1,0,0,1843277.2857142857,0.9103361783952977,0
2025-02-13,3708.63720703125,3779.108143555463,3701.1444324584945,3763.5059537434317,2277310,-1.0126173809495542,-0.010177792268144917,1.0210647578119996,3802.5350167410716,3838.939034598214,3865.3501708984377,0.975306523333401,0,0.7044611231898205,0.8672759374026084,3,2,1,0,0,1804731.2857142857,1.2618554451992419,1
2025-02-14,3732.064208984375,3744.536419785488,3699.010141125482,3722.721744594235,1681975,0.6316876158366069,0.006297008320716824,1.0123076923076924,3781.3639090401784,3831.7950613839284,3862.626155598958,0.9869624555473379,0,0.8659860892248935,0.8933004895739528,4,2,1,0,1,1803026.0,0.9328623103604717,0
2025-02-17,3703.2783203125,3731.2580130898646,3657.4674549788515,3657.7520405391615,1799806,-0.7713127925981889,-0.007743027944862262,1.02017531502859,3757.211983816964,3818.5640171595983,3861.0132649739585,0.9856452966357057,0,0.8545218810101931,0.7651072241360072,0,2,1,1,0,1733778.857142857,1.0380827938840775,0
2025-02-18,3673.59130859375,3722.152626882654,3665.3397167799785,3697.4925589213967,2149879,-0.8016413877379058,-0.008048718081512841,1.0155000394213354,3736.047677176339,3803.1955217633927,3855.924169921875,0.9832827699271244,0,0.8081773612965705,0.7670236026829332,1,2,1,0,0,1819627.2857142857,1.1814941537085577,0
2025-02-19,3589.082763671875,3675.2505803046856,3573.954577419944,3672.642304269332,4366672,-2.300434039142607,-0.023273069519771247,1.0283428344402372,3701.787772042411,3780.95401436942,3850.177237955729,0.9695538979242042,0,0.9577149058640761,0.8887823087404992,2,2,1,0,0,2252078.8571428573,1.938951642901111,0
2025-02-20,3584.625,3592.781883594646,3557.973298668796,3567.647585834546,2888572,-0.12420342369910964,-0.0012428062007838689,1.0097832619876246,3676.836356026786,3761.0531877790177,3837.2408935546873,0.9749210062406939,0,0.9042172307410808,0.8902077245774638,3,2,1,0,0,2406030.8571428573,1.2005548438519016,1
2025-02-21,3590.88525390625,3620.287642408916,3580.4521483085296,3581.4955514917533,1833931,0.17464180789483752,0.0017448948640839297,1.0111258278145696,3654.5948660714284,3741.90438406808,3823.7231282552084,0.9825672572474048,0,0.955269673274784,0.9036911143332731,4,2,1,0,1,2428306.4285714286,0.7552304677951623,0
2025-02-24,3486.1748046875,3569.260122487774,3480.8633130033377,3550.2433706104594,2508516,-2.9160065503302746,-0.02959367031783054,1.0253950820631812,3622.814522879464,3712.6747698102677,3808.517138671875,0.962283545754542,0,1.3005901572748475,1.0089699255739693,0,2,1,1,0,2461335.8571428573,1.0191685107581823,0
2025-02-25,3442.497802734375,3469.4815591448155,3434.6255046618817,3438.1822449152423,4101954,-1.2528632211556645,-0.012607777271827277,1.0101484294097343,3581.4478934151784,3681.4059012276784,3791.3414632161457,0.9612028166216585,0,1.1198264113992171,1.0092910054197204,1,2,1,0,0,2807047.1428571427,1.461305703553251,0
2025-02-27,3426.3740234375,3450.512388419143,3415.1346312530945,3425.5677363307773,3823856,-0.4683744252231059,-0.004694747352924571,1.010359110543489,3541.89013671875,3649.5510602678573,3774.9725667317707,0.9673857435374138,0,1.1421566297694012,0.9987670681047588,3,2,1,0,0,3096197.1428571427,1.235016965512532,0
2025-02-28,3303.73779296875,3414.4709839051175,3278.8406087111084,3400.196551952343,7085018,-3.579183989543433,-0.036448073963492096,1.0413653456754413,3489.0539202008927,3612.550798688616,3754.7054850260415,0.9468864249534233,0,1.4600903813843347,1.233150814701471,4,2,1,0,1,3801217.0,1.863881488481189,1
2025-03-03,3313.032470703125,3341.6760393458467,3297.0032889623258,3305.3972886171223,4990439,0.2813382391955166,0.0028094322388399024,1.0135495013101976,3449.6181640625,3575.702968052455,3736.2183349609377,0.9604055617568634,0,1.546321776458374,1.240507839658806,0,3,1,1,0,3890326.5714285714,1.2827815116219035,1
2025-03-04,3350.0224609375,3367.995808195281,3285.764022186379,3294.964077068546,2797737,1.116499477788846,0.011103126305212385,1.02502668647342,3416.103515625,3546.4699358258927,3720.290462239583,0.9806560151396905,0,1.7393920129195506,1.3394572616116942,1,3,1,0,0,3877350.1428571427,0.7215590279237466,1
2025-03-05,3364.249755859375,3414.8029405590255,3339.400041837824,3339.400041837824,2501894,0.42469252334187413,0.004237932498441127,1.0225797741440117,3383.7270159040177,3519.1609409877233,3701.019254557292,0.9942438441537699,0,1.7686389901480313,1.375229448488921,2,3,1,0,0,3972773.4285714286,0.6297600517580125,1
2025-03-06,3415.98828125,3423.433585251506,3353.863884772035,3373.6866911774378,2786513,1.537891926736834,0.015261862302613107,1.0207431496535524,3373.700369698661,3498.2574462890625,3683.8251708984376,1.012534578331601,0,1.7288309943484699,1.501865155454894,3,3,1,0,0,4012487.285714286,0.6944602690507857,1
2025-03-07,3425.09375,3438.1826018027277,3390.190222378938,3414.470997652364,2051315,0.26655444926373395,0.0026619982293334767,1.0141562497310588,3371.2140764508927,3476.330984933036,3666.716455078125,1.015982275918185,0,1.68062050296422,1.482345455779106,4,3,1,0,1,3719538.8571428573,0.5514971287531342,0
2025-03-10,3404.654296875,3435.4321442725973,3397.9678097594306,3420.636010676855,1004626,-0.5967560194520272,-0.005985437238898352,1.0110255118973064,3368.111258370536,3455.0006975446427,3651.6832926432294,1.0108497124059208,0,1.6865088751044013,1.4815355838436501,0,3,1,1,0,3316791.714285714,0.30289089172316347,0
2025-03-11,3391.04345703125,3403.800251788581,3355.3336477429484,3374.6349831734647,1995450,-0.3997715672995894,-0.004005727899160749,1.0144446451929556,3380.58349609375,3434.8187081473216,3636.982080078125,1.0030941288536688,0,0.7604513922393076,1.4809795898710987,1,3,1,0,0,2589710.5714285714,0.7705301210162813,0
2025-03-12,3325.504638671875,3385.305343927244,3307.1519980581174,3381.2743716748964,3174167,-1.932703581945605,-0.0195162448433944,1.0236316159387342,3382.365234375,3415.99169921875,3618.21513671875,0.9831891023697706,0,1.1611492263726608,1.4506826281647482,2,3,1,0,0,2330243.1428571427,1.3621612876449067,1
2025-03-13,3330.104736328125,3342.6718849425615,3304.5436765901054,3321.805675922365,1693004,0.138327807538019,0.0013823222276305649,1.0115381160256898,3379.519845145089,3397.811680385045,3599.5936197916667,0.9853780681631586,0,1.0678527211381341,1.458057682431165,3,3,1,0,0,2172424.1428571427,0.7793155887935328,0
2025-03-17,3317.44287109375,3348.505070694925,3298.141765391246,3309.1912796488264,2690906,-0.3802242342784812,-0.0038094892416776463,1.0152702063422991,3372.8331473214284,3378.2800816127233,3580.1595865885415,0.9835775225727762,0,1.04756185278709,1.4453646330646384,0,3,1,1,0,2199425.8571428573,1.2234583817685927,0
2025-03-18,3317.44287109375,3317.44287109375,3317.44287109375,3317.44287109375,0,0.0,0.0,1.0,3358.7552315848216,3366.227800641741,3561.9664632161457,0.9877000979105053,0,0.7394608143977227,1.2794352940346925,1,3,1,0,0,1801352.5714285714,0.0,0
2025-03-19,3316.8740234375,3364.2022912119846,3284.294187734508,3364.2022912119846,3051244,-0.017147172637288488,-0.00017148642933014253,1.0243303732582485,3343.2952706473216,3357.2546735491073,3543.8966471354165,0.9920972438654196,0,0.7027470732389911,1.2544439186222944,2,3,1,0,0,1944199.5714285714,1.5694088430222148,1
2025-03-20,3379.519775390625,3394.505554527131,3331.0059291540974,3331.0059291540974,2845192,1.8886985610686802,0.01871084093653603,1.019063197941878,3339.7046247209823,3353.907941545759,3526.700992838542,1.0119217581024755,0,1.122183630156753,1.3762641898811099,3,3,1,0,0,2207137.5714285714,1.289086841178843,1
2025-03-21,3393.699462890625,3429.883275405574,3286.428081377204,3295.9127223046994,4161925,0.41957699443735397,0.004186992245897117,1.0436507936507937,3340.084054129464,3360.3337751116073,3510.482242838542,1.0160521136271627,0,1.128467211403937,0.9430621758955877,4,3,1,0,1,2516634.0,1.6537664992207846,1
2025-03-24,3441.9287109375,3461.6568103088644,3382.792113898217,3414.470721860925,1834751,1.4211408103236955,0.014111372691812712,1.0233134918597662,3356.716064453125,3369.5406494140625,3496.1351399739583,1.025385717721781,0,0.8372941762229944,0.9985438490395271,0,3,1,1,0,2325288.8571428573,0.789042184743622,1
2025-03-25,3469.24462890625,3518.8018790902024,3450.5124625687754,3457.1517113972473,3135390,0.7936224211137155,0.007904898015760914,1.0197910940076964,3376.593191964286,3378.0565185546875,3484.385245768229,1.0274393246904776,0,0.8272423226881386,0.9812576534564726,1,3,1,0,0,2531344.0,1.2386265952000202,0
2025-03-26,3448.42578125,3490.8220797184467,3438.988609875757,3459.7598808023267,1734499,-0.6000974241707979,-0.006019052448485972,1.015072300528661,3395.3050362723216,3384.069091796875,3471.702701822917,1.0156453527474514,1,0.8730976921942555,1.0055138423127816,2,3,1,0,0,2394714.4285714286,0.7243030648271154,1
2025-03-27,3463.031982421875,3474.2239048124366,3424.4295409023484,3428.555452249772,2528474,0.42356141898987065,0.004226669225499354,1.0145409223099293,3416.1034807477677,3387.429356166295,3461.827604166667,1.0137374356305608,1,0.8421107347138879,0.9312338477777677,3,3,1,0,0,2755925.0,0.9174683636165716,0
2025-03-28,3420.3037109375,3472.279589767322,3406.7880975546004,3462.8424183134416,2051919,-1.2338399327889826,-0.012415149345208935,1.0192238232426993,3430.879150390625,3387.0872105189733,3450.951871744792,0.9969175715641512,1,1.0855483496749707,0.9949664056449476,4,3,1,0,1,2613164.285714286,0.7852238801890428,0
2025-04-01,3367.806396484375,3399.2953585160476,3343.3359762190476,3388.577667798288,2618493,-1.5348728911192433,-0.01546774000057811,1.0167375886524823,3429.205810546875,3384.4552176339284,3439.5908447265624,0.9820951504649678,1,1.0976816785437082,1.0668493532357939,1,4,2,0,0,2580778.714285714,1.0146135294380418,0
2025-04-02,3361.30908203125,3380.4207713370747,3348.1255245230677,3361.3565515448827,1764313,-0.19292422687680055,-0.001931105653633404,1.009645769424552,3424.57861328125,3382.3313337053573,3427.2323404947915,0.9815248711170983,1,1.078780347563459,1.0633936847601702,2,4,2,0,0,2238262.714285714,0.7882510791692461,0
2025-04-03,3227.765625,3321.52139726939,3221.1263760619972,3311.0882917953854,4537821,-3.9729597538394,-0.040540364950745936,1.0311676753676866,3393.98388671875,3375.3499755859375,3411.3819173177085,0.9510256184865252,1,1.5899486351464744,1.420103899336577,3,4,2,0,0,2624415.5714285714,1.7290786754210148,0
2025-04-04,3129.3623046875,3224.445829064787,3125.663387385046,3189.305420015634,5317367,-3.048651350343945,-0.03096089362098021,1.0316036723846913,3345.429268973214,3361.01123046875,3393.2409505208334,0.9354142781347669,0,1.5699115285354448,1.60457125047393,4,4,2,0,1,2936126.5714285714,1.8110142293398601,0
2025-04-07,3105.31884765625,3121.7745604042666,2898.5536795332505,2940.2386292720134,6623955,-0.7683181009509488,-0.007712848703929165,1.077011125392358,3296.413992745536,3345.8595145089284,3377.115486653646,0.9420293854140191,0,1.555933600320357,1.6069770036638633,0,4,2,1,0,3634620.285714286,1.822461352024904,1
2025-04-08,3123.24462890625,3176.406084910182,3087.5350502556194,3131.8757443343147,5557558,0.5772605690243182,0.005756008045820845,1.0287838140160401,3247.8729422433034,3331.988211495536,3361.7361409505206,0.96162771279748,0,1.5879531569569103,1.6269347422685776,1,4,2,0,0,4067346.5714285714,1.3663841775961625,0
2025-04-09,3079.28369140625,3101.4776590955953,3046.5142098890965,3092.5147195117684,2990265,-1.4075406419699843,-0.014175404403111146,1.0180414222353158,3199.1557965959823,3315.0174734933034,3344.682755533854,0.9625300820556221,0,1.5853039906432662,1.642974301953471,2,4,2,0,0,4201396.0,0.7117312912184426,0
2025-04-11,3064.9619140625,3128.9357749466626,3040.7760781322527,3120.0203045213184,7108961,-0.46510093836822364,-0.004661858981952542,1.0289924988059498,3155.8922991071427,3292.549054827009,3330.642325846354,0.9711871076619539,0,1.6298766957470618,1.491313297664037,4,4,2,0,1,4842891.428571428,1.4679166578171718,1
2025-04-15,3080.801025390625,3143.5893021337306,3071.69590901875,3143.5893021337306,3512160,0.516780037476261,0.005154493120870932,1.0234051140622011,3115.8197195870534,3270.1991664341517,3318.5857666015627,0.9887610011656677,0,1.7310039457351545,1.497066303124153,1,4,2,0,0,5092583.857142857,0.6896616920846271,1
2025-04-16,3105.081787109375,3109.1602290119804,3062.5905495252055,3080.801013758816,2384391,0.7881314475890688,0.007850419141352654,1.0152059763568442,3098.29345703125,3246.138671875,3307.876025390625,1.002190990031212,0,1.3682457259634315,1.437150784962725,2,4,2,0,0,4784951.0,0.49831043201905306,1
2025-04-17,3128.88818359375,3133.3461501914685,3052.1575291360596,3078.240292358944,2932346,0.7666914470081387,0.0076376730472241285,1.0266004032493008,3098.2257254464284,3221.8274972098216,3302.047705078125,1.009896779920031,0,0.8753143860786501,1.4349806969980532,3,4,2,0,0,4444233.714285715,0.6598091343788143,1
2025-04-21,3150.418701171875,3181.1488478659085,3114.8512945544117,3120.5420796132057,2432946,0.6881203902082467,0.006857636471604313,1.0212843397780826,3104.6685616629466,3200.541277204241,3296.62724609375,1.0147359174096262,0,0.8340592699745422,1.4840776299805323,0,4,2,1,0,3845518.1428571427,0.6326705295927612,0
2025-04-22,3143.589111328125,3162.0841600479707,3125.1890016354123,3151.3667016777117,2710498,-0.21678356090285567,-0.0021701887660959818,1.0118057366748863,3107.5749162946427,3177.7239292689733,3289.746134440104,1.0115891638990395,0,0.8296422142098057,1.458655773936683,1,4,2,0,0,3438795.285714286,0.7882115028074408,1
2025-04-23,3237.10791015625,3244.6006837766467,3165.3092254984945,3191.5816342442954,3543923,2.974905291888308,0.029315134614167227,1.0250501460139854,3130.1212332589284,3164.638514927455,3285.5080729166666,1.0341797230600978,0,1.1117358046292045,1.741717159247915,2,4,2,0,0,3517889.285714286,1.0074003790828308,0
2025-04-24,3226.295654296875,3236.633820616935,3213.1118640484187,3225.8214222352462,2252175,-0.3340097444837098,-0.0033456880224948813,1.0073206155165975,3153.1689104352677,3154.530604771205,3279.1849853515623,1.0231915085866785,0,1.0892871515484686,1.7096481275264501,3,4,2,0,0,2824062.714285714,0.7974946833181923,1
2025-04-25,3270.304443359375,3298.568721809185,3229.5204842339535,3243.7474467195657,2742991,1.364065596526709,0.013548459683359822,1.0213803373944568,3180.2408272879466,3148.0302734375,3274.025341796875,1.0283197471394747,1,1.1072055766424866,1.7663229858041936,4,4,2,0,1,2714181.4285714286,1.0106144604503224,0
2025-04-28,3266.0361328125,3279.5992157727555,3229.520264912607,3257.9741879514845,1593296,-0.1305172231148788,-0.0013060247102607112,1.0155066222696403,3203.234305245536,3150.7638811383927,3269.404736328125,1.0196057551781714,1,1.1700244997412044,1.3903381790359246,0,4,2,1,0,2601167.8571428573,0.6125310197205376,1
2025-04-29,3293.541748046875,3314.8821913387555,3253.6113148639492,3276.9436254865236,1578332,0.8421711859840642,0.008386447099284367,1.0188316521383158,3226.7562430245534,3162.490984235491,3266.154679361979,1.0206974125072805,1,1.1707627779720422,1.0647426611010664,1,4,2,0,0,2407737.285714286,0.6555250065547611,0
2025-04-30,3275.71044921875,3329.014085869881,3192.53019311335,3293.06738873724,2809332,-0.541401937251873,-0.005428728288995975,1.0427510107973113,3244.6550641741073,3174.6618129185267,3264.494873046875,1.009571243916662,1,1.2682169268061583,1.047652820678491,2,4,2,0,0,2461506.714285714,1.1413058447883286,0
2025-05-02,3254.180419921875,3311.562499608635,3243.7473145242825,3293.0674491310842,1721761,-0.6572628939780056,-0.006594323779039226,1.020906432748538,3260.4538225446427,3184.0143694196427,3261.9640625,0.9980759112184354,1,1.3232346902144942,1.0818346427806538,4,5,2,0,1,2320258.5714285714,0.7420556575898869,1
2025-05-05,3276.27978515625,3323.892639545098,3268.786779377753,3272.2013429677813,1284443,0.6791069449955556,0.006768114007219316,1.016858199658356,3266.0498046875,3198.085518973214,3260.5919596354165,1.0031322181474598,1,0.7822448456681658,0.9661694227185573,0,5,2,1,0,1997475.7142857143,0.643033099633609,1
2025-05-06,3281.685791015625,3294.01582433447,3259.871116682284,3281.685791015625,1324763,0.16500440175677422,0.0016486841905818713,1.0104742508001163,3273.9626813616073,3213.5657958984375,3259.4000569661457,1.002358948590949,1,0.7502536749052312,0.9345091928683537,1,5,2,0,0,1864988.2857142857,0.7103331480136451,0
2025-05-07,3267.5537109375,3281.211501134211,3244.3163408615387,3244.3163408615387,1477128,-0.4306347706052427,-0.004315646727483994,1.0113722449959595,3273.5697195870534,3226.9052734375,3257.7560465494794,0.9981622481984858,1,0.5950467981850848,0.9664297744431132,2,5,2,0,0,1684150.7142857143,0.8770758979409291,1
2025-05-08,3271.157958984375,3297.8098945868014,3251.999029204456,3270.3044338611708,2543591,0.1103041714298536,0.0011024338107743581,1.014086986180175,3274.3014090401784,3238.7678571428573,3254.1439860026044,0.9990399631362206,1,0.5939123158733703,0.9638428859838909,3,5,2,0,0,1819907.142857143,1.397648781138755,0
2025-05-09,3263.001220703125,3268.5970664946117,3222.976080385976,3223.8296054868374,2531757,-0.2493532377073726,-0.002496646406630939,1.0141549254387183,3269.9384765625,3248.3473597935267,3249.7873779296874,0.9978784751122695,1,0.474566988063841,0.9704830547191219,4,5,2,0,1,1956110.7142857143,1.2942810350714153,1
2025-05-12,3433.8193359375,3443.3989159735165,3321.7109255991563,3324.3666713915923,2228678,5.235000040777371,0.0510257589905325,1.0366341301515907,3292.525460379464,3268.590262276786,3249.5170654296876,1.0429135255773396,1,2.050287198549096,1.6391687638370405,0,5,2,1,0,1873160.142857143,1.1897957622569224,0
2025-05-13,3333.851318359375,3436.2854413701325,3329.5832299005933,3433.819342081611,3062887,-2.9112777289091674,-0.02954496294507233,1.0320467169918814,3303.9070172991073,3282.180419921875,3245.003955078125,1.0090633001786917,1,2.4380533947381977,1.88579216828453,1,5,2,0,0,2064749.5714285714,1.4834181551038323,1
2025-05-14,3365.814697265625,3377.4808526725133,3327.7814236222675,3339.5422865093847,2119499,0.9587523813743282,0.009541855174715655,1.0149347035527796,3316.6977190290177,3291.373761858259,3242.250252278646,1.0148090005172334,1,2.4462176785020637,1.7490904086459014,2,5,2,0,0,2184043.285714286,0.9704473413432477,1
2025-05-15,3395.40673828125,3414.4709604337913,3332.997982084671,3380.3262508294533,3548330,0.8791940043421098,0.00875351598897602,1.024444352738,3332.9435686383927,3303.453125,3239.9960774739584,1.0187411422835386,1,2.449134146837864,1.7456942464595278,3,5,2,0,0,2501695.714285714,1.4183699399321719,0
2025-05-16,3377.76513671875,3408.6849264465072,3363.348529175367,3408.6849264465072,1666727,-0.5195725555822595,-0.0052092702746463545,1.0134795418547526,3348.688058035714,3311.128888811384,3238.578125,1.0086831255044078,1,2.4550696851495406,1.736539368030522,4,5,2,0,1,2528781.285714286,0.6591028688071029,0
2025-05-19,3337.455810546875,3367.0478467189873,3323.133908772587,3367.0478467189873,2537377,-1.1933726751360951,-0.012005505297028585,1.0132146158270885,3358.1591796875,3316.230294363839,3237.566438802083,0.9938349053654593,1,2.537656067947497,1.7769796190675569,0,5,2,1,0,2527893.5714285714,1.0037515141771056,0
2025-05-20,3318.011962890625,3374.635222590325,3313.93352100354,3349.785509814958,2038374,-0.5825949094158678,-0.00584298613911304,1.018317115054379,3366.0178571428573,3317.9781668526784,3236.1232014973957,0.9857380749925728,1,2.553069122025326,1.7762624457259892,1,5,2,0,0,2457410.285714286,0.8294805356068222,1
2025-05-21,3344.094970703125,3354.7177229486574,3318.012206388427,3327.212262398612,1440153,0.786103489204315,0.007830297935034217,1.0110625019671593,3353.2000906808034,3322.862775530134,3240.0008463541667,0.9972846475809829,1,1.4063095889623543,1.7767028684643393,2,5,2,0,0,2344763.8571428573,0.6141995901262551,0
2025-05-22,3297.809814453125,3317.5379148748953,3273.4343323692665,3314.8821689714327,2034383,-1.3840861774409463,-0.013937539608007875,1.0134731838270015,3348.0513044084823,3325.979160853795,3245.615763346354,0.9849938112091643,1,1.008313352745858,1.8127402154427608,3,5,2,0,0,2197834.714285714,0.9256305702957126,1
2025-05-23,3333.47216796875,3352.820743852965,3286.9974249846496,3297.8098235860703,1274331,1.0813950931715333,0.010755898308160254,1.0200253636854073,3343.4309430803573,3330.0643310546875,3253.2208740234373,0.9970213905173612,1,1.031602603661414,1.825595166955351,4,5,2,0,1,2077096.4285714286,0.6135155703273972,1
2025-05-26,3355.002197265625,3362.3053247198645,3329.204019365113,3339.542185709067,967470,0.6458739780027756,0.006437971496913151,1.009942708576047,3337.658865792411,3335.3012172154017,3260.9461263020835,1.0051962564691574,1,0.9966130780265416,1.8306404230546074,0,5,2,1,0,1708402.142857143,0.5663010925413596,0
2025-05-27,3318.391357421875,3357.5629717372003,3303.5954561426133,3349.9752588067204,2467680,-1.091231471430576,-0.010972290737775722,1.0163359940135046,3329.1768973214284,3338.9324776785716,3268.9163818359375,0.9967602983463476,0,1.0522266764145984,1.8557450188360258,1,5,2,0,0,1822824.0,1.3537675606641124,0
2025-05-28,3317.44287109375,3347.129844047208,3312.985136088664,3338.593667057572,1222933,-0.02858271451326999,-0.0002858680014965713,1.0103063269395935,3326.3179059709823,3342.238542829241,3277.332413736979,0.9973318741238469,0,0.9664641289101922,1.856207022029016,2,5,2,0,0,1635046.2857142857,0.7479500798754146,1
2025-05-29,3317.822509765625,3350.4495836467595,3306.820233088302,3324.0822341714443,3188072,0.011443713927472565,0.00011443059184481097,1.013193747311057,3326.290841238839,3346.1543491908483,3285.2331298828126,0.9974541217598217,0,0.9409120879268495,1.8535634223324158,3,5,2,0,0,1799288.857142857,1.771851132931725,0
2025-05-30,3284.910400390625,3325.97894134562,3275.1414056184462,3310.139637529337,3404365,-0.991979205582183,-0.009969321009860015,1.0155222414641283,3317.8359026227677,3335.517996651786,3291.2274169921875,0.9900762113623176,0,0.9342491779330019,1.1486398670074465,4,5,2,0,1,2079890.5714285714,1.6368000541786745,0
2025-06-02,3272.011474609375,3281.6857620470387,3242.41944121709,3272.201121116267,1877585,-0.39267207348231414,-0.003934450544525878,1.012110191646029,3314.1504255022323,3331.1008649553573,3295.998193359375,0.9872851423494238,0,0.7992442818387332,0.8743755257361585,0,6,2,1,0,2057490.857142857,0.9125605557282116,0
2025-06-03,3229.7099609375,3294.490106360913,3225.252225904789,3268.407343175387,2848125,-1.292829013593999,-0.013012587816974971,1.0214674312601089,3299.3272530691966,3321.3790980747767,3298.6412353515625,0.9788995492741936,0,0.7082860474095111,0.8657220064443273,1,6,2,0,0,2282318.5714285714,1.2479086117313034,1
2025-06-04,3235.164306640625,3248.465279476926,3224.7342507303856,3242.9152450223373,2544807,0.16888035672224522,0.0016873791419689263,1.0073590649341617,3282.2075544084823,3309.9332101004466,3301.693741861979,0.9856671928913602,0,0.600132013114469,0.8109527742675728,2,6,2,0,0,2507652.4285714286,1.0148164757624476,0
2025-06-05,3225.786865234375,3262.0530702216233,3218.7057063727016,3262.0530702216233,3584683,-0.28985981908249414,-0.0029028072621329008,1.0134673274922583,3268.978341238839,3299.077619280134,3301.316373697917,0.9867874695100929,0,0.5462896690556639,0.8093985397625002,3,6,2,0,0,2667224.285714286,1.3439750902088152,1
2025-06-06,3238.322265625,3244.733411943636,3213.9214562860475,3225.787088056256,2070390,0.3885997716006617,0.003878466730837982,1.0095870282073396,3257.6753976004466,3291.996651785714,3301.7172607421876,0.9940592202680163,0,0.6125805356761621,0.7890512939038585,4,6,2,0,1,2788289.5714285714,0.7425304822049893,1
2025-06-09,3274.39697265625,3285.975488762853,3244.7332451805223,3253.4410779830223,1718678,1.1139937310806092,0.01107834520846871,1.0127105190060195,3251.471749441964,3288.8812953404017,3301.8536783854165,1.0070507219440612,0,0.824040497023364,0.8553002566817959,0,6,2,1,0,2578376.1428571427,0.6665738064483887,1
2025-06-10,3313.62939453125,3335.54241560308,3275.640735062478,3291.7166070762078,2419874,1.1981571630630405,0.011910360848316724,1.0182870117285494,3255.574462890625,3286.7051827566966,3303.440120442708,1.0178324692930163,0,0.8804794461720216,0.8940205104033715,1,6,2,0,0,2437734.5714285714,0.9926732911622512,1
2025-06-11,3322.24169921875,3338.604687522634,3300.424692969312,3320.423693236899,2847013,0.2599054891809338,0.002595683189539947,1.0115682065507066,3262.7502092633927,3288.4503173828125,3304.3967854817706,1.018233541074169,0,0.850220533808391,0.8110774823267707,2,6,2,0,0,2576224.285714286,1.10511069078391,0
2025-06-12,3286.1669921875,3324.9212188125916,3275.641152857228,3322.2418675324316,4060134,-1.0858543807855225,-0.010917928070341141,1.015044403112465,3270.815499441964,3285.07137625558,3304.7453369140626,1.00469347560208,0,0.7902878219267886,0.807084301862788,3,6,2,0,0,2749368.4285714286,1.4767515178420976,1
2025-06-13,3297.171142578125,3301.7642826377164,3246.934184213111,3246.934184213111,2178493,0.3348627874598664,0.0033430337053260936,1.0168867292386752,3279.6736188616073,3280.940586635045,3306.178361002604,1.0053351417701715,0,0.7899191244780448,0.7890836743151252,4,6,2,0,1,2697037.8571428573,0.807735417665889,1
2025-06-16,3345.58984375,3357.742355566309,3278.511454741814,3291.7166438153617,1934088,1.4684922037142334,0.014578142664697253,1.024166729907227,3296.788330078125,3282.8833356584823,3308.4886962890623,1.0148027439998608,1,0.8573325311658847,0.8418281531341516,0,6,2,1,0,2461238.5714285714,0.785818986607788,1
2025-06-17,3363.770751953125,3368.268108670322,3337.743272382211,3358.6991651797816,2111940,0.5434290828294275,0.005419578347090642,1.0091453517532893,3314.709542410714,3286.19247000558,3311.224861653646,1.01480105840789,1,0.8552080438073093,0.8509457405521998,1,6,2,0,0,2467174.285714286,0.8560157311256023,0
2025-06-18,3302.625244140625,3385.4923927635227,3294.683207501011,3367.4071820205213,2696327,-1.8177667957008259,-0.018344911596305694,1.0275623419744169,3318.7421526227677,3285.106951032366,3312.3939127604167,0.9951436695769191,1,1.1856345189911355,0.9943468132367063,2,6,2,0,0,2606838.4285714286,1.0343283919892234,0
2025-06-19,3276.406494140625,3302.2426434811027,3265.88065552043,3301.2857490610854,2672768,-0.7938760247326315,-0.007970439981059,1.0111338997949018,3313.4245954241073,3284.499529157366,3312.5688639322916,0.988827842548581,1,1.123616429693597,0.9808949724006529,3,6,2,0,0,2642966.1428571427,1.0112759133231424,1
2025-06-20,3287.60205078125,3297.7452248908758,3263.871022884297,3277.3633274014865,2351248,0.3417023089365312,0.003411198331086233,1.0103785357230948,3308.47607421875,3285.6131417410716,3313.3888916015626,0.9936907437233231,1,1.129072614702881,0.9787228906326675,4,6,2,0,1,2572142.5714285714,0.9141204014574176,0
2025-06-23,3247.317138671875,3277.3635313225304,3224.73433592903,3267.7945867055305,3123421,-1.2253585284083268,-0.012329279445726914,1.0163204747774481,3302.926095145089,3286.8707972935267,3307.172151692708,0.9831637297137975,1,1.1495111944817389,0.9718051380735627,0,6,2,1,0,2438326.4285714286,1.2809691776297385,0
2025-06-24,3244.254638671875,3293.726265410323,3236.2168192617623,3286.549557502439,3403048,-0.09430862060034739,-0.0009435311915946315,1.0177705788457274,3295.3665945870534,3287.52010672433,3304.185595703125,0.9844897511557182,1,1.129739866399985,0.9717332785976568,1,6,2,0,0,2613262.8571428573,1.3022218529216896,1
2025-06-25,3296.3095703125,3301.2853740079395,3253.440658442607,3260.4260336385005,1757699,1.6045266922060986,0.015917902220934265,1.0147058823529411,3288.3265555245534,3292.557442801339,3301.868758138021,1.002427683094471,0,1.1643729251642931,1.0530913268268904,2,6,2,0,0,2588064.4285714286,0.6791558125816144,0
2025-06-26,3293.43896484375,3302.625010278294,3268.0812649976842,3296.3096478451916,2879106,-0.08708543319485562,-0.0008712337458744601,1.0105700386494625,3278.2791573660716,3296.4943498883927,3298.469832356771,1.0046243186592623,0,1.120294056504002,1.0528134723396612,3,6,2,0,0,2697659.5714285714,1.067260684221672,0
2025-06-27,3292.76953125,3316.978773543857,3283.1048040170426,3306.0702704397795,1778433,-0.020326279032223393,-0.00020328345100294456,1.0103176631721802,3276.8711983816966,3297.8066755022323,3295.6366455078123,1.0048516807362324,0,0.8971360117427755,1.0138376921500332,4,6,2,0,1,2566531.8571428573,0.692932369045209,1
2025-06-30,3312.76806640625,3315.5429664293783,3282.1474488080407,3291.6206089307775,1468351,0.6073469450702307,0.006055100274018165,1.0101748986424925,3282.0657087053573,3297.7451520647323,3294.813720703125,1.0093545834927855,0,0.8560808234314676,0.9736333161618671,0,6,2,1,0,2394472.285714286,0.6132253059516961,0
2025-07-01,3281.8603515625,3334.7766533592453,3266.3587105428364,3306.0698242055073,2375183,-0.9329875869420357,-0.00937367178108991,1.0209462428592353,3281.2454659598216,3294.860770089286,3293.6086669921874,1.0001873939664245,0,0.9424347389534747,1.0011861563635758,1,7,3,0,0,2397891.5714285714,0.9905297755331604,0
2025-07-02,3275.736572265625,3339.4655976963195,3272.57877409358,3336.8820295980254,3090585,-0.1865947554398395,-0.0018676906031654963,1.020438567936769,3285.3053850446427,3294.115740094866,3291.3300537109376,0.9970873901639169,0,0.7908063845554393,0.9598675854346614,2,7,3,0,0,2393200.714285714,1.2914023389477511,0
2025-07-03,3254.206787109375,3287.2196465963534,3251.144771503511,3282.1480591402083,2531870,-0.6572501994981605,-0.006594195994367656,1.011096053122285,3286.727120535714,3291.046857561384,3289.8766194661457,0.9901055572203881,0,0.8439293100807288,0.9683640084214445,3,7,3,0,0,2268746.714285714,1.1159773737885619,1
2025-07-04,3272.3876953125,3279.27728864699,3243.967976797223,3261.096294049881,1109320,0.5586893947595373,0.005571345141741306,1.010884605551695,3283.3097098214284,3285.818132672991,3287.840470377604,0.9966734741848272,0,0.5704637737058418,0.8825026917140643,4,7,3,0,1,2176121.1428571427,0.5097694140977446,0
2025-07-07,3264.636474609375,3278.415893704088,3261.478676465787,3270.95207089655,1639174,-0.2368674321269526,-0.0023714840680833073,1.005193109910703,3279.195068359375,3278.7371128627233,3284.8282796223957,0.9955603148191841,1,0.5725899137428291,0.8593862860454546,0,7,3,1,0,1998988.0,0.8200019209720119,0
2025-07-08,3259.373779296875,3277.3634414066432,3247.1254837997894,3258.225552697699,2325242,-0.16120310342148114,-0.0016133317542978197,1.009312223305725,3274.424246651786,3275.647722516741,3282.8610270182294,0.9954036293952134,0,0.5708117479514652,0.7244399318548251,1,7,3,0,0,2077103.5714285714,1.1194636762387185,0
2025-07-09,3237.939453125,3266.837618492581,3221.863579808002,3263.010040732191,2034938,-0.6576209917384501,-0.006597928455297299,1.013959013959014,3263.734444754464,3272.900076729911,3280.2109130859376,0.9920964796413132,0,0.48739705957095253,0.7151361921610242,2,7,3,0,0,2158044.5714285714,0.9429545742203657,0
2025-07-10,3236.217041015625,3252.484246721499,3211.3377852301705,3234.3032521090518,3035012,-0.05319469787221642,-0.0005320885127108608,1.012812872467223,3257.2139718191966,3269.229718889509,3277.490730794271,0.993553714620767,0,0.41204675044569533,0.704854687125359,3,7,3,0,0,2252305.8571428573,1.3475132564144896,0
2025-07-11,3125.21728515625,3191.2430024482833,3120.528595780786,3157.655913683438,7635550,-3.4299231001064134,-0.03490125569712894,1.0226610346603164,3235.7112165178573,3260.50830078125,3272.167626953125,0.9658517327511951,0,1.2880023374815566,1.1055340624052967,4,7,3,0,1,2901586.5714285714,2.631508594362119,0
2025-07-14,3083.78369140625,3130.9586344245786,3062.062234156067,3125.217267735536,3924009,-1.3257828166635344,-0.013346497753279405,1.0225,3211.365059988839,3249.0460902622767,3265.8933675130206,0.9602719198224594,0,1.3121098460731384,1.139162971736365,0,7,3,1,0,3100463.5714285714,1.2656200950595176,1
2025-07-15,3112.10791015625,3118.901720676558,3067.8036497758007,3067.8036497758007,2590889,0.9184891543765783,0.009142966947144124,1.0166562390342326,3188.467947823661,3235.888828822545,3261.9732991536457,0.9760511822866115,0,1.377693405573822,1.0603918305650497,1,7,3,0,0,3312116.285714286,0.782245783813491,0
2025-07-16,3104.234619140625,3115.5641051149655,3092.23284636304,3098.377660261314,2540733,-0.25298901075797575,-0.0025330956872087976,1.0075451170436167,3165.553397042411,3222.3742327008927,3257.6089762369793,0.9806293654818534,0,1.3767904875916575,1.0574936751979167,2,7,3,0,0,3440910.4285714286,0.7383897525791866,0
2025-07-17,3081.287109375,3112.779808234124,3076.390526695053,3095.5933632665156,2947640,-0.7392324544070017,-0.007419783180948322,1.0118285637741071,3140.1124441964284,3207.2683454241073,3252.7923177083335,0.9812664877876747,0,1.3556389497608046,1.0542286459950228,3,7,3,0,0,3529824.4285714286,0.835067029436632,0
2025-07-18,3062.756103515625,3100.105758589483,3059.9717861781455,3096.4571730230687,3432645,-0.601404711784026,-0.006032204334715423,1.0131157981889316,3115.086251395089,3189.4103480747767,3246.9401123046873,0.9832010597279519,0,1.3567300752610283,1.0078818063917365,4,7,3,0,1,3729496.8571428573,0.9204043149750035,0
2025-07-21,3032.31982421875,3070.1495522628406,3026.3669918654064,3062.8523807267275,3844346,-0.9937545879653453,-0.009987252873227465,1.014467036058455,3085.958077566964,3171.58602469308,3238.8708740234374,0.9826186059564025,0,1.3183895102773102,1.009767949633505,0,7,3,1,0,3845116.0,0.9997997459634508,1
2025-07-22,3033.6640625,3053.3469689942053,3028.8633535989743,3033.6640625,3198036,0.04433035956543652,0.00044320536564481055,1.0080834334656066,3072.8790457589284,3154.2951311383927,3229.5386962890625,0.9872383576850994,0,0.743806331382417,1.018161127525587,1,7,3,0,0,3211185.4285714286,0.9959051170155321,1
2025-07-23,3052.38671875,3055.171036049811,3031.743671209123,3033.6639547012974,1922875,0.6171631355441187,0.006152664834893398,1.007727356723184,3068.3937639508927,3139.879411969866,3220.5435302734377,0.994783249337503,0,0.7119460424354382,1.063043249539441,2,7,3,0,0,2925309.1428571427,0.6573236899406578,0
2025-07-24,3022.526611328125,3047.2022105424912,3014.845476356516,3038.945131093794,2934778,-0.9782544013329786,-0.009830707461794354,1.0107324685260748,3055.596435546875,3122.0321916852677,3211.755517578125,0.9891772932334792,0,0.5908579027934776,1.0295907360020884,3,7,3,0,0,2974436.1428571427,0.9866670047859731,0
2025-07-25,3010.812744140625,3031.0715957495104,3001.019344529776,3014.845292873372,2568917,-0.3875521606194532,-0.0038830508996431884,1.0100140144962788,3042.2504534040177,3103.901925223214,3202.210237630208,0.9896662981089487,0,0.586888751822403,1.026728310586134,4,7,3,0,1,2978462.4285714286,0.8624977019542729,0
2025-07-28,2956.564453125,2993.7218909057005,2947.5389802872855,2986.0407571253136,3374473,-1.8017822968631414,-0.01818212045493573,1.0156682951191756,3024.432931082589,3082.272687639509,3189.242724609375,0.9775599328852381,0,0.7834528890749143,1.069048492765424,0,7,3,1,0,3039438.5714285714,1.1102290507598442,0
2025-07-29,2934.193359375,2951.4759118844077,2919.9832137631183,2938.0339265993125,4785312,-0.7566584156944223,-0.007595355983028519,1.0107852325906708,3006.066824776786,3060.5765380859375,3174.923478190104,0.9760905297216329,0,0.7861580884676205,1.0691548352374782,1,7,3,0,0,3232676.714285714,1.4802940172931438,0
2025-07-30,2931.888916015625,2946.6750050729374,2925.7438682234083,2938.0337293982366,2880121,-0.07853754259282697,-0.0007856839947802697,1.0071541248285139,2991.719552176339,3038.8388148716517,3162.5656005859373,0.980001255091845,0,0.7874286999791597,1.0680040572266698,2,7,3,0,0,3094930.285714286,0.9305931746812482,0
2025-07-31,2915.758544921875,2937.841805411508,2894.827407662822,2920.4631457840833,2968371,-0.5501699264810811,-0.0055168893520242375,1.0148590543376865,2974.875906808036,3023.8774762834823,3150.5440022786456,0.9801277889437774,0,0.7530994796778275,0.7228046275405543,3,7,3,0,0,3062121.0,0.9693839662116552,0
2025-08-01,2883.3056640625,2915.758501968501,2880.4252388236764,2909.133383273443,2053847,-1.1130167453644368,-0.0111925712425444,1.0122666829427083,2950.7214704241073,3009.5576171875,3137.0674560546877,0.9771527719449855,0,0.5608943740150418,0.7059626652968433,4,8,3,0,1,3080831.285714286,0.6666535131357636,1
2025-08-04,2951.85986328125,2956.6605722928375,2872.360309577052,2889.1627911176092,2519252,2.3776251013969407,0.023497997872478586,1.0293487771832492,2940.626220703125,2998.111328125,3127.2188802083333,1.003820153169769,0,1.317038968056354,0.9816561757388049,0,8,3,1,0,3021470.4285714286,0.8337834374209379,0
2025-08-05,2941.7783203125,2954.836342347973,2920.751308991888,2951.859809051624,1927996,-0.3415318963530867,-0.0034211644786696035,1.0116699539776461,2930.76416015625,2986.507306780134,3117.136336263021,1.0037581188913074,0,1.3168187201931152,0.9811124324872182,1,8,3,0,0,2929910.285714286,0.6580392612704085,0
2025-08-06,2911.437744140625,2944.5626330221426,2905.3888045064286,2940.9140476547227,1487081,-1.0313685420270557,-0.010367240022192824,1.0134831622036105,2924.3174874441966,2974.3752092633927,3104.307275390625,0.9955956412534303,0,1.1996487855728815,0.9924103030118164,2,8,3,0,0,2660282.8571428573,0.5589935656680975,1
2025-08-07,2925.552001953125,2929.9687479023937,2890.890789951502,2895.7876067904904,2543076,0.48478652311578774,0.004836152172806564,1.0135176181980736,2923.0830078125,2964.5749162946427,3092.0443766276044,1.0008446541319649,0,1.1977101921331956,1.0175626386536585,3,8,3,0,0,2339963.4285714286,1.0868016008064594,0
2025-08-08,2915.374267578125,2937.8417248012156,2904.428745573524,2926.6081133944717,2762140,-0.34789107724645385,-0.003484976254144848,1.0115041483729337,2920.7237723214284,2956.221662248884,3079.464534505208,0.998168431813375,0,1.2036156611142337,0.99924299799061,4,8,3,0,1,2323109.0,1.1889842448201957,1
2025-08-11,2919.599365234375,2928.3365153663553,2900.876599282036,2915.3746004762743,1884215,0.1449247084066574,0.0014481979390358296,1.0094660752170967,2921.2724609375,2948.0741838727677,3066.3589111328124,0.9994272715997918,0,1.186382466196184,1.0020806145129064,0,8,3,1,0,2168229.5714285714,0.8690108394557852,0
2025-08-12,2914.414306640625,2972.9829560524563,2906.253101394714,2919.791194448837,3358232,-0.17759486645639866,-0.001777527530994303,1.0229607857022909,2925.716552734375,2938.219011579241,3054.1107096354167,0.9961369305980148,0,1.0852322395986687,0.9700328746530735,1,8,3,0,0,2354570.285714286,1.426261097566362,1
2025-08-13,2915.182373046875,2923.0554886191444,2907.8854362960733,2915.0864995163706,2148166,0.026354056954080995,0.0002635058488249905,1.0052168672581523,2920.4769112723216,2930.5515659877233,3042.092236328125,0.9981870980712051,0,0.4776973730905245,0.9550737681208793,2,8,3,0,0,2301558.0,0.9333529722040461,0
2025-08-14,2901.83642578125,2934.0970475783347,2898.7640190971856,2913.0700372499637,3342174,-0.45780831377887354,-0.004588594654397657,1.012188997879225,2914.770926339286,2922.7675432477677,3030.3465576171875,0.9955624298152718,0,0.4862971408174826,0.9560150391713732,3,8,3,0,0,2503583.4285714286,1.33495611205059,0
2025-08-18,2891.178955078125,2927.4723621732833,2883.6898021204543,2925.072007661826,2945609,-0.3672664182046592,-0.00367942497162633,1.0151828258436932,2911.8768136160716,2918.097150530134,3017.639599609375,0.9928919182153715,0,0.33784944541971546,0.8487735663266338,0,8,3,1,0,2711944.5714285714,1.086161211048772,1
2025-08-19,2895.97998046875,2904.4292761540364,2891.0833973762283,2891.179270921388,2650784,0.16605770397548625,0.001659199806159907,1.004616220614708,2907.6522391183034,2915.3676234654017,3005.3510498046876,0.9959856758340905,0,0.2580870687921062,0.8342697791593093,1,8,3,0,0,2727331.4285714286,0.9719332136279734,1
2025-08-20,2975.095458984375,2979.7039520714934,2890.890836056874,2890.890836056874,4952358,2.7319069554762265,0.026952563858373923,1.030721712112713,2916.183837890625,2918.4538051060267,2995.875105794271,1.0202016142906694,0,1.1014004404351507,1.124862512292218,2,8,3,0,0,3040219.714285714,1.6289474003241684,1
2025-08-21,2978.936279296875,3005.2440729447403,2960.2135127082415,3005.2440729447403,3230726,0.12909906137301697,0.0012901580018668268,1.0152119298297848,2924.6605398995534,2922.9665004185267,2987.241666666667,1.0185579620803396,1,1.1017765537939381,1.108713762000662,3,8,3,0,0,3232578.4285714286,0.9994269501537671,0
2025-08-22,2932.273193359375,2972.3110613965996,2928.432625981039,2962.997732386061,1593791,-1.5664345109293154,-0.0157883274017838,1.0149835905481557,2927.2118094308034,2926.464181082589,2977.110205078125,1.001729080182126,1,1.3066402873143792,1.154406335676166,4,8,3,0,1,2980515.4285714286,0.5347367051758257,1
2025-08-25,3015.42138671875,3026.366909314735,2954.4523833109183,2964.245782645686,3448370,2.835622326994569,0.027961627699153575,1.0243410678777722,2941.531668526786,2931.0042898995534,2973.450341796875,1.0251194705746516,1,1.6645923418507231,1.2272955790997528,0,8,3,1,0,3166258.8571428573,1.0890992036929388,1
2025-08-26,3031.35986328125,3035.9685911364395,2995.6426326203955,3004.283909445262,5522097,0.5285654811861384,0.005271734767952816,1.0134615384615386,2960.0350167410716,2937.4029715401784,2971.702880859375,1.0240959468846775,1,1.6113016335639114,1.2220072646440094,1,8,3,0,0,3477676.4285714286,1.5878696921405036,0
2025-08-28,2970.390380859375,3021.0859103623443,2963.477407383879,3019.6456977878825,3116051,-2.011291472200183,-0.020317933059833825,1.019439494573141,2971.3509347098216,2941.6138741629466,2966.978963216146,0.9996767282385848,1,1.8795325963060263,1.3231583785662193,3,8,3,0,0,3502025.285714286,0.8897854086637295,0
2025-08-29,2961.74951171875,2990.8418565958136,2954.548447858567,2969.7187359392783,2271789,-0.29090011859400633,-0.0029132405534361525,1.0122839105121297,2980.74658203125,2944.1994105747767,2962.229459635417,0.9936267408886688,1,1.8969451969682238,1.3243624610532791,4,8,3,0,1,3447883.1428571427,0.6588938504793542,1
2025-09-01,2988.537353515625,3006.2999761800884,2966.8380558481663,2966.8380558481663,1246862,0.9044600730373498,0.0090039432987877,1.013301002477751,2982.6668526785716,2949.4253452845983,2959.137801106771,1.0019682053434098,1,1.61753350458638,1.3343343351098538,0,9,3,1,0,2918526.5714285714,0.4272231105265152,0
2025-09-02,2987.481201171875,3029.247369338668,2979.416103841445,2996.698656186325,2185229,-0.03534010851521385,-0.0003534635460318938,1.0167251782767013,2983.8875558035716,2954.2740478515625,2956.6286376953126,1.00120435013086,1,1.6178208995564454,1.3356241645459497,1,9,3,0,0,2769169.8571428573,0.7891278299030204,0
2025-09-03,2974.039306640625,3016.669509959856,2964.9179592917676,3005.1478080455095,1799774,-0.449940723509068,-0.004509560033654186,1.017454631588002,2989.8541434151784,2958.532976422991,2954.6859537760415,0.9947104989019668,1,1.4808997142488838,1.343078540567127,2,9,3,0,0,2798596.0,0.6430988967325044,0
2025-09-04,2972.31103515625,2993.722244983374,2967.606433923174,2991.801961311159,1481391,-0.05811192476562477,-0.0005812881628893447,1.0088002946622794,2983.6955217633927,2962.613595145089,2952.6408528645834,0.9961844341944066,1,0.9264063436439263,1.3438810639450787,3,9,3,0,0,2517599.0,0.5884141994018904,0
2025-09-05,2926.800048828125,2979.703716897792,2907.8853038462717,2973.6550115959403,2802055,-1.5311650022431955,-0.015430083835670624,1.024697814922936,2968.7584054129466,2964.396711077009,2948.454630533854,0.9858666988501594,1,0.9812495564472855,1.410031615971628,4,9,3,0,1,2129021.5714285714,1.3161233486797523,0
2025-09-08,2898.66796875,2942.7383816988513,2895.7875434746607,2928.4323632618416,2626187,-0.9611889985237987,-0.009658382359367588,1.0162134954720656,2958.5123465401784,2964.931640625,2944.3260091145835,0.9797721385681681,0,0.7681094495248701,1.4329597741176732,0,9,3,1,0,2059041.0,1.2754418197597814,1
2025-09-09,2927.856201171875,2938.0337976334035,2909.997705008497,2911.2459361835313,2489301,1.0069532880808696,0.01001917291994288,1.0096344036892717,2953.6704450334823,2967.208513532366,2941.560791015625,0.9912602829794321,0,0.9243769710221684,1.4566220090389306,1,9,3,0,0,2090114.142857143,1.1909880656551977,1
2025-09-10,2986.041015625,2998.2347696750494,2931.696895660388,2934.5773210773896,2079428,1.9872838847015961,0.019677951727460802,1.0226960277214039,2953.3138253348216,2967.9903390066966,2942.5433430989583,1.0110815146055356,0,1.185919414218029,1.363258976434415,2,9,3,0,0,2209052.1428571427,0.941321374746053,1
2025-09-11,2999.675048828125,3013.885194748687,2986.137189714118,3013.885194748687,2263446,0.45659229500809584,0.004555530745218651,1.0092922740221542,2955.0558035714284,2969.4716796875,2944.726066080729,1.0150992902410745,0,1.1983961457369605,1.3678031746976496,3,9,3,0,0,2220226.0,1.0194664867450431,1
2025-09-12,3008.50830078125,3023.198517586115,2996.6026359147436,3018.685897890405,1447167,0.29447362828769474,0.002940409039967194,1.008875344816365,2959.9799455915177,2974.9170445033483,2947.2800455729166,1.0163948256683322,0,1.1780084163945648,1.2857342457082623,4,9,3,0,1,2169853.5714285714,0.6669422393545319,0
2025-09-15,2987.864990234375,3009.0842164755977,2972.598830315396,3009.0842164755977,1732539,-0.6861643207537238,-0.006885292525498621,1.0122739018087856,2962.2019391741073,2972.94873046875,2949.68359375,1.008663504915341,0,1.2214556407791008,1.0517728074838808,0,9,3,1,0,2205731.8571428573,0.7854712685902826,1
2025-09-16,3020.318115234375,3024.4467719955323,2985.1770648150605,3003.3236516831826,2573429,1.0861643717527736,0.010803079751065812,1.0131549004725133,2975.5616629464284,2972.1600341796875,2954.2506754557294,1.0150413459231185,1,1.0315468340898353,1.08579901669818,1,9,3,0,0,2173071.0,1.1842360419885039,1
2025-09-17,3046.337890625,3055.5551110798156,3017.1494398273812,3026.366894691811,2418271,0.861491220391053,0.00857801560364944,1.012729124631835,2996.6573660714284,2977.5848563058034,2957.399943033854,1.0165786469671378,1,0.8236143554779282,0.942668968748569,2,9,3,0,0,2143368.714285714,1.1282571140849642,1
2025-09-18,3050.08251953125,3075.334296666793,3035.392302577828,3058.0517436415034,2633138,0.12292231002259957,0.0012284682240550902,1.0131587584428687,3014.1182686941966,2983.894356863839,2961.0100830078127,1.0119319308769639,1,0.8390641348095478,0.9330504822978771,3,9,3,0,0,2163916.8571428573,1.216838803814617,0
2025-09-19,3042.881103515625,3053.730751874098,3018.685578963108,3043.6492637764163,4901694,-0.23610561253706308,-0.002363847813471407,1.0116094147582697,3022.23828125,2987.776053292411,2965.3915283203123,1.006830309308731,1,0.611475562598779,0.9178116448527078,4,9,3,0,1,2567097.714285714,1.9094302381722463,0
2025-09-22,2951.283935546875,2983.0644887376598,2942.8346407567424,2971.6388949892716,3634901,-3.010211863451462,-0.03056448996951343,1.013670441221452,3015.325265066964,2985.1905343191966,2966.249259440104,0.9787613859565937,1,1.3699580753850964,1.245560381649439,0,9,3,1,0,2763019.8571428573,1.3155537013616416,0
2025-09-23,2940.337890625,2957.908530869745,2930.3525105651574,2947.635061413838,3177741,-0.37089094648043996,-0.0037158045235590503,1.0094036537260402,3005.5866350446427,2982.78329031808,2967.0813802083335,0.978290845567766,1,1.3509463866343532,1.243931419645368,1,9,3,0,0,3010244.714285714,1.0556420828244957,0
2025-09-24,2914.414306640625,2935.153463147022,2912.1100600997443,2928.432470591566,1625714,-0.8816532299580238,-0.008855627881745832,1.0079129574678536,2995.093680245536,2978.6478097098216,2966.908544921875,0.9730628213277467,1,1.3617793445109947,1.2624495902735464,2,9,3,0,0,2994984.0,0.542812248746571,0
2025-09-25,2839.523193359375,2908.845617084501,2833.3783797594588,2901.548445826189,4974361,-2.56967971611336,-0.026032727233175453,1.0266350720624364,2969.2658342633927,2972.413748604911,2964.412174479167,0.9563048079404437,0,1.4203542592928138,1.3763023748552643,3,9,3,0,0,3337974.285714286,1.4902334692298407,0
2025-09-26,2783.54736328125,2837.027218062639,2776.0582098827367,2823.7772134975207,3934636,-1.9713108950485947,-0.019910004190367748,1.0219624386703612,2931.7243303571427,2964.190848214286,2960.0243408203123,0.9494574010449879,0,1.2367712354215334,1.4437005438457,4,9,3,0,1,3554597.8571428573,1.106914525392364,0
2025-09-29,2780.66650390625,2812.5431618400235,2778.6501125486475,2799.7732301976002,3110035,-0.10349597111234399,-0.0010354956517418061,1.0121976671831807,2893.236328125,2953.6772984095983,2955.985343424479,0.9610920742545417,0,1.1964567056433595,1.39735788435978,0,9,3,1,0,3622726.0,0.858479222552299,0
2025-09-30,2773.2734375,2799.101392157332,2770.105157137798,2794.9727356006983,2253458,-0.2658738973502994,-0.002662279697266925,1.0104675575022193,2854.720947265625,2938.4796142578125,2952.0551595052084,0.9714691869117229,0,1.192064185908572,1.2255818811408816,1,9,3,0,0,3244406.5714285714,0.6945670804161148,1
2025-10-01,2798.045166015625,2808.222762784315,2752.342557318892,2775.7699233020426,1952902,0.8932306558979475,0.008892649486550006,1.020302780014366,2832.8296944754466,2924.077479771205,2948.790665690104,0.9877209249367662,0,1.1773124801110952,1.2574743398789674,2,10,4,0,0,3004121.0,0.6500743478708081,0
2025-10-03,2786.2353515625,2807.454578770542,2775.8660078142957,2807.454578770542,2899519,-0.4220737605155289,-0.004229670061350675,1.0113797174890005,2810.8150460379466,2908.200840541295,2942.495328776042,0.991255314180101,0,1.1747012423773524,1.2375853288727023,4,10,4,0,1,2964375.0,0.9781215264600464,1
2025-10-06,2869.28759765625,2874.2805224330996,2780.18662812204,2786.331441741774,2112774,2.980805122839847,0.029372426844047842,1.0338444525123904,2804.3683733258927,2899.731026785714,2938.840372721354,1.0231493212332035,0,1.8315785858208273,1.5522175165563177,0,10,4,1,0,3033955.0,0.6963761822439687,0
2025-10-07,2855.17333984375,2884.7457512248284,2837.6988077034384,2875.624405031906,3062943,-0.49190808980003053,-0.004931219399649274,1.016579259008628,2806.6041085379466,2887.93497140067,2936.2703776041667,1.0173053374923993,0,1.5283893319924091,1.5020514545938375,1,10,4,0,0,2760895.285714286,1.1094020899121386,1
2025-10-08,2906.541015625,2921.711301932003,2849.70067174965,2856.421663900003,4121889,1.799108833933749,0.017831164002918953,1.0252695417789757,2824.174630301339,2877.949480329241,2932.6410319010415,1.0291647635524834,0,1.333446385375381,1.5809897276737284,2,10,4,0,0,2787645.714285714,1.478627279957691,1
2025-10-09,2939.666259765625,2943.794916608875,2899.6283914412274,2913.0703773618156,3211304,1.1396792256689325,0.011332338071499701,1.0152317880794701,2846.8888811383927,2870.0626046316966,2929.584578450521,1.0325890410552776,0,1.302345708095498,1.6257863954571747,3,10,4,0,0,2802112.714285714,1.1460295596348247,0
2025-10-10,2907.597412109375,2947.635277630445,2887.0502372807746,2928.4324419455565,8817365,-1.0909009670644343,-0.010968949236118504,1.0209851008366013,2866.0780203683034,2860.399483816964,2927.4914794921874,1.0144864834264826,1,1.4449093480104325,1.6411726809834237,4,10,4,0,1,3739813.714285714,2.3577016593951052,0
2025-10-13,2887.338623046875,2914.5106852117856,2878.697346101757,2906.349479208063,2866865,-0.6967535800564195,-0.006991922420579253,1.0124408143004424,2878.834228515625,2855.831961495536,2925.0111165364583,1.0029541105378739,1,1.5295527655114753,1.4544172367995836,0,10,4,1,0,3870379.8571428573,0.7407192848808233,0
2025-10-14,2842.307861328125,2906.5412549765147,2837.699133735008,2900.5884226064827,3611416,-1.5595940621343285,-0.01571883676522925,1.0242598379874388,2886.8445870535716,2848.829816545759,2920.1368001302085,0.9845725239504831,1,1.6907780076497059,1.5024266415261167,1,10,4,0,0,3972079.4285714286,0.9092003483170168,1
2025-10-15,2862.06396484375,2871.6047262713414,2843.9459294866183,2863.220385125294,4282226,0.6950726128025275,0.006926681186740385,1.009725500227677,2885.8126395089284,2845.090506417411,2915.9562255859373,0.9917705417392517,1,1.249173328438698,1.5090202261908532,2,10,4,0,0,4282001.142857143,1.000052512163205,1
2025-10-16,2862.931396484375,2867.0754517571395,2836.332787245134,2862.160371154854,3251495,0.030307905458437645,0.00030303313540557247,1.010838877810902,2886.9209333147323,2846.762520926339,2912.2526285807294,0.9916902688419621,1,1.2324245498260278,1.3340395411408503,3,10,4,0,0,4308937.142857143,0.754593277228458,0
2025-10-17,2854.739501953125,2880.3746213869317,2848.1861401528254,2862.256586509825,4374683,-0.2861365990575071,-0.002865467524101904,1.0113013966258466,2879.5207170758927,2851.847673688616,2908.3335774739585,0.9913939792216767,1,0.9596823085441896,1.2058562481043957,4,10,4,0,1,4345050.571428572,1.0068198121251521,1
2025-10-20,2905.81689453125,2913.333979311689,2870.4483153754104,2877.1943748710046,3133039,1.7892137809134345,0.017733957513853017,1.014940406244754,2874.6850934709823,2860.7869873046875,2907.634138997396,1.0108296387423354,1,1.1325675420236663,1.2748768317266101,0,10,4,1,0,4333869.857142857,0.7229194930337581,0
2025-10-21,2897.62548828125,2921.815026282457,2887.3137006926995,2921.1404673344027,310644,-0.28189684853908714,-0.0028229492599304014,1.0119492819853555,2873.2605329241073,2869.669276646205,2907.5993896484374,1.0084798976904286,1,1.0607198768487316,1.2754526694096895,1,10,4,0,0,3118624.0,0.09960931487733052,1
2025-10-23,2961.712890625,2985.613263353556,2925.958915568601,2944.1731825516827,5564758,2.2117213767940624,0.021876175780335863,1.0203879649394743,2883.885428292411,2881.3598284040177,2908.7279459635415,1.0269870160475383,1,1.30422234219498,1.366369639248222,3,10,4,0,0,3504037.285714286,1.5880989687772809,0
2025-10-24,2952.07568359375,2977.9035021252716,2947.3535359078196,2968.2662739630537,2684318,-0.32539302042934315,-0.0032592357475518946,1.0103652194571366,2899.5665457589284,2893.20556640625,2907.595768229167,1.0181093059966582,1,1.060309904267218,1.3620484515350442,4,10,4,0,1,3371594.714285714,0.7961567826127891,1
2025-10-27,2972.98828125,2981.9509500743798,2949.184375870237,2955.2558763824863,1946312,0.7084031677260905,0.007059057799322344,1.0111103851194363,2915.4128766741073,2900.6127580915177,2906.7062093098957,1.0197486280713606,1,1.0606309319793121,1.1530800282321387,0,10,4,1,0,3037892.714285714,0.6406783198259283,0
2025-10-28,2946.968017578125,2978.096312781555,2929.9101701396817,2964.4114953280427,3470737,-0.8752225441310713,-0.008790751121411084,1.0164462866926653,2927.4181082589284,2907.16952078683,2904.6548665364585,1.0066782087820123,1,1.182700896636404,1.1766195452011106,1,10,4,0,0,3069213.0,1.130823113286696,0
2025-10-29,2946.678955078125,2964.4113606511696,2935.596142774,2946.96788369373,2895420,-0.009808810217004638,-9.809291312254074e-05,1.009815797703679,2940.552315848214,2910.0365164620534,2903.2819986979166,1.0020834994830363,1,1.1595856020472337,1.0873055421879552,2,10,4,0,0,2857889.714285714,1.0131321672514806,0
2025-10-30,2925.187744140625,2952.653842834952,2922.778437237614,2938.487165302022,2241536,-0.7293366961630965,-0.00732009359316103,1.0102215772556382,2943.319580078125,2909.0023367745534,2900.110986328125,0.9938396645541906,1,1.065148034903794,1.0647999067047134,3,10,4,0,0,2730532.1428571427,0.8209154416525298,1
2025-10-31,2947.064208984375,2956.1231088421955,2915.357824198127,2924.898585437403,1868085,0.747865325484498,0.0074508267778534655,1.013982943810776,2950.382254464286,2911.8213936941966,2896.801863606771,0.9988753845455483,1,1.0747162632217182,1.0369158905034137,4,10,4,0,1,2953023.714285714,0.6326007444379287,0
2025-11-03,2907.35888671875,2947.0642176101555,2900.805524854993,2936.3668007969727,2194877,-1.347283922236231,-0.013564421432550685,1.0159468438538206,2942.6173967633927,2913.2514125279017,2892.0444091796876,0.9880179767565352,1,0.795970533211498,1.0887123603954245,0,11,4,1,0,2471612.1428571427,0.8880345592827354,0
2025-11-04,2881.72412109375,2919.405779977123,2868.039303195767,2910.0577150577624,2670720,-0.8817200292025706,-0.00885630181618111,1.0179099626438592,2932.5671735491073,2916.0668596540177,2886.672509765625,0.9826626128417632,1,0.83043632171207,1.024572711544723,1,11,4,0,0,2469669.5714285714,1.0814078251185366,1
2025-11-06,2901.673095703125,2914.2979594160083,2881.531381829982,2881.627848230561,2542721,0.6922583068709409,0.0068987320012686105,1.011371237458194,2922.3792898995534,2918.89608328683,2885.0188151041666,0.9929146109582716,1,0.8270514809331139,1.0244479363507306,3,11,4,0,0,2554870.8571428573,0.9952444339372815,0
2025-11-07,2883.26611328125,2895.0234851722394,2853.101540563387,2892.1323165785257,1830520,-0.6343575521699063,-0.00636378149430037,1.0146934639419016,2913.2790178571427,2920.348563058036,2883.116422526042,0.9896978956042567,0,0.8059756031186734,1.0433070568892198,4,11,4,0,1,2320554.1428571427,0.7888288259226753,1
2025-11-10,2915.4541015625,2937.3305615709287,2883.4585523829414,2884.422275161144,1556656,1.1163724407185827,0.011101869960790647,1.018683122441093,2908.8183244977677,2924.685320172991,2883.151082356771,1.0022812621224386,0,0.9711135701630683,1.074828639337982,0,11,4,1,0,2129302.1428571427,0.7310639334215134,1
2025-11-11,2936.46337890625,2944.847720230334,2908.5154176367123,2934.5359333014544,2806868,0.7206176675012665,0.0071803362500589855,1.012491700189488,2910.429129464286,2926.874354771205,2886.382421875,1.008945158354279,0,0.9810418946043851,0.9840142030879877,1,11,4,0,0,2210063.8571428573,1.2700393207772211,1
2025-11-12,3018.18701171875,3022.619995280987,2946.1969680097523,2948.991669923252,4460315,2.783063238573047,0.02745039897087269,1.0259395512591478,2920.589529854911,2935.4858921595983,2894.2037434895833,1.03341704846442,0,1.4217646441983123,1.211981254750052,2,11,4,0,0,2580382.4285714286,1.7285480441243566,0
2025-11-13,2993.033935546875,3018.2834265472866,2989.4682081451956,3018.1871954349617,1740435,-0.8333836198424094,-0.008368756761493006,1.0096389111359607,2932.8288225446427,2937.7231096540177,2901.2826578776044,1.0205280010000706,0,1.3298207148718413,1.1112467162787893,3,11,4,0,0,2515462.1428571427,0.6918947299374413,1
2025-11-14,2993.322998046875,3000.1655239975616,2965.6642009169345,2977.9034333434784,2210794,0.009657842384180881,9.657376044608612e-05,1.0116335905696807,2948.7715192522323,2940.66934640067,2908.617643229167,1.0151084878919139,1,1.2223690882621412,1.1054170301637458,4,11,4,0,1,2449758.4285714286,0.902453880438007,0
2025-11-17,2989.660888671875,3010.188231818854,2974.626953832486,2993.323082448971,2232853,-0.12234260644071737,-0.0012241750610316935,1.0119548698167182,2961.3412039620534,2941.8602469308034,2915.004833984375,1.0095631279070214,1,1.2451982450754453,1.0927474542567452,0,11,4,1,0,2405491.5714285714,0.9282314793869575,0
2025-11-18,2975.10888671875,2992.3594315179676,2966.338914722159,2989.4682629851,2548350,-0.48674423270759215,-0.004879326905162049,1.0087719298245614,2974.461600167411,2943.8703090122767,2921.3006184895835,1.0002176146941357,1,1.225174317558978,1.0723112957229286,1,11,4,0,0,2508038.714285714,1.0160728323229917,1
2025-11-19,3033.51025390625,3040.5454775036865,2971.639296317787,2984.6495543039355,3151053,1.9629993190572126,0.019439809711890372,1.0231879357872546,2991.3267647879466,2950.0725446428573,2926.77470703125,1.0141019328329026,1,1.3379102080667775,1.1843370927463046,2,11,4,0,0,2735809.714285714,1.1517807629477992,0
2025-11-20,3030.7158203125,3049.701114369028,3024.2589239449585,3033.799686533007,2700767,-0.09211881153695645,-0.0009216126698912583,1.0084127024384808,3004.7913992745534,2957.61026436942,2932.626123046875,1.0086276941035592,1,1.3584035705693775,1.1572240060786796,3,11,4,0,0,2720652.4285714286,0.9926909338500581,1
2025-11-21,3036.304931640625,3055.001058516103,3021.463460406849,3030.715292741771,4177037,0.18441555261188292,0.0018424571590313652,1.0110997860966149,3007.3796735491073,2963.984601702009,2936.9515869140623,1.0096180932344276,1,0.8932166030889884,1.1487045530267017,4,11,4,0,1,2680184.1428571427,1.5584888117229045,0
2025-11-24,3027.24609375,3063.578397230728,3017.4161679823073,3043.4366842823783,6703764,-0.2983507287500964,-0.0029879668176041223,1.0152985954467424,3012.2671247209823,2972.5479736328125,2939.870914713542,1.0049726562780865,1,0.821122107830348,1.0701829510053102,0,11,4,1,0,3389231.1428571427,1.9779601087781478,0
2025-11-25,3006.044189453125,3035.534202019235,3001.996600643867,3031.1974493056246,2737920,-0.7003693667537614,-0.007028334649358527,1.0111717652738763,3014.0844377790177,2981.427978515625,2943.1524739583333,0.9973324409146888,1,0.8849362238239454,1.055854765064832,1,11,4,0,0,3464534.8571428573,0.7902705883750051,1
2025-11-26,3048.15869140625,3062.71099952004,3003.923909850209,3005.658657913636,2508527,1.400994107168696,0.013912708939166026,1.0195700994546038,3022.4412667410716,2991.8912353515625,2948.513142903646,1.008508825282454,1,1.0099683930002386,1.0921018701452283,2,11,4,0,0,3503916.8571428573,0.7159208115587218,0
2025-11-27,3022.81298828125,3064.6384631299097,3011.6337098367826,3064.6384631299097,2836233,-0.8315086480391476,-0.00834984965195746,1.0175999999999998,3029.2561383928573,3001.858869280134,2954.52998046875,0.9978730256481296,1,1.0608061178282329,1.1070495039934323,3,11,4,0,0,3545043.0,0.8000560218874637,1
2025-11-28,3023.68017578125,3033.12470593688,3011.6336412163846,3026.089482694223,1616690,0.028688096265372387,0.0002868398201788311,1.007136015625,3027.8518415178573,3009.5893031529017,2959.9171875,0.9986222358441039,1,0.7375031654666925,1.086639172171432,4,11,4,0,1,3325848.285714286,0.48609854121857116,0
2025-12-01,3019.728759765625,3039.5815424570487,3008.935112061614,3024.0655121248697,1747647,-0.13068234025789272,-0.0013076780409371047,1.01018514167108,3026.2822614397323,3015.5368303571427,2965.143766276042,0.9978344711074671,1,0.738066022432188,1.0830623342748713,0,12,4,1,0,3189688.285714286,0.5479052632908419,1
2025-12-02,3021.945556640625,3029.9445029896465,3007.200550647543,3017.4161065078188,2512003,0.0734104633679733,0.0007338353106725894,1.0075631644644405,3024.2309221540177,3015.8052978515625,2970.7173014322916,0.9992443151425207,1,0.7333790488077218,0.7892277257680447,1,12,4,0,0,2951826.285714286,0.850999603925589,1
2025-12-03,3064.638427734375,3095.3810901757683,3025.125793917674,3026.089516693691,3952112,1.4127610935919632,0.014028746299894567,1.0232239255634756,3029.572684151786,3020.919904436384,2976.0113525390625,1.0115744849978427,1,0.9073312701895875,0.8313845972434634,2,12,4,0,0,2558733.1428571427,1.5445580993987427,1
2025-12-04,3112.053466796875,3132.0989471151875,3071.769808666434,3078.13047294951,5025905,1.5471658461697624,0.015353192699256517,1.019639863077808,3044.716866629464,3029.400652204241,2983.1589518229166,1.0221158824012273,1,0.9412994957245353,0.9064241371089096,3,12,4,0,0,2885588.1428571427,1.7417263833859669,1
2025-12-05,3120.72705078125,3152.915532717371,3105.5001838412545,3112.824571063191,5244013,0.27870934985261275,0.0027832167550019544,1.0152681842116227,3055.0837751116073,3038.762520926339,2988.459423828125,1.021486571400892,1,0.8537936367845541,0.898968307413301,4,12,4,0,1,3276371.8571428573,1.6005548907910025,0
2025-12-08,3119.0888671875,3141.6398867746047,3092.2010949656524,3125.353065437683,2544725,-0.05249365186679178,-0.0005250743460781046,1.0159882201353083,3068.837472098214,3049.046805245536,2994.0265299479165,1.016374733281306,1,0.7151957065045444,0.8765501305826325,0,12,4,1,0,3234727.8571428573,0.7866890546544101,0
2025-12-09,3091.911865234375,3116.390329915732,3065.794883587669,3112.824602659864,2734893,-0.8713122039908594,-0.008751303234477547,1.0165032065905384,3078.5848563058034,3053.21834891183,2997.9906494140623,1.0043289399352673,1,0.8682953563971042,0.7969811967820593,1,12,4,0,0,3394471.1428571427,0.8056904551258101,0
2025-12-10,3073.5048828125,3108.0062080861744,3062.807700289892,3108.0062080861744,1386849,-0.5953268794251287,-0.005971060145191404,1.0147572137134186,3086.267159598214,3056.2747105189733,3002.208544921875,0.9958648178768245,1,0.9246457518256445,0.8192538000504817,2,12,4,0,0,3342928.5714285714,0.4148604944338796,1
2025-12-11,3076.106689453125,3092.0081155406747,3038.7144333046613,3088.7315521574005,1914362,0.08465275767657321,0.0008461694743780671,1.0175382331593612,3094.004464285714,3059.117693219866,3006.522802734375,0.9942153364550103,1,0.9242851783297702,0.8189277194550676,3,12,4,0,0,3257551.285714286,0.5876690286950421,1
2025-12-12,3103.669189453125,3106.078496384854,3070.131589906683,3081.696263178982,1146554,0.8960189870690138,0.008920285559097749,1.0117085881909262,3099.5802873883927,3064.576485770089,3012.4721842447916,1.001319179271261,1,0.83276600643628,0.8366866287396495,4,12,4,0,1,2856757.285714286,0.4013480619209562,1
2025-12-15,3113.017333984375,3120.727116365754,3081.31094805451,3094.610369719165,1562190,0.30119655029656744,0.0030074386224642107,1.0127920125478185,3099.7179827008927,3072.2174246651784,3018.003955078125,1.0042905036386227,1,0.5908360783554671,0.7973804111764177,0,12,4,1,0,2361940.8571428573,0.6614009810092015,0
2025-12-16,3088.828125,3103.187500999765,3075.3360054304358,3103.187500999765,1734623,-0.777034188672987,-0.00780068829678529,1.0090564073389539,3095.1609933035716,3075.122384207589,3024.0529296875,0.9979539454273064,1,0.642118961961624,0.7681107418765608,1,12,4,0,0,1860599.4285714286,0.9322925576365712,1
2025-12-17,3101.0673828125,3119.4743477745933,3084.3949307247763,3084.3949307247763,1376350,0.3962427599463858,0.003954597859593029,1.011373192421106,3092.586495535714,3080.711983816964,3031.3643717447917,1.0027423282385242,1,0.674466530842429,0.7226328180097333,2,12,4,0,0,1693688.7142857143,0.8126345699719993,1
2025-12-18,3161.781982421875,3168.5280423912595,3104.151308769499,3110.897368738883,2307422,1.957861346253953,0.01938941788059284,1.0207389161217402,3102.567940848214,3090.576398577009,3040.03466796875,1.019085493920714,1,0.9235051146597422,0.8611617266730682,3,12,4,0,0,1632621.4285714286,1.413323358140064,1
2025-12-19,3162.938232421875,3197.5357868591873,3159.854366515901,3179.3215200364916,3902511,0.03656956761814989,0.00036562882581514,1.0119250496929815,3115.3441336495534,3100.805646623884,3049.357071940104,1.015277316639997,1,0.8464016960821908,0.8555263889388525,4,12,4,0,1,1992001.7142857143,1.959090181505868,1
2025-12-22,3204.281982421875,3207.8479451634685,3171.6118722000997,3189.9226061933546,2632816,1.3071311218222137,0.012986618858180284,1.0114251284279094,3133.6548897879466,3113.82967703683,3058.98466796875,1.0225382485046743,1,0.892091711192322,0.88939042065999,0,12,4,1,0,2094638.0,1.2569312692694394,0
2025-12-23,3189.92236328125,3199.4631245744913,3174.0209376032617,3199.4631245744913,2365420,-0.4481384353624107,-0.0044914558572696234,1.0080157590234553,3145.9767717633927,3122.7785295758927,3067.43330078125,1.013968822628409,1,0.9571073784160835,0.8689135048423703,1,12,4,0,0,2268761.714285714,1.0426039830915947,1
2025-12-24,3198.595947265625,3206.4021959958864,3176.5267894381177,3184.236571775606,1367708,0.27190580197862246,0.0027153680688091998,1.009405054179648,3158.2022879464284,3128.960135323661,3073.4469319661457,1.012790079810075,1,0.957656133397908,0.7902805371396069,2,12,4,0,0,2240978.5714285714,0.6103173039839102,0
2025-12-26,3161.010986328125,3199.559900795541,3153.108505919085,3192.9103071634727,1176664,-1.1750455999179898,-0.011820038226323798,1.0147319366870047,3168.5141252790177,3131.837559291295,3079.0461669921874,0.9976319692277743,1,1.046347084980434,0.8704441855382717,4,12,4,0,1,2161270.1428571427,0.5444317101630252,0
2025-12-29,3133.54443359375,3168.7203129805475,3125.2563240630398,3161.0105311971397,2079473,-0.8689167121902486,-0.008727138051721288,1.013907335722467,3173.1537039620534,3132.870099748884,3083.72021484375,0.9875173804789706,1,1.1391962596263583,0.9076504100033033,0,12,4,1,0,2261716.285714286,0.9194225699901477,0
2025-12-30,3129.01513671875,3148.9641510011397,3121.9799134409154,3132.099002526,2807593,-0.14454228976116257,-0.0014464685289959185,1.0086433091526472,3168.472726004464,3135.520333426339,3088.3653564453125,0.9875468111302093,1,0.8157205413484265,0.8717889096775594,1,12,4,0,0,2333169.285714286,1.203338744938292,0
2025-12-31,3089.887939453125,3128.2441532690227,3082.4673210816295,3122.461816571668,3362634,-1.250463662079171,-0.012583477530077268,1.0148507112709082,3158.0369698660716,3136.6905517578125,3092.1913248697915,0.9784204456555692,1,0.9076183362943049,0.9271581207560541,2,12,4,0,0,2256044.0,1.4905001852800743,1
2026-01-01,3110.31884765625,3116.775978595714,3082.1781891606697,3098.368779137981,1255735,0.6612184196796766,0.006590419595227597,1.0112251100720644,3144.6136648995534,3139.13427734375,3094.751611328125,0.9890941079261643,1,0.7286628927997363,0.941888527625915,3,1,1,0,0,2059318.142857143,0.6097819340618084,1
2026-01-02,3132.773681640625,3136.243177859361,3102.7055771191704,3116.6795578205924,1184324,0.7219463689806416,0.007193528114308228,1.0108091470191412,3136.4495675223216,3141.2131696428573,3098.1535400390626,0.9988280105250982,0,0.8463683590002443,0.931423229363927,4,1,1,0,1,1890590.142857143,0.6264308551879983,0
2026-01-05,3099.428955078125,3129.207895137578,3075.2394189664337,3122.94369701057,2341703,-1.0643835128568035,-0.010700885929027237,1.0175493575681605,3122.2828543526784,3140.2425711495534,3100.257674153646,0.9926803879274764,0,0.858373812893785,0.9758724250256373,0,1,1,1,0,2029732.2857142857,1.1537004246724727,1
2026-01-06,3137.688720703125,3144.8201752673103,3088.7315556964636,3093.550169667909,2912325,1.2344133767710597,0.012268566190461084,1.0181591111300703,3118.951102120536,3143.7326136997767,3103.9390950520833,1.006007666670327,0,0.990160850407778,1.0045738996410403,1,1,1,0,0,2277683.8571428573,1.2786344298252352,1
2026-01-07,3176.044921875,3180.8635358265738,3106.271250685878,3125.2565425983025,1989442,1.2224348743963276,0.012150234778190468,1.0240134486401422,3125.0226004464284,3149.088152204241,3109.6057861328127,1.0163270247777674,0,1.0345450534799225,1.0456763089298229,2,1,1,0,0,2264822.285714286,0.8784097598070766,0
2026-01-08,3087.67138671875,3167.66037916829,3066.565951499233,3167.66037916829,4159336,-2.7825026827415944,-0.02821947717015205,1.03296665692764,3119.1163504464284,3143.7945382254466,3110.9228759765624,0.9899186307291237,0,1.5378334494530457,1.1827600944927388,3,1,1,0,0,2457928.4285714286,1.6922120073355618,1
2026-01-09,3091.429931640625,3112.5353660738615,3075.2393421369984,3075.2393421369984,1938673,0.12172749140475503,0.0012165346356266995,1.012127844303314,3119.3366350446427,3138.6868024553573,3113.210107421875,0.9910536416331294,0,1.4642806132784358,1.1840821942707904,4,1,1,0,1,2254505.4285714286,0.859910548642344,1
2026-01-12,3122.07666015625,3134.0267294637697,3059.1455105674945,3086.8043094933746,2228342,0.9913447560935262,0.009864631696877775,1.0244778218746398,3121.0163225446427,3132.8149937220983,3116.489990234375,1.0003397411298198,0,1.4935337619062405,1.1567450023261217,0,1,1,1,0,2393449.285714286,0.9310170110142892,1
2026-01-13,3149.446044921875,3161.0107182814413,3094.0319850739534,3127.2804209827063,5645341,0.8766403821825142,0.008728202003212024,1.0216477184239214,3123.3980887276784,3129.923828125,3120.813899739583,1.0083396209686506,0,1.505991611185357,1.186848325022974,1,1,1,0,0,3030737.4285714286,1.8626955099376568,0
2026-01-14,3076.68505859375,3141.7363480080267,3067.529691935444,3141.7363480080267,3539511,-2.3102788646099826,-0.023373840914375468,1.024191014765944,3120.1489606584823,3121.21590750558,3122.6385498046875,0.9860699272333588,0,1.7226073299301181,1.3203224820180115,2,1,1,0,0,3201852.8571428573,1.105457108094108,0
2026-01-15,3076.68505859375,3076.68505859375,3076.68505859375,3076.68505859375,0,0.0,0.0,1.0,3111.434151785714,3115.192626953125,3123.040104166667,0.9888318082605023,0,1.6245451715366712,1.295410716283538,3,1,1,0,0,2785806.4285714286,0.0,1
2026-01-16,3146.54931640625,3161.464149941515,3111.519017760894,3159.0110444402844,4293470,2.2707640360314585,0.022453659575674408,1.0160516879040524,3107.2204938616073,3116.1215471540177,3124.1899658203124,1.0126572358229284,0,1.8213180966667775,1.4324451369670415,4,1,1,0,1,3114953.285714286,1.3783416976718705,0
2026-01-19,3104.258056640625,3159.600023336744,3092.973770842994,3128.2002715520307,3387562,-1.3440520237555598,-0.013531661609291472,1.0215411631103457,3109.590018136161,3114.353184291295,3123.6409993489583,0.9982853168860081,0,1.528279338579468,1.4793828561844435,0,1,1,1,0,3004699.8571428573,1.127421093972828,0
2026-01-20,3044.10791015625,3100.7255406282875,3033.118044759914,3092.4832014713097,4499273,-1.9376657928196983,-0.019566846181492407,1.0222897674507505,3102.8297293526784,3111.083182198661,3121.141634114583,0.981074752945377,0,1.7080369359175502,1.5328376437372475,1,1,1,0,0,3370499.8571428573,1.3348978462245045,1
2026-01-21,3064.027099609375,3079.6287553253787,3024.188569033875,3041.8509292683366,2015150,0.6543522779421718,0.006522206871131057,1.0183322517845557,3094.536934988839,3107.776628766741,3120.2121419270834,0.9901407428573561,0,1.6730016066582738,1.5325779459373026,2,1,1,0,0,3340043.8571428573,0.6033304010935356,1
2026-01-22,3091.305419921875,3100.7254411371077,3063.7326570458863,3090.9130188550284,2269827,0.8902767314289628,0.008863371330892562,1.0120744164821778,3086.231131417411,3104.814610072545,3120.8054931640627,1.0016441699562968,0,1.6745471499019906,1.5401310873212595,3,1,1,0,0,2857827.5714285714,0.7942491082012196,1
2026-01-23,3103.178466796875,3134.578217290946,3092.875423666008,3130.457047950816,2068857,0.38407873898465006,0.0038334303977042637,1.013483502538071,3090.0159040178573,3105.08243233817,3121.7078857421875,1.0042597071302781,0,1.4121706278925432,1.5176988362434805,4,1,1,0,1,2647734.1428571427,0.7813688566811763,0
2026-01-27,3098.762939453125,3115.4440572399217,3071.2881572160486,3115.4440572399217,4279874,-0.14229047381563165,-0.0014239180284276649,1.014376996805112,3093.1698869977677,3102.302019391741,3121.5443440755207,1.0018081943959392,0,1.4153927759034473,1.4769724881199093,1,1,1,0,0,3259144.714285714,1.3131893104470487,1
2026-01-28,3140.073486328125,3145.0776781720924,3111.1268393421374,3116.425451779539,2751234,1.333130274311678,0.013243222876088654,1.0109127144546552,3092.2447684151784,3099.7326311383927,3122.4462158203123,1.0154673130670246,0,1.2057526340008615,1.484750984388621,2,1,1,0,0,3038825.285714286,0.9053610330721311,0
2026-01-29,3085.41796875,3140.07335254898,3066.9708064954257,3140.07335254898,2457641,-1.7405808436043002,-0.017559070557594023,1.0238354228539552,3089.5533272879466,3099.5716727120534,3122.3325439453124,0.9986615027805406,0,1.2848701133541167,1.359187893706646,3,1,1,0,0,2905979.4285714286,0.8457186502549227,0
2026-01-30,3065.302490234375,3082.081828102924,3034.000959087629,3082.081828102924,3022068,-0.6519531136254586,-0.006540876102734176,1.0158473479948253,3092.581124441964,3097.7054268973216,3121.140380859375,0.9911793310797913,0,1.0444238057869994,1.3696941271286285,4,1,1,0,1,2694950.1428571427,1.121381784375444,1
2026-02-02,3110.1455078125,3138.0126916764966,3075.2131881532646,3138.0126916764966,2636272,1.4629230792389425,0.014523255899442856,1.0204211869814934,3099.1694684709823,3096.853201729911,3119.4191650390626,1.0035416066959812,1,1.1543786637908537,1.4027233396791516,0,2,1,1,0,2783681.8571428573,0.9470450056048584,1
2026-02-03,3164.800537109375,3287.1613923698505,3126.53209104895,3287.1613923698505,4366060,1.7573142208165082,0.017420519985134136,1.0513761882632746,3109.668770926339,3097.949951171875,3119.481241861979,1.0177291442414982,1,1.2782347945414756,1.4643328809566372,1,2,1,0,0,3083143.714285714,1.4161065472783207,0
2026-02-04,2942.84375,3061.475843095512,2929.9893806035893,3061.475843095512,10852595,-7.013294661283864,-0.07271365640077737,1.044876088412592,3086.7638113839284,3088.3898577008927,3110.766634114583,0.9533750976173966,0,3.057853603973179,2.3298257999198064,2,2,1,0,0,4337963.428571428,2.501771897965023,0
2026-02-05,2935.38623046875,2972.869637012123,2916.5464269268496,2933.9143670738968,3521545,-0.25341201112869527,-0.0025373364284946025,1.0193116110085794,3063.4242815290177,3078.2970842633927,3102.2820963541667,0.9582042710073574,0,3.054680578767813,2.328373214190393,3,2,1,0,0,4229630.714285715,0.8325892348251274,0
2026-02-06,2886.422119140625,2929.0079343210614,2861.302223276454,2920.765595757455,4687389,-1.6680636714816899,-0.016821325245926534,1.0236625514403292,3027.1883719308034,3059.716570172991,3091.8763020833335,0.9534993414696573,0,2.9247990948188702,2.228459372091782,4,2,1,0,1,4506224.285714285,1.0402032173276519,1
2026-02-09,2892.8984375,2921.15826303242,2882.3991930324937,2903.5941220720847,2380318,0.22437183793835302,0.0022412050021389115,1.0134468085106383,2999.6855817522323,3044.619454520089,3082.939217122396,0.9644005542108004,0,2.9537341325277224,2.2270948830502966,0,2,1,1,0,4495178.142857143,0.5295269562970125,1
2026-02-10,2928.61572265625,2955.109263473934,2888.2865702537815,2894.468444356794,3547763,1.2346539613439234,0.012270942697411275,1.02313575595592,2980.1589006696427,3036.3700125558034,3076.108260091146,0.9827045537733539,0,3.0618327178832616,2.2286093466901216,1,2,1,0,0,4570277.428571428,0.7762686303944912,0
2026-02-11,2855.21875,2941.76426862986,2849.723697569715,2924.1019081110685,3363513,-2.506200184900975,-0.02538140164633394,1.0322980684543692,2943.740792410714,3021.4551304408483,3066.9817138671874,0.9699287238064799,0,2.9808655094887477,2.288992214150083,2,2,1,0,0,4674169.0,0.7195959324534479,0
2026-02-12,2698.51416015625,2825.977420921291,2688.603518515395,2815.9687988010764,10612156,-5.488356709752972,-0.05644714965744809,1.051094890510949,2877.1284528459823,2993.398611886161,3053.9359212239583,0.9379192498294431,0,3.050156705186584,2.608289783057489,3,2,1,0,0,5566468.428571428,1.9064432208993038,0
2026-02-13,2641.7001953125,2662.110080925881,2536.5110796879476,2536.5110796879476,11168735,-2.105379533767593,-0.021278587233789496,1.0495164410058029,2834.1079450334823,2960.435878208705,3038.3152994791667,0.9321099430746245,0,2.210557017445174,2.5963934838863154,4,2,1,0,1,5611631.285714285,1.9902831157907,1
2026-02-16,2655.830322265625,2668.7826718221954,2620.898002964758,2649.3540277067937,2918730,0.5348876067843733,0.0053346216377764665,1.0182703290258799,2794.17138671875,2928.797834123884,3022.4171875,0.9504894133872076,0,2.3033105645350584,2.6220142728457625,0,2,1,1,0,5525514.857142857,0.5282276992209957,1
2026-02-17,2666.427490234375,2708.228504276998,2644.6439610469733,2665.0538469624375,4209118,0.39901524882470785,0.003982212942797605,1.02404276120588,2762.743582589286,2894.965977260045,3007.9838053385415,0.9651375201948196,0,2.3934051283607687,2.567675678615722,1,2,1,0,0,5457190.428571428,0.7712976219343429,0
2026-02-18,2644.349609375,2678.7913077273606,2607.4550449905755,2678.7913077273606,2950820,-0.827994796042042,-0.008314417130021803,1.0273585781944106,2727.2366071428573,2863.461094447545,2991.539168294271,0.9696076983013614,0,2.3284485842052174,2.562549783706884,2,2,1,0,0,5538690.714285715,0.5327648991825943,0
2026-02-19,2627.66845703125,2697.140454434555,2616.5806115438327,2657.2039438116426,3238849,-0.6308225011023683,-0.006328205936188727,1.0307882136462023,2684.244140625,2832.2015206473216,2973.2599527994794,0.9789230484897037,0,2.091162859213331,2.562817603675383,3,2,1,0,0,5494560.142857143,0.5894646551845395,1
2026-02-20,2635.812744140625,2651.905259923164,2597.838718993336,2616.972941852777,2293482,0.309943481932895,0.0030946414731181193,1.0208121237606231,2652.9004255022323,2798.3206089564733,2958.197998046875,0.9935588681741147,0,2.1396547081731754,2.492981614925581,4,2,1,0,1,5341698.571428572,0.42935444022754665,0
2026-02-23,2626.0986328125,2653.2789947204583,2610.3005370564806,2635.616634548502,4699596,-0.3685433022402429,-0.003692240962636152,1.016464946106337,2642.555350167411,2759.8419015066966,2942.6869547526044,0.9937724228353937,0,0.92740353411457,2.3639940750621378,0,2,1,1,0,4497047.142857143,1.0450404122324077,0
2026-02-24,2525.423095703125,2597.8388206557183,2513.255787797201,2591.460746119642,7798833,-3.8336540696323196,-0.03909072392642306,1.0336547649742616,2625.9443359375,2730.026140485491,2922.7985026041665,0.9617199653249743,0,1.5094305518811748,1.8746705339325413,1,2,1,0,0,4015632.5714285714,1.9421181747277105,1
2026-02-25,2579.980224609375,2604.4130601353972,2546.3235684513456,2547.3048106742554,3621285,2.1603163841764195,0.021373122679090955,1.0228130833032274,2615.1086077008927,2704.6399972098216,2903.81630859375,0.9865671418050965,0,1.8131502843032636,2.0576104598740446,2,2,1,0,0,4115997.5714285714,0.8798073704263951,1
2026-02-26,2598.034912109375,2620.897903167908,2585.5731841435563,2600.2918170703697,3464267,0.6997994530261842,0.006973622205407232,1.0136622390891838,2605.3382393973216,2684.0409109933034,2887.8613037109376,0.9971967834435056,0,1.8385947012405588,2.086518689442242,3,2,1,0,0,4009590.285714286,0.8639952596510395,0
2026-02-27,2587.92822265625,2638.168017666852,2576.8403768444346,2631.299321894741,5083717,-0.3890128422069261,-0.0038977146523038113,1.0237995497794545,2597.2780412946427,2662.25732421875,2871.5694091796877,0.9964001471965119,0,1.8272581135535109,2.0713575341602466,4,2,1,0,1,4314289.857142857,1.178343868477742,0
2026-03-02,2564.4765625,2574.5834053591284,2531.8993684474203,2543.37985460111,3374385,-0.9061943817042617,-0.00910325298016622,1.0168585045059995,2588.2506277901784,2636.247384207589,2852.166984049479,0.9908146201009612,0,1.8386683221771962,1.9891965307415733,0,3,1,1,0,4333652.142857143,0.7786469446011637,0
2026-03-04,2539.2587890625,2585.5733762002424,2531.997452542583,2575.7609535201655,3446434,-0.9833497332849994,-0.009882165482658235,1.021159548799648,2574.457205636161,2613.6788155691966,2833.333675130208,0.9863278299998143,0,1.8283048710078227,1.9370432905762915,2,3,1,0,0,4498359.571428572,0.766153515581569,0
2026-03-05,2530.427490234375,2560.551578540278,2498.6350985020495,2551.229777430436,2960636,-0.34779042081746203,-0.0034839661763929114,1.0247801209849923,2560.7898995535716,2601.672624860491,2816.2109944661456,0.9881433422849373,0,1.8286029680211924,1.394562952895633,3,3,1,0,0,4249936.714285715,0.6966306086507439,0
2026-03-06,2509.625244140625,2570.069622274581,2505.7002751879877,2523.7550365456814,3998643,-0.822084259439626,-0.008254820064633323,1.0256891647113555,2558.5330636160716,2592.238699776786,2797.7309326171876,0.9808844293744153,0,1.1433516328995488,1.3173677753112638,4,3,1,0,1,3707052.4285714286,1.0786583349027357,0
2026-03-09,2479.991455078125,2511.9800468111703,2458.0117254929614,2482.542780637602,3653428,-1.1808053466025537,-0.011878322235375193,1.0219560878243514,2544.248953683036,2579.678780691964,2777.353800455729,0.9747440208192315,0,0.6343650940938915,1.3077300416986755,0,3,1,1,0,3711644.285714286,0.9843152303311085,0
2026-03-10,2465.9599609375,2497.45769299971,2443.39138949283,2493.3365235176843,4323710,-0.5657880034987017,-0.005673946468192725,1.0221275657020723,2525.381103515625,2565.3596714564733,2756.11318359375,0.9764704255942187,0,0.31496686414828784,1.2830280526864917,1,3,1,0,0,3834421.8571428573,1.1276041502699252,0
2026-03-11,2418.663818359375,2473.711601954393,2413.9540474182472,2461.0536733182116,2720664,-1.9179606857908649,-0.019365921661034756,1.024755050577726,2501.2004743303573,2549.2392578125,2733.443212890625,0.9670011833045571,0,0.5031742731511256,1.333343170728582,2,3,1,0,0,3496842.8571428573,0.7780343902050421,0
2026-03-12,2396.5859375,2426.513825649523,2390.3060830242093,2413.6596961153996,2752075,-0.9128131281324947,-0.009170047947206486,1.0151477431624587,2477.2160993303573,2532.7333635602677,2708.660294596354,0.9674513007354694,0,0.5030612752807022,1.3355358907598567,3,3,1,0,0,3407941.4285714286,0.8075476230099528,0
2026-03-13,2365.284423828125,2400.0203033629555,2352.0376535639975,2391.287343235487,2466488,-1.306087680065715,-0.013146920073612877,1.0204004598847518,2452.362618582589,2513.409912109375,2684.6558430989585,0.9644921211509929,0,0.5199036329275046,1.3161616704665733,4,3,1,0,1,3267949.1428571427,0.7547510356429747,0
2026-03-16,2364.0087890625,2379.5124645789865,2321.7173916761253,2364.793830777467,3807907,-0.05393155904525049,-0.0005394610734153957,1.024893242007003,2428.5885184151784,2494.689208984375,2661.2793863932293,0.973408533861133,0,0.5892945312358439,1.3260528760496653,0,3,1,1,0,3388987.8571428573,1.1236118748475894,0
2026-03-17,2346.8369140625,2374.6061161428333,2315.731584337639,2374.6061161428333,2993367,-0.7263879508167981,-0.007290389937981124,1.0254237288135593,2405.3330426897323,2481.9330531529017,2635.8357666015627,0.9756806531199439,0,0.5942688854903847,0.984454743025471,1,3,1,0,0,3245377.0,0.9223480045615656,1
2026-03-18,2395.01611328125,2436.326267951688,2364.793804301608,2364.793804301608,3082388,2.052941937722852,0.020321531247360622,1.0302489221343363,2393.1937081473216,2468.7213309151784,2610.1762858072916,1.000761495038084,0,1.2650542960368631,0.9621491858150383,2,3,1,0,0,3163799.8571428573,0.9742676968143054,0
2026-03-19,2311.806640625,2378.5311107279285,2306.115387909886,2371.6624152761565,2757060,-3.474276110078034,-0.03536064435882141,1.031401604272575,2371.171805245536,2448.27645438058,2589.1417154947917,0.9749637860532891,0,1.69773574454725,1.1761234415403834,3,3,1,0,0,2939992.714285714,0.9377778341433208,1
2026-03-20,2345.7578125,2362.6351312433567,2319.8528734315287,2341.2440023374425,4206320,1.4685991154442357,0.014579196308753225,1.018441797883736,2360.756661551339,2430.9785679408483,2569.4874348958333,0.9936465925117911,0,1.8378758762938998,1.3243903239655364,4,3,1,0,1,3152229.285714286,1.3343953179620498,0
2026-03-23,2339.085205078125,2361.6537756859007,2303.956686393805,2320.6378037995523,3860515,-0.284454234206033,-0.0028485957411633358,1.0250426102334433,2352.5422712053573,2414.8791852678573,2551.24287109375,0.9942797771194405,0,1.8251929428355016,1.327045796767867,0,3,1,1,0,3310577.8571428573,1.1661151516707593,1
2026-03-24,2353.803955078125,2389.7172776589064,2334.47353068287,2359.0045869106293,3420182,0.6292524089351659,0.006272808822282005,1.0236643278452064,2350.9022042410716,2401.63241141183,2533.273055013021,1.0012343137165887,0,1.7994366991862791,1.3650223733209725,1,3,1,0,0,3446819.8571428573,0.9922717582447323,0
2026-03-25,2332.80517578125,2376.1762738846405,2325.3478785890734,2355.864368126978,5843778,-0.8921209963800081,-0.008961242226072468,1.0218584048277575,2346.4445452008927,2387.516531808036,2513.412703450521,0.9941872185100054,0,1.8269947657502041,1.36713647350691,2,3,1,0,0,3737658.5714285714,1.5634863078909982,1
2026-03-27,2344.97265625,2376.6668272056972,2340.262645780238,2358.8080275261386,4979411,0.521581510323732,0.005202259853661801,1.0155555965015721,2346.17822265625,2375.755632672991,2496.404500325521,0.9994861573623827,0,1.8251338863786284,1.394990690664189,4,3,1,0,1,4021379.1428571427,1.2382346511257296,0
2026-03-30,2314.652099609375,2353.0187649541185,2302.1903717438945,2330.5484146912077,6804756,-1.293002566994217,-0.013014346083887702,1.02207827546934,2334.6976492745534,2363.9456787109375,2483.609098307292,0.9914140703951936,0,1.626100066702452,1.3996752209078402,0,3,1,1,0,4553146.0,1.4945174171880278,1
2026-04-01,2363.027587890625,2425.630892660341,2352.9207445923203,2383.4374750291136,4132661,2.089968003805587,0.02068427778114273,1.030902081268623,2342.0149274553573,2356.5933663504466,2474.3200113932294,1.0089720437683538,0,1.2264255873616943,1.5584715425194084,2,4,2,0,0,4749660.428571428,0.8700960967946492,1
2026-04-02,2404.730224609375,2423.570027038862,2331.1370592120925,2341.24390183887,5378361,1.7647968619772358,0.017494051466547034,1.0396514514071562,2350.4395577566966,2355.5981096540177,2465.9500081380206,1.0230980910245122,0,1.276737902522489,1.573784315165458,3,4,2,0,0,4917094.857142857,1.0938086728563068,1
2026-04-06,2427.4951171875,2435.4432752720936,2402.2772391631793,2427.593337237373,2572417,0.9466713706658192,0.009422185177759425,1.0138060818161303,2363.0695452008927,2357.805908203125,2457.985595703125,1.0272635107660915,1,1.2574484986372818,1.5719863119654762,0,4,2,1,0,4733080.857142857,0.5434973704533013,1
2026-04-07,2492.1591796875,2496.182129281132,2402.0810908677395,2414.837240451596,4516550,2.663818437456622,0.026289565440237722,1.039174796709048,2382.8345772879466,2366.868390764509,2452.9125813802084,1.0458800637868797,1,1.494758597731558,1.6541437730173414,1,4,2,0,0,4889704.857142857,0.9236856072002476,1
2026-04-08,2511.195068359375,2531.899375247164,2492.453485493659,2523.755016821873,4769337,0.76383117206269,0.00760928752121577,1.0158261287454646,2408.31884765625,2377.3816964285716,2449.030135091146,1.0427170267770993,1,1.2946478624630668,1.6518250080826224,2,4,2,0,0,4736213.285714285,1.0069937125478754,1
2026-04-09,2540.43603515625,2556.135910228672,2483.6222080623565,2506.092558435327,5628261,1.1644243478057925,0.011576970996123292,1.0291967521996384,2436.2421875,2391.210205078125,2445.8509114583335,1.0427682634308089,1,1.2722509814698455,1.6257674916023237,3,4,2,0,0,4828906.142857143,1.1655353890705151,0
2026-04-10,2476.94970703125,2517.671257898199,2454.1849361455575,2517.671257898199,10480239,-2.4990327347917396,-0.025307887364696715,1.0258685972754567,2459.427559988839,2397.0626046316966,2440.8792805989583,1.0071244818621494,1,1.6767294887311985,1.7583368646182507,4,4,2,0,1,5353975.142857143,1.9574687443183072,0
2026-04-13,2426.2197265625,2457.9136601554055,2423.6684008424363,2443.195026142192,3739587,-2.04808278200983,-0.020693468353772917,1.0141295151189271,2468.455008370536,2405.2349679129466,2437.572501627604,0.9828899932691437,1,1.9321982539947666,1.5552422932123977,0,4,2,1,0,5297821.714285715,0.7058725645515979,1
2026-04-15,2506.9755859375,2510.9987747578325,2446.629190999006,2454.9697496490417,5261384,3.3284643798282776,0.032742702807972764,1.0263094971627242,2483.0614885602677,2416.7505231584823,2435.139013671875,1.0096308921415789,1,2.1902719347723774,1.7274137215055765,2,4,2,0,0,5281110.714285715,0.9962646656446053,1
2026-04-16,2528.56298828125,2545.3423261167095,2510.0176060935014,2523.754997213638,3905403,0.8610934412301985,0.00857407177989245,1.0140734949179047,2497.499755859375,2430.284650530134,2432.823282877604,1.0124377319152875,1,2.1883641459931282,1.7150081549672764,3,4,2,0,0,5471537.285714285,0.7137670449942235,1
2026-04-17,2533.076904296875,2540.4362212762385,2507.957006516208,2521.792618261851,2718206,0.17851704847950955,0.001783578961776977,1.0129504671234963,2503.345145089286,2443.089861188616,2430.994905598958,1.0118768118195418,1,1.9914001635052925,1.7180695780318893,4,4,2,0,1,5214631.0,0.5212652630646348,0
2026-04-20,2531.212646484375,2545.3424392975157,2513.15764504414,2538.571963483115,2288558,-0.0735965737691413,-0.0007362366934258555,1.012806516263253,2506.2047991071427,2457.2618233816966,2429.8861083984375,1.0099783734298735,1,1.980503659790071,1.6790944256861353,0,4,2,1,0,4860234.0,0.4708740361060805,1
2026-04-21,2561.532958984375,2564.9673069470045,2511.9802240950007,2511.9802240950007,2719959,1.1978571828847429,0.011907396558933187,1.02109375,2509.2186453683034,2472.7304164341517,2430.6285807291665,1.0208488461986511,1,1.9834514093739977,1.6864441980592957,1,4,2,0,0,4444762.285714285,0.6119470120465386,0
2026-04-22,2490.88330078125,2531.6048516902206,2456.6380441545243,2531.6048516902206,5232045,-2.758100689484666,-0.027968504537220124,1.0305160166814469,2511.209158761161,2485.318359375,2429.310441080729,0.9919059478144234,1,2.0423356059411146,1.8532389991231302,2,4,2,0,0,3695020.285714286,1.4159719285515617,0
2026-04-23,2474.49658203125,2511.489364373728,2469.0997500312283,2481.5614778281533,2509050,-0.6578677830816226,-0.006600412708766791,1.0171680444834048,2518.1058523995534,2493.280430385045,2428.1394856770835,0.9826817167647074,1,1.8581493080719416,1.8218690325066056,3,4,2,0,0,3519229.285714286,0.7129543989034937,0
2026-04-24,2351.939453125,2458.0118361710306,2343.991534636913,2441.3307179215667,5107719,-4.9528105957473585,-0.050796687146260795,1.0486436490274182,2495.957833426339,2489.5096609933034,2423.871085611979,0.9422993536298498,1,2.2092134587567664,2.2528621013306225,4,4,2,0,1,3497277.1428571427,1.460484483030472,1
2026-04-27,2401.6884765625,2412.874541687738,2351.9393059532576,2351.9393059532576,5853425,2.115234019795831,0.020931734906316793,1.0259085068990685,2477.8329031808034,2487.666329520089,2421.7287027994794,0.9692697491745482,0,2.415752514747564,2.3167479753649363,0,4,2,1,0,3775566.0,1.5503437100556579,0
2026-04-28,2398.8427734375,2440.349366669426,2381.867235359066,2398.155951805419,4508363,-0.1184876037325644,-0.0011855785579256031,1.0245530609104432,2458.6565987723216,2481.0008719308034,2421.0680013020833,0.9756721514648738,0,2.400160272908305,2.18131314094821,1,4,2,0,0,4031302.714285714,1.1183389885417756,1
2026-04-29,2428.280029296875,2441.2323784506298,2401.688509360205,2405.024637022461,2835961,1.2271440290016145,0.012196756530733932,1.0164650282233973,2443.9519391741073,2475.078369140625,2422.124471028646,0.9935874721486837,0,2.5091054581662044,2.201298983874708,2,4,2,0,0,4109503.1428571427,0.6900982677016012,0
2026-04-30,2427.4951171875,2444.2744555611544,2392.26861608113,2432.4995485090735,3970446,-0.032323788850752155,-0.00032329014113412745,1.0217391304347825,2424.8036760602677,2467.011160714286,2424.1981608072915,1.0011099624904913,0,2.4061154141298697,2.166497822166548,3,4,2,0,0,4288144.142857143,0.9259124385111122,0
2026-05-01,2427.4951171875,2427.4951171875,2427.4951171875,2427.4951171875,0,0.0,0.0,1.0,2415.748221261161,2463.478690011161,2426.3143717447915,1.0048626325471148,0,2.240620817227497,2.0724912521694594,4,5,2,0,1,3540709.1428571427,0.0,0
2026-05-04,2385.6943359375,2451.4375668418284,2379.512461835769,2447.2181772447047,2632358,-1.7219717952895564,-0.017369701573512697,1.0302268242590207,2403.062186104911,2460.5840192522323,2427.609619140625,0.9927726172598296,0,2.3006319873666947,2.0509198917242797,0,5,2,1,0,3558324.5714285714,0.7397745616396031,0
2026-05-05,2381.769287109375,2414.24826083551,2366.952433771704,2384.4185931895904,3385720,-0.16452438055449825,-0.001646598705432517,1.0199817395520876,2407.3235909598216,2451.64071219308,2427.1680582682293,0.9893847657429977,0,1.2072089805287909,1.7986409661264258,1,5,2,0,0,3312324.714285714,1.0221582399206635,1
2026-05-06,2389.717041015625,2424.6493574491965,2361.359238648924,2396.0951150032492,3147628,0.3336911744250326,0.0033313566088232736,1.0268024101392064,2405.6133858816966,2441.72314453125,2429.765071614583,0.9933919785451122,0,0.8748465836382795,1.7767137271212212,2,5,2,0,0,2925782.285714286,1.0758244095498561,0
2026-05-07,2356.35498046875,2393.9366055534624,2353.018852732181,2392.4647422177254,5829594,-1.3960673993727801,-0.014059040787162679,1.0173894708806817,2399.543701171875,2429.1001499720983,2430.118310546875,0.982001277708744,0,1.0099511529652179,1.7879185741336854,3,5,2,0,0,3114529.5714285714,1.871741419146675,0
2026-05-08,2349.486328125,2361.8500761970836,2330.548544505656,2353.0188960201936,3792199,-0.2914948045045218,-0.0029192047802183156,1.0134309717620866,2388.2874581473216,2416.119698660714,2430.4650146484373,0.9837535762749343,0,0.7755160467596479,1.7848657158708918,4,5,2,0,1,3251135.0,1.1664231106982639,0
2026-05-11,2348.014404296875,2369.699953108347,2326.5252955775945,2326.5252955775945,1975188,-0.06264875051644747,-0.0006266838304627181,1.0185575706452974,2376.9330705915177,2400.8683733258927,2430.2720296223956,0.9878336219675525,0,0.7727595578426149,1.7224801708075617,0,5,2,1,0,2966098.1428571427,0.6659213231890458,0
2026-05-12,2257.151611328125,2330.450360002076,2240.176072372522,2330.450360002076,6347884,-3.8697715313190106,-0.03946636724949595,1.0402978537012704,2352.5982840401784,2384.17325265067,2427.750244140625,0.9594292517513273,0,1.4586977561461798,1.850222172085536,1,5,2,0,0,3872938.714285714,1.639035489145544,0
2026-05-13,2230.16748046875,2265.8846032931383,2226.4387119283556,2262.7446759395275,3171843,-1.1954948318025238,-0.012026983405470525,1.0177170344521265,2330.3801618303573,2366.721173967634,2423.923404947917,0.9569972818156429,0,1.430044521464011,1.8551853349476106,2,5,2,0,0,3950008.0,0.8029966015258704,0
2026-05-14,2203.8701171875,2222.513720137884,2165.012827845418,2222.513720137884,5633313,-1.1791653995296691,-0.01186172694261883,1.0265591462336459,2304.965994698661,2356.144792829241,2420.230672200521,0.9561399700717157,0,1.3880266260432128,1.4154623980390701,3,5,2,0,0,4271092.714285715,1.3189395259807886,1
2026-05-15,2221.5322265625,2261.6649346543286,2209.7573207679993,2209.7573207679993,3410637,0.8014133517786348,0.007982190897888972,1.0234901875416296,2280.9395926339284,2343.2764892578125,2415.51416015625,0.9739548709385909,0,1.4766594956352235,1.267880312756808,4,5,2,0,1,4308665.428571428,0.7915761983707386,1
2026-05-18,2240.3720703125,2249.8900714309348,2209.953563101145,2221.5322685970373,3773336,0.8480562885712306,0.0084448049350856,1.0180711979638832,2264.37060546875,2331.9571533203125,2410.0355550130207,0.9894016751947361,0,1.619981230528159,1.3183676439924248,0,5,2,1,0,4014914.285714286,0.9398297775437298,1
2026-05-19,2283.448974609375,2333.0017090765828,2254.0117066090534,2256.857213357978,10394707,1.9227567093740072,0.019045053246409906,1.0350441846579237,2254.936697823661,2321.612077985491,2405.2340169270833,1.0126443801341443,0,1.9056347184811688,1.3982922261700652,1,5,2,0,0,4958129.714285715,2.0964975906237453,1
2026-05-20,2283.742919921875,2298.06915136111,2274.3231388707036,2280.3085723429836,2537422,0.012872865379010001,0.0001287203689679351,1.0104409140832105,2245.755057198661,2311.344063895089,2398.2868082682294,1.0169154078497769,0,1.9080137901424776,1.3993305714460351,2,5,2,0,0,5038448.857142857,0.503611740824316,0
2026-05-21,2283.546875,2292.0836345084317,2270.594525446405,2287.275643394801,3299087,-0.008584369114617019,-8.584737592670327e-05,1.0094640891718885,2249.525809151786,2301.0620465959823,2390.69853515625,1.015123661044388,0,1.130780252881507,1.3991314667682964,3,5,2,0,0,4602906.428571428,0.7167399666266765,0
2026-05-22,2273.832763671875,2296.106915322829,2264.805382686245,2287.373954930871,2617262,-0.42539574880086084,-0.004263031307401178,1.0138208487474796,2255.7637067522323,2293.071934291295,2381.811759440104,1.008010172725785,0,1.006195283677309,1.3487902717782234,4,5,2,0,1,4523680.571428572,0.5785691448973093,1
2026-05-25,2295.61328125,2313.415817804508,2280.496215777924,2312.3217190072714,3298364,0.9578768467982224,0.009533182936282813,1.0144352802687526,2268.869873046875,2286.9179338727677,2375.7672119140625,1.0117871053429834,0,0.7900640219819443,1.3922873621972223,0,5,2,1,0,4190116.4285714286,0.7871771718583339,0
2026-05-26,2263.78759765625,2315.205623652634,2260.008270887014,2295.613098349941,3587597,-1.3863695533430809,-0.013960694109638927,1.024423518036045,2274.9063546316966,2277.9229736328125,2370.3528076171874,0.9951124331105723,0,1.0731300130265915,1.412215329234022,1,5,2,0,0,4215396.428571428,0.8510698959850413,1
2026-05-27,2271.744140625,2283.0821217701528,2248.571147658945,2262.5943570616037,2653950,0.35147038427931765,0.0035085417057453346,1.015347957367121,2279.3880789620534,2271.8793422154017,2362.511759440104,0.9966464954311184,1,1.0449351523428958,1.3922621275434484,2,5,2,0,0,4055484.1428571427,0.6544101533905288,0
2026-05-28,2271.744140625,2271.744140625,2271.744140625,2271.744140625,0,0.0,0.0,1.0,2277.7159598214284,2266.326328822545,2353.951131184896,0.9973781545628294,1,0.7198186561384023,1.3938007832130193,3,5,2,0,0,2570526.0,0.0,0
2026-05-29,2246.58203125,2321.2726050840133,2222.81245602518,2278.507085795833,16331582,-1.107611941196751,-0.011137916359852255,1.0442953020134227,2272.4072614397323,2259.0811593191966,2344.401302083333,0.988635298510105,1,0.8161542188165332,1.411957448483553,4,5,2,0,1,4541120.285714285,3.596377319353733,1
2026-06-01,2284.8720703125,2322.267132829976,2267.5670504720965,2271.5452382799426,7505095,1.7043686155183702,0.016900072048646506,1.0241228070175439,2272.5965750558034,2261.061192103795,2336.189949544271,1.0054015285385156,1,1.1010939075928545,1.075390602948671,0,6,2,1,0,5141978.571428572,1.4595733715620862,1
2026-06-02,2433.556884765625,2443.9996279549005,2303.569644295269,2307.34897134468,11306127,6.507358393714768,0.06304388967331427,1.0609619005908515,2295.414306640625,2275.5890066964284,2331.924080403646,1.060181980100653,1,2.6578869905150517,1.9667636380783382,1,6,2,0,0,6383245.0,1.7712193406331733,0
2026-06-03,2229.475830078125,2379.9508308808004,2212.6680838914085,2379.9508308808004,15660062,-8.386122221554515,-0.08758742165209774,1.0756022777240013,2285.9660993303573,2277.417986188616,2323.210498046875,0.9752882296597573,1,4.436273262390507,3.0981107640970027,2,6,2,0,0,8149201.857142857,1.9216681921155012,0
2026-06-04,2228.77978515625,2240.8139007540485,2204.5129359355733,2229.4759194813155,4867263,-0.03122011517167067,-0.0003122498966420185,1.0164666599259802,2280.9649832589284,2277.9356689453125,2315.0199381510415,0.9771214383010305,1,4.412044167644241,3.092175363929349,3,6,2,0,0,8332011.285714285,0.584164235152346,0
2026-06-05,2186.9091796875,2259.4117976453776,2180.0469028924485,2250.560184151513,5019717,-1.8786335800248022,-0.01896504068605294,1.0364051317646557,2268.845703125,2274.1168910435267,2309.5189290364583,0.9638862513547551,0,4.451203011466684,3.124996852691822,4,6,2,0,1,8669978.0,0.5789769016714922,0
2026-06-08,2139.668212890625,2165.128711955583,2131.6125282744956,2158.1668832997775,6536734,-2.160170492476765,-0.021838437174846084,1.015723394020497,2249.977713448661,2263.846836635045,2300.784920247396,0.9509730696892288,0,4.489041785988187,3.1095472506211403,0,6,2,1,0,9603797.142857144,0.6806405740110533,0
2026-06-09,2139.2705078125,2162.145087858845,2121.169801728995,2162.145087858845,4148655,-0.01858723122253325,-0.0001858895886243945,1.0193173059961773,2234.6474958147323,2253.5273786272323,2292.1325113932294,0.957319000790566,0,4.494040078169377,3.109223376362903,1,6,2,0,0,7863379.0,0.5275918914756621,1
2026-06-10,2142.154541015625,2168.907999188303,2133.1043096144995,2139.568864676436,2848650,0.13481386260374428,0.0013472307030723402,1.0167847814157172,2214.25927734375,2243.4279261997767,2282.5949951171874,0.9674361819024994,0,4.397499861810359,3.1109191082142336,2,6,2,0,0,7198172.571428572,0.3957462775075769,0
2026-06-11,2123.95458984375,2142.8509821277357,2098.494090484758,2115.4013888441136,3079815,-0.8496096254216212,-0.00853239381795066,1.0211374870408765,2170.0303780691966,2232.722342354911,2272.4769775390623,0.978767215108554,0,3.011423333122886,3.1131471000831414,3,6,2,0,0,6022985.142857143,0.5113436156575041,1
2026-06-12,2149.61376953125,2156.177876796519,2126.3414670622496,2138.276030955957,2124656,1.2080851356331301,0.012008460318622589,1.0140318054256314,2158.621512276786,2222.2938058035716,2263.2142659505207,0.995827085621863,0,1.1937184038090893,3.122494608871312,4,6,2,0,1,4089355.714285714,0.519557639013341,1
2026-06-15,2150.21044921875,2180.046856932239,2147.525221086398,2180.046856932239,3337083,0.027757530025041,0.00027753678335415,1.0151437736453632,2147.3973214285716,2214.18115234375,2255.3648030598956,1.0013100173694485,0,1.1978915181270293,3.1117634291536524,0,6,2,1,0,3870758.5714285714,0.8621263606137003,1
2026-06-16,2187.0087890625,2196.954258771743,2148.818282502735,2155.183285992923,3079898,1.711383174475789,0.016969039755409365,1.022401138644885,2147.411551339286,2208.1286272321427,2248.8727864583334,1.018439519755083,0,1.2777163449250482,3.155300737645281,1,6,2,0,0,3593641.5714285714,0.8570409538020943,1
2026-06-17,2210.8779296875,2218.8343055028395,2188.6994835403766,2196.9542720106556,2865010,1.091405793354494,0.010854929435465663,1.013768368928254,2157.5843680245534,2203.7810407366073,2242.911482747396,1.0247005690497013,0,0.8906859707563951,3.174687991652717,2,6,2,0,0,3069109.5714285714,0.9334987667665545,0
2026-06-18,2191.285400390625,2201.927004470057,2170.101501243751,2196.9542695909468,3735188,-0.8861877462246093,-0.008901377434085941,1.0146654445462877,2165.015066964286,2199.831281389509,2237.4091634114584,1.012134018754509,0,1.0211679329013434,3.170078090824457,3,6,2,0,0,3010042.8571428573,1.2409085774763529,0
2026-06-19,2113.412353515625,2126.341464384191,2048.6672473500757,2093.521413717831,13286502,-3.553761041857817,-0.03618444212821572,1.0379145110727894,2160.9090401785716,2187.584158761161,2229.540030924479,0.9780200435188047,0,1.8024555717858657,3.24654242958202,4,6,2,0,1,4501164.571428572,2.9517920949473644,1
2026-06-22,2116.197021484375,2145.237743488044,2109.434053749718,2120.5729308842238,4566101,0.13176169639199653,0.00131674966844672,1.0169731258840171,2159.8008161272323,2164.915597098214,2221.812784830729,0.9798111963301116,0,1.7795957658579662,2.5621063402331585,0,6,2,1,0,4713491.142857143,0.9687301538519917,0
2026-06-23,2048.368896484375,2102.4721508294924,2043.7938836114508,2099.4885101234904,6392736,-3.205189512667539,-0.03257680381071635,1.0287104622871046,2145.3372628348216,2151.9793875558034,2214.8533610026043,0.9548004092268859,0,2.028678428206848,1.6011408301742265,1,6,2,0,0,5323216.857142857,1.2009159445424487,1
2026-06-24,2097.49951171875,2109.1356624395376,2049.7612582514666,2049.7612582514666,4747277,2.398523787326501,0.023702110374012864,1.0289664974147867,2137.80712890625,2142.602225167411,2210.4310953776044,0.9811453443846816,0,2.3386035650213626,1.7873729320022025,2,6,2,0,0,5524673.142857143,0.8592864912085814,0
2026-06-25,2083.27734375,2136.78401555451,2076.61392807904,2121.965363861958,4738903,-0.6780534579050257,-0.0068036268481216425,1.0289750957854407,2122.988351004464,2135.199951171875,2206.411336263021,0.9812947597024376,0,2.158365783684942,1.7400647794739073,3,6,2,0,0,5761673.857142857,0.8224872003341688,0
2026-06-26,2083.27734375,2083.27734375,2083.27734375,2083.27734375,0,0.0,0.0,1.0,2104.759695870536,2131.172031947545,2201.802840169271,0.9897934419009051,0,2.0462915201441576,1.6593878513421243,4,6,2,0,1,5352386.714285715,0.0,1
2026-06-29,2086.4599609375,2093.521341445675,2059.706744956766,2078.6031371123327,3412470,0.15276973068651944,0.0015265315644511647,1.0164171897633993,2089.7846330915177,2127.3998500279017,2196.6724365234377,0.9984090838350652,0,2.078751802717901,1.6612825686574482,0,6,2,1,0,5306284.142857143,0.643099748925728,0
2026-06-30,2020.422119140625,2092.8251853118586,2007.791421498655,2078.60311543387,6848411,-3.165066334040867,-0.03216237182996464,1.0423518911888432,2076.500313895089,2118.70467703683,2187.9048746744793,0.972993890547855,0,1.992571668082278,1.8398979033044718,1,6,2,0,0,4386556.857142857,1.5612269994513757,0
2026-07-01,1971.788818359375,2040.8104030555382,1966.0205187179013,2028.776408877907,4658295,-2.407086139105219,-0.024365299089108935,1.0380412531942493,2055.8705705915177,2107.835693359375,2177.5064046223956,0.9591016314767565,0,2.062015284625697,1.914665966959773,2,7,3,0,0,4399727.428571428,1.0587689977677839,1
2026-07-02,2056.82275390625,2065.5745732846704,1991.580373389582,1997.0503819057583,6040621,4.312527526027221,0.042221279314356375,1.0371535092852684,2057.0782645089284,2101.207763671875,2169.948933919271,0.9998757895569231,0,2.6010198195785708,2.2750955956050007,3,7,3,0,0,4349425.285714285,1.388831995767454,1
2026-07-03,2082.083984375,2105.0581154318793,2073.6303355251375,2088.5485393778363,4028819,1.2281675910466694,0.01220686801693672,1.0151559221372901,2054.876046316964,2096.3415876116073,2163.557307942708,1.0132406711863724,0,2.4615988322712803,2.310366194540794,4,7,3,0,1,4246788.428571428,0.9486742906463201,0
2026-07-06,2046.3798828125,2081.5867473982344,2039.4180542258837,2078.6031065753987,2567386,-1.7148252342576664,-0.017296986427167496,1.0206768264530035,2049.60498046875,2086.2966657366073,2155.2495279947916,0.9984264784253635,0,2.5337458206299837,2.2729248344978576,0,7,3,1,0,3936571.714285714,0.6521882964009076,1
2026-07-07,2084.669921875,2111.124724588052,2037.8266642409067,2038.8212111731864,4769048,1.8711109987005425,0.0185382105983961,1.0359687414211203,2049.8039202008927,2077.281808035714,2149.2789388020833,1.017009432624507,0,2.6574426849652526,2.322599333709626,1,7,3,0,0,4617864.285714285,1.0327388820744283,0
2026-07-08,2046.2803955078125,2098.1956989000228,2037.6278854106638,2082.5813599967723,3666985,-1.8415158181329327,-0.018586828024686874,1.0297246685339467,2044.0639822823662,2066.924307686942,2141.7634806315104,1.0010843169512589,0,2.7486317232028377,2.3520210282300624,2,7,3,0,0,4654223.571428572,0.7878832943288223,0
2026-07-09,2038.323974609375,2053.7394523387943,2005.006651774823,2046.280350211656,3791498,-0.3888235901543191,-0.0038958147426831347,1.0243055555555556,2046.6213902064733,2061.5608520507812,2133.9828084309897,0.9959457984574953,0,2.4400826344609445,2.1776506483099944,3,7,3,0,0,4217521.714285715,0.898987191259105,1
2026-07-10,2057.717529296875,2121.666943317309,2053.341620075063,2093.7200783959847,6714551,0.9514461356034731,0.00946948393415715,1.0332751854704763,2058.8969203404017,2057.3837454659597,2127.687325032552,0.9994271733412804,1,2.168220682120942,2.1992148505676172,4,7,3,0,1,4511272.571428572,1.4883939938645123,1
2026-07-13,2169.604248046875,2192.8765503750355,2053.8390761022306,2063.684994131224,12382622,5.437418749512801,0.05294740371448214,1.0676963818103362,2075.008562360491,2066.0434134347097,2123.8450642903645,1.0455880941420184,1,2.502464907014788,2.4791658719343497,0,7,3,1,0,5417272.714285715,2.285766778428228,1
2026-07-14,2188.60009765625,2215.850586742918,2167.1177865856457,2170.996422535663,9546290,0.8755444513198984,0.008717337874394476,1.0224873795318954,2090.2251499720983,2072.5505981445312,2115.6798380533855,1.047064282852718,1,2.4957582346138136,2.419295682850379,1,7,3,0,0,6205482.857142857,1.5383637695512586,1
2026-07-15,2189.199951171875,2202.89990234375,2145.39990234375,2174.10009765625,5426489,0.027408091421876613,0.000274043360906604,1.0268015300724047,2110.62801688058,2080.1164986746653,2114.3373087565105,1.037226803426698,1,2.288219655271399,2.4039608427315065,2,7,3,0,0,6613926.142857143,0.8204641060076635,1
2026-07-16,2201.0,2231.39990234375,2187.800048828125,2206.0,5197595,0.5390119263344761,0.005375644560793901,1.0199286280933118,2127.246599469866,2088.5252598353795,2113.4113159179688,1.0346708277961352,1,2.2579568898270574,2.4016985017288524,3,7,3,0,0,6675147.142857143,0.778648753168202,1
2026-07-17,2269.0,2275.0,2215.10009765625,2224.800048828125,5615138,3.0895047705588263,0.030427403253379958,1.0270416232689117,2159.0636858258927,2101.5638340541295,2116.147676595052,1.0509185138427513,1,2.0567039009014465,2.5027007004629005,4,7,3,0,1,6953454.714285715,0.8075321161528278,0
2026-07-20,2251.10009765625,2283.39990234375,2245.10009765625,2280.10009765625,2202693,-0.7888894818752767,-0.007920176778155921,1.017059286010224,2189.460274832589,2118.0408325195312,2119.8620727539064,1.0281529761157113,1,2.122588170317594,2.297738275375586,0,7,3,1,0,6726482.571428572,0.32746580052941276,0
2026-07-21,2221.10009765625,2259.89990234375,2218.5,2245.10009765625,2382160,-1.3326817421950632,-0.013416416389707538,1.0186612135874464,2212.8006417410716,2135.8487810407364,2122.589725748698,1.003750656863805,1,2.372397365895863,2.1981928496892156,1,7,3,0,0,6107569.571428572,0.3900340343471206,0
2026-07-22,2208.300048828125,2226.800048828125,2201.0,2216.0,1599665,-0.5762932000062393,-0.005779601768025776,1.011721966755168,2218.32861328125,2146.6685878208705,2124.7945760091147,0.9954792250376777,1,1.4636201135684772,1.9886196399854987,2,7,3,0,0,4567147.142857143,0.35025475421824753,1
2026-07-23,2242.89990234375,2250.0,2193.60009765625,2204.0,2503539,1.5668094348857187,0.015546616994655378,1.0257111140740787,2226.0857282366073,2158.155439104353,2128.7594197591147,1.007553246442338,1,1.5335692595221144,1.999833643572259,3,7,3,0,0,3561039.8571428573,0.703035939060978,1
2026-07-24,2254.300048828125,2264.300048828125,2205.10009765625,2205.10009765625,3210688,0.508277095757248,0.005069897281473176,1.0268468316856896,2235.3857421875,2173.0068795340403,2132.2489624023438,1.0084613166683778,1,1.5269072294115573,1.891393640436953,4,7,3,0,1,3244496.8571428573,0.9895796301764244,0
